script,timestamp,server,cpu,gpu,model,device,dtype,quant,precision,workload,sla_seconds,think_time_s,level,is_best,result,note,replicas,batch_size,offered_rps,requests_per_minute,rho,requests_measured,images_per_second,images_per_minute,avg_ms_per_image,avg_s_per_image,denoising_steps_per_s,denoise_pct,cpu_launch_ms,gpu_ms,p50_ms,p95_ms,p99_ms,mean_latency_ms,predicted_mean_ms,sla_attainment_pct,dropped,mean_batch_size,queue_depth_max,cpu_cores_busy_mean,gpu_util_pct_mean,gpu_power_w_mean,cpu_power_w_mean,power_w_mean,images_per_second_per_w,file
dit_throughput,20260916_044658,SR630 V4,6740P,L4,Efficient-Large-Model/Sana_1600M_1024px_diffusers,cpu,bfloat16,disabled,bfloat16,throughput,,,,,ok,,1,1,,,,,0.037,2.22,27027.0,26.70,0.75,82.8,,,,,,,,,,,,46.5,,,340.8,340.8,0.000,dit_throughput_Efficient-Large-Model_Sana_1600M_1024px_diffusers_bfloat16_20260916_044658.txt
dit_throughput,20260928_173518,SR630 V4,6740P,L4,Efficient-Large-Model/Sana_1600M_1024px_diffusers,cpu,bfloat16,disabled,bfloat16,throughput,,,,,ok,,1,1,,,,,0.014,0.84,71428.6,70.98,0.28,81.9,,,,,,,,,,,,89.7,,,374.2,374.2,0.000,dit_throughput_Efficient-Large-Model_Sana_1600M_1024px_diffusers_bfloat16_20260928_173518.txt
dit_throughput,20260928_173518,SR630 V4,6740P,L4,Efficient-Large-Model/Sana_1600M_1024px_diffusers,cpu,bfloat16,disabled,bfloat16,throughput,,,,yes,ok,,1,2,,,,,0.019,1.14,52631.6,51.86,0.39,76.8,,,,,,,,,,,,88.1,,,377.3,377.3,0.000,dit_throughput_Efficient-Large-Model_Sana_1600M_1024px_diffusers_bfloat16_20260928_173518.txt
dit_throughput,20260916_044658,SR630 V4,6740P,L4,Efficient-Large-Model/Sana_1600M_1024px_diffusers,cpu,bfloat16,disabled,bfloat16,throughput,,,,yes,ok,,2,1,,,,,0.070,4.20,14285.7,28.69,1.39,166.1,,,,,,,,,,,,92.6,,,2223.9,2223.9,0.000,dit_throughput_Efficient-Large-Model_Sana_1600M_1024px_diffusers_bfloat16_20260916_044658.txt
dit_throughput,20260928_145731,SR630 V4,6740P,L4,Efficient-Large-Model/Sana_1600M_1024px_diffusers,cpu,bfloat16,disabled,bfloat16,throughput,,,,,ok,,2,1,,,,,0.104,6.24,9615.4,19.18,2.09,143.2,,,,,,,,,,,,44.3,,,373.9,373.9,0.000,dit_throughput_Efficient-Large-Model_Sana_1600M_1024px_diffusers_bfloat16_20260928_145731.txt
dit_throughput,20260928_145731,SR630 V4,6740P,L4,Efficient-Large-Model/Sana_1600M_1024px_diffusers,cpu,bfloat16,disabled,bfloat16,throughput,,,,,ok,,2,2,,,,,0.069,4.14,14492.8,29.14,1.37,163.5,,,,,,,,,,,,43.9,,,359.6,359.6,0.000,dit_throughput_Efficient-Large-Model_Sana_1600M_1024px_diffusers_bfloat16_20260928_145731.txt
dit_throughput,20260928_145731,SR630 V4,6740P,L4,Efficient-Large-Model/Sana_1600M_1024px_diffusers,cpu,bfloat16,disabled,bfloat16,throughput,,,,yes,ok,,4,1,,,,,0.210,12.60,4761.9,19.09,4.19,282.8,,,,,,,,,,,,87.8,,,500.3,500.3,0.000,dit_throughput_Efficient-Large-Model_Sana_1600M_1024px_diffusers_bfloat16_20260928_145731.txt
dit_throughput,20260928_145731,SR630 V4,6740P,L4,Efficient-Large-Model/Sana_1600M_1024px_diffusers,cpu,bfloat16,disabled,bfloat16,throughput,,,,,ok,,4,2,,,,,0.135,8.10,7407.4,29.72,2.69,323.2,,,,,,,,,,,,86.9,,,459.8,459.8,0.000,dit_throughput_Efficient-Large-Model_Sana_1600M_1024px_diffusers_bfloat16_20260928_145731.txt
dit_throughput,20260916_031017,SR630 V4,6740P,L4,Efficient-Large-Model/Sana_1600M_1024px_diffusers,cuda,bfloat16,disabled,bfloat16,throughput,,,,,ok,,1,1,,,,,0.238,14.28,4201.7,4.20,4.76,0.5,,,,,,,,,,,,1.1,99.5,71.8,260.5,332.3,0.001,dit_throughput_Efficient-Large-Model_Sana_1600M_1024px_diffusers_bfloat16_20260916_031017.txt
dit_throughput,20260916_031017,SR630 V4,6740P,L4,Efficient-Large-Model/Sana_1600M_1024px_diffusers,cuda,bfloat16,disabled,bfloat16,throughput,,,,yes,ok,,1,2,,,,,0.274,16.44,3649.6,3.66,5.47,0.3,,,,,,,,,,,,1.0,99.5,71.9,260.5,332.4,0.001,dit_throughput_Efficient-Large-Model_Sana_1600M_1024px_diffusers_bfloat16_20260916_031017.txt
dit_throughput,20260916_031017,SR630 V4,6740P,L4,Efficient-Large-Model/Sana_1600M_1024px_diffusers,cuda,bfloat16,fp8,bfloat16-fp8,throughput,,,,,ok,,1,1,,,,,0.268,16.08,3731.3,3.73,5.36,1.0,,,,,,,,,,,,1.1,99.4,71.7,260.7,332.4,0.001,dit_throughput_Efficient-Large-Model_Sana_1600M_1024px_diffusers_bfloat16-fp8_20260916_031017.txt
dit_throughput,20260916_031017,SR630 V4,6740P,L4,Efficient-Large-Model/Sana_1600M_1024px_diffusers,cuda,bfloat16,fp8,bfloat16-fp8,throughput,,,,yes,ok,,1,2,,,,,0.302,18.12,3311.3,3.31,6.04,0.6,,,,,,,,,,,,1.0,99.5,71.8,260.4,332.2,0.001,dit_throughput_Efficient-Large-Model_Sana_1600M_1024px_diffusers_bfloat16-fp8_20260916_031017.txt
dit_throughput,20260916_044658,SR630 V4,6740P,L4,Efficient-Large-Model/Sana_600M_1024px_diffusers,cpu,bfloat16,disabled,bfloat16,throughput,,,,,ok,,1,1,,,,,0.120,7.20,8333.3,8.36,2.39,44.5,,,,,,,,,,,,43.4,,,350.2,350.2,0.000,dit_throughput_Efficient-Large-Model_Sana_600M_1024px_diffusers_bfloat16_20260916_044658.txt
dit_throughput,20260928_173518,SR630 V4,6740P,L4,Efficient-Large-Model/Sana_600M_1024px_diffusers,cpu,bfloat16,disabled,bfloat16,throughput,,,,yes,ok,,1,1,,,,,0.030,1.80,33333.3,32.99,0.61,60.0,,,,,,,,,,,,87.0,,,372.9,372.9,0.000,dit_throughput_Efficient-Large-Model_Sana_600M_1024px_diffusers_bfloat16_20260928_173518.txt
dit_throughput,20260928_173518,SR630 V4,6740P,L4,Efficient-Large-Model/Sana_600M_1024px_diffusers,cpu,bfloat16,disabled,bfloat16,throughput,,,,,ok,,1,2,,,,,0.030,1.80,33333.3,33.00,0.61,63.8,,,,,,,,,,,,88.3,,,373.4,373.4,0.000,dit_throughput_Efficient-Large-Model_Sana_600M_1024px_diffusers_bfloat16_20260928_173518.txt
dit_throughput,20260916_044658,SR630 V4,6740P,L4,Efficient-Large-Model/Sana_600M_1024px_diffusers,cpu,bfloat16,disabled,bfloat16,throughput,,,,yes,ok,,2,1,,,,,0.230,13.80,4347.8,8.71,4.59,87.0,,,,,,,,,,,,84.9,,,437.2,437.2,0.001,dit_throughput_Efficient-Large-Model_Sana_600M_1024px_diffusers_bfloat16_20260916_044658.txt
dit_throughput,20260928_145731,SR630 V4,6740P,L4,Efficient-Large-Model/Sana_600M_1024px_diffusers,cpu,bfloat16,disabled,bfloat16,throughput,,,,,ok,,2,1,,,,,0.189,11.34,5291.0,10.56,3.79,102.0,,,,,,,,,,,,42.2,,,366.1,366.1,0.001,dit_throughput_Efficient-Large-Model_Sana_600M_1024px_diffusers_bfloat16_20260928_145731.txt
server_dit_benchmark,20261006_021856,SR630 V4,6740P,L4,Efficient-Large-Model/Sana_600M_1024px_diffusers,cpu,bfloat16,disabled,bfloat16,interactive,30,30,7.035,,PASS,ok,2,1,0.11725,7.035,0.50,30,0.115,6.90,8695.7,8.6957,2.300,,,,8510.0,18200.0,19080.0,10710.0,9950.0,100.0,0,1.00,4,44.7,,,,,,server_dit_Efficient-Large-Model_Sana_600M_1024px_diffusers_bfloat16_cpu2r_20261006_021856.txt
server_dit_benchmark,20261006_021856,SR630 V4,6740P,L4,Efficient-Large-Model/Sana_600M_1024px_diffusers,cpu,bfloat16,disabled,bfloat16,interactive,30,30,9.850,,PASS,ok,2,1,0.16417,9.850,0.70,30,0.158,9.48,6329.1,6.3291,3.160,,,,12660.0,23940.0,25560.0,14190.0,12630.0,100.0,0,1.00,5,63.0,,,,,,server_dit_Efficient-Large-Model_Sana_600M_1024px_diffusers_bfloat16_cpu2r_20261006_021856.txt
server_dit_benchmark,20261006_021856,SR630 V4,6740P,L4,Efficient-Large-Model/Sana_600M_1024px_diffusers,cpu,bfloat16,disabled,bfloat16,interactive,30,30,11.960,yes,PASS,ok,2,1,0.19933,11.960,0.85,30,0.190,11.40,5263.2,5.2632,3.800,,,,21290.0,27900.0,29430.0,19700.0,19640.0,96.7,0,1.00,6,76.6,,,,,,server_dit_Efficient-Large-Model_Sana_600M_1024px_diffusers_bfloat16_cpu2r_20261006_021856.txt
server_dit_benchmark,20261006_021856,SR630 V4,6740P,L4,Efficient-Large-Model/Sana_600M_1024px_diffusers,cpu,bfloat16,disabled,bfloat16,interactive,30,30,12.456,,FAIL,p95 30.13 > 30 s,2,1,0.20760,12.456,0.89,30,0.197,11.82,5076.1,5.0761,3.940,,,,24710.0,30130.0,31410.0,21690.0,23980.0,93.3,0,1.00,6,80.0,,,,,,server_dit_Efficient-Large-Model_Sana_600M_1024px_diffusers_bfloat16_cpu2r_20261006_021856.txt
server_dit_benchmark,20261006_021856,SR630 V4,6740P,L4,Efficient-Large-Model/Sana_600M_1024px_diffusers,cpu,bfloat16,disabled,bfloat16,interactive,30,30,12.973,,FAIL,stopped early: 3 scored misses already put p95 over the SLA,2,1,0.21622,12.973,0.92,30,0.182,10.92,5494.5,5.4945,3.640,,,,27820.0,31600.0,31940.0,27330.0,32700.0,75.0,0,1.00,6,84.8,,,,,,server_dit_Efficient-Large-Model_Sana_600M_1024px_diffusers_bfloat16_cpu2r_20261006_021856.txt
server_dit_benchmark,20261006_021856,SR630 V4,6740P,L4,Efficient-Large-Model/Sana_600M_1024px_diffusers,cpu,bfloat16,disabled,bfloat16,interactive,30,30,14.071,,FAIL,stopped early: 5 scored misses already put p95 over the SLA,2,1,0.23452,14.071,1.00,30,0.156,9.36,6410.3,6.4103,3.120,,,,30230.0,35550.0,36410.0,30340.0,inf,44.4,0,1.00,8,81.9,,,,,,server_dit_Efficient-Large-Model_Sana_600M_1024px_diffusers_bfloat16_cpu2r_20261006_021856.txt
server_dit_benchmark,20261006_125015,SR630 V4,6740P,L4,Efficient-Large-Model/Sana_600M_1024px_diffusers,cpu,bfloat16,disabled,bfloat16,interactive,30,30,6.874,,PASS,ok,2,1,0.11457,6.874,0.50,30,0.112,6.72,8928.6,8.9286,2.240,,,,8830.0,18570.0,19640.0,11100.0,10190.0,100.0,0,1.00,4,44.7,,,,,,server_dit_Efficient-Large-Model_Sana_600M_1024px_diffusers_bfloat16_cpu2r_20261006_125015.txt
server_dit_benchmark,20261006_125015,SR630 V4,6740P,L4,Efficient-Large-Model/Sana_600M_1024px_diffusers,cpu,bfloat16,disabled,bfloat16,interactive,30,30,9.624,,PASS,ok,2,1,0.16040,9.624,0.70,30,0.154,9.24,6493.5,6.4935,3.080,,,,13300.0,25000.0,27380.0,14940.0,12930.0,100.0,0,1.00,5,62.7,,,,,,server_dit_Efficient-Large-Model_Sana_600M_1024px_diffusers_bfloat16_cpu2r_20261006_125015.txt
server_dit_benchmark,20261006_125015,SR630 V4,6740P,L4,Efficient-Large-Model/Sana_600M_1024px_diffusers,cpu,bfloat16,disabled,bfloat16,interactive,30,30,11.686,yes,PASS,ok,2,1,0.19477,11.686,0.85,30,0.186,11.16,5376.3,5.3763,3.720,,,,22320.0,29040.0,31460.0,21080.0,20120.0,96.7,0,1.00,6,76.4,,,,,,server_dit_Efficient-Large-Model_Sana_600M_1024px_diffusers_bfloat16_cpu2r_20261006_125015.txt
server_dit_benchmark,20261006_125015,SR630 V4,6740P,L4,Efficient-Large-Model/Sana_600M_1024px_diffusers,cpu,bfloat16,disabled,bfloat16,interactive,30,30,12.171,,FAIL,stopped early: 4 scored misses already put p95 over the SLA,2,1,0.20285,12.171,0.89,30,0.180,10.80,5555.6,5.5556,3.600,,,,29240.0,32150.0,33420.0,27620.0,24570.0,73.3,0,1.00,6,81.2,,,,,,server_dit_Efficient-Large-Model_Sana_600M_1024px_diffusers_bfloat16_cpu2r_20261006_125015.txt
server_dit_benchmark,20261006_125015,SR630 V4,6740P,L4,Efficient-Large-Model/Sana_600M_1024px_diffusers,cpu,bfloat16,disabled,bfloat16,interactive,30,30,12.676,,FAIL,stopped early: 5 scored misses already put p95 over the SLA,2,1,0.21127,12.676,0.92,30,0.170,10.20,5882.4,5.8824,3.400,,,,29750.0,34140.0,35340.0,29010.0,33520.0,50.0,0,1.00,6,85.4,,,,,,server_dit_Efficient-Large-Model_Sana_600M_1024px_diffusers_bfloat16_cpu2r_20261006_125015.txt
server_dit_benchmark,20261006_125015,SR630 V4,6740P,L4,Efficient-Large-Model/Sana_600M_1024px_diffusers,cpu,bfloat16,disabled,bfloat16,interactive,30,30,13.749,,FAIL,stopped early: 5 scored misses already put p95 over the SLA,2,1,0.22915,13.749,1.00,30,0.136,8.16,7352.9,7.3529,2.720,,,,31180.0,37150.0,38120.0,30520.0,inf,28.6,0,1.00,8,79.2,,,,,,server_dit_Efficient-Large-Model_Sana_600M_1024px_diffusers_bfloat16_cpu2r_20261006_125015.txt
dit_throughput,20260928_145731,SR630 V4,6740P,L4,Efficient-Large-Model/Sana_600M_1024px_diffusers,cpu,bfloat16,disabled,bfloat16,throughput,,,,,ok,,2,2,,,,,0.163,9.78,6135.0,12.28,3.26,106.4,,,,,,,,,,,,39.9,,,360.5,360.5,0.000,dit_throughput_Efficient-Large-Model_Sana_600M_1024px_diffusers_bfloat16_20260928_145731.txt
dit_throughput,20260928_145731,SR630 V4,6740P,L4,Efficient-Large-Model/Sana_600M_1024px_diffusers,cpu,bfloat16,disabled,bfloat16,throughput,,,,yes,ok,,4,1,,,,,0.378,22.68,2645.5,10.59,7.55,202.4,,,,,,,,,,,,83.1,,,479.7,479.7,0.001,dit_throughput_Efficient-Large-Model_Sana_600M_1024px_diffusers_bfloat16_20260928_145731.txt
dit_throughput,20260928_145731,SR630 V4,6740P,L4,Efficient-Large-Model/Sana_600M_1024px_diffusers,cpu,bfloat16,disabled,bfloat16,throughput,,,,,ok,,4,2,,,,,0.316,18.96,3164.6,12.68,6.31,224.4,,,,,,,,,,,,82.3,,,2419.3,2419.3,0.000,dit_throughput_Efficient-Large-Model_Sana_600M_1024px_diffusers_bfloat16_20260928_145731.txt
dit_throughput,20260916_024345,SR630 V4,6740P,L4,Efficient-Large-Model/Sana_600M_1024px_diffusers,cuda,bfloat16,disabled,bfloat16,throughput,,,,yes,ok,,1,1,,,,,1.076,64.56,929.4,0.93,4.31,31.5,,,,,,,,,,,,1.1,96.1,70.7,260.4,331.1,0.003,dit_throughput_Efficient-Large-Model_Sana_600M_1024px_diffusers_bfloat16_20260916_024345.txt
dit_throughput,20260916_024533,SR630 V4,6740P,L4,Efficient-Large-Model/Sana_600M_1024px_diffusers,cuda,bfloat16,disabled,bfloat16,throughput,,,,yes,ok,,1,1,,,,,0.410,24.60,2439.0,2.44,8.20,74.1,,,,,,,,,,,,1.0,98.2,71.3,260.3,331.6,0.001,dit_throughput_Efficient-Large-Model_Sana_600M_1024px_diffusers_bfloat16_20260916_024533.txt
dit_throughput,20260916_031017,SR630 V4,6740P,L4,Efficient-Large-Model/Sana_600M_1024px_diffusers,cuda,bfloat16,disabled,bfloat16,throughput,,,,yes,ok,,1,1,,,,,0.489,29.34,2045.0,2.04,9.79,61.7,,,,,,,,,,,,1.2,99.0,71.8,260.4,332.2,0.001,dit_throughput_Efficient-Large-Model_Sana_600M_1024px_diffusers_bfloat16_20260916_031017.txt
dit_throughput,20260916_024345,SR630 V4,6740P,L4,Efficient-Large-Model/Sana_600M_1024px_diffusers,cuda,bfloat16,disabled,bfloat16,throughput,,,,,ok,,1,2,,,,,1.040,62.40,961.5,0.96,4.16,33.4,,,,,,,,,,,,1.1,99.1,71.4,260.4,331.8,0.003,dit_throughput_Efficient-Large-Model_Sana_600M_1024px_diffusers_bfloat16_20260916_024345.txt
dit_throughput,20260916_031017,SR630 V4,6740P,L4,Efficient-Large-Model/Sana_600M_1024px_diffusers,cuda,bfloat16,disabled,bfloat16,throughput,,,,,ok,,1,2,,,,,0.458,27.48,2183.4,2.18,9.17,0.6,,,,,,,,,,,,1.1,99.3,71.8,260.6,332.4,0.001,dit_throughput_Efficient-Large-Model_Sana_600M_1024px_diffusers_bfloat16_20260916_031017.txt
dit_throughput,20260916_024533,SR630 V4,6740P,L4,Efficient-Large-Model/Sana_600M_1024px_diffusers,cuda,bfloat16,fp8,bfloat16-fp8,throughput,,,,yes,ok,,1,1,,,,,0.372,22.32,2688.2,2.69,7.44,77.6,,,,,,,,,,,,1.0,98.6,71.5,260.4,331.9,0.001,dit_throughput_Efficient-Large-Model_Sana_600M_1024px_diffusers_bfloat16-fp8_20260916_024533.txt
dit_throughput,20260916_031017,SR630 V4,6740P,L4,Efficient-Large-Model/Sana_600M_1024px_diffusers,cuda,bfloat16,fp8,bfloat16-fp8,throughput,,,,yes,ok,,1,1,,,,,0.542,32.52,1845.0,1.84,10.84,2.5,,,,,,,,,,,,1.2,98.7,71.7,260.5,332.2,0.002,dit_throughput_Efficient-Large-Model_Sana_600M_1024px_diffusers_bfloat16-fp8_20260916_031017.txt
dit_throughput,20260916_031017,SR630 V4,6740P,L4,Efficient-Large-Model/Sana_600M_1024px_diffusers,cuda,bfloat16,fp8,bfloat16-fp8,throughput,,,,,ok,,1,2,,,,,0.487,29.22,2053.4,2.06,9.73,1.3,,,,,,,,,,,,1.1,98.9,71.6,260.4,332.0,0.001,dit_throughput_Efficient-Large-Model_Sana_600M_1024px_diffusers_bfloat16-fp8_20260916_031017.txt
server_dit_benchmark,20261006_131329,SR630 V4,6740P,L4,Efficient-Large-Model/Sana_Sprint_0.6B_1024px_diffusers,cpu,bfloat16,disabled,bfloat16,interactive,30,30,12.312,,PASS,ok,2,1,0.20520,12.312,0.50,30,0.200,12.00,5000.0,5.0000,0.800,,,,4890.0,10330.0,10900.0,6110.0,5690.0,100.0,0,1.00,4,40.3,,,,,,server_dit_Efficient-Large-Model_Sana_Sprint_0.6B_1024px_diffusers_bfloat16_cpu2r_20261006_131329.txt
server_dit_benchmark,20261006_131329,SR630 V4,6740P,L4,Efficient-Large-Model/Sana_Sprint_0.6B_1024px_diffusers,cpu,bfloat16,disabled,bfloat16,interactive,30,30,17.237,,PASS,ok,2,1,0.28728,17.237,0.70,30,0.276,16.56,3623.2,3.6232,1.104,,,,7470.0,13720.0,14600.0,8240.0,7220.0,100.0,0,1.00,5,57.0,,,,,,server_dit_Efficient-Large-Model_Sana_Sprint_0.6B_1024px_diffusers_bfloat16_cpu2r_20261006_131329.txt
server_dit_benchmark,20261006_131329,SR630 V4,6740P,L4,Efficient-Large-Model/Sana_Sprint_0.6B_1024px_diffusers,cpu,bfloat16,disabled,bfloat16,interactive,30,30,20.931,,PASS,ok,2,1,0.34885,20.931,0.85,30,0.333,19.98,3003.0,3.0030,1.332,,,,12270.0,15980.0,17340.0,11500.0,11220.0,100.0,0,1.00,6,69.2,,,,,,server_dit_Efficient-Large-Model_Sana_Sprint_0.6B_1024px_diffusers_bfloat16_cpu2r_20261006_131329.txt
server_dit_benchmark,20261006_131329,SR630 V4,6740P,L4,Efficient-Large-Model/Sana_Sprint_0.6B_1024px_diffusers,cpu,bfloat16,disabled,bfloat16,interactive,30,30,22.703,yes,PASS,ok,2,1,0.37838,22.703,0.92,30,0.359,21.54,2785.5,2.7855,1.436,,,,15320.0,18670.0,18910.0,13820.0,18690.0,100.0,0,1.00,6,75.0,,,,,,server_dit_Efficient-Large-Model_Sana_Sprint_0.6B_1024px_diffusers_bfloat16_cpu2r_20261006_131329.txt
server_dit_benchmark,20261006_131329,SR630 V4,6740P,L4,Efficient-Large-Model/Sana_Sprint_0.6B_1024px_diffusers,cpu,bfloat16,disabled,bfloat16,interactive,30,30,23.644,,FAIL,no steady state under SLA: queue would settle at mean 30.7 s at rho 0.96,2,1,0.39407,23.644,0.96,30,0.365,21.90,2739.7,2.7397,1.460,,,,16880.0,20370.0,20650.0,15800.0,33670.0,100.0,0,1.00,8,77.7,,,,,,server_dit_Efficient-Large-Model_Sana_Sprint_0.6B_1024px_diffusers_bfloat16_cpu2r_20261006_131329.txt
server_dit_benchmark,20261006_131329,SR630 V4,6740P,L4,Efficient-Large-Model/Sana_Sprint_0.6B_1024px_diffusers,cpu,bfloat16,disabled,bfloat16,interactive,30,30,24.625,,FAIL,no steady state under SLA: queue would settle at mean 137.7 s at rho 0.99,2,1,0.41042,24.625,1.00,30,0.363,21.78,2754.8,2.7548,1.452,,,,18240.0,21540.0,22320.0,17390.0,inf,100.0,0,1.00,8,77.3,,,,,,server_dit_Efficient-Large-Model_Sana_Sprint_0.6B_1024px_diffusers_bfloat16_cpu2r_20261006_131329.txt
server_dit_benchmark,20261006_132921,SR630 V4,6740P,L4,Efficient-Large-Model/Sana_Sprint_1.6B_1024px_diffusers,cpu,bfloat16,disabled,bfloat16,interactive,30,30,9.810,,PASS,ok,2,1,0.16350,9.810,0.50,30,0.159,9.54,6289.3,6.2893,0.636,,,,6580.0,11530.0,14210.0,7550.0,7160.0,100.0,0,1.00,3,41.4,,,,,,server_dit_Efficient-Large-Model_Sana_Sprint_1.6B_1024px_diffusers_bfloat16_cpu2r_20261006_132921.txt
server_dit_benchmark,20261006_132921,SR630 V4,6740P,L4,Efficient-Large-Model/Sana_Sprint_1.6B_1024px_diffusers,cpu,bfloat16,disabled,bfloat16,interactive,30,30,13.733,,PASS,ok,2,1,0.22888,13.733,0.70,30,0.218,13.08,4587.2,4.5872,0.872,,,,9210.0,17390.0,19100.0,10130.0,9130.0,100.0,0,1.00,4,57.0,,,,,,server_dit_Efficient-Large-Model_Sana_Sprint_1.6B_1024px_diffusers_bfloat16_cpu2r_20261006_132921.txt
server_dit_benchmark,20261006_132921,SR630 V4,6740P,L4,Efficient-Large-Model/Sana_Sprint_1.6B_1024px_diffusers,cpu,bfloat16,disabled,bfloat16,interactive,30,30,16.676,,PASS,ok,2,1,0.27793,16.676,0.85,30,0.267,16.02,3745.3,3.7453,1.068,,,,13750.0,19050.0,20040.0,12780.0,14290.0,100.0,0,1.00,6,69.2,,,,,,server_dit_Efficient-Large-Model_Sana_Sprint_1.6B_1024px_diffusers_bfloat16_cpu2r_20261006_132921.txt
server_dit_benchmark,20261006_132921,SR630 V4,6740P,L4,Efficient-Large-Model/Sana_Sprint_1.6B_1024px_diffusers,cpu,bfloat16,disabled,bfloat16,interactive,30,30,18.088,yes,PASS,ok,2,1,0.30147,18.088,0.92,30,0.288,17.28,3472.2,3.4722,1.152,,,,18950.0,23560.0,25220.0,17170.0,23910.0,100.0,0,1.00,6,79.6,,,,,,server_dit_Efficient-Large-Model_Sana_Sprint_1.6B_1024px_diffusers_bfloat16_cpu2r_20261006_132921.txt
server_dit_benchmark,20261006_132921,SR630 V4,6740P,L4,Efficient-Large-Model/Sana_Sprint_1.6B_1024px_diffusers,cpu,bfloat16,disabled,bfloat16,interactive,30,30,18.838,,FAIL,no steady state under SLA: queue would settle at mean 40.0 s at rho 0.96,2,1,0.31397,18.838,0.96,30,0.293,17.58,3413.0,3.4130,1.172,,,,21160.0,26670.0,26790.0,19870.0,43210.0,100.0,0,1.00,7,80.7,,,,,,server_dit_Efficient-Large-Model_Sana_Sprint_1.6B_1024px_diffusers_bfloat16_cpu2r_20261006_132921.txt
server_dit_benchmark,20261006_132921,SR630 V4,6740P,L4,Efficient-Large-Model/Sana_Sprint_1.6B_1024px_diffusers,cpu,bfloat16,disabled,bfloat16,interactive,30,30,19.619,,FAIL,no steady state under SLA: queue would settle at mean 121.8 s at rho 0.99,2,1,0.32698,19.619,1.00,30,0.286,17.16,3496.5,3.4965,1.144,,,,21330.0,26670.0,27880.0,20070.0,inf,100.0,0,1.00,7,78.4,,,,,,server_dit_Efficient-Large-Model_Sana_Sprint_1.6B_1024px_diffusers_bfloat16_cpu2r_20261006_132921.txt
dit_throughput,20260916_044658,SR630 V4,6740P,L4,PixArt-alpha/PixArt-Sigma-XL-2-1024-MS,cpu,bfloat16,disabled,bfloat16,throughput,,,,,ok,,1,1,,,,,0.037,2.22,27027.0,27.08,0.74,,,,,,,,,,,,,46.3,,,369.6,369.6,0.000,dit_throughput_PixArt-alpha_PixArt-Sigma-XL-2-1024-MS_bfloat16_20260916_044658.txt
dit_throughput,20260928_173518,SR630 V4,6740P,L4,PixArt-alpha/PixArt-Sigma-XL-2-1024-MS,cpu,bfloat16,disabled,bfloat16,throughput,,,,,ok,,1,1,,,,,0.009,0.54,111111.1,105.28,0.19,,,,,,,,,,,,,87.3,,,1625.6,1625.6,0.000,dit_throughput_PixArt-alpha_PixArt-Sigma-XL-2-1024-MS_bfloat16_20260928_173518.txt
dit_throughput,20260928_173518,SR630 V4,6740P,L4,PixArt-alpha/PixArt-Sigma-XL-2-1024-MS,cpu,bfloat16,disabled,bfloat16,throughput,,,,yes,ok,,1,2,,,,,0.015,0.90,66666.7,65.69,0.30,,,,,,,,,,,,,83.7,,,381.2,381.2,0.000,dit_throughput_PixArt-alpha_PixArt-Sigma-XL-2-1024-MS_bfloat16_20260928_173518.txt
dit_throughput,20260916_044658,SR630 V4,6740P,L4,PixArt-alpha/PixArt-Sigma-XL-2-1024-MS,cpu,bfloat16,disabled,bfloat16,throughput,,,,yes,ok,,2,1,,,,,0.068,4.08,14705.9,29.37,1.36,,,,,,,,,,,,,88.8,,,469.3,469.3,0.000,dit_throughput_PixArt-alpha_PixArt-Sigma-XL-2-1024-MS_bfloat16_20260916_044658.txt
dit_throughput,20260928_145731,SR630 V4,6740P,L4,PixArt-alpha/PixArt-Sigma-XL-2-1024-MS,cpu,bfloat16,disabled,bfloat16,throughput,,,,,ok,,2,1,,,,,0.052,3.12,19230.8,38.18,1.05,,,,,,,,,,,,,44.9,,,3794.4,3794.4,0.000,dit_throughput_PixArt-alpha_PixArt-Sigma-XL-2-1024-MS_bfloat16_20260928_145731.txt
server_dit_benchmark,20261006_142044,SR630 V4,6740P,L4,PixArt-alpha/PixArt-Sigma-XL-2-1024-MS,cpu,bfloat16,disabled,bfloat16,interactive,30,30,1.063,,FAIL,stopped early: 3 scored misses already put p95 over the SLA,2,1,0.01772,1.063,0.25,30,0.024,1.44,41666.7,41.6667,0.480,,,,28020.0,42950.0,44660.0,30540.0,29160.0,83.3,0,1.00,1,32.2,,,,,,server_dit_PixArt-alpha_PixArt-Sigma-XL-2-1024-MS_bfloat16_cpu2r_20261006_142044.txt
server_dit_benchmark,20261006_142044,SR630 V4,6740P,L4,PixArt-alpha/PixArt-Sigma-XL-2-1024-MS,cpu,bfloat16,disabled,bfloat16,interactive,30,30,2.126,,FAIL,stopped early: 5 scored misses already put p95 over the SLA,2,1,0.03543,2.126,0.50,30,0.043,2.58,23255.8,23.2558,0.860,,,,60210.0,67530.0,67740.0,59600.0,32930.0,0.0,0,1.00,4,82.9,,,,,,server_dit_PixArt-alpha_PixArt-Sigma-XL-2-1024-MS_bfloat16_cpu2r_20261006_142044.txt
dit_throughput,20260928_145731,SR630 V4,6740P,L4,PixArt-alpha/PixArt-Sigma-XL-2-1024-MS,cpu,bfloat16,disabled,bfloat16,throughput,,,,,ok,,2,2,,,,,0.051,3.06,19607.8,38.96,1.03,,,,,,,,,,,,,44.8,,,383.6,383.6,0.000,dit_throughput_PixArt-alpha_PixArt-Sigma-XL-2-1024-MS_bfloat16_20260928_145731.txt
dit_throughput,20260928_145731,SR630 V4,6740P,L4,PixArt-alpha/PixArt-Sigma-XL-2-1024-MS,cpu,bfloat16,disabled,bfloat16,throughput,,,,yes,ok,,4,1,,,,,0.101,6.06,9901.0,39.52,2.02,,,,,,,,,,,,,89.6,,,516.3,516.3,0.000,dit_throughput_PixArt-alpha_PixArt-Sigma-XL-2-1024-MS_bfloat16_20260928_145731.txt
dit_throughput,20260928_145731,SR630 V4,6740P,L4,PixArt-alpha/PixArt-Sigma-XL-2-1024-MS,cpu,bfloat16,disabled,bfloat16,throughput,,,,,ok,,4,2,,,,,0.100,6.00,10000.0,40.15,1.99,,,,,,,,,,,,,88.5,,,516.9,516.9,0.000,dit_throughput_PixArt-alpha_PixArt-Sigma-XL-2-1024-MS_bfloat16_20260928_145731.txt
dit_throughput,20260916_031017,SR630 V4,6740P,L4,PixArt-alpha/PixArt-Sigma-XL-2-1024-MS,cuda,bfloat16,disabled,bfloat16,throughput,,,,yes,ok,,1,1,,,,,0.135,8.10,7407.4,7.41,2.70,,,,,,,,,,,,,1.0,99.7,71.9,260.2,332.1,0.000,dit_throughput_PixArt-alpha_PixArt-Sigma-XL-2-1024-MS_bfloat16_20260916_031017.txt
dit_throughput,20260916_031017,SR630 V4,6740P,L4,PixArt-alpha/PixArt-Sigma-XL-2-1024-MS,cuda,bfloat16,disabled,bfloat16,throughput,,,,,ok,,1,2,,,,,0.129,7.74,7751.9,7.76,2.58,,,,,,,,,,,,,1.0,99.8,71.7,260.2,331.9,0.000,dit_throughput_PixArt-alpha_PixArt-Sigma-XL-2-1024-MS_bfloat16_20260916_031017.txt
dit_throughput,20260916_031017,SR630 V4,6740P,L4,PixArt-alpha/PixArt-Sigma-XL-2-1024-MS,cuda,bfloat16,fp8,bfloat16-fp8,throughput,,,,yes,ok,,1,1,,,,,0.160,9.60,6250.0,6.24,3.21,,,,,,,,,,,,,1.0,99.7,72.9,260.2,333.1,0.000,dit_throughput_PixArt-alpha_PixArt-Sigma-XL-2-1024-MS_bfloat16-fp8_20260916_031017.txt
dit_throughput,20260916_031017,SR630 V4,6740P,L4,PixArt-alpha/PixArt-Sigma-XL-2-1024-MS,cuda,bfloat16,fp8,bfloat16-fp8,throughput,,,,,ok,,1,2,,,,,0.150,9.00,6666.7,6.66,3.00,,,,,,,,,,,,,1.0,99.6,72.7,2228.1,2300.8,0.000,dit_throughput_PixArt-alpha_PixArt-Sigma-XL-2-1024-MS_bfloat16-fp8_20260916_031017.txt
server_vit_benchmark,20261008_015347,SR630 V4,6740P,L4,facebook/dinov2-base,cpu,bfloat16,disabled,bfloat16,interactive,0.1,5,8.00,,PASS,ok,2,16,8.00,480.00,,903,7.525,451.50,132.9,0.1329,,,,,31.3,37.9,46.4,,,,,1.0,,2.2,,,,,,server_vit_facebook_dinov2-base_interactive_20261008_015347.txt
server_vit_benchmark,20261008_015347,SR630 V4,6740P,L4,facebook/dinov2-base,cpu,bfloat16,disabled,bfloat16,interactive,0.1,5,16.00,,PASS,ok,2,16,16.00,960.00,,1871,15.592,935.52,64.1,0.0641,,,,,31.3,41.2,51.7,,,,,1.1,,4.5,,,,,,server_vit_facebook_dinov2-base_interactive_20261008_015347.txt
server_vit_benchmark,20261008_015347,SR630 V4,6740P,L4,facebook/dinov2-base,cpu,bfloat16,disabled,bfloat16,interactive,0.1,5,32.00,,PASS,ok,2,16,32.00,1920.00,,3771,31.425,1885.50,31.8,0.0318,,,,,31.5,51.1,69.9,,,,,1.2,,8.7,,,,,,server_vit_facebook_dinov2-base_interactive_20261008_015347.txt
server_vit_benchmark,20261008_015347,SR630 V4,6740P,L4,facebook/dinov2-base,cpu,bfloat16,disabled,bfloat16,interactive,0.1,5,64.00,,PASS,ok,2,16,64.00,3840.00,,7722,64.350,3861.00,15.5,0.0155,,,,,40.1,69.6,90.2,,,,,1.9,,15.5,,,,,,server_vit_facebook_dinov2-base_interactive_20261008_015347.txt
server_vit_benchmark,20261008_015347,SR630 V4,6740P,L4,facebook/dinov2-base,cpu,bfloat16,disabled,bfloat16,interactive,0.1,5,90.51,,PASS,ok,2,16,90.51,5430.60,,10919,90.992,5459.52,11.0,0.0110,,,,,49.9,89.7,114.0,,,,,2.7,,19.2,,,,,,server_vit_facebook_dinov2-base_interactive_20261008_015347.txt
server_vit_benchmark,20261008_015347,SR630 V4,6740P,L4,facebook/dinov2-base,cpu,bfloat16,disabled,bfloat16,interactive,0.1,5,98.70,,PASS,ok,2,16,98.70,5922.00,,11842,98.683,5920.98,10.1,0.0101,,,,,53.9,94.9,119.5,,,,,3.0,,19.9,,,,,,server_vit_facebook_dinov2-base_interactive_20261008_015347.txt
server_vit_benchmark,20261008_015347,SR630 V4,6740P,L4,facebook/dinov2-base,cpu,bfloat16,disabled,bfloat16,interactive,0.1,5,103.07,yes,PASS,ok,2,16,103.07,6184.20,,12343,102.858,6171.48,9.7,0.0097,,,,,55.9,98.0,118.6,,,,,3.2,,20.2,,,,,,server_vit_facebook_dinov2-base_interactive_20261008_015347.txt
server_vit_benchmark,20261008_015347,SR630 V4,6740P,L4,facebook/dinov2-base,cpu,bfloat16,disabled,bfloat16,interactive,0.1,5,107.63,,FAIL,p95 103.4 ms > 100 ms,2,16,107.63,6457.80,,12910,107.583,6454.98,9.3,0.0093,,,,,58.3,103.4,125.5,,,,,3.4,,20.6,,,,,,server_vit_facebook_dinov2-base_interactive_20261008_015347.txt
server_vit_benchmark,20261008_015347,SR630 V4,6740P,L4,facebook/dinov2-base,cpu,bfloat16,disabled,bfloat16,interactive,0.1,5,128.00,,FAIL,p95 128.0 ms > 100 ms,2,16,128.00,7680.00,,15360,128.000,7680.00,7.8,0.0078,,,,,70.2,128.0,257.8,,,,,4.7,,21.7,,,,,,server_vit_facebook_dinov2-base_interactive_20261008_015347.txt
server_vit_benchmark,20261008_021243,SR630 V4,6740P,L4,facebook/dinov2-base,cpu,bfloat16,disabled,bfloat16,interactive,0.1,5,8.00,,PASS,ok,3,16,8.00,480.00,,903,7.525,451.50,132.9,0.1329,,,,,31.8,36.0,47.9,,,,,1.0,,2.3,,,,,,server_vit_facebook_dinov2-base_interactive_20261008_021243.txt
server_vit_benchmark,20261008_021243,SR630 V4,6740P,L4,facebook/dinov2-base,cpu,bfloat16,disabled,bfloat16,interactive,0.1,5,16.00,,PASS,ok,3,16,16.00,960.00,,1871,15.592,935.52,64.1,0.0641,,,,,31.6,35.8,46.7,,,,,1.0,,4.7,,,,,,server_vit_facebook_dinov2-base_interactive_20261008_021243.txt
server_vit_benchmark,20261008_021243,SR630 V4,6740P,L4,facebook/dinov2-base,cpu,bfloat16,disabled,bfloat16,interactive,0.1,5,32.00,,PASS,ok,3,16,32.00,1920.00,,3771,31.425,1885.50,31.8,0.0318,,,,,31.7,42.0,56.7,,,,,1.1,,9.1,,,,,,server_vit_facebook_dinov2-base_interactive_20261008_021243.txt
server_vit_benchmark,20261008_021243,SR630 V4,6740P,L4,facebook/dinov2-base,cpu,bfloat16,disabled,bfloat16,interactive,0.1,5,64.00,,PASS,ok,3,16,64.00,3840.00,,7722,64.350,3861.00,15.5,0.0155,,,,,32.0,53.4,68.7,,,,,1.3,,17.3,,,,,,server_vit_facebook_dinov2-base_interactive_20261008_021243.txt
server_vit_benchmark,20261008_021243,SR630 V4,6740P,L4,facebook/dinov2-base,cpu,bfloat16,disabled,bfloat16,interactive,0.1,5,128.00,,PASS,ok,3,16,128.00,7680.00,,15360,128.000,7680.00,7.8,0.0078,,,,,43.9,81.1,107.5,,,,,2.5,,27.6,,,,,,server_vit_facebook_dinov2-base_interactive_20261008_021243.txt
server_vit_benchmark,20261008_021243,SR630 V4,6740P,L4,facebook/dinov2-base,cpu,bfloat16,disabled,bfloat16,interactive,0.1,5,152.22,,PASS,ok,3,16,152.22,9133.20,,18260,152.167,9130.02,6.6,0.0066,,,,,52.2,96.0,121.1,,,,,3.3,,29.7,,,,,,server_vit_facebook_dinov2-base_interactive_20261008_021243.txt
server_vit_benchmark,20261008_021243,SR630 V4,6740P,L4,facebook/dinov2-base,cpu,bfloat16,disabled,bfloat16,interactive,0.1,5,158.96,yes,PASS,ok,3,16,158.96,9537.60,,19039,158.658,9519.48,6.3,0.0063,,,,,53.8,98.8,123.8,,,,,3.4,,30.3,,,,,,server_vit_facebook_dinov2-base_interactive_20261008_021243.txt
server_vit_benchmark,20261008_021243,SR630 V4,6740P,L4,facebook/dinov2-base,cpu,bfloat16,disabled,bfloat16,interactive,0.1,5,166.00,,FAIL,p95 101.2 ms > 100 ms,3,16,166.00,9960.00,,19919,165.992,9959.52,6.0,0.0060,,,,,55.9,101.2,124.1,,,,,3.7,,30.8,,,,,,server_vit_facebook_dinov2-base_interactive_20261008_021243.txt
server_vit_benchmark,20261008_021243,SR630 V4,6740P,L4,facebook/dinov2-base,cpu,bfloat16,disabled,bfloat16,interactive,0.1,5,181.02,,FAIL,p95 113.6 ms > 100 ms,3,16,181.02,10861.20,,21756,181.300,10878.00,5.5,0.0055,,,,,62.1,113.6,188.1,,,,,4.4,,31.6,,,,,,server_vit_facebook_dinov2-base_interactive_20261008_021243.txt
server_vit_benchmark,20261008_021243,SR630 V4,6740P,L4,facebook/dinov2-base,cpu,bfloat16,disabled,bfloat16,interactive,0.1,5,256.00,,FAIL,p95 22455.1 ms > 100 ms,3,16,256.00,15360.00,,30871,257.258,15435.48,3.9,0.0039,,,,,11928.6,22455.1,23444.3,,,,,16.0,,36.9,,,,,,server_vit_facebook_dinov2-base_interactive_20261008_021243.txt
server_vit_benchmark,20261008_023409,SR630 V4,6740P,L4,facebook/dinov2-base,cpu,bfloat16,disabled,bfloat16,interactive,0.1,5,8.00,,PASS,ok,4,16,8.00,480.00,,903,7.525,451.50,132.9,0.1329,,,,,31.2,36.6,52.3,,,,,1.0,,2.2,,,,,,server_vit_facebook_dinov2-base_interactive_20261008_023409.txt
server_vit_benchmark,20261008_023409,SR630 V4,6740P,L4,facebook/dinov2-base,cpu,bfloat16,disabled,bfloat16,interactive,0.1,5,16.00,,PASS,ok,4,16,16.00,960.00,,1871,15.592,935.52,64.1,0.0641,,,,,31.2,34.4,47.3,,,,,1.0,,4.6,,,,,,server_vit_facebook_dinov2-base_interactive_20261008_023409.txt
server_vit_benchmark,20261008_023409,SR630 V4,6740P,L4,facebook/dinov2-base,cpu,bfloat16,disabled,bfloat16,interactive,0.1,5,32.00,,PASS,ok,4,16,32.00,1920.00,,3771,31.425,1885.50,31.8,0.0318,,,,,31.3,39.2,55.7,,,,,1.0,,9.2,,,,,,server_vit_facebook_dinov2-base_interactive_20261008_023409.txt
server_vit_benchmark,20261008_023409,SR630 V4,6740P,L4,facebook/dinov2-base,cpu,bfloat16,disabled,bfloat16,interactive,0.1,5,64.00,,PASS,ok,4,16,64.00,3840.00,,7722,64.350,3861.00,15.5,0.0155,,,,,31.4,44.0,57.6,,,,,1.1,,18.0,,,,,,server_vit_facebook_dinov2-base_interactive_20261008_023409.txt
server_vit_benchmark,20261008_023409,SR630 V4,6740P,L4,facebook/dinov2-base,cpu,bfloat16,disabled,bfloat16,interactive,0.1,5,128.00,,PASS,ok,4,16,128.00,7680.00,,15360,128.000,7680.00,7.8,0.0078,,,,,37.6,64.8,86.8,,,,,1.8,,31.1,,,,,,server_vit_facebook_dinov2-base_interactive_20261008_023409.txt
server_vit_benchmark,20261008_023409,SR630 V4,6740P,L4,facebook/dinov2-base,cpu,bfloat16,disabled,bfloat16,interactive,0.1,5,181.02,,PASS,ok,4,16,181.02,10861.20,,21756,181.300,10878.00,5.5,0.0055,,,,,45.8,85.4,106.4,,,,,2.8,,37.8,,,,,,server_vit_facebook_dinov2-base_interactive_20261008_023409.txt
server_vit_benchmark,20261008_023409,SR630 V4,6740P,L4,facebook/dinov2-base,cpu,bfloat16,disabled,bfloat16,interactive,0.1,5,197.40,,PASS,ok,4,16,197.40,11844.00,,23826,198.550,11913.00,5.0,0.0050,,,,,50.5,91.5,110.9,,,,,3.1,,39.2,,,,,,server_vit_facebook_dinov2-base_interactive_20261008_023409.txt
server_vit_benchmark,20261008_023409,SR630 V4,6740P,L4,facebook/dinov2-base,cpu,bfloat16,disabled,bfloat16,interactive,0.1,5,206.14,yes,PASS,ok,4,16,206.14,12368.40,,24877,207.308,12438.48,4.8,0.0048,,,,,52.5,98.3,119.0,,,,,3.4,,39.9,,,,,,server_vit_facebook_dinov2-base_interactive_20261008_023409.txt
server_vit_benchmark,20261008_023409,SR630 V4,6740P,L4,facebook/dinov2-base,cpu,bfloat16,disabled,bfloat16,interactive,0.1,5,215.27,,FAIL,p95 105.3 ms > 100 ms,4,16,215.27,12916.20,,25983,216.525,12991.50,4.6,0.0046,,,,,55.0,105.3,169.7,,,,,3.8,,40.6,,,,,,server_vit_facebook_dinov2-base_interactive_20261008_023409.txt
server_vit_benchmark,20261008_023409,SR630 V4,6740P,L4,facebook/dinov2-base,cpu,bfloat16,disabled,bfloat16,interactive,0.1,5,256.00,,FAIL,p95 152.2 ms > 100 ms,4,16,256.00,15360.00,,30871,257.258,15435.48,3.9,0.0039,,,,,67.6,152.2,257.8,,,,,5.3,,42.8,,,,,,server_vit_facebook_dinov2-base_interactive_20261008_023409.txt
server_vit_benchmark,20261008_025511,SR630 V4,6740P,L4,facebook/dinov2-base,cpu,bfloat16,disabled,bfloat16,interactive,0.1,5,8.00,,PASS,ok,5,16,8.00,480.00,,903,7.525,451.50,132.9,0.1329,,,,,31.6,37.2,47.5,,,,,1.0,,2.3,,,,,,server_vit_facebook_dinov2-base_interactive_20261008_025511.txt
server_vit_benchmark,20261008_025511,SR630 V4,6740P,L4,facebook/dinov2-base,cpu,bfloat16,disabled,bfloat16,interactive,0.1,5,16.00,,PASS,ok,5,16,16.00,960.00,,1871,15.592,935.52,64.1,0.0641,,,,,31.5,35.1,46.9,,,,,1.0,,4.6,,,,,,server_vit_facebook_dinov2-base_interactive_20261008_025511.txt
server_vit_benchmark,20261008_025511,SR630 V4,6740P,L4,facebook/dinov2-base,cpu,bfloat16,disabled,bfloat16,interactive,0.1,5,32.00,,PASS,ok,5,16,32.00,1920.00,,3771,31.425,1885.50,31.8,0.0318,,,,,31.6,37.5,52.7,,,,,1.0,,9.3,,,,,,server_vit_facebook_dinov2-base_interactive_20261008_025511.txt
server_vit_benchmark,20261008_025511,SR630 V4,6740P,L4,facebook/dinov2-base,cpu,bfloat16,disabled,bfloat16,interactive,0.1,5,64.00,,PASS,ok,5,16,64.00,3840.00,,7722,64.350,3861.00,15.5,0.0155,,,,,32.0,43.3,55.3,,,,,1.1,,18.8,,,,,,server_vit_facebook_dinov2-base_interactive_20261008_025511.txt
server_vit_benchmark,20261008_025511,SR630 V4,6740P,L4,facebook/dinov2-base,cpu,bfloat16,disabled,bfloat16,interactive,0.1,5,128.00,,PASS,ok,5,16,128.00,7680.00,,15360,128.000,7680.00,7.8,0.0078,,,,,33.6,57.9,78.6,,,,,1.5,,34.3,,,,,,server_vit_facebook_dinov2-base_interactive_20261008_025511.txt
server_vit_benchmark,20261008_025511,SR630 V4,6740P,L4,facebook/dinov2-base,cpu,bfloat16,disabled,bfloat16,interactive,0.1,5,181.02,,PASS,ok,5,16,181.02,10861.20,,21756,181.300,10878.00,5.5,0.0055,,,,,42.3,72.8,97.8,,,,,2.1,,43.2,,,,,,server_vit_facebook_dinov2-base_interactive_20261008_025511.txt
server_vit_benchmark,20261008_025511,SR630 V4,6740P,L4,facebook/dinov2-base,cpu,bfloat16,disabled,bfloat16,interactive,0.1,5,215.27,,PASS,ok,5,16,215.27,12916.20,,25983,216.525,12991.50,4.6,0.0046,,,,,46.4,86.6,110.9,,,,,2.7,,47.1,,,,,,server_vit_facebook_dinov2-base_interactive_20261008_025511.txt
server_vit_benchmark,20261008_025511,SR630 V4,6740P,L4,facebook/dinov2-base,cpu,bfloat16,disabled,bfloat16,interactive,0.1,5,234.75,yes,PASS,ok,5,16,234.75,14085.00,,28301,235.842,14150.52,4.2,0.0042,,,,,51.8,98.9,131.3,,,,,3.2,,48.9,,,,,,server_vit_facebook_dinov2-base_interactive_20261008_025511.txt
server_vit_benchmark,20261008_025511,SR630 V4,6740P,L4,facebook/dinov2-base,cpu,bfloat16,disabled,bfloat16,interactive,0.1,5,245.15,,FAIL,p95 100.7 ms > 100 ms,5,16,245.15,14709.00,,29553,246.275,14776.50,4.1,0.0041,,,,,53.7,100.7,124.8,,,,,3.4,,49.7,,,,,,server_vit_facebook_dinov2-base_interactive_20261008_025511.txt
server_vit_benchmark,20261008_025511,SR630 V4,6740P,L4,facebook/dinov2-base,cpu,bfloat16,disabled,bfloat16,interactive,0.1,5,256.00,,FAIL,p95 105.4 ms > 100 ms,5,16,256.00,15360.00,,30871,257.258,15435.48,3.9,0.0039,,,,,55.0,105.4,179.6,,,,,3.6,,50.3,,,,,,server_vit_facebook_dinov2-base_interactive_20261008_025511.txt
server_vit_benchmark,20261008_031614,SR630 V4,6740P,L4,facebook/dinov2-base,cpu,bfloat16,disabled,bfloat16,interactive,0.1,5,8.00,,PASS,ok,6,16,8.00,480.00,,903,7.525,451.50,132.9,0.1329,,,,,32.1,37.8,47.3,,,,,1.0,,2.3,,,,,,server_vit_facebook_dinov2-base_interactive_20261008_031614.txt
server_vit_benchmark,20261008_031614,SR630 V4,6740P,L4,facebook/dinov2-base,cpu,bfloat16,disabled,bfloat16,interactive,0.1,5,16.00,,PASS,ok,6,16,16.00,960.00,,1871,15.592,935.52,64.1,0.0641,,,,,32.1,35.6,47.4,,,,,1.0,,4.7,,,,,,server_vit_facebook_dinov2-base_interactive_20261008_031614.txt
server_vit_benchmark,20261008_031614,SR630 V4,6740P,L4,facebook/dinov2-base,cpu,bfloat16,disabled,bfloat16,interactive,0.1,5,32.00,,PASS,ok,6,16,32.00,1920.00,,3771,31.425,1885.50,31.8,0.0318,,,,,32.1,36.0,51.3,,,,,1.0,,9.5,,,,,,server_vit_facebook_dinov2-base_interactive_20261008_031614.txt
server_vit_benchmark,20261008_031614,SR630 V4,6740P,L4,facebook/dinov2-base,cpu,bfloat16,disabled,bfloat16,interactive,0.1,5,64.00,,PASS,ok,6,16,64.00,3840.00,,7722,64.350,3861.00,15.5,0.0155,,,,,32.4,41.4,52.5,,,,,1.0,,19.3,,,,,,server_vit_facebook_dinov2-base_interactive_20261008_031614.txt
server_vit_benchmark,20261008_031614,SR630 V4,6740P,L4,facebook/dinov2-base,cpu,bfloat16,disabled,bfloat16,interactive,0.1,5,128.00,,PASS,ok,6,16,128.00,7680.00,,15360,128.000,7680.00,7.8,0.0078,,,,,33.2,53.4,68.2,,,,,1.3,,36.2,,,,,,server_vit_facebook_dinov2-base_interactive_20261008_031614.txt
server_vit_benchmark,20261008_031614,SR630 V4,6740P,L4,facebook/dinov2-base,cpu,bfloat16,disabled,bfloat16,interactive,0.1,5,256.00,yes,PASS,ok,6,16,256.00,15360.00,,30871,257.258,15435.48,3.9,0.0039,,,,,49.3,94.9,135.5,,,,,2.9,,56.4,,,,,,server_vit_facebook_dinov2-base_interactive_20261008_031614.txt
server_vit_benchmark,20261008_031614,SR630 V4,6740P,L4,facebook/dinov2-base,cpu,bfloat16,disabled,bfloat16,interactive,0.1,5,267.33,,FAIL,p95 102.6 ms > 100 ms,6,16,267.33,16039.80,,32188,268.233,16093.98,3.7,0.0037,,,,,53.9,102.6,170.2,,,,,3.2,,57.5,,,,,,server_vit_facebook_dinov2-base_interactive_20261008_031614.txt
server_vit_benchmark,20261008_031614,SR630 V4,6740P,L4,facebook/dinov2-base,cpu,bfloat16,disabled,bfloat16,interactive,0.1,5,279.17,,FAIL,p95 105.0 ms > 100 ms,6,16,279.17,16750.20,,33720,281.000,16860.00,3.6,0.0036,,,,,56.4,105.0,166.4,,,,,3.4,,58.4,,,,,,server_vit_facebook_dinov2-base_interactive_20261008_031614.txt
server_vit_benchmark,20261008_031614,SR630 V4,6740P,L4,facebook/dinov2-base,cpu,bfloat16,disabled,bfloat16,interactive,0.1,5,304.44,,FAIL,p95 117.7 ms > 100 ms,6,16,304.44,18266.40,,36683,305.692,18341.52,3.3,0.0033,,,,,61.2,117.7,252.6,,,,,4.0,,60.1,,,,,,server_vit_facebook_dinov2-base_interactive_20261008_031614.txt
server_vit_benchmark,20261008_031614,SR630 V4,6740P,L4,facebook/dinov2-base,cpu,bfloat16,disabled,bfloat16,interactive,0.1,5,362.04,,FAIL,p95 246.1 ms > 100 ms,6,16,362.04,21722.40,,43529,362.742,21764.52,2.8,0.0028,,,,,77.7,246.1,285.8,,,,,5.9,,63.2,,,,,,server_vit_facebook_dinov2-base_interactive_20261008_031614.txt
server_vit_benchmark,20261008_031614,SR630 V4,6740P,L4,facebook/dinov2-base,cpu,bfloat16,disabled,bfloat16,interactive,0.1,5,512.00,,FAIL,p95 40682.1 ms > 100 ms,6,16,512.00,30720.00,,61340,511.167,30670.02,2.0,0.0020,,,,,21585.7,40682.1,42214.4,,,,,16.0,,71.6,,,,,,server_vit_facebook_dinov2-base_interactive_20261008_031614.txt
server_vit_benchmark,20261008_034005,SR630 V4,6740P,L4,facebook/dinov2-base,cpu,bfloat16,disabled,bfloat16,interactive,0.1,5,8.00,,PASS,ok,7,16,8.00,480.00,,903,7.525,451.50,132.9,0.1329,,,,,32.0,39.5,48.1,,,,,1.0,,2.3,,,,,,server_vit_facebook_dinov2-base_interactive_20261008_034005.txt
server_vit_benchmark,20261008_034005,SR630 V4,6740P,L4,facebook/dinov2-base,cpu,bfloat16,disabled,bfloat16,interactive,0.1,5,16.00,,PASS,ok,7,16,16.00,960.00,,1871,15.592,935.52,64.1,0.0641,,,,,32.0,36.6,49.2,,,,,1.0,,4.7,,,,,,server_vit_facebook_dinov2-base_interactive_20261008_034005.txt
server_vit_benchmark,20261008_034005,SR630 V4,6740P,L4,facebook/dinov2-base,cpu,bfloat16,disabled,bfloat16,interactive,0.1,5,32.00,,PASS,ok,7,16,32.00,1920.00,,3771,31.425,1885.50,31.8,0.0318,,,,,32.2,36.7,52.8,,,,,1.0,,9.5,,,,,,server_vit_facebook_dinov2-base_interactive_20261008_034005.txt
server_vit_benchmark,20261008_034005,SR630 V4,6740P,L4,facebook/dinov2-base,cpu,bfloat16,disabled,bfloat16,interactive,0.1,5,64.00,,PASS,ok,7,16,64.00,3840.00,,7722,64.350,3861.00,15.5,0.0155,,,,,32.4,40.5,52.2,,,,,1.0,,19.6,,,,,,server_vit_facebook_dinov2-base_interactive_20261008_034005.txt
server_vit_benchmark,20261008_034005,SR630 V4,6740P,L4,facebook/dinov2-base,cpu,bfloat16,disabled,bfloat16,interactive,0.1,5,128.00,,PASS,ok,7,16,128.00,7680.00,,15360,128.000,7680.00,7.8,0.0078,,,,,33.1,46.9,66.9,,,,,1.2,,37.4,,,,,,server_vit_facebook_dinov2-base_interactive_20261008_034005.txt
server_vit_benchmark,20261008_034005,SR630 V4,6740P,L4,facebook/dinov2-base,cpu,bfloat16,disabled,bfloat16,interactive,0.1,5,256.00,,PASS,ok,7,16,256.00,15360.00,,30871,257.258,15435.48,3.9,0.0039,,,,,44.2,78.4,109.3,,,,,2.2,,61.7,,,,,,server_vit_facebook_dinov2-base_interactive_20261008_034005.txt
server_vit_benchmark,20261008_034005,SR630 V4,6740P,L4,facebook/dinov2-base,cpu,bfloat16,disabled,bfloat16,interactive,0.1,5,304.44,yes,PASS,ok,7,16,304.44,18266.40,,36683,305.692,18341.52,3.3,0.0033,,,,,49.6,95.8,122.0,,,,,2.9,,66.6,,,,,,server_vit_facebook_dinov2-base_interactive_20261008_034005.txt
server_vit_benchmark,20261008_034005,SR630 V4,6740P,L4,facebook/dinov2-base,cpu,bfloat16,disabled,bfloat16,interactive,0.1,5,317.92,,FAIL,p95 101.1 ms > 100 ms,7,16,317.92,19075.20,,38204,318.367,19102.02,3.1,0.0031,,,,,52.7,101.1,145.8,,,,,3.2,,67.7,,,,,,server_vit_facebook_dinov2-base_interactive_20261008_034005.txt
server_vit_benchmark,20261008_034005,SR630 V4,6740P,L4,facebook/dinov2-base,cpu,bfloat16,disabled,bfloat16,interactive,0.1,5,331.99,,FAIL,p95 106.2 ms > 100 ms,7,16,331.99,19919.40,,39896,332.467,19948.02,3.0,0.0030,,,,,55.3,106.2,176.4,,,,,3.4,,68.6,,,,,,server_vit_facebook_dinov2-base_interactive_20261008_034005.txt
server_vit_benchmark,20261008_034005,SR630 V4,6740P,L4,facebook/dinov2-base,cpu,bfloat16,disabled,bfloat16,interactive,0.1,5,362.04,,FAIL,p95 114.0 ms > 100 ms,7,16,362.04,21722.40,,43529,362.742,21764.52,2.8,0.0028,,,,,59.7,114.0,239.0,,,,,4.0,,70.7,,,,,,server_vit_facebook_dinov2-base_interactive_20261008_034005.txt
server_vit_benchmark,20261008_034005,SR630 V4,6740P,L4,facebook/dinov2-base,cpu,bfloat16,disabled,bfloat16,interactive,0.1,5,512.00,,FAIL,p95 22022.0 ms > 100 ms,7,16,512.00,30720.00,,61340,511.167,30670.02,2.0,0.0020,,,,,12168.0,22022.0,22761.5,,,,,16.0,,82.7,,,,,,server_vit_facebook_dinov2-base_interactive_20261008_034005.txt
server_vit_benchmark,20261009_100244,SR630 V4,6740P,L4,facebook/dinov2-base,cpu,bfloat16,disabled,bfloat16,interactive,0.1,5,8.00,,PASS,ok,8,8,8.00,480.00,,903,7.525,451.50,132.9,0.1329,,,,,33.1,96.6,404.4,,,,,1.0,,3.6,,,,,,server_vit_facebook_dinov2-base_interactive_20261009_100244.txt
server_vit_benchmark,20261009_100244,SR630 V4,6740P,L4,facebook/dinov2-base,cpu,bfloat16,disabled,bfloat16,interactive,0.1,5,16.00,,PASS,ok,8,8,16.00,960.00,,1871,15.592,935.52,64.1,0.0641,,,,,33.4,95.0,327.9,,,,,1.0,,6.9,,,,,,server_vit_facebook_dinov2-base_interactive_20261009_100244.txt
server_vit_benchmark,20261009_100244,SR630 V4,6740P,L4,facebook/dinov2-base,cpu,bfloat16,disabled,bfloat16,interactive,0.1,5,19.03,yes,PASS,ok,8,8,19.03,1141.80,,2228,18.567,1114.02,53.9,0.0539,,,,,33.2,71.0,364.3,,,,,1.0,,7.8,,,,,,server_vit_facebook_dinov2-base_interactive_20261009_100244.txt
server_vit_benchmark,20261009_100244,SR630 V4,6740P,L4,facebook/dinov2-base,cpu,bfloat16,disabled,bfloat16,interactive,0.1,5,19.87,,FAIL,p95 171.9 ms > 100 ms,8,8,19.87,1192.20,,2345,19.542,1172.52,51.2,0.0512,,,,,35.1,171.9,553.8,,,,,1.0,,11.1,,,,,,server_vit_facebook_dinov2-base_interactive_20261009_100244.txt
server_vit_benchmark,20261009_100244,SR630 V4,6740P,L4,facebook/dinov2-base,cpu,bfloat16,disabled,bfloat16,interactive,0.1,5,20.75,,FAIL,p95 128.4 ms > 100 ms,8,8,20.75,1245.00,,2439,20.325,1219.50,49.2,0.0492,,,,,33.7,128.4,524.0,,,,,1.0,,10.3,,,,,,server_vit_facebook_dinov2-base_interactive_20261009_100244.txt
server_vit_benchmark,20261009_100244,SR630 V4,6740P,L4,facebook/dinov2-base,cpu,bfloat16,disabled,bfloat16,interactive,0.1,5,22.63,,FAIL,p95 101.5 ms > 100 ms,8,8,22.63,1357.80,,2674,22.283,1336.98,44.9,0.0449,,,,,33.5,101.5,465.7,,,,,1.0,,10.7,,,,,,server_vit_facebook_dinov2-base_interactive_20261009_100244.txt
server_vit_benchmark,20261009_100244,SR630 V4,6740P,L4,facebook/dinov2-base,cpu,bfloat16,disabled,bfloat16,interactive,0.1,5,32.00,,FAIL,p95 214.7 ms > 100 ms,8,8,32.00,1920.00,,3771,31.425,1885.50,31.8,0.0318,,,,,37.1,214.7,628.0,,,,,1.0,,19.6,,,,,,server_vit_facebook_dinov2-base_interactive_20261009_100244.txt
server_vit_benchmark,20261009_012713,SR630 V4,6740P,L4,facebook/dinov2-base,cpu,bfloat16,int8-static,bfloat16-int8-static,interactive,0.1,5,8.00,,PASS,ok,5,16,8.00,480.00,,903,7.525,451.50,132.9,0.1329,,,,,24.8,27.5,45.4,,,,,1.0,,1.7,,,,,,server_vit_facebook_dinov2-base_interactive_20261009_012713.txt
server_vit_benchmark,20261009_012713,SR630 V4,6740P,L4,facebook/dinov2-base,cpu,bfloat16,int8-static,bfloat16-int8-static,interactive,0.1,5,16.00,,PASS,ok,5,16,16.00,960.00,,1871,15.592,935.52,64.1,0.0641,,,,,24.8,27.7,39.9,,,,,1.0,,3.4,,,,,,server_vit_facebook_dinov2-base_interactive_20261009_012713.txt
server_vit_benchmark,20261009_012713,SR630 V4,6740P,L4,facebook/dinov2-base,cpu,bfloat16,int8-static,bfloat16-int8-static,interactive,0.1,5,32.00,,PASS,ok,5,16,32.00,1920.00,,3771,31.425,1885.50,31.8,0.0318,,,,,24.9,28.9,46.0,,,,,1.0,,6.8,,,,,,server_vit_facebook_dinov2-base_interactive_20261009_012713.txt
server_vit_benchmark,20261009_012713,SR630 V4,6740P,L4,facebook/dinov2-base,cpu,bfloat16,int8-static,bfloat16-int8-static,interactive,0.1,5,64.00,,PASS,ok,5,16,64.00,3840.00,,7722,64.350,3861.00,15.5,0.0155,,,,,25.3,31.2,43.5,,,,,1.0,,13.9,,,,,,server_vit_facebook_dinov2-base_interactive_20261009_012713.txt
server_vit_benchmark,20261009_012713,SR630 V4,6740P,L4,facebook/dinov2-base,cpu,bfloat16,int8-static,bfloat16-int8-static,interactive,0.1,5,128.00,,PASS,ok,5,16,128.00,7680.00,,15360,128.000,7680.00,7.8,0.0078,,,,,26.2,39.5,50.1,,,,,1.3,,26.2,,,,,,server_vit_facebook_dinov2-base_interactive_20261009_012713.txt
server_vit_benchmark,20261009_012713,SR630 V4,6740P,L4,facebook/dinov2-base,cpu,bfloat16,int8-static,bfloat16-int8-static,interactive,0.1,5,256.00,,PASS,ok,5,16,256.00,15360.00,,30871,257.258,15435.48,3.9,0.0039,,,,,32.3,62.5,86.7,,,,,2.4,,42.3,,,,,,server_vit_facebook_dinov2-base_interactive_20261009_012713.txt
server_vit_benchmark,20261009_012713,SR630 V4,6740P,L4,facebook/dinov2-base,cpu,bfloat16,int8-static,bfloat16-int8-static,interactive,0.1,5,304.44,,PASS,ok,5,16,304.44,18266.40,,36683,305.692,18341.52,3.3,0.0033,,,,,39.7,68.4,110.9,,,,,3.1,,45.7,,,,,,server_vit_facebook_dinov2-base_interactive_20261009_012713.txt
server_vit_benchmark,20261009_012713,SR630 V4,6740P,L4,facebook/dinov2-base,cpu,bfloat16,int8-static,bfloat16-int8-static,interactive,0.1,5,331.99,yes,PASS,ok,5,16,331.99,19919.40,,39896,332.467,19948.02,3.0,0.0030,,,,,42.5,75.8,116.3,,,,,3.5,,47.4,,,,,,server_vit_facebook_dinov2-base_interactive_20261009_012713.txt
server_vit_benchmark,20261009_012713,SR630 V4,6740P,L4,facebook/dinov2-base,cpu,bfloat16,int8-static,bfloat16-int8-static,interactive,0.1,5,346.69,,FAIL,p95 108.6 ms > 100 ms,5,16,346.69,20801.40,,41683,347.358,20841.48,2.9,0.0029,,,,,45.5,108.6,124.4,,,,,4.0,,48.0,,,,,,server_vit_facebook_dinov2-base_interactive_20261009_012713.txt
server_vit_benchmark,20261009_012713,SR630 V4,6740P,L4,facebook/dinov2-base,cpu,bfloat16,int8-static,bfloat16-int8-static,interactive,0.1,5,362.04,,FAIL,p95 108.2 ms > 100 ms,5,16,362.04,21722.40,,43529,362.742,21764.52,2.8,0.0028,,,,,44.8,108.2,121.2,,,,,4.2,,49.0,,,,,,server_vit_facebook_dinov2-base_interactive_20261009_012713.txt
server_vit_benchmark,20261009_012713,SR630 V4,6740P,L4,facebook/dinov2-base,cpu,bfloat16,int8-static,bfloat16-int8-static,interactive,0.1,5,512.00,,FAIL,p95 126.5 ms > 100 ms,5,16,512.00,30720.00,,61340,511.167,30670.02,2.0,0.0020,,,,,75.3,126.5,163.3,,,,,8.7,,53.9,,,,,,server_vit_facebook_dinov2-base_interactive_20261009_012713.txt
server_vit_benchmark,20261009_015131,SR630 V4,6740P,L4,facebook/dinov2-base,cpu,bfloat16,int8-static,bfloat16-int8-static,interactive,0.1,5,8.00,,PASS,ok,6,16,8.00,480.00,,903,7.525,451.50,132.9,0.1329,,,,,25.0,27.5,40.1,,,,,1.0,,1.7,,,,,,server_vit_facebook_dinov2-base_interactive_20261009_015131.txt
server_vit_benchmark,20261009_015131,SR630 V4,6740P,L4,facebook/dinov2-base,cpu,bfloat16,int8-static,bfloat16-int8-static,interactive,0.1,5,16.00,,PASS,ok,6,16,16.00,960.00,,1871,15.592,935.52,64.1,0.0641,,,,,25.0,27.6,40.5,,,,,1.0,,3.4,,,,,,server_vit_facebook_dinov2-base_interactive_20261009_015131.txt
server_vit_benchmark,20261009_015131,SR630 V4,6740P,L4,facebook/dinov2-base,cpu,bfloat16,int8-static,bfloat16-int8-static,interactive,0.1,5,32.00,,PASS,ok,6,16,32.00,1920.00,,3771,31.425,1885.50,31.8,0.0318,,,,,25.3,28.9,45.7,,,,,1.0,,7.0,,,,,,server_vit_facebook_dinov2-base_interactive_20261009_015131.txt
server_vit_benchmark,20261009_015131,SR630 V4,6740P,L4,facebook/dinov2-base,cpu,bfloat16,int8-static,bfloat16-int8-static,interactive,0.1,5,64.00,,PASS,ok,6,16,64.00,3840.00,,7722,64.350,3861.00,15.5,0.0155,,,,,25.7,31.1,42.0,,,,,1.0,,14.2,,,,,,server_vit_facebook_dinov2-base_interactive_20261009_015131.txt
server_vit_benchmark,20261009_015131,SR630 V4,6740P,L4,facebook/dinov2-base,cpu,bfloat16,int8-static,bfloat16-int8-static,interactive,0.1,5,128.00,,PASS,ok,6,16,128.00,7680.00,,15360,128.000,7680.00,7.8,0.0078,,,,,26.5,35.2,48.1,,,,,1.1,,27.5,,,,,,server_vit_facebook_dinov2-base_interactive_20261009_015131.txt
server_vit_benchmark,20261009_015131,SR630 V4,6740P,L4,facebook/dinov2-base,cpu,bfloat16,int8-static,bfloat16-int8-static,interactive,0.1,5,256.00,,PASS,ok,6,16,256.00,15360.00,,30871,257.258,15435.48,3.9,0.0039,,,,,30.5,56.0,74.3,,,,,2.0,,46.3,,,,,,server_vit_facebook_dinov2-base_interactive_20261009_015131.txt
server_vit_benchmark,20261009_015131,SR630 V4,6740P,L4,facebook/dinov2-base,cpu,bfloat16,int8-static,bfloat16-int8-static,interactive,0.1,5,362.04,yes,PASS,ok,6,16,362.04,21722.40,,43529,362.742,21764.52,2.8,0.0028,,,,,41.4,71.7,117.2,,,,,3.2,,54.4,,,,,,server_vit_facebook_dinov2-base_interactive_20261009_015131.txt
server_vit_benchmark,20261009_015131,SR630 V4,6740P,L4,facebook/dinov2-base,cpu,bfloat16,int8-static,bfloat16-int8-static,interactive,0.1,5,378.07,,FAIL,p95 101.6 ms > 100 ms,6,16,378.07,22684.20,,45499,379.158,22749.48,2.6,0.0026,,,,,46.1,101.6,124.1,,,,,3.6,,54.9,,,,,,server_vit_facebook_dinov2-base_interactive_20261009_015131.txt
server_vit_benchmark,20261009_015131,SR630 V4,6740P,L4,facebook/dinov2-base,cpu,bfloat16,int8-static,bfloat16-int8-static,interactive,0.1,5,394.81,,FAIL,p95 110.6 ms > 100 ms,6,16,394.81,23688.60,,47525,396.042,23762.52,2.5,0.0025,,,,,47.6,110.6,128.1,,,,,3.9,,55.9,,,,,,server_vit_facebook_dinov2-base_interactive_20261009_015131.txt
server_vit_benchmark,20261009_015131,SR630 V4,6740P,L4,facebook/dinov2-base,cpu,bfloat16,int8-static,bfloat16-int8-static,interactive,0.1,5,430.54,,FAIL,p95 111.1 ms > 100 ms,6,16,430.54,25832.40,,51755,431.292,25877.52,2.3,0.0023,,,,,47.6,111.1,123.9,,,,,4.4,,58.1,,,,,,server_vit_facebook_dinov2-base_interactive_20261009_015131.txt
server_vit_benchmark,20261009_015131,SR630 V4,6740P,L4,facebook/dinov2-base,cpu,bfloat16,int8-static,bfloat16-int8-static,interactive,0.1,5,512.00,,FAIL,p95 122.3 ms > 100 ms,6,16,512.00,30720.00,,61340,511.167,30670.02,2.0,0.0020,,,,,64.7,122.3,140.2,,,,,6.4,,60.8,,,,,,server_vit_facebook_dinov2-base_interactive_20261009_015131.txt
server_vit_benchmark,20261009_021541,SR630 V4,6740P,L4,facebook/dinov2-base,cpu,bfloat16,int8-static,bfloat16-int8-static,interactive,0.1,5,8.00,,PASS,ok,7,16,8.00,480.00,,903,7.525,451.50,132.9,0.1329,,,,,25.6,28.2,41.6,,,,,1.0,,1.7,,,,,,server_vit_facebook_dinov2-base_interactive_20261009_021541.txt
server_vit_benchmark,20261009_021541,SR630 V4,6740P,L4,facebook/dinov2-base,cpu,bfloat16,int8-static,bfloat16-int8-static,interactive,0.1,5,16.00,,PASS,ok,7,16,16.00,960.00,,1871,15.592,935.52,64.1,0.0641,,,,,25.6,30.1,82.1,,,,,1.0,,3.9,,,,,,server_vit_facebook_dinov2-base_interactive_20261009_021541.txt
server_vit_benchmark,20261009_021541,SR630 V4,6740P,L4,facebook/dinov2-base,cpu,bfloat16,int8-static,bfloat16-int8-static,interactive,0.1,5,32.00,,PASS,ok,7,16,32.00,1920.00,,3771,31.425,1885.50,31.8,0.0318,,,,,25.7,29.4,49.1,,,,,1.0,,7.2,,,,,,server_vit_facebook_dinov2-base_interactive_20261009_021541.txt
server_vit_benchmark,20261009_021541,SR630 V4,6740P,L4,facebook/dinov2-base,cpu,bfloat16,int8-static,bfloat16-int8-static,interactive,0.1,5,64.00,,PASS,ok,7,16,64.00,3840.00,,7722,64.350,3861.00,15.5,0.0155,,,,,26.1,31.5,44.8,,,,,1.0,,14.6,,,,,,server_vit_facebook_dinov2-base_interactive_20261009_021541.txt
server_vit_benchmark,20261009_021541,SR630 V4,6740P,L4,facebook/dinov2-base,cpu,bfloat16,int8-static,bfloat16-int8-static,interactive,0.1,5,128.00,,PASS,ok,7,16,128.00,7680.00,,15360,128.000,7680.00,7.8,0.0078,,,,,26.7,34.0,47.6,,,,,1.1,,28.3,,,,,,server_vit_facebook_dinov2-base_interactive_20261009_021541.txt
server_vit_benchmark,20261009_021541,SR630 V4,6740P,L4,facebook/dinov2-base,cpu,bfloat16,int8-static,bfloat16-int8-static,interactive,0.1,5,256.00,,PASS,ok,7,16,256.00,15360.00,,30871,257.258,15435.48,3.9,0.0039,,,,,29.4,47.8,70.4,,,,,1.7,,49.9,,,,,,server_vit_facebook_dinov2-base_interactive_20261009_021541.txt
server_vit_benchmark,20261009_021541,SR630 V4,6740P,L4,facebook/dinov2-base,cpu,bfloat16,int8-static,bfloat16-int8-static,interactive,0.1,5,362.04,,PASS,ok,7,16,362.04,21722.40,,43529,362.742,21764.52,2.8,0.0028,,,,,35.8,67.7,112.9,,,,,2.6,,59.5,,,,,,server_vit_facebook_dinov2-base_interactive_20261009_021541.txt
server_vit_benchmark,20261009_021541,SR630 V4,6740P,L4,facebook/dinov2-base,cpu,bfloat16,int8-static,bfloat16-int8-static,interactive,0.1,5,430.54,yes,PASS,ok,7,16,430.54,25832.40,,51755,431.292,25877.52,2.3,0.0023,,,,,44.9,84.5,120.4,,,,,3.5,,63.7,,,,,,server_vit_facebook_dinov2-base_interactive_20261009_021541.txt
server_vit_benchmark,20261009_021541,SR630 V4,6740P,L4,facebook/dinov2-base,cpu,bfloat16,int8-static,bfloat16-int8-static,interactive,0.1,5,449.60,,FAIL,p95 105.7 ms > 100 ms,7,16,449.60,26976.00,,54032,450.267,27016.02,2.2,0.0022,,,,,46.3,105.7,124.9,,,,,3.7,,64.6,,,,,,server_vit_facebook_dinov2-base_interactive_20261009_021541.txt
server_vit_benchmark,20261009_021541,SR630 V4,6740P,L4,facebook/dinov2-base,cpu,bfloat16,int8-static,bfloat16-int8-static,interactive,0.1,5,469.51,,FAIL,p95 112.4 ms > 100 ms,7,16,469.51,28170.60,,56410,470.083,28204.98,2.1,0.0021,,,,,48.1,112.4,128.6,,,,,4.1,,65.5,,,,,,server_vit_facebook_dinov2-base_interactive_20261009_021541.txt
server_vit_benchmark,20261009_021541,SR630 V4,6740P,L4,facebook/dinov2-base,cpu,bfloat16,int8-static,bfloat16-int8-static,interactive,0.1,5,512.00,,FAIL,p95 118.8 ms > 100 ms,7,16,512.00,30720.00,,61340,511.167,30670.02,2.0,0.0020,,,,,53.8,118.8,133.7,,,,,4.8,,67.1,,,,,,server_vit_facebook_dinov2-base_interactive_20261009_021541.txt
vit_throughput,20260915_215915,SR630 V4,6740P,L4,facebook/dinov2-giant,cpu,bfloat16,disabled,bfloat16,throughput,,,,,ok,,1,1,,,,,4.8,288.00,207.027,0.2083,,,209.42,,,,,,,,,,,24.0,,,301.7,301.7,0.02,vit_throughput_facebook_dinov2-giant_bfloat16_20260915_215915.txt
vit_throughput,20260915_215915,SR630 V4,6740P,L4,facebook/dinov2-giant,cpu,bfloat16,disabled,bfloat16,throughput,,,,,ok,,1,4,,,,,17.3,1038.00,57.766,0.0578,,,231.48,,,,,,,,,,,24.0,,,332.1,332.1,0.05,vit_throughput_facebook_dinov2-giant_bfloat16_20260915_215915.txt
vit_throughput,20260915_215915,SR630 V4,6740P,L4,facebook/dinov2-giant,cpu,bfloat16,disabled,bfloat16,throughput,,,,,ok,,1,8,,,,,13.6,816.00,73.547,0.0735,,,593.17,,,,,,,,,,,24.0,,,322.2,322.2,0.04,vit_throughput_facebook_dinov2-giant_bfloat16_20260915_215915.txt
vit_throughput,20260915_215915,SR630 V4,6740P,L4,facebook/dinov2-giant,cpu,bfloat16,disabled,bfloat16,throughput,,,,,ok,,1,16,,,,,15.7,942.00,63.786,0.0637,,,1020.37,,,,,,,,,,,24.0,,,325.7,325.7,0.05,vit_throughput_facebook_dinov2-giant_bfloat16_20260915_215915.txt
vit_throughput,20260915_215915,SR630 V4,6740P,L4,facebook/dinov2-giant,cpu,bfloat16,disabled,bfloat16,throughput,,,,,ok,,1,32,,,,,15.1,906.00,66.178,0.0662,,,2133.97,,,,,,,,,,,23.9,,,325.6,325.6,0.05,vit_throughput_facebook_dinov2-giant_bfloat16_20260915_215915.txt
vit_throughput,20260915_215915,SR630 V4,6740P,L4,facebook/dinov2-giant,cpu,bfloat16,disabled,bfloat16,throughput,,,,,ok,,2,1,,,,,16.9,1014.00,118.371,0.0592,,,140.45,,,,,,,,,,,47.8,,,2513.0,2513.0,0.01,vit_throughput_facebook_dinov2-giant_bfloat16_20260915_215915.txt
vit_throughput,20260915_215915,SR630 V4,6740P,L4,facebook/dinov2-giant,cpu,bfloat16,disabled,bfloat16,throughput,,,,,ok,,2,4,,,,,31.6,1896.00,63.387,0.0316,,,258.33,,,,,,,,,,,47.8,,,386.0,386.0,0.08,vit_throughput_facebook_dinov2-giant_bfloat16_20260915_215915.txt
vit_throughput,20260915_215915,SR630 V4,6740P,L4,facebook/dinov2-giant,cpu,bfloat16,disabled,bfloat16,throughput,,,,,ok,,2,8,,,,,34.1,2046.00,58.727,0.0293,,,494.87,,,,,,,,,,,47.5,,,385.3,385.3,0.09,vit_throughput_facebook_dinov2-giant_bfloat16_20260915_215915.txt
vit_throughput,20260915_215915,SR630 V4,6740P,L4,facebook/dinov2-giant,cpu,bfloat16,disabled,bfloat16,throughput,,,,yes,ok,,2,16,,,,,37.1,2226.00,53.843,0.0270,,,913.77,,,,,,,,,,,47.1,,,384.1,384.1,0.10,vit_throughput_facebook_dinov2-giant_bfloat16_20260915_215915.txt
server_vit_benchmark,20261008_091748,SR630 V4,6740P,L4,facebook/dinov2-giant,cpu,bfloat16,disabled,bfloat16,interactive,0.5,5,8.00,,PASS,ok,2,16,8.00,480.00,,903,7.525,451.50,132.9,0.1329,,,,,225.2,386.5,513.1,,,,,1.3,,25.7,,,,,,server_vit_facebook_dinov2-giant_interactive_20261008_091748.txt
server_vit_benchmark,20261008_091748,SR630 V4,6740P,L4,facebook/dinov2-giant,cpu,bfloat16,disabled,bfloat16,interactive,0.5,5,11.31,,PASS,ok,2,16,11.31,678.60,,1335,11.125,667.50,89.9,0.0899,,,,,254.9,456.9,751.2,,,,,2.0,,35.9,,,,,,server_vit_facebook_dinov2-giant_interactive_20261008_091748.txt
server_vit_benchmark,20261008_091748,SR630 V4,6740P,L4,facebook/dinov2-giant,cpu,bfloat16,disabled,bfloat16,interactive,0.5,5,13.45,,PASS,ok,2,16,13.45,807.00,,1584,13.200,792.00,75.8,0.0758,,,,,313.3,494.1,637.4,,,,,2.7,,42.4,,,,,,server_vit_facebook_dinov2-giant_interactive_20261008_091748.txt
server_vit_benchmark,20261008_091748,SR630 V4,6740P,L4,facebook/dinov2-giant,cpu,bfloat16,disabled,bfloat16,interactive,0.5,5,14.05,yes,PASS,ok,2,16,14.05,843.00,,1648,13.733,823.98,72.8,0.0728,,,,,152.0,393.6,499.5,,,,,1.8,,33.8,,,,,,server_vit_facebook_dinov2-giant_interactive_20261008_091748.txt
server_vit_benchmark,20261008_091748,SR630 V4,6740P,L4,facebook/dinov2-giant,cpu,bfloat16,disabled,bfloat16,interactive,0.5,5,14.67,,FAIL,p95 503.5 ms > 500 ms,2,16,14.67,880.20,,1724,14.367,862.02,69.6,0.0696,,,,,284.6,503.5,686.4,,,,,2.5,,40.7,,,,,,server_vit_facebook_dinov2-giant_interactive_20261008_091748.txt
server_vit_benchmark,20261008_091748,SR630 V4,6740P,L4,facebook/dinov2-giant,cpu,bfloat16,disabled,bfloat16,interactive,0.5,5,16.00,,FAIL,p95 543.3 ms > 500 ms,2,16,16.00,960.00,,1871,15.592,935.52,64.1,0.0641,,,,,295.7,543.3,871.8,,,,,2.8,,41.5,,,,,,server_vit_facebook_dinov2-giant_interactive_20261008_091748.txt
vit_throughput,20260915_215915,SR630 V4,6740P,L4,facebook/dinov2-giant,cpu,bfloat16,disabled,bfloat16,throughput,,,,,ok,,2,32,,,,,25.3,1518.00,79.153,0.0395,,,2550.60,,,,,,,,,,,43.1,,,376.1,376.1,0.07,vit_throughput_facebook_dinov2-giant_bfloat16_20260915_215915.txt
server_vit_benchmark,20261008_093033,SR630 V4,6740P,L4,facebook/dinov2-giant,cpu,bfloat16,disabled,bfloat16,interactive,0.5,5,8.00,,PASS,ok,3,16,8.00,480.00,,903,7.525,451.50,132.9,0.1329,,,,,253.3,383.3,437.2,,,,,1.2,,40.0,,,,,,server_vit_facebook_dinov2-giant_interactive_20261008_093033.txt
server_vit_benchmark,20261008_093033,SR630 V4,6740P,L4,facebook/dinov2-giant,cpu,bfloat16,disabled,bfloat16,interactive,0.5,5,16.00,,PASS,ok,3,16,16.00,960.00,,1871,15.592,935.52,64.1,0.0641,,,,,247.2,391.5,467.6,,,,,1.8,,54.4,,,,,,server_vit_facebook_dinov2-giant_interactive_20261008_093033.txt
server_vit_benchmark,20261008_093033,SR630 V4,6740P,L4,facebook/dinov2-giant,cpu,bfloat16,disabled,bfloat16,interactive,0.5,5,22.63,yes,PASS,ok,3,16,22.63,1357.80,,2674,22.283,1336.98,44.9,0.0449,,,,,214.7,402.5,547.4,,,,,2.1,,56.2,,,,,,server_vit_facebook_dinov2-giant_interactive_20261008_093033.txt
server_vit_benchmark,20261008_093033,SR630 V4,6740P,L4,facebook/dinov2-giant,cpu,bfloat16,disabled,bfloat16,interactive,0.5,5,23.63,,FAIL,p95 524.3 ms > 500 ms,3,16,23.63,1417.80,,2788,23.233,1393.98,43.0,0.0430,,,,,254.8,524.3,734.2,,,,,2.5,,60.2,,,,,,server_vit_facebook_dinov2-giant_interactive_20261008_093033.txt
server_vit_benchmark,20261008_093033,SR630 V4,6740P,L4,facebook/dinov2-giant,cpu,bfloat16,disabled,bfloat16,interactive,0.5,5,24.68,,FAIL,p95 699.1 ms > 500 ms,3,16,24.68,1480.80,,2887,24.058,1443.48,41.6,0.0416,,,,,293.4,699.1,950.7,,,,,3.1,,63.9,,,,,,server_vit_facebook_dinov2-giant_interactive_20261008_093033.txt
server_vit_benchmark,20261008_093033,SR630 V4,6740P,L4,facebook/dinov2-giant,cpu,bfloat16,disabled,bfloat16,interactive,0.5,5,26.91,,FAIL,p95 856.6 ms > 500 ms,3,16,26.91,1614.60,,3158,26.317,1579.02,38.0,0.0380,,,,,310.7,856.6,1040.1,,,,,3.7,,66.0,,,,,,server_vit_facebook_dinov2-giant_interactive_20261008_093033.txt
server_vit_benchmark,20261008_093033,SR630 V4,6740P,L4,facebook/dinov2-giant,cpu,bfloat16,disabled,bfloat16,interactive,0.5,5,32.00,,FAIL,p95 1256.4 ms > 500 ms,3,16,32.00,1920.00,,3771,31.425,1885.50,31.8,0.0318,,,,,337.0,1256.4,1699.8,,,,,5.0,,67.2,,,,,,server_vit_facebook_dinov2-giant_interactive_20261008_093033.txt
server_vit_benchmark,20261009_110550,SR630 V4,6740P,L4,facebook/dinov2-giant,cpu,bfloat16,disabled,bfloat16,interactive,0.5,5,4.00,,PASS,ok,4,8,4.00,240.00,,456,3.800,228.00,263.2,0.2632,,,,,256.8,424.6,753.7,,,,,1.0,,24.0,,,,,,server_vit_facebook_dinov2-giant_interactive_20261009_110550.txt
server_vit_benchmark,20261009_110550,SR630 V4,6740P,L4,facebook/dinov2-giant,cpu,bfloat16,disabled,bfloat16,interactive,0.5,5,5.66,,PASS,ok,4,8,5.66,339.60,,663,5.525,331.50,181.0,0.1810,,,,,270.0,498.4,824.9,,,,,1.1,,36.2,,,,,,server_vit_facebook_dinov2-giant_interactive_20261009_110550.txt
server_vit_benchmark,20261009_110550,SR630 V4,6740P,L4,facebook/dinov2-giant,cpu,bfloat16,disabled,bfloat16,interactive,0.5,5,6.17,,PASS,ok,4,8,6.17,370.20,,718,5.983,358.98,167.1,0.1671,,,,,274.1,498.8,854.0,,,,,1.1,,40.1,,,,,,server_vit_facebook_dinov2-giant_interactive_20261009_110550.txt
server_vit_benchmark,20261009_110550,SR630 V4,6740P,L4,facebook/dinov2-giant,cpu,bfloat16,disabled,bfloat16,interactive,0.5,5,6.44,yes,PASS,ok,4,8,6.44,386.40,,745,6.208,372.48,161.1,0.1611,,,,,273.2,471.4,791.0,,,,,1.1,,40.6,,,,,,server_vit_facebook_dinov2-giant_interactive_20261009_110550.txt
server_vit_benchmark,20261009_110550,SR630 V4,6740P,L4,facebook/dinov2-giant,cpu,bfloat16,disabled,bfloat16,interactive,0.5,5,6.73,,FAIL,p95 582.0 ms > 500 ms,4,8,6.73,403.80,,771,6.425,385.50,155.6,0.1556,,,,,276.0,582.0,885.7,,,,,1.1,,43.1,,,,,,server_vit_facebook_dinov2-giant_interactive_20261009_110550.txt
server_vit_benchmark,20261009_110550,SR630 V4,6740P,L4,facebook/dinov2-giant,cpu,bfloat16,disabled,bfloat16,interactive,0.5,5,8.00,,FAIL,p95 687.5 ms > 500 ms,4,8,8.00,480.00,,903,7.525,451.50,132.9,0.1329,,,,,285.1,687.5,1116.0,,,,,1.2,,53.8,,,,,,server_vit_facebook_dinov2-giant_interactive_20261009_110550.txt
vit_throughput,20260915_215915,SR630 V4,6740P,L4,facebook/dinov2-giant,cpu,bfloat16,int8,bfloat16-int8,throughput,,,,,ok,,1,1,,,,,12.8,768.00,78.222,0.0781,,,77.93,,,,,,,,,,,24.0,,,326.2,326.2,0.04,vit_throughput_facebook_dinov2-giant_bfloat16-int8_20260915_215915.txt
vit_throughput,20260915_215915,SR630 V4,6740P,L4,facebook/dinov2-giant,cpu,bfloat16,int8,bfloat16-int8,throughput,,,,,ok,,1,4,,,,,21.8,1308.00,45.844,0.0459,,,183.19,,,,,,,,,,,24.0,,,328.5,328.5,0.07,vit_throughput_facebook_dinov2-giant_bfloat16-int8_20260915_215915.txt
vit_throughput,20260915_215915,SR630 V4,6740P,L4,facebook/dinov2-giant,cpu,bfloat16,int8,bfloat16-int8,throughput,,,,,ok,,1,8,,,,,23.1,1386.00,43.294,0.0433,,,346.35,,,,,,,,,,,24.0,,,331.6,331.6,0.07,vit_throughput_facebook_dinov2-giant_bfloat16-int8_20260915_215915.txt
vit_throughput,20260915_215915,SR630 V4,6740P,L4,facebook/dinov2-giant,cpu,bfloat16,int8,bfloat16-int8,throughput,,,,,ok,,1,16,,,,,26.6,1596.00,37.549,0.0376,,,602.12,,,,,,,,,,,23.9,,,335.2,335.2,0.08,vit_throughput_facebook_dinov2-giant_bfloat16-int8_20260915_215915.txt
vit_throughput,20260915_215915,SR630 V4,6740P,L4,facebook/dinov2-giant,cpu,bfloat16,int8,bfloat16-int8,throughput,,,,,ok,,1,32,,,,,25.6,1536.00,39.019,0.0391,,,1250.56,,,,,,,,,,,23.8,,,4264.9,4264.9,0.01,vit_throughput_facebook_dinov2-giant_bfloat16-int8_20260915_215915.txt
vit_throughput,20260915_215915,SR630 V4,6740P,L4,facebook/dinov2-giant,cpu,bfloat16,int8,bfloat16-int8,throughput,,,,,ok,,2,1,,,,,25.4,1524.00,78.621,0.0394,,,78.49,,,,,,,,,,,47.9,,,386.4,386.4,0.07,vit_throughput_facebook_dinov2-giant_bfloat16-int8_20260915_215915.txt
vit_throughput,20260915_215915,SR630 V4,6740P,L4,facebook/dinov2-giant,cpu,bfloat16,int8,bfloat16-int8,throughput,,,,,ok,,2,4,,,,,41.3,2478.00,48.368,0.0242,,,192.63,,,,,,,,,,,48.0,,,386.4,386.4,0.11,vit_throughput_facebook_dinov2-giant_bfloat16-int8_20260915_215915.txt
vit_throughput,20260915_215915,SR630 V4,6740P,L4,facebook/dinov2-giant,cpu,bfloat16,int8,bfloat16-int8,throughput,,,,,ok,,2,8,,,,,40.8,2448.00,49.066,0.0245,,,392.35,,,,,,,,,,,48.0,,,386.3,386.3,0.11,vit_throughput_facebook_dinov2-giant_bfloat16-int8_20260915_215915.txt
vit_throughput,20260915_215915,SR630 V4,6740P,L4,facebook/dinov2-giant,cpu,bfloat16,int8,bfloat16-int8,throughput,,,,yes,ok,,2,16,,,,,43.8,2628.00,45.663,0.0228,,,727.79,,,,,,,,,,,47.8,,,386.2,386.2,0.11,vit_throughput_facebook_dinov2-giant_bfloat16-int8_20260915_215915.txt
vit_throughput,20260915_215915,SR630 V4,6740P,L4,facebook/dinov2-giant,cpu,bfloat16,int8,bfloat16-int8,throughput,,,,,ok,,2,32,,,,,43.1,2586.00,46.389,0.0232,,,1489.90,,,,,,,,,,,47.5,,,385.8,385.8,0.11,vit_throughput_facebook_dinov2-giant_bfloat16-int8_20260915_215915.txt
server_vit_benchmark,20261009_062055,SR630 V4,6740P,L4,facebook/dinov2-giant,cpu,bfloat16,int8-static,bfloat16-int8-static,interactive,0.5,5,8.00,,PASS,ok,2,16,8.00,480.00,,903,7.525,451.50,132.9,0.1329,,,,,75.5,102.4,135.3,,,,,1.1,,12.0,,,,,,server_vit_facebook_dinov2-giant_interactive_20261009_062055.txt
server_vit_benchmark,20261009_062055,SR630 V4,6740P,L4,facebook/dinov2-giant,cpu,bfloat16,int8-static,bfloat16-int8-static,interactive,0.5,5,16.00,,PASS,ok,2,16,16.00,960.00,,1871,15.592,935.52,64.1,0.0641,,,,,76.5,157.9,203.9,,,,,1.3,,23.5,,,,,,server_vit_facebook_dinov2-giant_interactive_20261009_062055.txt
server_vit_benchmark,20261009_062055,SR630 V4,6740P,L4,facebook/dinov2-giant,cpu,bfloat16,int8-static,bfloat16-int8-static,interactive,0.5,5,32.00,yes,PASS,ok,2,16,32.00,1920.00,,3771,31.425,1885.50,31.8,0.0318,,,,,156.7,453.9,765.1,,,,,3.0,,40.5,,,,,,server_vit_facebook_dinov2-giant_interactive_20261009_062055.txt
server_vit_benchmark,20261009_062055,SR630 V4,6740P,L4,facebook/dinov2-giant,cpu,bfloat16,int8-static,bfloat16-int8-static,interactive,0.5,5,33.42,,FAIL,p95 880.9 ms > 500 ms,2,16,33.42,2005.20,,3963,33.025,1981.50,30.3,0.0303,,,,,191.8,880.9,1011.6,,,,,4.7,,42.4,,,,,,server_vit_facebook_dinov2-giant_interactive_20261009_062055.txt
server_vit_benchmark,20261009_062055,SR630 V4,6740P,L4,facebook/dinov2-giant,cpu,bfloat16,int8-static,bfloat16-int8-static,interactive,0.5,5,34.90,,FAIL,p95 929.3 ms > 500 ms,2,16,34.90,2094.00,,4146,34.550,2073.00,28.9,0.0289,,,,,233.5,929.3,1061.7,,,,,5.6,,43.9,,,,,,server_vit_facebook_dinov2-giant_interactive_20261009_062055.txt
server_vit_benchmark,20261009_062055,SR630 V4,6740P,L4,facebook/dinov2-giant,cpu,bfloat16,int8-static,bfloat16-int8-static,interactive,0.5,5,38.05,,FAIL,p95 1038.3 ms > 500 ms,2,16,38.05,2283.00,,4564,38.033,2281.98,26.3,0.0263,,,,,661.9,1038.3,1141.3,,,,,8.9,,45.8,,,,,,server_vit_facebook_dinov2-giant_interactive_20261009_062055.txt
server_vit_benchmark,20261009_062055,SR630 V4,6740P,L4,facebook/dinov2-giant,cpu,bfloat16,int8-static,bfloat16-int8-static,interactive,0.5,5,45.25,,FAIL,p95 1486.4 ms > 500 ms,2,16,45.25,2715.00,,5438,45.317,2719.02,22.1,0.0221,,,,,995.8,1486.4,1660.8,,,,,15.0,,47.6,,,,,,server_vit_facebook_dinov2-giant_interactive_20261009_062055.txt
server_vit_benchmark,20261009_062055,SR630 V4,6740P,L4,facebook/dinov2-giant,cpu,bfloat16,int8-static,bfloat16-int8-static,interactive,0.5,5,64.00,,FAIL,p95 35537.8 ms > 500 ms,2,16,64.00,3840.00,,7722,64.350,3861.00,15.5,0.0155,,,,,18739.6,35537.8,37033.6,,,,,16.0,,47.9,,,,,,server_vit_facebook_dinov2-giant_interactive_20261009_062055.txt
server_vit_benchmark,20261009_064159,SR630 V4,6740P,L4,facebook/dinov2-giant,cpu,bfloat16,int8-static,bfloat16-int8-static,interactive,0.5,5,8.00,,PASS,ok,3,16,8.00,480.00,,903,7.525,451.50,132.9,0.1329,,,,,76.9,89.3,116.4,,,,,1.0,,12.5,,,,,,server_vit_facebook_dinov2-giant_interactive_20261009_064159.txt
server_vit_benchmark,20261009_064159,SR630 V4,6740P,L4,facebook/dinov2-giant,cpu,bfloat16,int8-static,bfloat16-int8-static,interactive,0.5,5,16.00,,PASS,ok,3,16,16.00,960.00,,1871,15.592,935.52,64.1,0.0641,,,,,77.7,102.6,160.2,,,,,1.1,,25.2,,,,,,server_vit_facebook_dinov2-giant_interactive_20261009_064159.txt
server_vit_benchmark,20261009_064159,SR630 V4,6740P,L4,facebook/dinov2-giant,cpu,bfloat16,int8-static,bfloat16-int8-static,interactive,0.5,5,32.00,,PASS,ok,3,16,32.00,1920.00,,3771,31.425,1885.50,31.8,0.0318,,,,,81.5,196.1,425.7,,,,,1.6,,47.0,,,,,,server_vit_facebook_dinov2-giant_interactive_20261009_064159.txt
server_vit_benchmark,20261009_064159,SR630 V4,6740P,L4,facebook/dinov2-giant,cpu,bfloat16,int8-static,bfloat16-int8-static,interactive,0.5,5,38.05,,PASS,ok,3,16,38.05,2283.00,,4564,38.033,2281.98,26.3,0.0263,,,,,100.7,401.2,445.3,,,,,2.1,,54.3,,,,,,server_vit_facebook_dinov2-giant_interactive_20261009_064159.txt
server_vit_benchmark,20261009_064159,SR630 V4,6740P,L4,facebook/dinov2-giant,cpu,bfloat16,int8-static,bfloat16-int8-static,interactive,0.5,5,41.50,yes,PASS,ok,3,16,41.50,2490.00,,4990,41.583,2494.98,24.0,0.0240,,,,,108.8,432.9,756.8,,,,,2.5,,58.2,,,,,,server_vit_facebook_dinov2-giant_interactive_20261009_064159.txt
server_vit_benchmark,20261009_064159,SR630 V4,6740P,L4,facebook/dinov2-giant,cpu,bfloat16,int8-static,bfloat16-int8-static,interactive,0.5,5,43.34,,FAIL,p95 524.0 ms > 500 ms,3,16,43.34,2600.40,,5201,43.342,2600.52,23.1,0.0231,,,,,133.2,524.0,860.9,,,,,3.1,,60.8,,,,,,server_vit_facebook_dinov2-giant_interactive_20261009_064159.txt
server_vit_benchmark,20261009_064159,SR630 V4,6740P,L4,facebook/dinov2-giant,cpu,bfloat16,int8-static,bfloat16-int8-static,interactive,0.5,5,45.25,,FAIL,p95 783.8 ms > 500 ms,3,16,45.25,2715.00,,5438,45.317,2719.02,22.1,0.0221,,,,,162.1,783.8,930.3,,,,,3.7,,62.2,,,,,,server_vit_facebook_dinov2-giant_interactive_20261009_064159.txt
server_vit_benchmark,20261009_064159,SR630 V4,6740P,L4,facebook/dinov2-giant,cpu,bfloat16,int8-static,bfloat16-int8-static,interactive,0.5,5,64.00,,FAIL,p95 1151.7 ms > 500 ms,3,16,64.00,3840.00,,7722,64.350,3861.00,15.5,0.0155,,,,,899.5,1151.7,1262.7,,,,,14.8,,71.7,,,,,,server_vit_facebook_dinov2-giant_interactive_20261009_064159.txt
vit_throughput,20260915_215915,SR630 V4,6740P,L4,facebook/dinov2-giant,cpu,float32,disabled,float32,throughput,,,,,ok,,1,1,,,,,3.2,192.00,313.519,0.3125,,,313.28,,,,,,,,,,,24.0,,,358.6,358.6,0.01,vit_throughput_facebook_dinov2-giant_float32_20260915_215915.txt
vit_throughput,20260915_215915,SR630 V4,6740P,L4,facebook/dinov2-giant,cpu,float32,disabled,float32,throughput,,,,,ok,,1,4,,,,,4.4,264.00,227.982,0.2273,,,909.83,,,,,,,,,,,24.0,,,358.3,358.3,0.01,vit_throughput_facebook_dinov2-giant_float32_20260915_215915.txt
vit_throughput,20260915_215915,SR630 V4,6740P,L4,facebook/dinov2-giant,cpu,float32,disabled,float32,throughput,,,,,ok,,1,8,,,,,4.6,276.00,215.174,0.2174,,,1721.19,,,,,,,,,,,24.0,,,4168.5,4168.5,0.00,vit_throughput_facebook_dinov2-giant_float32_20260915_215915.txt
vit_throughput,20260915_215915,SR630 V4,6740P,L4,facebook/dinov2-giant,cpu,float32,disabled,float32,throughput,,,,,ok,,1,16,,,,,4.6,276.00,216.148,0.2174,,,3454.08,,,,,,,,,,,23.2,,,355.5,355.5,0.01,vit_throughput_facebook_dinov2-giant_float32_20260915_215915.txt
vit_throughput,20260915_215915,SR630 V4,6740P,L4,facebook/dinov2-giant,cpu,float32,disabled,float32,throughput,,,,,ok,,1,32,,,,,4.2,252.00,237.293,0.2381,,,7619.84,,,,,,,,,,,22.2,,,351.2,351.2,0.01,vit_throughput_facebook_dinov2-giant_float32_20260915_215915.txt
vit_throughput,20260915_215915,SR630 V4,6740P,L4,facebook/dinov2-giant,cpu,float32,disabled,float32,throughput,,,,,ok,,2,1,,,,,6.0,360.00,333.629,0.1667,,,333.33,,,,,,,,,,,48.0,,,386.6,386.6,0.02,vit_throughput_facebook_dinov2-giant_float32_20260915_215915.txt
vit_throughput,20260915_215915,SR630 V4,6740P,L4,facebook/dinov2-giant,cpu,float32,disabled,float32,throughput,,,,,ok,,2,4,,,,,7.8,468.00,257.444,0.1282,,,1029.01,,,,,,,,,,,47.9,,,386.5,386.5,0.02,vit_throughput_facebook_dinov2-giant_float32_20260915_215915.txt
vit_throughput,20260915_215915,SR630 V4,6740P,L4,facebook/dinov2-giant,cpu,float32,disabled,float32,throughput,,,,yes,ok,,2,8,,,,,8.2,492.00,245.197,0.1220,,,1960.38,,,,,,,,,,,47.8,,,386.3,386.3,0.02,vit_throughput_facebook_dinov2-giant_float32_20260915_215915.txt
vit_throughput,20260915_215915,SR630 V4,6740P,L4,facebook/dinov2-giant,cpu,float32,disabled,float32,throughput,,,,,ok,,2,16,,,,,8.1,486.00,247.017,0.1235,,,3949.38,,,,,,,,,,,46.4,,,2002.0,2002.0,0.00,vit_throughput_facebook_dinov2-giant_float32_20260915_215915.txt
vit_throughput,20260915_215915,SR630 V4,6740P,L4,facebook/dinov2-giant,cpu,float32,disabled,float32,throughput,,,,,ok,,2,32,,,,,7.5,450.00,266.992,0.1333,,,8506.99,,,,,,,,,,,44.5,,,386.0,386.0,0.02,vit_throughput_facebook_dinov2-giant_float32_20260915_215915.txt
vit_throughput,20260915_192059,SR630 V4,6740P,L4,facebook/dinov2-giant,cuda,bfloat16,disabled,bfloat16,throughput,,,,,ok,,1,1,,,,,42.4,2544.00,23.564,0.0236,,,1.57,24.14,,,,,,,,,,1.0,100.0,72.1,2441.6,2513.7,0.02,vit_throughput_facebook_dinov2-giant_bfloat16_20260915_192059.txt
vit_throughput,20260915_192059,SR630 V4,6740P,L4,facebook/dinov2-giant,cuda,bfloat16,disabled,bfloat16,throughput,,,,yes,ok,,1,4,,,,,79.0,4740.00,12.657,0.0127,,,1.11,51.06,,,,,,,,,,1.0,100.0,72.0,260.5,332.5,0.24,vit_throughput_facebook_dinov2-giant_bfloat16_20260915_192059.txt
vit_throughput,20260915_192059,SR630 V4,6740P,L4,facebook/dinov2-giant,cuda,bfloat16,disabled,bfloat16,throughput,,,,,ok,,1,8,,,,,68.1,4086.00,14.679,0.0147,,,1.20,117.16,,,,,,,,,,1.0,100.0,72.1,260.5,332.6,0.20,vit_throughput_facebook_dinov2-giant_bfloat16_20260915_192059.txt
vit_throughput,20260915_192059,SR630 V4,6740P,L4,facebook/dinov2-giant,cuda,bfloat16,disabled,bfloat16,throughput,,,,,ok,,1,16,,,,,68.2,4092.00,14.672,0.0147,,,1.12,234.62,,,,,,,,,,1.0,100.0,71.9,1924.6,1996.5,0.03,vit_throughput_facebook_dinov2-giant_bfloat16_20260915_192059.txt
vit_throughput,20260915_192059,SR630 V4,6740P,L4,facebook/dinov2-giant,cuda,bfloat16,disabled,bfloat16,throughput,,,,,ok,,1,32,,,,,72.3,4338.00,13.824,0.0138,,,1.13,449.64,,,,,,,,,,1.0,100.0,71.9,260.5,332.4,0.22,vit_throughput_facebook_dinov2-giant_bfloat16_20260915_192059.txt
vit_throughput,20260915_192059,SR630 V4,6740P,L4,facebook/dinov2-giant,cuda,bfloat16,disabled,bfloat16,throughput,,,,,ok,,1,64,,,,,69.9,4194.00,14.302,0.0143,,,1.15,914.14,,,,,,,,,,1.0,100.0,72.0,260.4,332.4,0.21,vit_throughput_facebook_dinov2-giant_bfloat16_20260915_192059.txt
vit_throughput,20260915_192059,SR630 V4,6740P,L4,facebook/dinov2-giant,cuda,bfloat16,fp8,bfloat16-fp8,throughput,,,,,ok,,1,1,,,,,74.4,4464.00,13.436,0.0134,,,2.18,14.63,,,,,,,,,,1.0,99.9,71.7,260.5,332.2,0.22,vit_throughput_facebook_dinov2-giant_bfloat16-fp8_20260915_192059.txt
vit_throughput,20260915_192059,SR630 V4,6740P,L4,facebook/dinov2-giant,cuda,bfloat16,fp8,bfloat16-fp8,throughput,,,,yes,ok,,1,4,,,,,114.3,6858.00,8.747,0.0087,,,2.54,36.23,,,,,,,,,,1.0,100.0,72.1,260.3,332.4,0.34,vit_throughput_facebook_dinov2-giant_bfloat16-fp8_20260915_192059.txt
vit_throughput,20260915_192059,SR630 V4,6740P,L4,facebook/dinov2-giant,cuda,bfloat16,fp8,bfloat16-fp8,throughput,,,,,ok,,1,8,,,,,113.9,6834.00,8.782,0.0088,,,2.56,71.85,,,,,,,,,,1.0,100.0,72.2,2261.9,2334.1,0.05,vit_throughput_facebook_dinov2-giant_bfloat16-fp8_20260915_192059.txt
vit_throughput,20260915_192059,SR630 V4,6740P,L4,facebook/dinov2-giant,cuda,bfloat16,fp8,bfloat16-fp8,throughput,,,,,ok,,1,16,,,,,108.3,6498.00,9.238,0.0092,,,2.55,148.21,,,,,,,,,,1.0,100.0,72.0,260.4,332.4,0.33,vit_throughput_facebook_dinov2-giant_bfloat16-fp8_20260915_192059.txt
vit_throughput,20260915_192059,SR630 V4,6740P,L4,facebook/dinov2-giant,cuda,bfloat16,fp8,bfloat16-fp8,throughput,,,,,ok,,1,32,,,,,98.9,5934.00,10.109,0.0101,,,2.56,323.99,,,,,,,,,,1.0,100.0,71.9,260.4,332.3,0.30,vit_throughput_facebook_dinov2-giant_bfloat16-fp8_20260915_192059.txt
vit_throughput,20260915_192059,SR630 V4,6740P,L4,facebook/dinov2-giant,cuda,bfloat16,fp8,bfloat16-fp8,throughput,,,,,ok,,1,64,,,,,92.7,5562.00,10.785,0.0108,,,2.58,690.18,,,,,,,,,,1.0,100.0,72.0,260.5,332.5,0.28,vit_throughput_facebook_dinov2-giant_bfloat16-fp8_20260915_192059.txt
vit_throughput,20260915_192059,SR630 V4,6740P,L4,facebook/dinov2-giant,cuda,bfloat16,int8,bfloat16-int8,throughput,,,,,ok,,1,1,,,,,67.7,4062.00,14.772,0.0148,,,2.45,16.44,,,,,,,,,,1.0,100.0,71.7,2401.3,2473.0,0.03,vit_throughput_facebook_dinov2-giant_bfloat16-int8_20260915_192059.txt
vit_throughput,20260915_192059,SR630 V4,6740P,L4,facebook/dinov2-giant,cuda,bfloat16,int8,bfloat16-int8,throughput,,,,yes,ok,,1,4,,,,,99.1,5946.00,10.089,0.0101,,,2.87,41.34,,,,,,,,,,1.0,100.0,72.0,260.3,332.3,0.30,vit_throughput_facebook_dinov2-giant_bfloat16-int8_20260915_192059.txt
vit_throughput,20260915_192059,SR630 V4,6740P,L4,facebook/dinov2-giant,cuda,bfloat16,int8,bfloat16-int8,throughput,,,,,ok,,1,8,,,,,94.9,5694.00,10.538,0.0105,,,2.86,86.10,,,,,,,,,,1.0,100.0,72.0,260.1,332.1,0.29,vit_throughput_facebook_dinov2-giant_bfloat16-int8_20260915_192059.txt
vit_throughput,20260915_192059,SR630 V4,6740P,L4,facebook/dinov2-giant,cuda,bfloat16,int8,bfloat16-int8,throughput,,,,,ok,,1,16,,,,,90.3,5418.00,11.078,0.0111,,,2.88,180.37,,,,,,,,,,1.0,100.0,72.0,260.1,332.1,0.27,vit_throughput_facebook_dinov2-giant_bfloat16-int8_20260915_192059.txt
vit_throughput,20260915_192059,SR630 V4,6740P,L4,facebook/dinov2-giant,cuda,bfloat16,int8,bfloat16-int8,throughput,,,,,ok,,1,32,,,,,88.6,5316.00,11.291,0.0113,,,2.89,362.73,,,,,,,,,,1.0,100.0,72.0,1740.6,1812.6,0.05,vit_throughput_facebook_dinov2-giant_bfloat16-int8_20260915_192059.txt
vit_throughput,20260915_192059,SR630 V4,6740P,L4,facebook/dinov2-giant,cuda,bfloat16,int8,bfloat16-int8,throughput,,,,,ok,,1,64,,,,,88.3,5298.00,11.330,0.0113,,,2.89,725.81,,,,,,,,,,1.0,100.0,71.9,260.3,332.2,0.27,vit_throughput_facebook_dinov2-giant_bfloat16-int8_20260915_192059.txt
server_vit_benchmark,20261008_081839,SR630 V4,6740P,L4,facebook/dinov2-large,cpu,bfloat16,disabled,bfloat16,interactive,0.1,5,8.00,,PASS,ok,2,16,8.00,480.00,,903,7.525,451.50,132.9,0.1329,,,,,60.3,91.2,164.0,,,,,1.0,,6.5,,,,,,server_vit_facebook_dinov2-large_interactive_20261008_081839.txt
server_vit_benchmark,20261008_081839,SR630 V4,6740P,L4,facebook/dinov2-large,cpu,bfloat16,disabled,bfloat16,interactive,0.1,5,8.35,yes,PASS,ok,2,16,8.35,501.00,,939,7.825,469.50,127.8,0.1278,,,,,59.5,98.0,166.5,,,,,1.0,,6.7,,,,,,server_vit_facebook_dinov2-large_interactive_20261008_081839.txt
server_vit_benchmark,20261008_081839,SR630 V4,6740P,L4,facebook/dinov2-large,cpu,bfloat16,disabled,bfloat16,interactive,0.1,5,8.72,,FAIL,p95 122.5 ms > 100 ms,2,16,8.72,523.20,,994,8.283,496.98,120.7,0.1207,,,,,59.5,122.5,166.8,,,,,1.0,,7.1,,,,,,server_vit_facebook_dinov2-large_interactive_20261008_081839.txt
server_vit_benchmark,20261008_081839,SR630 V4,6740P,L4,facebook/dinov2-large,cpu,bfloat16,disabled,bfloat16,interactive,0.1,5,9.51,,FAIL,p95 158.6 ms > 100 ms,2,16,9.51,570.60,,1094,9.117,547.02,109.7,0.1097,,,,,59.4,158.6,182.6,,,,,1.1,,7.8,,,,,,server_vit_facebook_dinov2-large_interactive_20261008_081839.txt
server_vit_benchmark,20261008_081839,SR630 V4,6740P,L4,facebook/dinov2-large,cpu,bfloat16,disabled,bfloat16,interactive,0.1,5,11.31,,FAIL,p95 159.5 ms > 100 ms,2,16,11.31,678.60,,1335,11.125,667.50,89.9,0.0899,,,,,59.7,159.5,190.5,,,,,1.1,,9.6,,,,,,server_vit_facebook_dinov2-large_interactive_20261008_081839.txt
server_vit_benchmark,20261008_081839,SR630 V4,6740P,L4,facebook/dinov2-large,cpu,bfloat16,disabled,bfloat16,interactive,0.1,5,16.00,,FAIL,p95 174.2 ms > 100 ms,2,16,16.00,960.00,,1871,15.592,935.52,64.1,0.0641,,,,,59.8,174.2,202.6,,,,,1.2,,13.6,,,,,,server_vit_facebook_dinov2-large_interactive_20261008_081839.txt
server_vit_benchmark,20261008_083121,SR630 V4,6740P,L4,facebook/dinov2-large,cpu,bfloat16,disabled,bfloat16,interactive,0.1,5,8.00,,PASS,ok,3,16,8.00,480.00,,903,7.525,451.50,132.9,0.1329,,,,,60.0,68.8,96.4,,,,,1.0,,6.4,,,,,,server_vit_facebook_dinov2-large_interactive_20261008_083121.txt
server_vit_benchmark,20261008_083121,SR630 V4,6740P,L4,facebook/dinov2-large,cpu,bfloat16,disabled,bfloat16,interactive,0.1,5,16.00,,PASS,ok,3,16,16.00,960.00,,1871,15.592,935.52,64.1,0.0641,,,,,60.1,83.9,158.4,,,,,1.0,,13.3,,,,,,server_vit_facebook_dinov2-large_interactive_20261008_083121.txt
server_vit_benchmark,20261008_083121,SR630 V4,6740P,L4,facebook/dinov2-large,cpu,bfloat16,disabled,bfloat16,interactive,0.1,5,19.03,yes,PASS,ok,3,16,19.03,1141.80,,2228,18.567,1114.02,53.9,0.0539,,,,,60.5,96.3,161.9,,,,,1.1,,15.9,,,,,,server_vit_facebook_dinov2-large_interactive_20261008_083121.txt
server_vit_benchmark,20261008_083121,SR630 V4,6740P,L4,facebook/dinov2-large,cpu,bfloat16,disabled,bfloat16,interactive,0.1,5,19.87,,FAIL,p95 126.5 ms > 100 ms,3,16,19.87,1192.20,,2345,19.542,1172.52,51.2,0.0512,,,,,61.2,126.5,172.3,,,,,1.1,,17.1,,,,,,server_vit_facebook_dinov2-large_interactive_20261008_083121.txt
server_vit_benchmark,20261008_083121,SR630 V4,6740P,L4,facebook/dinov2-large,cpu,bfloat16,disabled,bfloat16,interactive,0.1,5,20.75,,FAIL,p95 156.1 ms > 100 ms,3,16,20.75,1245.00,,2439,20.325,1219.50,49.2,0.0492,,,,,61.1,156.1,181.8,,,,,1.1,,18.3,,,,,,server_vit_facebook_dinov2-large_interactive_20261008_083121.txt
server_vit_benchmark,20261008_083121,SR630 V4,6740P,L4,facebook/dinov2-large,cpu,bfloat16,disabled,bfloat16,interactive,0.1,5,22.63,,FAIL,p95 155.8 ms > 100 ms,3,16,22.63,1357.80,,2674,22.283,1336.98,44.9,0.0449,,,,,60.7,155.8,174.9,,,,,1.1,,19.2,,,,,,server_vit_facebook_dinov2-large_interactive_20261008_083121.txt
server_vit_benchmark,20261008_083121,SR630 V4,6740P,L4,facebook/dinov2-large,cpu,bfloat16,disabled,bfloat16,interactive,0.1,5,32.00,,FAIL,p95 168.3 ms > 100 ms,3,16,32.00,1920.00,,3771,31.425,1885.50,31.8,0.0318,,,,,61.5,168.3,191.3,,,,,1.4,,26.8,,,,,,server_vit_facebook_dinov2-large_interactive_20261008_083121.txt
server_vit_benchmark,20261008_084608,SR630 V4,6740P,L4,facebook/dinov2-large,cpu,bfloat16,disabled,bfloat16,interactive,0.1,5,8.00,,PASS,ok,4,16,8.00,480.00,,903,7.525,451.50,132.9,0.1329,,,,,61.1,70.8,123.3,,,,,1.0,,6.9,,,,,,server_vit_facebook_dinov2-large_interactive_20261008_084608.txt
server_vit_benchmark,20261008_084608,SR630 V4,6740P,L4,facebook/dinov2-large,cpu,bfloat16,disabled,bfloat16,interactive,0.1,5,16.00,,PASS,ok,4,16,16.00,960.00,,1871,15.592,935.52,64.1,0.0641,,,,,61.0,67.3,84.9,,,,,1.0,,13.4,,,,,,server_vit_facebook_dinov2-large_interactive_20261008_084608.txt
server_vit_benchmark,20261008_084608,SR630 V4,6740P,L4,facebook/dinov2-large,cpu,bfloat16,disabled,bfloat16,interactive,0.1,5,22.63,,PASS,ok,4,16,22.63,1357.80,,2674,22.283,1336.98,44.9,0.0449,,,,,61.7,77.2,167.0,,,,,1.0,,19.5,,,,,,server_vit_facebook_dinov2-large_interactive_20261008_084608.txt
server_vit_benchmark,20261008_084608,SR630 V4,6740P,L4,facebook/dinov2-large,cpu,bfloat16,disabled,bfloat16,interactive,0.1,5,23.63,yes,PASS,ok,4,16,23.63,1417.80,,2788,23.233,1393.98,43.0,0.0430,,,,,61.5,78.8,166.6,,,,,1.0,,20.4,,,,,,server_vit_facebook_dinov2-large_interactive_20261008_084608.txt
server_vit_benchmark,20261008_084608,SR630 V4,6740P,L4,facebook/dinov2-large,cpu,bfloat16,disabled,bfloat16,interactive,0.1,5,24.68,,FAIL,p95 115.6 ms > 100 ms,4,16,24.68,1480.80,,2887,24.058,1443.48,41.6,0.0416,,,,,61.6,115.6,169.0,,,,,1.1,,21.1,,,,,,server_vit_facebook_dinov2-large_interactive_20261008_084608.txt
server_vit_benchmark,20261008_084608,SR630 V4,6740P,L4,facebook/dinov2-large,cpu,bfloat16,disabled,bfloat16,interactive,0.1,5,26.91,,FAIL,p95 159.7 ms > 100 ms,4,16,26.91,1614.60,,3158,26.317,1579.02,38.0,0.0380,,,,,62.2,159.7,177.7,,,,,1.1,,23.2,,,,,,server_vit_facebook_dinov2-large_interactive_20261008_084608.txt
server_vit_benchmark,20261008_084608,SR630 V4,6740P,L4,facebook/dinov2-large,cpu,bfloat16,disabled,bfloat16,interactive,0.1,5,32.00,,FAIL,p95 166.6 ms > 100 ms,4,16,32.00,1920.00,,3771,31.425,1885.50,31.8,0.0318,,,,,62.2,166.6,190.5,,,,,1.1,,28.2,,,,,,server_vit_facebook_dinov2-large_interactive_20261008_084608.txt
server_vit_benchmark,20261008_090055,SR630 V4,6740P,L4,facebook/dinov2-large,cpu,bfloat16,disabled,bfloat16,interactive,0.1,5,8.00,,PASS,ok,5,16,8.00,480.00,,903,7.525,451.50,132.9,0.1329,,,,,60.6,69.8,79.1,,,,,1.0,,6.5,,,,,,server_vit_facebook_dinov2-large_interactive_20261008_090055.txt
server_vit_benchmark,20261008_090055,SR630 V4,6740P,L4,facebook/dinov2-large,cpu,bfloat16,disabled,bfloat16,interactive,0.1,5,16.00,,PASS,ok,5,16,16.00,960.00,,1871,15.592,935.52,64.1,0.0641,,,,,60.7,66.8,84.8,,,,,1.0,,13.5,,,,,,server_vit_facebook_dinov2-large_interactive_20261008_090055.txt
server_vit_benchmark,20261008_090055,SR630 V4,6740P,L4,facebook/dinov2-large,cpu,bfloat16,disabled,bfloat16,interactive,0.1,5,32.00,yes,PASS,ok,5,16,32.00,1920.00,,3771,31.425,1885.50,31.8,0.0318,,,,,61.0,74.8,166.5,,,,,1.0,,27.3,,,,,,server_vit_facebook_dinov2-large_interactive_20261008_090055.txt
server_vit_benchmark,20261008_090055,SR630 V4,6740P,L4,facebook/dinov2-large,cpu,bfloat16,disabled,bfloat16,interactive,0.1,5,33.42,,FAIL,p95 105.6 ms > 100 ms,5,16,33.42,2005.20,,3963,33.025,1981.50,30.3,0.0303,,,,,61.3,105.6,170.6,,,,,1.1,,29.0,,,,,,server_vit_facebook_dinov2-large_interactive_20261008_090055.txt
server_vit_benchmark,20261008_090055,SR630 V4,6740P,L4,facebook/dinov2-large,cpu,bfloat16,disabled,bfloat16,interactive,0.1,5,34.90,,FAIL,p95 121.7 ms > 100 ms,5,16,34.90,2094.00,,4146,34.550,2073.00,28.9,0.0289,,,,,61.3,121.7,173.1,,,,,1.1,,30.3,,,,,,server_vit_facebook_dinov2-large_interactive_20261008_090055.txt
server_vit_benchmark,20261008_090055,SR630 V4,6740P,L4,facebook/dinov2-large,cpu,bfloat16,disabled,bfloat16,interactive,0.1,5,38.05,,FAIL,p95 159.6 ms > 100 ms,5,16,38.05,2283.00,,4564,38.033,2281.98,26.3,0.0263,,,,,61.5,159.6,179.2,,,,,1.1,,33.7,,,,,,server_vit_facebook_dinov2-large_interactive_20261008_090055.txt
server_vit_benchmark,20261008_090055,SR630 V4,6740P,L4,facebook/dinov2-large,cpu,bfloat16,disabled,bfloat16,interactive,0.1,5,45.25,,FAIL,p95 171.6 ms > 100 ms,5,16,45.25,2715.00,,5438,45.317,2719.02,22.1,0.0221,,,,,61.7,171.6,191.5,,,,,1.2,,40.6,,,,,,server_vit_facebook_dinov2-large_interactive_20261008_090055.txt
server_vit_benchmark,20261008_090055,SR630 V4,6740P,L4,facebook/dinov2-large,cpu,bfloat16,disabled,bfloat16,interactive,0.1,5,64.00,,FAIL,p95 185.4 ms > 100 ms,5,16,64.00,3840.00,,7722,64.350,3861.00,15.5,0.0155,,,,,62.7,185.4,222.5,,,,,1.7,,55.8,,,,,,server_vit_facebook_dinov2-large_interactive_20261008_090055.txt
server_vit_benchmark,20261009_104901,SR630 V4,6740P,L4,facebook/dinov2-large,cpu,bfloat16,disabled,bfloat16,interactive,0.1,5,1.00,,PASS,ok,6,8,1.00,60.00,,121,1.008,60.48,992.1,0.9921,,,,,61.3,73.5,178.1,,,,,1.0,,1.0,,,,,,server_vit_facebook_dinov2-large_interactive_20261009_104901.txt
server_vit_benchmark,20261009_104901,SR630 V4,6740P,L4,facebook/dinov2-large,cpu,bfloat16,disabled,bfloat16,interactive,0.1,5,1.41,,PASS,ok,6,8,1.41,84.60,,172,1.433,85.98,697.8,0.6978,,,,,60.9,69.8,181.8,,,,,1.0,,1.3,,,,,,server_vit_facebook_dinov2-large_interactive_20261009_104901.txt
server_vit_benchmark,20261009_104901,SR630 V4,6740P,L4,facebook/dinov2-large,cpu,bfloat16,disabled,bfloat16,interactive,0.1,5,1.68,,PASS,ok,6,8,1.68,100.80,,195,1.625,97.50,615.4,0.6154,,,,,60.8,72.7,246.9,,,,,1.0,,1.5,,,,,,server_vit_facebook_dinov2-large_interactive_20261009_104901.txt
server_vit_benchmark,20261009_104901,SR630 V4,6740P,L4,facebook/dinov2-large,cpu,bfloat16,disabled,bfloat16,interactive,0.1,5,1.83,,PASS,ok,6,8,1.83,109.80,,206,1.717,103.02,582.4,0.5824,,,,,61.0,74.3,155.6,,,,,1.0,,1.6,,,,,,server_vit_facebook_dinov2-large_interactive_20261009_104901.txt
server_vit_benchmark,20261009_104901,SR630 V4,6740P,L4,facebook/dinov2-large,cpu,bfloat16,disabled,bfloat16,interactive,0.1,5,1.92,yes,PASS,ok,6,8,1.92,115.20,,214,1.783,106.98,560.9,0.5609,,,,,61.1,76.0,156.3,,,,,1.0,,1.6,,,,,,server_vit_facebook_dinov2-large_interactive_20261009_104901.txt
server_vit_benchmark,20261009_104901,SR630 V4,6740P,L4,facebook/dinov2-large,cpu,bfloat16,disabled,bfloat16,interactive,0.1,5,2.00,,FAIL,p95 100.3 ms > 100 ms,6,8,2.00,120.00,,226,1.883,112.98,531.1,0.5311,,,,,61.6,100.3,164.1,,,,,1.0,,1.8,,,,,,server_vit_facebook_dinov2-large_interactive_20261009_104901.txt
server_vit_benchmark,20261009_104901,SR630 V4,6740P,L4,facebook/dinov2-large,cpu,bfloat16,disabled,bfloat16,interactive,0.1,5,4.00,,FAIL,p95 116.1 ms > 100 ms,6,8,4.00,240.00,,456,3.800,228.00,263.2,0.2632,,,,,61.0,116.1,236.6,,,,,1.0,,3.7,,,,,,server_vit_facebook_dinov2-large_interactive_20261009_104901.txt
server_vit_benchmark,20261009_104901,SR630 V4,6740P,L4,facebook/dinov2-large,cpu,bfloat16,disabled,bfloat16,interactive,0.1,5,8.00,,FAIL,p95 180.2 ms > 100 ms,6,8,8.00,480.00,,903,7.525,451.50,132.9,0.1329,,,,,63.0,180.2,459.8,,,,,1.0,,8.7,,,,,,server_vit_facebook_dinov2-large_interactive_20261009_104901.txt
server_vit_benchmark,20261009_052003,SR630 V4,6740P,L4,facebook/dinov2-large,cpu,bfloat16,int8-static,bfloat16-int8-static,interactive,0.1,5,8.00,,PASS,ok,3,16,8.00,480.00,,903,7.525,451.50,132.9,0.1329,,,,,43.8,49.0,63.1,,,,,1.0,,4.4,,,,,,server_vit_facebook_dinov2-large_interactive_20261009_052003.txt
server_vit_benchmark,20261009_052003,SR630 V4,6740P,L4,facebook/dinov2-large,cpu,bfloat16,int8-static,bfloat16-int8-static,interactive,0.1,5,16.00,,PASS,ok,3,16,16.00,960.00,,1871,15.592,935.52,64.1,0.0641,,,,,44.4,53.9,69.7,,,,,1.0,,9.1,,,,,,server_vit_facebook_dinov2-large_interactive_20261009_052003.txt
server_vit_benchmark,20261009_052003,SR630 V4,6740P,L4,facebook/dinov2-large,cpu,bfloat16,int8-static,bfloat16-int8-static,interactive,0.1,5,32.00,,PASS,ok,3,16,32.00,1920.00,,3771,31.425,1885.50,31.8,0.0318,,,,,46.4,66.0,96.9,,,,,1.1,,18.3,,,,,,server_vit_facebook_dinov2-large_interactive_20261009_052003.txt
server_vit_benchmark,20261009_052003,SR630 V4,6740P,L4,facebook/dinov2-large,cpu,bfloat16,int8-static,bfloat16-int8-static,interactive,0.1,5,45.25,,PASS,ok,3,16,45.25,2715.00,,5438,45.317,2719.02,22.1,0.0221,,,,,47.8,90.6,111.0,,,,,1.4,,25.7,,,,,,server_vit_facebook_dinov2-large_interactive_20261009_052003.txt
server_vit_benchmark,20261009_052003,SR630 V4,6740P,L4,facebook/dinov2-large,cpu,bfloat16,int8-static,bfloat16-int8-static,interactive,0.1,5,49.35,,PASS,ok,3,16,49.35,2961.00,,5928,49.400,2964.00,20.2,0.0202,,,,,49.0,97.1,140.4,,,,,1.5,,27.6,,,,,,server_vit_facebook_dinov2-large_interactive_20261009_052003.txt
server_vit_benchmark,20261009_052003,SR630 V4,6740P,L4,facebook/dinov2-large,cpu,bfloat16,int8-static,bfloat16-int8-static,interactive,0.1,5,51.54,yes,PASS,ok,3,16,51.54,3092.40,,6187,51.558,3093.48,19.4,0.0194,,,,,49.6,96.3,135.7,,,,,1.5,,28.6,,,,,,server_vit_facebook_dinov2-large_interactive_20261009_052003.txt
server_vit_benchmark,20261009_052003,SR630 V4,6740P,L4,facebook/dinov2-large,cpu,bfloat16,int8-static,bfloat16-int8-static,interactive,0.1,5,53.82,,FAIL,p95 101.2 ms > 100 ms,3,16,53.82,3229.20,,6442,53.683,3220.98,18.6,0.0186,,,,,50.6,101.2,143.4,,,,,1.6,,29.6,,,,,,server_vit_facebook_dinov2-large_interactive_20261009_052003.txt
server_vit_benchmark,20261009_052003,SR630 V4,6740P,L4,facebook/dinov2-large,cpu,bfloat16,int8-static,bfloat16-int8-static,interactive,0.1,5,64.00,,FAIL,p95 121.5 ms > 100 ms,3,16,64.00,3840.00,,7722,64.350,3861.00,15.5,0.0155,,,,,56.6,121.5,155.8,,,,,1.9,,33.6,,,,,,server_vit_facebook_dinov2-large_interactive_20261009_052003.txt
server_vit_benchmark,20261009_053903,SR630 V4,6740P,L4,facebook/dinov2-large,cpu,bfloat16,int8-static,bfloat16-int8-static,interactive,0.1,5,8.00,,PASS,ok,4,16,8.00,480.00,,903,7.525,451.50,132.9,0.1329,,,,,44.9,48.5,63.3,,,,,1.0,,4.6,,,,,,server_vit_facebook_dinov2-large_interactive_20261009_053903.txt
server_vit_benchmark,20261009_053903,SR630 V4,6740P,L4,facebook/dinov2-large,cpu,bfloat16,int8-static,bfloat16-int8-static,interactive,0.1,5,16.00,,PASS,ok,4,16,16.00,960.00,,1871,15.592,935.52,64.1,0.0641,,,,,44.6,47.7,60.9,,,,,1.0,,9.3,,,,,,server_vit_facebook_dinov2-large_interactive_20261009_053903.txt
server_vit_benchmark,20261009_053903,SR630 V4,6740P,L4,facebook/dinov2-large,cpu,bfloat16,int8-static,bfloat16-int8-static,interactive,0.1,5,32.00,,PASS,ok,4,16,32.00,1920.00,,3771,31.425,1885.50,31.8,0.0318,,,,,45.9,58.6,84.1,,,,,1.1,,18.8,,,,,,server_vit_facebook_dinov2-large_interactive_20261009_053903.txt
server_vit_benchmark,20261009_053903,SR630 V4,6740P,L4,facebook/dinov2-large,cpu,bfloat16,int8-static,bfloat16-int8-static,interactive,0.1,5,64.00,,PASS,ok,4,16,64.00,3840.00,,7722,64.350,3861.00,15.5,0.0155,,,,,49.5,95.6,137.3,,,,,1.4,,36.8,,,,,,server_vit_facebook_dinov2-large_interactive_20261009_053903.txt
server_vit_benchmark,20261009_053903,SR630 V4,6740P,L4,facebook/dinov2-large,cpu,bfloat16,int8-static,bfloat16-int8-static,interactive,0.1,5,69.79,yes,PASS,ok,4,16,69.79,4187.40,,8389,69.908,4194.48,14.3,0.0143,,,,,50.5,98.6,151.4,,,,,1.6,,39.2,,,,,,server_vit_facebook_dinov2-large_interactive_20261009_053903.txt
server_vit_benchmark,20261009_053903,SR630 V4,6740P,L4,facebook/dinov2-large,cpu,bfloat16,int8-static,bfloat16-int8-static,interactive,0.1,5,72.88,,FAIL,p95 103.1 ms > 100 ms,4,16,72.88,4372.80,,8761,73.008,4380.48,13.7,0.0137,,,,,51.1,103.1,150.2,,,,,1.6,,40.7,,,,,,server_vit_facebook_dinov2-large_interactive_20261009_053903.txt
server_vit_benchmark,20261009_053903,SR630 V4,6740P,L4,facebook/dinov2-large,cpu,bfloat16,int8-static,bfloat16-int8-static,interactive,0.1,5,76.11,,FAIL,p95 109.1 ms > 100 ms,4,16,76.11,4566.60,,9147,76.225,4573.50,13.1,0.0131,,,,,52.7,109.1,154.4,,,,,1.7,,42.1,,,,,,server_vit_facebook_dinov2-large_interactive_20261009_053903.txt
server_vit_benchmark,20261009_053903,SR630 V4,6740P,L4,facebook/dinov2-large,cpu,bfloat16,int8-static,bfloat16-int8-static,interactive,0.1,5,90.51,,FAIL,p95 138.8 ms > 100 ms,4,16,90.51,5430.60,,10919,90.992,5459.52,11.0,0.0110,,,,,62.3,138.8,162.7,,,,,2.1,,47.4,,,,,,server_vit_facebook_dinov2-large_interactive_20261009_053903.txt
server_vit_benchmark,20261009_053903,SR630 V4,6740P,L4,facebook/dinov2-large,cpu,bfloat16,int8-static,bfloat16-int8-static,interactive,0.1,5,128.00,,FAIL,p95 212.5 ms > 100 ms,4,16,128.00,7680.00,,15360,128.000,7680.00,7.8,0.0078,,,,,96.3,212.5,249.3,,,,,3.8,,55.7,,,,,,server_vit_facebook_dinov2-large_interactive_20261009_053903.txt
server_vit_benchmark,20261009_055956,SR630 V4,6740P,L4,facebook/dinov2-large,cpu,bfloat16,int8-static,bfloat16-int8-static,interactive,0.1,5,8.00,,PASS,ok,5,16,8.00,480.00,,903,7.525,451.50,132.9,0.1329,,,,,46.1,49.4,63.2,,,,,1.0,,4.7,,,,,,server_vit_facebook_dinov2-large_interactive_20261009_055956.txt
server_vit_benchmark,20261009_055956,SR630 V4,6740P,L4,facebook/dinov2-large,cpu,bfloat16,int8-static,bfloat16-int8-static,interactive,0.1,5,16.00,,PASS,ok,5,16,16.00,960.00,,1871,15.592,935.52,64.1,0.0641,,,,,46.1,49.9,64.0,,,,,1.0,,9.7,,,,,,server_vit_facebook_dinov2-large_interactive_20261009_055956.txt
server_vit_benchmark,20261009_055956,SR630 V4,6740P,L4,facebook/dinov2-large,cpu,bfloat16,int8-static,bfloat16-int8-static,interactive,0.1,5,32.00,,PASS,ok,5,16,32.00,1920.00,,3771,31.425,1885.50,31.8,0.0318,,,,,46.7,54.5,71.2,,,,,1.0,,19.5,,,,,,server_vit_facebook_dinov2-large_interactive_20261009_055956.txt
server_vit_benchmark,20261009_055956,SR630 V4,6740P,L4,facebook/dinov2-large,cpu,bfloat16,int8-static,bfloat16-int8-static,interactive,0.1,5,64.00,,PASS,ok,5,16,64.00,3840.00,,7722,64.350,3861.00,15.5,0.0155,,,,,47.6,70.6,104.8,,,,,1.2,,38.6,,,,,,server_vit_facebook_dinov2-large_interactive_20261009_055956.txt
server_vit_benchmark,20261009_055956,SR630 V4,6740P,L4,facebook/dinov2-large,cpu,bfloat16,int8-static,bfloat16-int8-static,interactive,0.1,5,90.51,,PASS,ok,5,16,90.51,5430.60,,10919,90.992,5459.52,11.0,0.0110,,,,,49.8,94.2,138.5,,,,,1.5,,51.2,,,,,,server_vit_facebook_dinov2-large_interactive_20261009_055956.txt
server_vit_benchmark,20261009_055956,SR630 V4,6740P,L4,facebook/dinov2-large,cpu,bfloat16,int8-static,bfloat16-int8-static,interactive,0.1,5,98.70,yes,PASS,ok,5,16,98.70,5922.00,,11842,98.683,5920.98,10.1,0.0101,,,,,50.9,97.9,147.0,,,,,1.7,,54.1,,,,,,server_vit_facebook_dinov2-large_interactive_20261009_055956.txt
server_vit_benchmark,20261009_055956,SR630 V4,6740P,L4,facebook/dinov2-large,cpu,bfloat16,int8-static,bfloat16-int8-static,interactive,0.1,5,103.07,,FAIL,p95 102.0 ms > 100 ms,5,16,103.07,6184.20,,12343,102.858,6171.48,9.7,0.0097,,,,,52.1,102.0,148.5,,,,,1.8,,55.6,,,,,,server_vit_facebook_dinov2-large_interactive_20261009_055956.txt
server_vit_benchmark,20261009_055956,SR630 V4,6740P,L4,facebook/dinov2-large,cpu,bfloat16,int8-static,bfloat16-int8-static,interactive,0.1,5,107.63,,FAIL,p95 109.9 ms > 100 ms,5,16,107.63,6457.80,,12910,107.583,6454.98,9.3,0.0093,,,,,54.4,109.9,151.5,,,,,1.9,,57.2,,,,,,server_vit_facebook_dinov2-large_interactive_20261009_055956.txt
server_vit_benchmark,20261009_055956,SR630 V4,6740P,L4,facebook/dinov2-large,cpu,bfloat16,int8-static,bfloat16-int8-static,interactive,0.1,5,128.00,,FAIL,p95 146.1 ms > 100 ms,5,16,128.00,7680.00,,15360,128.000,7680.00,7.8,0.0078,,,,,62.1,146.1,170.2,,,,,2.4,,63.3,,,,,,server_vit_facebook_dinov2-large_interactive_20261009_055956.txt
vit_throughput,20260915_215915,SR630 V4,6740P,L4,google/vit-base-patch16-224,cpu,bfloat16,disabled,bfloat16,throughput,,,,,ok,,1,1,,,,,75.0,4500.00,13.331,0.0133,,,13.35,,,,,,,,,,,24.0,,,306.7,306.7,0.24,vit_throughput_google_vit-base-patch16-224_bfloat16_20260915_215915.txt
vit_throughput,20260915_215915,SR630 V4,6740P,L4,google/vit-base-patch16-224,cpu,bfloat16,disabled,bfloat16,throughput,,,,,ok,,1,4,,,,,125.2,7512.00,7.986,0.0080,,,28.12,,,,,,,,,,,23.7,,,311.9,311.9,0.40,vit_throughput_google_vit-base-patch16-224_bfloat16_20260915_215915.txt
vit_throughput,20260915_215915,SR630 V4,6740P,L4,google/vit-base-patch16-224,cpu,bfloat16,disabled,bfloat16,throughput,,,,,ok,,1,8,,,,,175.1,10506.00,5.712,0.0057,,,42.78,,,,,,,,,,,23.8,,,319.8,319.8,0.55,vit_throughput_google_vit-base-patch16-224_bfloat16_20260915_215915.txt
vit_throughput,20260915_215915,SR630 V4,6740P,L4,google/vit-base-patch16-224,cpu,bfloat16,disabled,bfloat16,throughput,,,,,ok,,1,16,,,,,201.2,12072.00,4.971,0.0050,,,78.86,,,,,,,,,,,23.6,,,325.0,325.0,0.62,vit_throughput_google_vit-base-patch16-224_bfloat16_20260915_215915.txt
vit_throughput,20260915_215915,SR630 V4,6740P,L4,google/vit-base-patch16-224,cpu,bfloat16,disabled,bfloat16,throughput,,,,,ok,,1,32,,,,,178.4,10704.00,5.604,0.0056,,,180.82,,,,,,,,,,,23.6,,,321.0,321.0,0.56,vit_throughput_google_vit-base-patch16-224_bfloat16_20260915_215915.txt
vit_throughput,20260915_215915,SR630 V4,6740P,L4,google/vit-base-patch16-224,cpu,bfloat16,disabled,bfloat16,throughput,,,,,ok,,2,1,,,,,143.4,8604.00,13.947,0.0070,,,13.90,,,,,,,,,,,48.0,,,353.6,353.6,0.41,vit_throughput_google_vit-base-patch16-224_bfloat16_20260915_215915.txt
vit_throughput,20260915_215915,SR630 V4,6740P,L4,google/vit-base-patch16-224,cpu,bfloat16,disabled,bfloat16,throughput,,,,,ok,,2,4,,,,,279.4,16764.00,7.158,0.0036,,,28.62,,,,,,,,,,,47.5,,,2556.1,2556.1,0.11,vit_throughput_google_vit-base-patch16-224_bfloat16_20260915_215915.txt
vit_throughput,20260915_215915,SR630 V4,6740P,L4,google/vit-base-patch16-224,cpu,bfloat16,disabled,bfloat16,throughput,,,,,ok,,2,8,,,,,361.5,21690.00,5.532,0.0028,,,44.22,,,,,,,,,,,47.7,,,2562.7,2562.7,0.14,vit_throughput_google_vit-base-patch16-224_bfloat16_20260915_215915.txt
vit_throughput,20260915_215915,SR630 V4,6740P,L4,google/vit-base-patch16-224,cpu,bfloat16,disabled,bfloat16,throughput,,,,yes,ok,,2,16,,,,,427.0,25620.00,4.684,0.0023,,,75.09,,,,,,,,,,,47.8,,,386.2,386.2,1.11,vit_throughput_google_vit-base-patch16-224_bfloat16_20260915_215915.txt
server_vit_benchmark,20261007_233833,SR630 V4,6740P,L4,google/vit-base-patch16-224,cpu,bfloat16,disabled,bfloat16,interactive,0.1,5,8.00,,PASS,ok,2,16,8.00,480.00,,903,7.525,451.50,132.9,0.1329,,,,,27.2,30.9,40.2,,,,,1.0,,1.9,,,,,,server_vit_google_vit-base-patch16-224_interactive_20261007_233833.txt
server_vit_benchmark,20261007_233833,SR630 V4,6740P,L4,google/vit-base-patch16-224,cpu,bfloat16,disabled,bfloat16,interactive,0.1,5,16.00,,PASS,ok,2,16,16.00,960.00,,1871,15.592,935.52,64.1,0.0641,,,,,27.1,34.8,42.6,,,,,1.0,,3.9,,,,,,server_vit_google_vit-base-patch16-224_interactive_20261007_233833.txt
server_vit_benchmark,20261007_233833,SR630 V4,6740P,L4,google/vit-base-patch16-224,cpu,bfloat16,disabled,bfloat16,interactive,0.1,5,32.00,,PASS,ok,2,16,32.00,1920.00,,3771,31.425,1885.50,31.8,0.0318,,,,,27.2,41.0,56.0,,,,,1.2,,7.6,,,,,,server_vit_google_vit-base-patch16-224_interactive_20261007_233833.txt
server_vit_benchmark,20261007_233833,SR630 V4,6740P,L4,google/vit-base-patch16-224,cpu,bfloat16,disabled,bfloat16,interactive,0.1,5,64.00,,PASS,ok,2,16,64.00,3840.00,,7722,64.350,3861.00,15.5,0.0155,,,,,31.6,64.2,89.2,,,,,1.7,,13.9,,,,,,server_vit_google_vit-base-patch16-224_interactive_20261007_233833.txt
server_vit_benchmark,20261007_233833,SR630 V4,6740P,L4,google/vit-base-patch16-224,cpu,bfloat16,disabled,bfloat16,interactive,0.1,5,90.51,,PASS,ok,2,16,90.51,5430.60,,10919,90.992,5459.52,11.0,0.0110,,,,,37.4,79.0,93.9,,,,,2.3,,17.5,,,,,,server_vit_google_vit-base-patch16-224_interactive_20261007_233833.txt
server_vit_benchmark,20261007_233833,SR630 V4,6740P,L4,google/vit-base-patch16-224,cpu,bfloat16,disabled,bfloat16,interactive,0.1,5,107.63,,PASS,ok,2,16,107.63,6457.80,,12910,107.583,6454.98,9.3,0.0093,,,,,42.2,84.2,98.0,,,,,2.8,,19.1,,,,,,server_vit_google_vit-base-patch16-224_interactive_20261007_233833.txt
server_vit_benchmark,20261007_233833,SR630 V4,6740P,L4,google/vit-base-patch16-224,cpu,bfloat16,disabled,bfloat16,interactive,0.1,5,117.38,,PASS,ok,2,16,117.38,7042.80,,14084,117.367,7042.02,8.5,0.0085,,,,,45.3,87.2,104.1,,,,,3.2,,19.8,,,,,,server_vit_google_vit-base-patch16-224_interactive_20261007_233833.txt
server_vit_benchmark,20261007_233833,SR630 V4,6740P,L4,google/vit-base-patch16-224,cpu,bfloat16,disabled,bfloat16,interactive,0.1,5,122.57,yes,PASS,ok,2,16,122.57,7354.20,,14685,122.375,7342.50,8.2,0.0082,,,,,47.0,83.8,100.6,,,,,3.4,,20.0,,,,,,server_vit_google_vit-base-patch16-224_interactive_20261007_233833.txt
server_vit_benchmark,20261007_233833,SR630 V4,6740P,L4,google/vit-base-patch16-224,cpu,bfloat16,disabled,bfloat16,interactive,0.1,5,128.00,,FAIL,p95 128.6 ms > 100 ms,2,16,128.00,7680.00,,15360,128.000,7680.00,7.8,0.0078,,,,,50.5,128.6,769.6,,,,,4.1,,20.5,,,,,,server_vit_google_vit-base-patch16-224_interactive_20261007_233833.txt
vit_throughput,20260915_215915,SR630 V4,6740P,L4,google/vit-base-patch16-224,cpu,bfloat16,disabled,bfloat16,throughput,,,,,ok,,2,32,,,,,321.1,19266.00,6.228,0.0031,,,194.04,,,,,,,,,,,46.4,,,375.7,375.7,0.85,vit_throughput_google_vit-base-patch16-224_bfloat16_20260915_215915.txt
server_vit_benchmark,20261007_235729,SR630 V4,6740P,L4,google/vit-base-patch16-224,cpu,bfloat16,disabled,bfloat16,interactive,0.1,5,8.00,,PASS,ok,3,16,8.00,480.00,,903,7.525,451.50,132.9,0.1329,,,,,27.5,31.6,38.5,,,,,1.0,,2.0,,,,,,server_vit_google_vit-base-patch16-224_interactive_20261007_235729.txt
server_vit_benchmark,20261007_235729,SR630 V4,6740P,L4,google/vit-base-patch16-224,cpu,bfloat16,disabled,bfloat16,interactive,0.1,5,16.00,,PASS,ok,3,16,16.00,960.00,,1871,15.592,935.52,64.1,0.0641,,,,,27.4,30.4,39.7,,,,,1.0,,4.0,,,,,,server_vit_google_vit-base-patch16-224_interactive_20261007_235729.txt
server_vit_benchmark,20261007_235729,SR630 V4,6740P,L4,google/vit-base-patch16-224,cpu,bfloat16,disabled,bfloat16,interactive,0.1,5,32.00,,PASS,ok,3,16,32.00,1920.00,,3771,31.425,1885.50,31.8,0.0318,,,,,27.2,35.7,50.0,,,,,1.1,,7.9,,,,,,server_vit_google_vit-base-patch16-224_interactive_20261007_235729.txt
server_vit_benchmark,20261007_235729,SR630 V4,6740P,L4,google/vit-base-patch16-224,cpu,bfloat16,disabled,bfloat16,interactive,0.1,5,64.00,,PASS,ok,3,16,64.00,3840.00,,7722,64.350,3861.00,15.5,0.0155,,,,,27.6,42.3,68.0,,,,,1.3,,15.2,,,,,,server_vit_google_vit-base-patch16-224_interactive_20261007_235729.txt
server_vit_benchmark,20261007_235729,SR630 V4,6740P,L4,google/vit-base-patch16-224,cpu,bfloat16,disabled,bfloat16,interactive,0.1,5,128.00,,PASS,ok,3,16,128.00,7680.00,,15360,128.000,7680.00,7.8,0.0078,,,,,35.9,76.2,89.5,,,,,2.2,,25.3,,,,,,server_vit_google_vit-base-patch16-224_interactive_20261007_235729.txt
server_vit_benchmark,20261007_235729,SR630 V4,6740P,L4,google/vit-base-patch16-224,cpu,bfloat16,disabled,bfloat16,interactive,0.1,5,181.02,,PASS,ok,3,16,181.02,10861.20,,21756,181.300,10878.00,5.5,0.0055,,,,,42.7,77.7,93.3,,,,,3.3,,29.3,,,,,,server_vit_google_vit-base-patch16-224_interactive_20261007_235729.txt
server_vit_benchmark,20261007_235729,SR630 V4,6740P,L4,google/vit-base-patch16-224,cpu,bfloat16,disabled,bfloat16,interactive,0.1,5,215.27,,PASS,ok,3,16,215.27,12916.20,,25983,216.525,12991.50,4.6,0.0046,,,,,51.6,92.2,113.6,,,,,4.4,,31.0,,,,,,server_vit_google_vit-base-patch16-224_interactive_20261007_235729.txt
server_vit_benchmark,20261007_235729,SR630 V4,6740P,L4,google/vit-base-patch16-224,cpu,bfloat16,disabled,bfloat16,interactive,0.1,5,224.80,yes,PASS,ok,3,16,224.80,13488.00,,27116,225.967,13558.02,4.4,0.0044,,,,,54.3,98.0,134.0,,,,,4.8,,31.4,,,,,,server_vit_google_vit-base-patch16-224_interactive_20261007_235729.txt
server_vit_benchmark,20261007_235729,SR630 V4,6740P,L4,google/vit-base-patch16-224,cpu,bfloat16,disabled,bfloat16,interactive,0.1,5,234.75,,FAIL,p95 103.3 ms > 100 ms,3,16,234.75,14085.00,,28301,235.842,14150.52,4.2,0.0042,,,,,57.3,103.3,130.9,,,,,5.2,,31.7,,,,,,server_vit_google_vit-base-patch16-224_interactive_20261007_235729.txt
server_vit_benchmark,20261007_235729,SR630 V4,6740P,L4,google/vit-base-patch16-224,cpu,bfloat16,disabled,bfloat16,interactive,0.1,5,256.00,,FAIL,p95 132.0 ms > 100 ms,3,16,256.00,15360.00,,30871,257.258,15435.48,3.9,0.0039,,,,,66.9,132.0,247.2,,,,,6.4,,32.5,,,,,,server_vit_google_vit-base-patch16-224_interactive_20261007_235729.txt
server_vit_benchmark,20261008_001832,SR630 V4,6740P,L4,google/vit-base-patch16-224,cpu,bfloat16,disabled,bfloat16,interactive,0.1,5,8.00,,PASS,ok,4,16,8.00,480.00,,903,7.525,451.50,132.9,0.1329,,,,,27.5,32.1,41.3,,,,,1.0,,2.0,,,,,,server_vit_google_vit-base-patch16-224_interactive_20261008_001832.txt
server_vit_benchmark,20261008_001832,SR630 V4,6740P,L4,google/vit-base-patch16-224,cpu,bfloat16,disabled,bfloat16,interactive,0.1,5,16.00,,PASS,ok,4,16,16.00,960.00,,1871,15.592,935.52,64.1,0.0641,,,,,27.4,30.0,41.0,,,,,1.0,,4.0,,,,,,server_vit_google_vit-base-patch16-224_interactive_20261008_001832.txt
server_vit_benchmark,20261008_001832,SR630 V4,6740P,L4,google/vit-base-patch16-224,cpu,bfloat16,disabled,bfloat16,interactive,0.1,5,32.00,,PASS,ok,4,16,32.00,1920.00,,3771,31.425,1885.50,31.8,0.0318,,,,,27.5,33.4,46.9,,,,,1.0,,8.1,,,,,,server_vit_google_vit-base-patch16-224_interactive_20261008_001832.txt
server_vit_benchmark,20261008_001832,SR630 V4,6740P,L4,google/vit-base-patch16-224,cpu,bfloat16,disabled,bfloat16,interactive,0.1,5,64.00,,PASS,ok,4,16,64.00,3840.00,,7722,64.350,3861.00,15.5,0.0155,,,,,27.7,37.6,46.6,,,,,1.1,,15.9,,,,,,server_vit_google_vit-base-patch16-224_interactive_20261008_001832.txt
server_vit_benchmark,20261008_001832,SR630 V4,6740P,L4,google/vit-base-patch16-224,cpu,bfloat16,disabled,bfloat16,interactive,0.1,5,128.00,,PASS,ok,4,16,128.00,7680.00,,15360,128.000,7680.00,7.8,0.0078,,,,,29.3,61.6,84.5,,,,,1.7,,28.4,,,,,,server_vit_google_vit-base-patch16-224_interactive_20261008_001832.txt
server_vit_benchmark,20261008_001832,SR630 V4,6740P,L4,google/vit-base-patch16-224,cpu,bfloat16,disabled,bfloat16,interactive,0.1,5,256.00,,PASS,ok,4,16,256.00,15360.00,,30871,257.258,15435.48,3.9,0.0039,,,,,48.0,89.0,122.8,,,,,4.0,,40.3,,,,,,server_vit_google_vit-base-patch16-224_interactive_20261008_001832.txt
server_vit_benchmark,20261008_001832,SR630 V4,6740P,L4,google/vit-base-patch16-224,cpu,bfloat16,disabled,bfloat16,interactive,0.1,5,279.17,yes,PASS,ok,4,16,279.17,16750.20,,33720,281.000,16860.00,3.6,0.0036,,,,,54.2,97.3,123.6,,,,,4.6,,41.3,,,,,,server_vit_google_vit-base-patch16-224_interactive_20261008_001832.txt
server_vit_benchmark,20261008_001832,SR630 V4,6740P,L4,google/vit-base-patch16-224,cpu,bfloat16,disabled,bfloat16,interactive,0.1,5,291.53,,FAIL,p95 106.2 ms > 100 ms,4,16,291.53,17491.80,,35131,292.758,17565.48,3.4,0.0034,,,,,57.9,106.2,212.8,,,,,5.2,,41.8,,,,,,server_vit_google_vit-base-patch16-224_interactive_20261008_001832.txt
server_vit_benchmark,20261008_001832,SR630 V4,6740P,L4,google/vit-base-patch16-224,cpu,bfloat16,disabled,bfloat16,interactive,0.1,5,304.44,,FAIL,p95 111.9 ms > 100 ms,4,16,304.44,18266.40,,36683,305.692,18341.52,3.3,0.0033,,,,,62.2,111.9,205.8,,,,,5.6,,42.2,,,,,,server_vit_google_vit-base-patch16-224_interactive_20261008_001832.txt
server_vit_benchmark,20261008_001832,SR630 V4,6740P,L4,google/vit-base-patch16-224,cpu,bfloat16,disabled,bfloat16,interactive,0.1,5,362.04,,FAIL,p95 22034.4 ms > 100 ms,4,16,362.04,21722.40,,43529,362.742,21764.52,2.8,0.0028,,,,,12660.1,22034.4,22548.1,,,,,16.0,,47.2,,,,,,server_vit_google_vit-base-patch16-224_interactive_20261008_001832.txt
server_vit_benchmark,20261008_001832,SR630 V4,6740P,L4,google/vit-base-patch16-224,cpu,bfloat16,disabled,bfloat16,interactive,0.1,5,512.00,,FAIL,p95 75247.3 ms > 100 ms,4,16,512.00,30720.00,,61340,511.167,30670.02,2.0,0.0020,,,,,39988.4,75247.3,78368.8,,,,,16.0,,47.7,,,,,,server_vit_google_vit-base-patch16-224_interactive_20261008_001832.txt
server_vit_benchmark,20261008_004322,SR630 V4,6740P,L4,google/vit-base-patch16-224,cpu,bfloat16,disabled,bfloat16,interactive,0.1,5,8.00,,PASS,ok,5,16,8.00,480.00,,903,7.525,451.50,132.9,0.1329,,,,,27.7,32.9,43.8,,,,,1.0,,2.0,,,,,,server_vit_google_vit-base-patch16-224_interactive_20261008_004322.txt
server_vit_benchmark,20261008_004322,SR630 V4,6740P,L4,google/vit-base-patch16-224,cpu,bfloat16,disabled,bfloat16,interactive,0.1,5,16.00,,PASS,ok,5,16,16.00,960.00,,1871,15.592,935.52,64.1,0.0641,,,,,27.7,30.6,40.4,,,,,1.0,,4.1,,,,,,server_vit_google_vit-base-patch16-224_interactive_20261008_004322.txt
server_vit_benchmark,20261008_004322,SR630 V4,6740P,L4,google/vit-base-patch16-224,cpu,bfloat16,disabled,bfloat16,interactive,0.1,5,32.00,,PASS,ok,5,16,32.00,1920.00,,3771,31.425,1885.50,31.8,0.0318,,,,,27.8,31.0,43.7,,,,,1.0,,8.3,,,,,,server_vit_google_vit-base-patch16-224_interactive_20261008_004322.txt
server_vit_benchmark,20261008_004322,SR630 V4,6740P,L4,google/vit-base-patch16-224,cpu,bfloat16,disabled,bfloat16,interactive,0.1,5,64.00,,PASS,ok,5,16,64.00,3840.00,,7722,64.350,3861.00,15.5,0.0155,,,,,28.1,36.6,45.6,,,,,1.1,,16.6,,,,,,server_vit_google_vit-base-patch16-224_interactive_20261008_004322.txt
server_vit_benchmark,20261008_004322,SR630 V4,6740P,L4,google/vit-base-patch16-224,cpu,bfloat16,disabled,bfloat16,interactive,0.1,5,128.00,,PASS,ok,5,16,128.00,7680.00,,15360,128.000,7680.00,7.8,0.0078,,,,,29.0,45.2,81.0,,,,,1.4,,30.7,,,,,,server_vit_google_vit-base-patch16-224_interactive_20261008_004322.txt
server_vit_benchmark,20261008_004322,SR630 V4,6740P,L4,google/vit-base-patch16-224,cpu,bfloat16,disabled,bfloat16,interactive,0.1,5,256.00,,PASS,ok,5,16,256.00,15360.00,,30871,257.258,15435.48,3.9,0.0039,,,,,40.5,79.4,97.0,,,,,2.9,,46.8,,,,,,server_vit_google_vit-base-patch16-224_interactive_20261008_004322.txt
server_vit_benchmark,20261008_004322,SR630 V4,6740P,L4,google/vit-base-patch16-224,cpu,bfloat16,disabled,bfloat16,interactive,0.1,5,304.44,,PASS,ok,5,16,304.44,18266.40,,36683,305.692,18341.52,3.3,0.0033,,,,,47.6,90.7,116.3,,,,,3.9,,49.8,,,,,,server_vit_google_vit-base-patch16-224_interactive_20261008_004322.txt
server_vit_benchmark,20261008_004322,SR630 V4,6740P,L4,google/vit-base-patch16-224,cpu,bfloat16,disabled,bfloat16,interactive,0.1,5,331.99,yes,PASS,ok,5,16,331.99,19919.40,,39896,332.467,19948.02,3.0,0.0030,,,,,53.8,99.0,128.5,,,,,4.5,,51.1,,,,,,server_vit_google_vit-base-patch16-224_interactive_20261008_004322.txt
server_vit_benchmark,20261008_004322,SR630 V4,6740P,L4,google/vit-base-patch16-224,cpu,bfloat16,disabled,bfloat16,interactive,0.1,5,346.69,,FAIL,p95 106.6 ms > 100 ms,5,16,346.69,20801.40,,41683,347.358,20841.48,2.9,0.0029,,,,,56.5,106.6,211.7,,,,,5.0,,51.6,,,,,,server_vit_google_vit-base-patch16-224_interactive_20261008_004322.txt
server_vit_benchmark,20261008_004322,SR630 V4,6740P,L4,google/vit-base-patch16-224,cpu,bfloat16,disabled,bfloat16,interactive,0.1,5,362.04,,FAIL,p95 114.3 ms > 100 ms,5,16,362.04,21722.40,,43529,362.742,21764.52,2.8,0.0028,,,,,59.6,114.3,221.3,,,,,5.4,,52.1,,,,,,server_vit_google_vit-base-patch16-224_interactive_20261008_004322.txt
server_vit_benchmark,20261008_004322,SR630 V4,6740P,L4,google/vit-base-patch16-224,cpu,bfloat16,disabled,bfloat16,interactive,0.1,5,512.00,,FAIL,p95 38984.1 ms > 100 ms,5,16,512.00,30720.00,,61340,511.167,30670.02,2.0,0.0020,,,,,20742.5,38984.1,40554.2,,,,,16.0,,58.9,,,,,,server_vit_google_vit-base-patch16-224_interactive_20261008_004322.txt
server_vit_benchmark,20261008_010711,SR630 V4,6740P,L4,google/vit-base-patch16-224,cpu,bfloat16,disabled,bfloat16,interactive,0.1,5,8.00,,PASS,ok,6,16,8.00,480.00,,903,7.525,451.50,132.9,0.1329,,,,,27.8,32.2,41.9,,,,,1.0,,2.0,,,,,,server_vit_google_vit-base-patch16-224_interactive_20261008_010711.txt
server_vit_benchmark,20261008_010711,SR630 V4,6740P,L4,google/vit-base-patch16-224,cpu,bfloat16,disabled,bfloat16,interactive,0.1,5,16.00,,PASS,ok,6,16,16.00,960.00,,1871,15.592,935.52,64.1,0.0641,,,,,27.8,30.4,41.0,,,,,1.0,,4.1,,,,,,server_vit_google_vit-base-patch16-224_interactive_20261008_010711.txt
server_vit_benchmark,20261008_010711,SR630 V4,6740P,L4,google/vit-base-patch16-224,cpu,bfloat16,disabled,bfloat16,interactive,0.1,5,32.00,,PASS,ok,6,16,32.00,1920.00,,3771,31.425,1885.50,31.8,0.0318,,,,,27.9,31.2,45.9,,,,,1.0,,8.4,,,,,,server_vit_google_vit-base-patch16-224_interactive_20261008_010711.txt
server_vit_benchmark,20261008_010711,SR630 V4,6740P,L4,google/vit-base-patch16-224,cpu,bfloat16,disabled,bfloat16,interactive,0.1,5,64.00,,PASS,ok,6,16,64.00,3840.00,,7722,64.350,3861.00,15.5,0.0155,,,,,28.3,35.4,42.8,,,,,1.0,,17.0,,,,,,server_vit_google_vit-base-patch16-224_interactive_20261008_010711.txt
server_vit_benchmark,20261008_010711,SR630 V4,6740P,L4,google/vit-base-patch16-224,cpu,bfloat16,disabled,bfloat16,interactive,0.1,5,128.00,,PASS,ok,6,16,128.00,7680.00,,15360,128.000,7680.00,7.8,0.0078,,,,,29.5,42.2,81.3,,,,,1.2,,32.2,,,,,,server_vit_google_vit-base-patch16-224_interactive_20261008_010711.txt
server_vit_benchmark,20261008_010711,SR630 V4,6740P,L4,google/vit-base-patch16-224,cpu,bfloat16,disabled,bfloat16,interactive,0.1,5,256.00,,PASS,ok,6,16,256.00,15360.00,,30871,257.258,15435.48,3.9,0.0039,,,,,39.9,84.1,101.5,,,,,2.4,,52.3,,,,,,server_vit_google_vit-base-patch16-224_interactive_20261008_010711.txt
server_vit_benchmark,20261008_010711,SR630 V4,6740P,L4,google/vit-base-patch16-224,cpu,bfloat16,disabled,bfloat16,interactive,0.1,5,304.44,,PASS,ok,6,16,304.44,18266.40,,36683,305.692,18341.52,3.3,0.0033,,,,,45.6,90.8,135.2,,,,,3.3,,56.1,,,,,,server_vit_google_vit-base-patch16-224_interactive_20261008_010711.txt
server_vit_benchmark,20261008_010711,SR630 V4,6740P,L4,google/vit-base-patch16-224,cpu,bfloat16,disabled,bfloat16,interactive,0.1,5,331.99,yes,PASS,ok,6,16,331.99,19919.40,,39896,332.467,19948.02,3.0,0.0030,,,,,49.3,95.6,122.3,,,,,3.7,,57.6,,,,,,server_vit_google_vit-base-patch16-224_interactive_20261008_010711.txt
server_vit_benchmark,20261008_010711,SR630 V4,6740P,L4,google/vit-base-patch16-224,cpu,bfloat16,disabled,bfloat16,interactive,0.1,5,346.69,,FAIL,p95 100.3 ms > 100 ms,6,16,346.69,20801.40,,41683,347.358,20841.48,2.9,0.0029,,,,,52.0,100.3,129.4,,,,,4.0,,58.3,,,,,,server_vit_google_vit-base-patch16-224_interactive_20261008_010711.txt
server_vit_benchmark,20261008_010711,SR630 V4,6740P,L4,google/vit-base-patch16-224,cpu,bfloat16,disabled,bfloat16,interactive,0.1,5,362.04,,FAIL,p95 109.9 ms > 100 ms,6,16,362.04,21722.40,,43529,362.742,21764.52,2.8,0.0028,,,,,55.2,109.9,370.1,,,,,4.5,,59.0,,,,,,server_vit_google_vit-base-patch16-224_interactive_20261008_010711.txt
server_vit_benchmark,20261008_010711,SR630 V4,6740P,L4,google/vit-base-patch16-224,cpu,bfloat16,disabled,bfloat16,interactive,0.1,5,512.00,,FAIL,p95 17665.8 ms > 100 ms,6,16,512.00,30720.00,,61340,511.167,30670.02,2.0,0.0020,,,,,8405.8,17665.8,18403.0,,,,,15.8,,69.7,,,,,,server_vit_google_vit-base-patch16-224_interactive_20261008_010711.txt
server_vit_benchmark,20261008_013038,SR630 V4,6740P,L4,google/vit-base-patch16-224,cpu,bfloat16,disabled,bfloat16,interactive,0.1,5,8.00,,PASS,ok,7,16,8.00,480.00,,903,7.525,451.50,132.9,0.1329,,,,,28.1,33.4,43.9,,,,,1.0,,2.0,,,,,,server_vit_google_vit-base-patch16-224_interactive_20261008_013038.txt
server_vit_benchmark,20261008_013038,SR630 V4,6740P,L4,google/vit-base-patch16-224,cpu,bfloat16,disabled,bfloat16,interactive,0.1,5,16.00,,PASS,ok,7,16,16.00,960.00,,1871,15.592,935.52,64.1,0.0641,,,,,28.1,32.2,43.2,,,,,1.0,,4.3,,,,,,server_vit_google_vit-base-patch16-224_interactive_20261008_013038.txt
server_vit_benchmark,20261008_013038,SR630 V4,6740P,L4,google/vit-base-patch16-224,cpu,bfloat16,disabled,bfloat16,interactive,0.1,5,32.00,,PASS,ok,7,16,32.00,1920.00,,3771,31.425,1885.50,31.8,0.0318,,,,,28.2,31.2,44.4,,,,,1.0,,8.4,,,,,,server_vit_google_vit-base-patch16-224_interactive_20261008_013038.txt
server_vit_benchmark,20261008_013038,SR630 V4,6740P,L4,google/vit-base-patch16-224,cpu,bfloat16,disabled,bfloat16,interactive,0.1,5,64.00,,PASS,ok,7,16,64.00,3840.00,,7722,64.350,3861.00,15.5,0.0155,,,,,28.5,34.2,42.4,,,,,1.0,,17.2,,,,,,server_vit_google_vit-base-patch16-224_interactive_20261008_013038.txt
server_vit_benchmark,20261008_013038,SR630 V4,6740P,L4,google/vit-base-patch16-224,cpu,bfloat16,disabled,bfloat16,interactive,0.1,5,128.00,,PASS,ok,7,16,128.00,7680.00,,15360,128.000,7680.00,7.8,0.0078,,,,,29.0,39.2,50.9,,,,,1.1,,33.0,,,,,,server_vit_google_vit-base-patch16-224_interactive_20261008_013038.txt
server_vit_benchmark,20261008_013038,SR630 V4,6740P,L4,google/vit-base-patch16-224,cpu,bfloat16,disabled,bfloat16,interactive,0.1,5,256.00,,PASS,ok,7,16,256.00,15360.00,,30871,257.258,15435.48,3.9,0.0039,,,,,34.8,78.8,90.0,,,,,1.9,,56.8,,,,,,server_vit_google_vit-base-patch16-224_interactive_20261008_013038.txt
server_vit_benchmark,20261008_013038,SR630 V4,6740P,L4,google/vit-base-patch16-224,cpu,bfloat16,disabled,bfloat16,interactive,0.1,5,362.04,,PASS,ok,7,16,362.04,21722.40,,43529,362.742,21764.52,2.8,0.0028,,,,,43.7,84.4,116.6,,,,,3.2,,65.4,,,,,,server_vit_google_vit-base-patch16-224_interactive_20261008_013038.txt
server_vit_benchmark,20261008_013038,SR630 V4,6740P,L4,google/vit-base-patch16-224,cpu,bfloat16,disabled,bfloat16,interactive,0.1,5,394.81,,PASS,ok,7,16,394.81,23688.60,,47525,396.042,23762.52,2.5,0.0025,,,,,47.9,93.1,128.0,,,,,3.7,,67.7,,,,,,server_vit_google_vit-base-patch16-224_interactive_20261008_013038.txt
server_vit_benchmark,20261008_013038,SR630 V4,6740P,L4,google/vit-base-patch16-224,cpu,bfloat16,disabled,bfloat16,interactive,0.1,5,412.29,yes,PASS,ok,7,16,412.29,24737.40,,49605,413.375,24802.50,2.4,0.0024,,,,,50.3,96.5,164.9,,,,,4.0,,68.5,,,,,,server_vit_google_vit-base-patch16-224_interactive_20261008_013038.txt
server_vit_benchmark,20261008_013038,SR630 V4,6740P,L4,google/vit-base-patch16-224,cpu,bfloat16,disabled,bfloat16,interactive,0.1,5,430.54,,FAIL,p95 101.0 ms > 100 ms,7,16,430.54,25832.40,,51755,431.292,25877.52,2.3,0.0023,,,,,53.3,101.0,139.1,,,,,4.3,,69.2,,,,,,server_vit_google_vit-base-patch16-224_interactive_20261008_013038.txt
server_vit_benchmark,20261008_013038,SR630 V4,6740P,L4,google/vit-base-patch16-224,cpu,bfloat16,disabled,bfloat16,interactive,0.1,5,512.00,,FAIL,p95 664.3 ms > 100 ms,7,16,512.00,30720.00,,61340,511.167,30670.02,2.0,0.0020,,,,,86.5,664.3,717.8,,,,,9.2,,74.9,,,,,,server_vit_google_vit-base-patch16-224_interactive_20261008_013038.txt
server_vit_benchmark,20261009_095003,SR630 V4,6740P,L4,google/vit-base-patch16-224,cpu,bfloat16,disabled,bfloat16,interactive,0.1,5,8.00,,PASS,ok,8,8,8.00,480.00,,903,7.525,451.50,132.9,0.1329,,,,,29.0,74.1,362.2,,,,,1.0,,3.0,,,,,,server_vit_google_vit-base-patch16-224_interactive_20261009_095003.txt
server_vit_benchmark,20261009_095003,SR630 V4,6740P,L4,google/vit-base-patch16-224,cpu,bfloat16,disabled,bfloat16,interactive,0.1,5,8.72,,PASS,ok,8,8,8.72,523.20,,994,8.283,496.98,120.7,0.1207,,,,,29.0,43.4,182.5,,,,,1.0,,2.9,,,,,,server_vit_google_vit-base-patch16-224_interactive_20261009_095003.txt
server_vit_benchmark,20261009_095003,SR630 V4,6740P,L4,google/vit-base-patch16-224,cpu,bfloat16,disabled,bfloat16,interactive,0.1,5,9.11,yes,PASS,ok,8,8,9.11,546.60,,1043,8.692,521.52,115.0,0.1150,,,,,28.7,38.1,115.3,,,,,1.0,,2.7,,,,,,server_vit_google_vit-base-patch16-224_interactive_20261009_095003.txt
server_vit_benchmark,20261009_095003,SR630 V4,6740P,L4,google/vit-base-patch16-224,cpu,bfloat16,disabled,bfloat16,interactive,0.1,5,9.51,,FAIL,p95 102.5 ms > 100 ms,8,8,9.51,570.60,,1094,9.117,547.02,109.7,0.1097,,,,,29.5,102.5,212.1,,,,,1.0,,3.6,,,,,,server_vit_google_vit-base-patch16-224_interactive_20261009_095003.txt
server_vit_benchmark,20261009_095003,SR630 V4,6740P,L4,google/vit-base-patch16-224,cpu,bfloat16,disabled,bfloat16,interactive,0.1,5,11.31,,FAIL,p95 207.2 ms > 100 ms,8,8,11.31,678.60,,1335,11.125,667.50,89.9,0.0899,,,,,30.0,207.2,433.3,,,,,1.0,,6.0,,,,,,server_vit_google_vit-base-patch16-224_interactive_20261009_095003.txt
server_vit_benchmark,20261009_095003,SR630 V4,6740P,L4,google/vit-base-patch16-224,cpu,bfloat16,disabled,bfloat16,interactive,0.1,5,16.00,,FAIL,p95 166.4 ms > 100 ms,8,8,16.00,960.00,,1871,15.592,935.52,64.1,0.0641,,,,,30.2,166.4,550.0,,,,,1.0,,8.0,,,,,,server_vit_google_vit-base-patch16-224_interactive_20261009_095003.txt
vit_throughput,20260915_215915,SR630 V4,6740P,L4,google/vit-base-patch16-224,cpu,bfloat16,int8,bfloat16-int8,throughput,,,,,ok,,1,1,,,,,82.1,4926.00,12.183,0.0122,,,12.12,,,,,,,,,,,24.0,,,309.4,309.4,0.27,vit_throughput_google_vit-base-patch16-224_bfloat16-int8_20260915_215915.txt
vit_throughput,20260915_215915,SR630 V4,6740P,L4,google/vit-base-patch16-224,cpu,bfloat16,int8,bfloat16-int8,throughput,,,,,ok,,1,4,,,,,142.6,8556.00,7.014,0.0070,,,28.16,,,,,,,,,,,23.8,,,315.0,315.0,0.45,vit_throughput_google_vit-base-patch16-224_bfloat16-int8_20260915_215915.txt
vit_throughput,20260915_215915,SR630 V4,6740P,L4,google/vit-base-patch16-224,cpu,bfloat16,int8,bfloat16-int8,throughput,,,,,ok,,1,8,,,,,180.3,10818.00,5.548,0.0055,,,44.41,,,,,,,,,,,23.9,,,321.9,321.9,0.56,vit_throughput_google_vit-base-patch16-224_bfloat16-int8_20260915_215915.txt
vit_throughput,20260915_215915,SR630 V4,6740P,L4,google/vit-base-patch16-224,cpu,bfloat16,int8,bfloat16-int8,throughput,,,,,ok,,1,16,,,,,140.9,8454.00,7.096,0.0071,,,119.74,,,,,,,,,,,23.9,,,4642.8,4642.8,0.03,vit_throughput_google_vit-base-patch16-224_bfloat16-int8_20260915_215915.txt
vit_throughput,20260915_215915,SR630 V4,6740P,L4,google/vit-base-patch16-224,cpu,bfloat16,int8,bfloat16-int8,throughput,,,,,ok,,1,32,,,,,176.0,10560.00,5.680,0.0057,,,182.24,,,,,,,,,,,23.9,,,324.2,324.2,0.54,vit_throughput_google_vit-base-patch16-224_bfloat16-int8_20260915_215915.txt
vit_throughput,20260915_215915,SR630 V4,6740P,L4,google/vit-base-patch16-224,cpu,bfloat16,int8,bfloat16-int8,throughput,,,,,ok,,2,1,,,,,159.1,9546.00,12.575,0.0063,,,12.50,,,,,,,,,,,48.0,,,361.1,361.1,0.44,vit_throughput_google_vit-base-patch16-224_bfloat16-int8_20260915_215915.txt
vit_throughput,20260915_215915,SR630 V4,6740P,L4,google/vit-base-patch16-224,cpu,bfloat16,int8,bfloat16-int8,throughput,,,,,ok,,2,4,,,,,290.0,17400.00,6.896,0.0034,,,27.72,,,,,,,,,,,47.3,,,374.7,374.7,0.77,vit_throughput_google_vit-base-patch16-224_bfloat16-int8_20260915_215915.txt
vit_throughput,20260915_215915,SR630 V4,6740P,L4,google/vit-base-patch16-224,cpu,bfloat16,int8,bfloat16-int8,throughput,,,,yes,ok,,2,8,,,,,365.5,21930.00,5.472,0.0027,,,43.95,,,,,,,,,,,47.5,,,386.3,386.3,0.95,vit_throughput_google_vit-base-patch16-224_bfloat16-int8_20260915_215915.txt
vit_throughput,20260915_215915,SR630 V4,6740P,L4,google/vit-base-patch16-224,cpu,bfloat16,int8,bfloat16-int8,throughput,,,,,ok,,2,16,,,,,319.2,19152.00,6.266,0.0031,,,108.77,,,,,,,,,,,47.6,,,381.3,381.3,0.84,vit_throughput_google_vit-base-patch16-224_bfloat16-int8_20260915_215915.txt
vit_throughput,20260915_215915,SR630 V4,6740P,L4,google/vit-base-patch16-224,cpu,bfloat16,int8,bfloat16-int8,throughput,,,,,ok,,2,32,,,,,288.1,17286.00,6.943,0.0035,,,220.27,,,,,,,,,,,47.8,,,381.2,381.2,0.76,vit_throughput_google_vit-base-patch16-224_bfloat16-int8_20260915_215915.txt
server_vit_benchmark,20261009_000548,SR630 V4,6740P,L4,google/vit-base-patch16-224,cpu,bfloat16,int8-static,bfloat16-int8-static,interactive,0.1,5,8.00,,PASS,ok,5,16,8.00,480.00,,903,7.525,451.50,132.9,0.1329,,,,,21.3,23.9,35.6,,,,,1.0,,1.5,,,,,,server_vit_google_vit-base-patch16-224_interactive_20261009_000548.txt
server_vit_benchmark,20261009_000548,SR630 V4,6740P,L4,google/vit-base-patch16-224,cpu,bfloat16,int8-static,bfloat16-int8-static,interactive,0.1,5,16.00,,PASS,ok,5,16,16.00,960.00,,1871,15.592,935.52,64.1,0.0641,,,,,21.4,23.8,34.9,,,,,1.0,,2.9,,,,,,server_vit_google_vit-base-patch16-224_interactive_20261009_000548.txt
server_vit_benchmark,20261009_000548,SR630 V4,6740P,L4,google/vit-base-patch16-224,cpu,bfloat16,int8-static,bfloat16-int8-static,interactive,0.1,5,32.00,,PASS,ok,5,16,32.00,1920.00,,3771,31.425,1885.50,31.8,0.0318,,,,,21.4,24.7,37.1,,,,,1.0,,5.9,,,,,,server_vit_google_vit-base-patch16-224_interactive_20261009_000548.txt
server_vit_benchmark,20261009_000548,SR630 V4,6740P,L4,google/vit-base-patch16-224,cpu,bfloat16,int8-static,bfloat16-int8-static,interactive,0.1,5,64.00,,PASS,ok,5,16,64.00,3840.00,,7722,64.350,3861.00,15.5,0.0155,,,,,21.7,27.3,34.3,,,,,1.0,,12.0,,,,,,server_vit_google_vit-base-patch16-224_interactive_20261009_000548.txt
server_vit_benchmark,20261009_000548,SR630 V4,6740P,L4,google/vit-base-patch16-224,cpu,bfloat16,int8-static,bfloat16-int8-static,interactive,0.1,5,128.00,,PASS,ok,5,16,128.00,7680.00,,15360,128.000,7680.00,7.8,0.0078,,,,,22.2,31.0,40.1,,,,,1.2,,22.7,,,,,,server_vit_google_vit-base-patch16-224_interactive_20261009_000548.txt
server_vit_benchmark,20261009_000548,SR630 V4,6740P,L4,google/vit-base-patch16-224,cpu,bfloat16,int8-static,bfloat16-int8-static,interactive,0.1,5,256.00,,PASS,ok,5,16,256.00,15360.00,,30871,257.258,15435.48,3.9,0.0039,,,,,26.8,45.8,58.3,,,,,2.1,,38.0,,,,,,server_vit_google_vit-base-patch16-224_interactive_20261009_000548.txt
server_vit_benchmark,20261009_000548,SR630 V4,6740P,L4,google/vit-base-patch16-224,cpu,bfloat16,int8-static,bfloat16-int8-static,interactive,0.1,5,512.00,,PASS,ok,5,16,512.00,30720.00,,61340,511.167,30670.02,2.0,0.0020,,,,,51.2,88.7,101.0,,,,,6.1,,49.9,,,,,,server_vit_google_vit-base-patch16-224_interactive_20261009_000548.txt
server_vit_benchmark,20261009_000548,SR630 V4,6740P,L4,google/vit-base-patch16-224,cpu,bfloat16,int8-static,bfloat16-int8-static,interactive,0.1,5,608.87,,PASS,ok,5,16,608.87,36532.20,,72941,607.842,36470.52,1.6,0.0016,,,,,60.0,94.9,113.0,,,,,8.4,,51.6,,,,,,server_vit_google_vit-base-patch16-224_interactive_20261009_000548.txt
server_vit_benchmark,20261009_000548,SR630 V4,6740P,L4,google/vit-base-patch16-224,cpu,bfloat16,int8-static,bfloat16-int8-static,interactive,0.1,5,663.98,yes,PASS,ok,5,16,663.98,39838.80,,79408,661.733,39703.98,1.5,0.0015,,,,,75.6,99.3,158.9,,,,,9.5,,52.3,,,,,,server_vit_google_vit-base-patch16-224_interactive_20261009_000548.txt
server_vit_benchmark,20261009_000548,SR630 V4,6740P,L4,google/vit-base-patch16-224,cpu,bfloat16,int8-static,bfloat16-int8-static,interactive,0.1,5,693.38,,FAIL,p95 105.0 ms > 100 ms,5,16,693.38,41602.80,,83006,691.717,41503.02,1.4,0.0014,,,,,79.5,105.0,224.3,,,,,10.2,,52.6,,,,,,server_vit_google_vit-base-patch16-224_interactive_20261009_000548.txt
server_vit_benchmark,20261009_000548,SR630 V4,6740P,L4,google/vit-base-patch16-224,cpu,bfloat16,int8-static,bfloat16-int8-static,interactive,0.1,5,724.08,,FAIL,p95 104.7 ms > 100 ms,5,16,724.08,43444.80,,86797,723.308,43398.48,1.4,0.0014,,,,,82.0,104.7,128.8,,,,,10.7,,53.1,,,,,,server_vit_google_vit-base-patch16-224_interactive_20261009_000548.txt
server_vit_benchmark,20261009_000548,SR630 V4,6740P,L4,google/vit-base-patch16-224,cpu,bfloat16,int8-static,bfloat16-int8-static,interactive,0.1,5,1024.00,,FAIL,p95 31404.3 ms > 100 ms,5,16,1024.00,61440.00,,122837,1023.642,61418.52,1.0,0.0010,,,,,17668.3,31404.3,32273.0,,,,,12.8,,52.7,,,,,,server_vit_google_vit-base-patch16-224_interactive_20261009_000548.txt
server_vit_benchmark,20261009_003227,SR630 V4,6740P,L4,google/vit-base-patch16-224,cpu,bfloat16,int8-static,bfloat16-int8-static,interactive,0.1,5,8.00,,PASS,ok,6,16,8.00,480.00,,903,7.525,451.50,132.9,0.1329,,,,,21.6,24.1,35.4,,,,,1.0,,1.4,,,,,,server_vit_google_vit-base-patch16-224_interactive_20261009_003227.txt
server_vit_benchmark,20261009_003227,SR630 V4,6740P,L4,google/vit-base-patch16-224,cpu,bfloat16,int8-static,bfloat16-int8-static,interactive,0.1,5,16.00,,PASS,ok,6,16,16.00,960.00,,1871,15.592,935.52,64.1,0.0641,,,,,21.7,24.1,36.3,,,,,1.0,,3.0,,,,,,server_vit_google_vit-base-patch16-224_interactive_20261009_003227.txt
server_vit_benchmark,20261009_003227,SR630 V4,6740P,L4,google/vit-base-patch16-224,cpu,bfloat16,int8-static,bfloat16-int8-static,interactive,0.1,5,32.00,,PASS,ok,6,16,32.00,1920.00,,3771,31.425,1885.50,31.8,0.0318,,,,,21.7,24.9,38.7,,,,,1.0,,6.0,,,,,,server_vit_google_vit-base-patch16-224_interactive_20261009_003227.txt
server_vit_benchmark,20261009_003227,SR630 V4,6740P,L4,google/vit-base-patch16-224,cpu,bfloat16,int8-static,bfloat16-int8-static,interactive,0.1,5,64.00,,PASS,ok,6,16,64.00,3840.00,,7722,64.350,3861.00,15.5,0.0155,,,,,22.4,27.2,37.2,,,,,1.0,,12.3,,,,,,server_vit_google_vit-base-patch16-224_interactive_20261009_003227.txt
server_vit_benchmark,20261009_003227,SR630 V4,6740P,L4,google/vit-base-patch16-224,cpu,bfloat16,int8-static,bfloat16-int8-static,interactive,0.1,5,128.00,,PASS,ok,6,16,128.00,7680.00,,15360,128.000,7680.00,7.8,0.0078,,,,,23.1,31.0,44.6,,,,,1.1,,23.7,,,,,,server_vit_google_vit-base-patch16-224_interactive_20261009_003227.txt
server_vit_benchmark,20261009_003227,SR630 V4,6740P,L4,google/vit-base-patch16-224,cpu,bfloat16,int8-static,bfloat16-int8-static,interactive,0.1,5,256.00,,PASS,ok,6,16,256.00,15360.00,,30871,257.258,15435.48,3.9,0.0039,,,,,26.3,42.3,64.1,,,,,1.8,,41.2,,,,,,server_vit_google_vit-base-patch16-224_interactive_20261009_003227.txt
server_vit_benchmark,20261009_003227,SR630 V4,6740P,L4,google/vit-base-patch16-224,cpu,bfloat16,int8-static,bfloat16-int8-static,interactive,0.1,5,512.00,,PASS,ok,6,16,512.00,30720.00,,61340,511.167,30670.02,2.0,0.0020,,,,,50.5,94.8,172.7,,,,,5.0,,54.8,,,,,,server_vit_google_vit-base-patch16-224_interactive_20261009_003227.txt
server_vit_benchmark,20261009_003227,SR630 V4,6740P,L4,google/vit-base-patch16-224,cpu,bfloat16,int8-static,bfloat16-int8-static,interactive,0.1,5,534.67,yes,PASS,ok,6,16,534.67,32080.20,,64081,534.008,32040.48,1.9,0.0019,,,,,54.7,98.4,183.0,,,,,5.5,,55.4,,,,,,server_vit_google_vit-base-patch16-224_interactive_20261009_003227.txt
server_vit_benchmark,20261009_003227,SR630 V4,6740P,L4,google/vit-base-patch16-224,cpu,bfloat16,int8-static,bfloat16-int8-static,interactive,0.1,5,558.34,,FAIL,p95 102.7 ms > 100 ms,6,16,558.34,33500.40,,66950,557.917,33475.02,1.8,0.0018,,,,,58.2,102.7,187.3,,,,,6.0,,55.8,,,,,,server_vit_google_vit-base-patch16-224_interactive_20261009_003227.txt
server_vit_benchmark,20261009_003227,SR630 V4,6740P,L4,google/vit-base-patch16-224,cpu,bfloat16,int8-static,bfloat16-int8-static,interactive,0.1,5,608.87,,FAIL,p95 122.6 ms > 100 ms,6,16,608.87,36532.20,,72941,607.842,36470.52,1.6,0.0016,,,,,68.1,122.6,276.9,,,,,7.1,,56.6,,,,,,server_vit_google_vit-base-patch16-224_interactive_20261009_003227.txt
server_vit_benchmark,20261009_003227,SR630 V4,6740P,L4,google/vit-base-patch16-224,cpu,bfloat16,int8-static,bfloat16-int8-static,interactive,0.1,5,724.08,,FAIL,p95 13335.6 ms > 100 ms,6,16,724.08,43444.80,,86797,723.308,43398.48,1.4,0.0014,,,,,7296.3,13335.6,13740.7,,,,,8.2,,55.6,,,,,,server_vit_google_vit-base-patch16-224_interactive_20261009_003227.txt
server_vit_benchmark,20261009_003227,SR630 V4,6740P,L4,google/vit-base-patch16-224,cpu,bfloat16,int8-static,bfloat16-int8-static,interactive,0.1,5,1024.00,,FAIL,p95 69438.7 ms > 100 ms,6,16,1024.00,61440.00,,122837,1023.642,61418.52,1.0,0.0010,,,,,41606.2,69438.7,71750.0,,,,,8.3,,55.2,,,,,,server_vit_google_vit-base-patch16-224_interactive_20261009_003227.txt
server_vit_benchmark,20261009_010007,SR630 V4,6740P,L4,google/vit-base-patch16-224,cpu,bfloat16,int8-static,bfloat16-int8-static,interactive,0.1,5,8.00,,PASS,ok,7,16,8.00,480.00,,903,7.525,451.50,132.9,0.1329,,,,,21.9,24.0,34.6,,,,,1.0,,1.4,,,,,,server_vit_google_vit-base-patch16-224_interactive_20261009_010007.txt
server_vit_benchmark,20261009_010007,SR630 V4,6740P,L4,google/vit-base-patch16-224,cpu,bfloat16,int8-static,bfloat16-int8-static,interactive,0.1,5,16.00,,PASS,ok,7,16,16.00,960.00,,1871,15.592,935.52,64.1,0.0641,,,,,21.8,24.4,37.5,,,,,1.0,,3.1,,,,,,server_vit_google_vit-base-patch16-224_interactive_20261009_010007.txt
server_vit_benchmark,20261009_010007,SR630 V4,6740P,L4,google/vit-base-patch16-224,cpu,bfloat16,int8-static,bfloat16-int8-static,interactive,0.1,5,32.00,,PASS,ok,7,16,32.00,1920.00,,3771,31.425,1885.50,31.8,0.0318,,,,,21.9,25.0,39.7,,,,,1.0,,6.1,,,,,,server_vit_google_vit-base-patch16-224_interactive_20261009_010007.txt
server_vit_benchmark,20261009_010007,SR630 V4,6740P,L4,google/vit-base-patch16-224,cpu,bfloat16,int8-static,bfloat16-int8-static,interactive,0.1,5,64.00,,PASS,ok,7,16,64.00,3840.00,,7722,64.350,3861.00,15.5,0.0155,,,,,22.2,27.6,36.4,,,,,1.0,,12.4,,,,,,server_vit_google_vit-base-patch16-224_interactive_20261009_010007.txt
server_vit_benchmark,20261009_010007,SR630 V4,6740P,L4,google/vit-base-patch16-224,cpu,bfloat16,int8-static,bfloat16-int8-static,interactive,0.1,5,128.00,,PASS,ok,7,16,128.00,7680.00,,15360,128.000,7680.00,7.8,0.0078,,,,,22.6,29.3,39.7,,,,,1.1,,24.3,,,,,,server_vit_google_vit-base-patch16-224_interactive_20261009_010007.txt
server_vit_benchmark,20261009_010007,SR630 V4,6740P,L4,google/vit-base-patch16-224,cpu,bfloat16,int8-static,bfloat16-int8-static,interactive,0.1,5,256.00,,PASS,ok,7,16,256.00,15360.00,,30871,257.258,15435.48,3.9,0.0039,,,,,24.4,38.3,53.8,,,,,1.5,,43.8,,,,,,server_vit_google_vit-base-patch16-224_interactive_20261009_010007.txt
server_vit_benchmark,20261009_010007,SR630 V4,6740P,L4,google/vit-base-patch16-224,cpu,bfloat16,int8-static,bfloat16-int8-static,interactive,0.1,5,512.00,,PASS,ok,7,16,512.00,30720.00,,61340,511.167,30670.02,2.0,0.0020,,,,,40.0,81.4,105.3,,,,,3.8,,61.4,,,,,,server_vit_google_vit-base-patch16-224_interactive_20261009_010007.txt
server_vit_benchmark,20261009_010007,SR630 V4,6740P,L4,google/vit-base-patch16-224,cpu,bfloat16,int8-static,bfloat16-int8-static,interactive,0.1,5,608.87,yes,PASS,ok,7,16,608.87,36532.20,,72941,607.842,36470.52,1.6,0.0016,,,,,54.0,98.3,179.5,,,,,5.4,,63.7,,,,,,server_vit_google_vit-base-patch16-224_interactive_20261009_010007.txt
server_vit_benchmark,20261009_010007,SR630 V4,6740P,L4,google/vit-base-patch16-224,cpu,bfloat16,int8-static,bfloat16-int8-static,interactive,0.1,5,635.83,,FAIL,p95 101.2 ms > 100 ms,7,16,635.83,38149.80,,76142,634.517,38071.02,1.6,0.0016,,,,,57.8,101.2,160.7,,,,,5.8,,64.3,,,,,,server_vit_google_vit-base-patch16-224_interactive_20261009_010007.txt
server_vit_benchmark,20261009_010007,SR630 V4,6740P,L4,google/vit-base-patch16-224,cpu,bfloat16,int8-static,bfloat16-int8-static,interactive,0.1,5,663.98,,FAIL,p95 108.3 ms > 100 ms,7,16,663.98,39838.80,,79408,661.733,39703.98,1.5,0.0015,,,,,62.4,108.3,166.9,,,,,6.2,,64.8,,,,,,server_vit_google_vit-base-patch16-224_interactive_20261009_010007.txt
server_vit_benchmark,20261009_010007,SR630 V4,6740P,L4,google/vit-base-patch16-224,cpu,bfloat16,int8-static,bfloat16-int8-static,interactive,0.1,5,724.08,,FAIL,p95 413.8 ms > 100 ms,7,16,724.08,43444.80,,86797,723.308,43398.48,1.4,0.0014,,,,,185.3,413.8,577.9,,,,,7.3,,65.2,,,,,,server_vit_google_vit-base-patch16-224_interactive_20261009_010007.txt
server_vit_benchmark,20261009_010007,SR630 V4,6740P,L4,google/vit-base-patch16-224,cpu,bfloat16,int8-static,bfloat16-int8-static,interactive,0.1,5,1024.00,,FAIL,p95 53490.7 ms > 100 ms,7,16,1024.00,61440.00,,122837,1023.642,61418.52,1.0,0.0010,,,,,31390.4,53490.7,55129.0,,,,,7.4,,63.7,,,,,,server_vit_google_vit-base-patch16-224_interactive_20261009_010007.txt
vit_throughput,20260915_215915,SR630 V4,6740P,L4,google/vit-base-patch16-224,cpu,float32,disabled,float32,throughput,,,,,ok,,1,1,,,,,48.3,2898.00,20.685,0.0207,,,20.66,,,,,,,,,,,24.0,,,337.4,337.4,0.14,vit_throughput_google_vit-base-patch16-224_float32_20260915_215915.txt
vit_throughput,20260915_215915,SR630 V4,6740P,L4,google/vit-base-patch16-224,cpu,float32,disabled,float32,throughput,,,,,ok,,1,4,,,,,65.6,3936.00,15.246,0.0152,,,63.08,,,,,,,,,,,24.0,,,358.1,358.1,0.18,vit_throughput_google_vit-base-patch16-224_float32_20260915_215915.txt
vit_throughput,20260915_215915,SR630 V4,6740P,L4,google/vit-base-patch16-224,cpu,float32,disabled,float32,throughput,,,,,ok,,1,8,,,,,75.3,4518.00,13.282,0.0133,,,106.37,,,,,,,,,,,24.0,,,361.4,361.4,0.21,vit_throughput_google_vit-base-patch16-224_float32_20260915_215915.txt
vit_throughput,20260915_215915,SR630 V4,6740P,L4,google/vit-base-patch16-224,cpu,float32,disabled,float32,throughput,,,,,ok,,1,16,,,,,77.4,4644.00,12.928,0.0129,,,206.06,,,,,,,,,,,24.0,,,360.0,360.0,0.21,vit_throughput_google_vit-base-patch16-224_float32_20260915_215915.txt
vit_throughput,20260915_215915,SR630 V4,6740P,L4,google/vit-base-patch16-224,cpu,float32,disabled,float32,throughput,,,,,ok,,1,32,,,,,75.3,4518.00,13.287,0.0133,,,429.27,,,,,,,,,,,23.5,,,357.1,357.1,0.21,vit_throughput_google_vit-base-patch16-224_float32_20260915_215915.txt
vit_throughput,20260915_215915,SR630 V4,6740P,L4,google/vit-base-patch16-224,cpu,float32,disabled,float32,throughput,,,,,ok,,2,1,,,,,89.0,5340.00,22.475,0.0112,,,22.48,,,,,,,,,,,48.0,,,2567.6,2567.6,0.03,vit_throughput_google_vit-base-patch16-224_float32_20260915_215915.txt
vit_throughput,20260915_215915,SR630 V4,6740P,L4,google/vit-base-patch16-224,cpu,float32,disabled,float32,throughput,,,,,ok,,2,4,,,,,118.8,7128.00,16.840,0.0084,,,67.57,,,,,,,,,,,48.0,,,386.4,386.4,0.31,vit_throughput_google_vit-base-patch16-224_float32_20260915_215915.txt
vit_throughput,20260915_215915,SR630 V4,6740P,L4,google/vit-base-patch16-224,cpu,float32,disabled,float32,throughput,,,,,ok,,2,8,,,,,133.2,7992.00,15.010,0.0075,,,122.03,,,,,,,,,,,48.0,,,386.4,386.4,0.34,vit_throughput_google_vit-base-patch16-224_float32_20260915_215915.txt
vit_throughput,20260915_215915,SR630 V4,6740P,L4,google/vit-base-patch16-224,cpu,float32,disabled,float32,throughput,,,,,ok,,2,16,,,,,133.1,7986.00,15.029,0.0075,,,242.34,,,,,,,,,,,47.9,,,386.3,386.3,0.34,vit_throughput_google_vit-base-patch16-224_float32_20260915_215915.txt
vit_throughput,20260915_215915,SR630 V4,6740P,L4,google/vit-base-patch16-224,cpu,float32,disabled,float32,throughput,,,,yes,ok,,2,32,,,,,134.4,8064.00,14.877,0.0074,,,479.08,,,,,,,,,,,47.1,,,386.3,386.3,0.35,vit_throughput_google_vit-base-patch16-224_float32_20260915_215915.txt
vit_throughput,20260915_192059,SR630 V4,6740P,L4,google/vit-base-patch16-224,cuda,bfloat16,disabled,bfloat16,throughput,,,,,ok,,1,1,,,,,580.4,34824.00,1.723,0.0017,,,0.37,2.02,,,,,,,,,,1.0,99.9,72.0,260.3,332.3,1.75,vit_throughput_google_vit-base-patch16-224_bfloat16_20260915_192059.txt
vit_throughput,20260915_192059,SR630 V4,6740P,L4,google/vit-base-patch16-224,cuda,bfloat16,disabled,bfloat16,throughput,,,,,ok,,1,4,,,,,1016.8,61008.00,0.983,0.0010,,,0.38,4.20,,,,,,,,,,1.0,100.0,72.0,260.4,332.4,3.06,vit_throughput_google_vit-base-patch16-224_bfloat16_20260915_192059.txt
vit_throughput,20260915_192059,SR630 V4,6740P,L4,google/vit-base-patch16-224,cuda,bfloat16,disabled,bfloat16,throughput,,,,,ok,,1,8,,,,,1046.5,62790.00,0.956,0.0010,,,0.40,7.81,,,,,,,,,,1.0,100.0,71.9,260.2,332.1,3.15,vit_throughput_google_vit-base-patch16-224_bfloat16_20260915_192059.txt
vit_throughput,20260915_192059,SR630 V4,6740P,L4,google/vit-base-patch16-224,cuda,bfloat16,disabled,bfloat16,throughput,,,,yes,ok,,1,16,,,,,1056.5,63390.00,0.947,0.0009,,,0.40,15.25,,,,,,,,,,1.0,100.0,72.1,260.2,332.3,3.18,vit_throughput_google_vit-base-patch16-224_bfloat16_20260915_192059.txt
vit_throughput,20260915_192059,SR630 V4,6740P,L4,google/vit-base-patch16-224,cuda,bfloat16,disabled,bfloat16,throughput,,,,,ok,,1,32,,,,,1050.8,63048.00,0.952,0.0010,,,0.37,30.83,,,,,,,,,,1.0,100.0,72.1,260.2,332.3,3.16,vit_throughput_google_vit-base-patch16-224_bfloat16_20260915_192059.txt
vit_throughput,20260916_024131,SR630 V4,6740P,L4,google/vit-base-patch16-224,cuda,bfloat16,disabled,bfloat16,throughput,,,,yes,ok,,1,32,,,,,1016.5,60990.00,0.984,0.0010,,,2.19,31.16,,,,,,,,,,1.0,99.9,71.9,260.1,332.0,3.06,vit_throughput_google_vit-base-patch16-224_bfloat16_20260916_024131.txt
vit_throughput,20260915_192059,SR630 V4,6740P,L4,google/vit-base-patch16-224,cuda,bfloat16,disabled,bfloat16,throughput,,,,,ok,,1,64,,,,,963.6,57816.00,1.038,0.0010,,,0.41,66.43,,,,,,,,,,1.0,100.0,72.0,260.2,332.2,2.90,vit_throughput_google_vit-base-patch16-224_bfloat16_20260915_192059.txt
vit_throughput,20260915_192059,SR630 V4,6740P,L4,google/vit-base-patch16-224,cuda,bfloat16,fp8,bfloat16-fp8,throughput,,,,,ok,,1,1,,,,,717.6,43056.00,1.394,0.0014,,,0.72,2.04,,,,,,,,,,1.0,99.8,71.8,260.1,331.9,2.16,vit_throughput_google_vit-base-patch16-224_bfloat16-fp8_20260915_192059.txt
vit_throughput,20260915_192059,SR630 V4,6740P,L4,google/vit-base-patch16-224,cuda,bfloat16,fp8,bfloat16-fp8,throughput,,,,,ok,,1,4,,,,,1200.2,72012.00,0.833,0.0008,,,0.76,3.94,,,,,,,,,,1.0,100.0,71.3,260.1,331.4,3.62,vit_throughput_google_vit-base-patch16-224_bfloat16-fp8_20260915_192059.txt
vit_throughput,20260915_192059,SR630 V4,6740P,L4,google/vit-base-patch16-224,cuda,bfloat16,fp8,bfloat16-fp8,throughput,,,,,ok,,1,8,,,,,1328.5,79710.00,0.753,0.0008,,,0.75,6.60,,,,,,,,,,1.0,100.0,72.0,260.1,332.1,4.00,vit_throughput_google_vit-base-patch16-224_bfloat16-fp8_20260915_192059.txt
vit_throughput,20260915_192059,SR630 V4,6740P,L4,google/vit-base-patch16-224,cuda,bfloat16,fp8,bfloat16-fp8,throughput,,,,yes,ok,,1,16,,,,,1382.0,82920.00,0.724,0.0007,,,0.75,11.78,,,,,,,,,,1.0,100.0,72.0,260.2,332.2,4.16,vit_throughput_google_vit-base-patch16-224_bfloat16-fp8_20260915_192059.txt
vit_throughput,20260915_192059,SR630 V4,6740P,L4,google/vit-base-patch16-224,cuda,bfloat16,fp8,bfloat16-fp8,throughput,,,,,ok,,1,32,,,,,1344.5,80670.00,0.744,0.0007,,,0.76,24.13,,,,,,,,,,1.0,100.0,72.0,2375.1,2447.1,0.55,vit_throughput_google_vit-base-patch16-224_bfloat16-fp8_20260915_192059.txt
vit_throughput,20260915_192059,SR630 V4,6740P,L4,google/vit-base-patch16-224,cuda,bfloat16,fp8,bfloat16-fp8,throughput,,,,,ok,,1,64,,,,,1171.8,70308.00,0.853,0.0009,,,0.77,54.46,,,,,,,,,,1.0,100.0,71.8,260.4,332.2,3.53,vit_throughput_google_vit-base-patch16-224_bfloat16-fp8_20260915_192059.txt
vit_throughput,20260915_192059,SR630 V4,6740P,L4,google/vit-base-patch16-224,cuda,bfloat16,int8,bfloat16-int8,throughput,,,,,ok,,1,1,,,,,699.3,41958.00,1.430,0.0014,,,0.80,2.13,,,,,,,,,,1.0,100.0,71.8,2441.6,2513.4,0.28,vit_throughput_google_vit-base-patch16-224_bfloat16-int8_20260915_192059.txt
vit_throughput,20260915_192059,SR630 V4,6740P,L4,google/vit-base-patch16-224,cuda,bfloat16,int8,bfloat16-int8,throughput,,,,,ok,,1,4,,,,,1041.0,62460.00,0.961,0.0010,,,0.80,4.56,,,,,,,,,,1.0,100.0,72.0,260.4,332.4,3.13,vit_throughput_google_vit-base-patch16-224_bfloat16-int8_20260915_192059.txt
vit_throughput,20260915_192059,SR630 V4,6740P,L4,google/vit-base-patch16-224,cuda,bfloat16,int8,bfloat16-int8,throughput,,,,yes,ok,,1,8,,,,,1086.5,65190.00,0.920,0.0009,,,0.80,7.69,,,,,,,,,,1.0,100.0,72.0,260.4,332.4,3.27,vit_throughput_google_vit-base-patch16-224_bfloat16-int8_20260915_192059.txt
vit_throughput,20260915_192059,SR630 V4,6740P,L4,google/vit-base-patch16-224,cuda,bfloat16,int8,bfloat16-int8,throughput,,,,,ok,,1,16,,,,,1083.5,65010.00,0.923,0.0009,,,0.81,15.25,,,,,,,,,,1.0,100.0,71.9,260.5,332.4,3.26,vit_throughput_google_vit-base-patch16-224_bfloat16-int8_20260915_192059.txt
vit_throughput,20260915_192059,SR630 V4,6740P,L4,google/vit-base-patch16-224,cuda,bfloat16,int8,bfloat16-int8,throughput,,,,,ok,,1,32,,,,,969.8,58188.00,1.031,0.0010,,,0.80,33.49,,,,,,,,,,1.0,100.0,72.0,260.4,332.4,2.92,vit_throughput_google_vit-base-patch16-224_bfloat16-int8_20260915_192059.txt
vit_throughput,20260915_192059,SR630 V4,6740P,L4,google/vit-base-patch16-224,cuda,bfloat16,int8,bfloat16-int8,throughput,,,,,ok,,1,64,,,,,910.9,54654.00,1.098,0.0011,,,0.80,70.89,,,,,,,,,,1.0,100.0,72.0,260.3,332.3,2.74,vit_throughput_google_vit-base-patch16-224_bfloat16-int8_20260915_192059.txt
vit_throughput,20260915_215915,SR630 V4,6740P,L4,google/vit-large-patch16-224,cpu,bfloat16,disabled,bfloat16,throughput,,,,,ok,,1,1,,,,,4.6,276.00,216.738,0.2174,,,216.72,,,,,,,,,,,22.3,,,287.3,287.3,0.02,vit_throughput_google_vit-large-patch16-224_bfloat16_20260915_215915.txt
vit_throughput,20260915_215915,SR630 V4,6740P,L4,google/vit-large-patch16-224,cpu,bfloat16,disabled,bfloat16,throughput,,,,,ok,,1,4,,,,,44.4,2664.00,22.514,0.0225,,,86.03,,,,,,,,,,,23.6,,,316.2,316.2,0.14,vit_throughput_google_vit-large-patch16-224_bfloat16_20260915_215915.txt
vit_throughput,20260915_215915,SR630 V4,6740P,L4,google/vit-large-patch16-224,cpu,bfloat16,disabled,bfloat16,throughput,,,,,ok,,1,8,,,,,61.3,3678.00,16.326,0.0163,,,126.57,,,,,,,,,,,23.6,,,2488.6,2488.6,0.02,vit_throughput_google_vit-large-patch16-224_bfloat16_20260915_215915.txt
vit_throughput,20260915_215915,SR630 V4,6740P,L4,google/vit-large-patch16-224,cpu,bfloat16,disabled,bfloat16,throughput,,,,,ok,,1,16,,,,,60.0,3600.00,16.669,0.0167,,,254.04,,,,,,,,,,,23.9,,,324.5,324.5,0.18,vit_throughput_google_vit-large-patch16-224_bfloat16_20260915_215915.txt
vit_throughput,20260915_215915,SR630 V4,6740P,L4,google/vit-large-patch16-224,cpu,bfloat16,disabled,bfloat16,throughput,,,,,ok,,1,32,,,,,70.8,4248.00,14.134,0.0141,,,453.08,,,,,,,,,,,23.9,,,328.0,328.0,0.22,vit_throughput_google_vit-large-patch16-224_bfloat16_20260915_215915.txt
vit_throughput,20260915_215915,SR630 V4,6740P,L4,google/vit-large-patch16-224,cpu,bfloat16,disabled,bfloat16,throughput,,,,,ok,,2,1,,,,,8.3,498.00,239.908,0.1205,,,233.48,,,,,,,,,,,44.2,,,317.9,317.9,0.03,vit_throughput_google_vit-large-patch16-224_bfloat16_20260915_215915.txt
vit_throughput,20260915_215915,SR630 V4,6740P,L4,google/vit-large-patch16-224,cpu,bfloat16,disabled,bfloat16,throughput,,,,,ok,,2,4,,,,,81.9,4914.00,24.432,0.0122,,,86.73,,,,,,,,,,,47.1,,,368.6,368.6,0.22,vit_throughput_google_vit-large-patch16-224_bfloat16_20260915_215915.txt
vit_throughput,20260915_215915,SR630 V4,6740P,L4,google/vit-large-patch16-224,cpu,bfloat16,disabled,bfloat16,throughput,,,,,ok,,2,8,,,,,103.6,6216.00,19.309,0.0097,,,152.39,,,,,,,,,,,46.9,,,377.9,377.9,0.27,vit_throughput_google_vit-large-patch16-224_bfloat16_20260915_215915.txt
vit_throughput,20260915_215915,SR630 V4,6740P,L4,google/vit-large-patch16-224,cpu,bfloat16,disabled,bfloat16,throughput,,,,yes,ok,,2,16,,,,,125.4,7524.00,15.949,0.0080,,,243.60,,,,,,,,,,,47.6,,,385.5,385.5,0.33,vit_throughput_google_vit-large-patch16-224_bfloat16_20260915_215915.txt
server_vit_benchmark,20261008_071519,SR630 V4,6740P,L4,google/vit-large-patch16-224,cpu,bfloat16,disabled,bfloat16,interactive,0.1,5,8.00,,PASS,ok,2,16,8.00,480.00,,903,7.525,451.50,132.9,0.1329,,,,,50.7,63.8,81.4,,,,,1.0,,5.3,,,,,,server_vit_google_vit-large-patch16-224_interactive_20261008_071519.txt
server_vit_benchmark,20261008_071519,SR630 V4,6740P,L4,google/vit-large-patch16-224,cpu,bfloat16,disabled,bfloat16,interactive,0.1,5,16.00,,PASS,ok,2,16,16.00,960.00,,1871,15.592,935.52,64.1,0.0641,,,,,50.8,80.9,162.5,,,,,1.1,,10.8,,,,,,server_vit_google_vit-large-patch16-224_interactive_20261008_071519.txt
server_vit_benchmark,20261008_071519,SR630 V4,6740P,L4,google/vit-large-patch16-224,cpu,bfloat16,disabled,bfloat16,interactive,0.1,5,22.63,yes,PASS,ok,2,16,22.63,1357.80,,2674,22.283,1336.98,44.9,0.0449,,,,,51.2,98.7,195.4,,,,,1.3,,15.0,,,,,,server_vit_google_vit-large-patch16-224_interactive_20261008_071519.txt
server_vit_benchmark,20261008_071519,SR630 V4,6740P,L4,google/vit-large-patch16-224,cpu,bfloat16,disabled,bfloat16,interactive,0.1,5,23.63,,FAIL,p95 187.7 ms > 100 ms,2,16,23.63,1417.80,,2788,23.233,1393.98,43.0,0.0430,,,,,51.0,187.7,241.4,,,,,1.4,,16.8,,,,,,server_vit_google_vit-large-patch16-224_interactive_20261008_071519.txt
server_vit_benchmark,20261008_071519,SR630 V4,6740P,L4,google/vit-large-patch16-224,cpu,bfloat16,disabled,bfloat16,interactive,0.1,5,24.68,,FAIL,p95 199.2 ms > 100 ms,2,16,24.68,1480.80,,2887,24.058,1443.48,41.6,0.0416,,,,,51.2,199.2,250.6,,,,,1.5,,17.3,,,,,,server_vit_google_vit-large-patch16-224_interactive_20261008_071519.txt
server_vit_benchmark,20261008_071519,SR630 V4,6740P,L4,google/vit-large-patch16-224,cpu,bfloat16,disabled,bfloat16,interactive,0.1,5,26.91,,FAIL,p95 220.2 ms > 100 ms,2,16,26.91,1614.60,,3158,26.317,1579.02,38.0,0.0380,,,,,52.4,220.2,292.6,,,,,1.6,,18.9,,,,,,server_vit_google_vit-large-patch16-224_interactive_20261008_071519.txt
server_vit_benchmark,20261008_071519,SR630 V4,6740P,L4,google/vit-large-patch16-224,cpu,bfloat16,disabled,bfloat16,interactive,0.1,5,32.00,,FAIL,p95 205.6 ms > 100 ms,2,16,32.00,1920.00,,3771,31.425,1885.50,31.8,0.0318,,,,,60.1,205.6,245.8,,,,,1.7,,20.3,,,,,,server_vit_google_vit-large-patch16-224_interactive_20261008_071519.txt
vit_throughput,20260915_215915,SR630 V4,6740P,L4,google/vit-large-patch16-224,cpu,bfloat16,disabled,bfloat16,throughput,,,,,ok,,2,32,,,,,118.8,7128.00,16.829,0.0084,,,522.17,,,,,,,,,,,46.5,,,383.1,383.1,0.31,vit_throughput_google_vit-large-patch16-224_bfloat16_20260915_215915.txt
server_vit_benchmark,20261008_073007,SR630 V4,6740P,L4,google/vit-large-patch16-224,cpu,bfloat16,disabled,bfloat16,interactive,0.1,5,8.00,,PASS,ok,3,16,8.00,480.00,,903,7.525,451.50,132.9,0.1329,,,,,51.1,58.2,68.5,,,,,1.0,,5.5,,,,,,server_vit_google_vit-large-patch16-224_interactive_20261008_073007.txt
server_vit_benchmark,20261008_073007,SR630 V4,6740P,L4,google/vit-large-patch16-224,cpu,bfloat16,disabled,bfloat16,interactive,0.1,5,16.00,,PASS,ok,3,16,16.00,960.00,,1871,15.592,935.52,64.1,0.0641,,,,,51.0,63.5,83.9,,,,,1.0,,11.1,,,,,,server_vit_google_vit-large-patch16-224_interactive_20261008_073007.txt
server_vit_benchmark,20261008_073007,SR630 V4,6740P,L4,google/vit-large-patch16-224,cpu,bfloat16,disabled,bfloat16,interactive,0.1,5,32.00,yes,PASS,ok,3,16,32.00,1920.00,,3771,31.425,1885.50,31.8,0.0318,,,,,51.6,92.3,186.4,,,,,1.2,,21.8,,,,,,server_vit_google_vit-large-patch16-224_interactive_20261008_073007.txt
server_vit_benchmark,20261008_073007,SR630 V4,6740P,L4,google/vit-large-patch16-224,cpu,bfloat16,disabled,bfloat16,interactive,0.1,5,33.42,,FAIL,p95 134.3 ms > 100 ms,3,16,33.42,2005.20,,3963,33.025,1981.50,30.3,0.0303,,,,,51.9,134.3,211.8,,,,,1.3,,23.4,,,,,,server_vit_google_vit-large-patch16-224_interactive_20261008_073007.txt
server_vit_benchmark,20261008_073007,SR630 V4,6740P,L4,google/vit-large-patch16-224,cpu,bfloat16,disabled,bfloat16,interactive,0.1,5,34.90,,FAIL,p95 136.4 ms > 100 ms,3,16,34.90,2094.00,,4146,34.550,2073.00,28.9,0.0289,,,,,52.1,136.4,221.0,,,,,1.3,,24.6,,,,,,server_vit_google_vit-large-patch16-224_interactive_20261008_073007.txt
server_vit_benchmark,20261008_073007,SR630 V4,6740P,L4,google/vit-large-patch16-224,cpu,bfloat16,disabled,bfloat16,interactive,0.1,5,38.05,,FAIL,p95 147.3 ms > 100 ms,3,16,38.05,2283.00,,4564,38.033,2281.98,26.3,0.0263,,,,,52.5,147.3,225.4,,,,,1.4,,26.8,,,,,,server_vit_google_vit-large-patch16-224_interactive_20261008_073007.txt
server_vit_benchmark,20261008_073007,SR630 V4,6740P,L4,google/vit-large-patch16-224,cpu,bfloat16,disabled,bfloat16,interactive,0.1,5,45.25,,FAIL,p95 184.2 ms > 100 ms,3,16,45.25,2715.00,,5438,45.317,2719.02,22.1,0.0221,,,,,54.0,184.2,231.4,,,,,1.7,,31.2,,,,,,server_vit_google_vit-large-patch16-224_interactive_20261008_073007.txt
server_vit_benchmark,20261008_073007,SR630 V4,6740P,L4,google/vit-large-patch16-224,cpu,bfloat16,disabled,bfloat16,interactive,0.1,5,64.00,,FAIL,p95 255.2 ms > 100 ms,3,16,64.00,3840.00,,7722,64.350,3861.00,15.5,0.0155,,,,,101.7,255.2,382.0,,,,,3.2,,40.7,,,,,,server_vit_google_vit-large-patch16-224_interactive_20261008_073007.txt
server_vit_benchmark,20261008_074659,SR630 V4,6740P,L4,google/vit-large-patch16-224,cpu,bfloat16,disabled,bfloat16,interactive,0.1,5,8.00,,PASS,ok,4,16,8.00,480.00,,903,7.525,451.50,132.9,0.1329,,,,,51.2,57.4,68.9,,,,,1.0,,5.5,,,,,,server_vit_google_vit-large-patch16-224_interactive_20261008_074659.txt
server_vit_benchmark,20261008_074659,SR630 V4,6740P,L4,google/vit-large-patch16-224,cpu,bfloat16,disabled,bfloat16,interactive,0.1,5,16.00,,PASS,ok,4,16,16.00,960.00,,1871,15.592,935.52,64.1,0.0641,,,,,50.9,56.0,68.3,,,,,1.0,,11.2,,,,,,server_vit_google_vit-large-patch16-224_interactive_20261008_074659.txt
server_vit_benchmark,20261008_074659,SR630 V4,6740P,L4,google/vit-large-patch16-224,cpu,bfloat16,disabled,bfloat16,interactive,0.1,5,22.63,,PASS,ok,4,16,22.63,1357.80,,2674,22.283,1336.98,44.9,0.0449,,,,,51.3,59.1,125.9,,,,,1.0,,16.1,,,,,,server_vit_google_vit-large-patch16-224_interactive_20261008_074659.txt
server_vit_benchmark,20261008_074659,SR630 V4,6740P,L4,google/vit-large-patch16-224,cpu,bfloat16,disabled,bfloat16,interactive,0.1,5,26.91,,PASS,ok,4,16,26.91,1614.60,,3158,26.317,1579.02,38.0,0.0380,,,,,51.3,63.5,143.0,,,,,1.0,,19.0,,,,,,server_vit_google_vit-large-patch16-224_interactive_20261008_074659.txt
server_vit_benchmark,20261008_074659,SR630 V4,6740P,L4,google/vit-large-patch16-224,cpu,bfloat16,disabled,bfloat16,interactive,0.1,5,29.34,,PASS,ok,4,16,29.34,1760.40,,3456,28.800,1728.00,34.7,0.0347,,,,,51.9,73.8,166.2,,,,,1.1,,21.1,,,,,,server_vit_google_vit-large-patch16-224_interactive_20261008_074659.txt
server_vit_benchmark,20261008_074659,SR630 V4,6740P,L4,google/vit-large-patch16-224,cpu,bfloat16,disabled,bfloat16,interactive,0.1,5,30.64,yes,PASS,ok,4,16,30.64,1838.40,,3607,30.058,1803.48,33.3,0.0333,,,,,52.2,78.2,169.9,,,,,1.1,,22.1,,,,,,server_vit_google_vit-large-patch16-224_interactive_20261008_074659.txt
server_vit_benchmark,20261008_074659,SR630 V4,6740P,L4,google/vit-large-patch16-224,cpu,bfloat16,disabled,bfloat16,interactive,0.1,5,32.00,,FAIL,p95 103.4 ms > 100 ms,4,16,32.00,1920.00,,3771,31.425,1885.50,31.8,0.0318,,,,,51.5,103.4,178.0,,,,,1.1,,23.0,,,,,,server_vit_google_vit-large-patch16-224_interactive_20261008_074659.txt
server_vit_benchmark,20261008_080146,SR630 V4,6740P,L4,google/vit-large-patch16-224,cpu,bfloat16,disabled,bfloat16,interactive,0.1,5,8.00,,PASS,ok,5,16,8.00,480.00,,903,7.525,451.50,132.9,0.1329,,,,,51.0,58.0,69.4,,,,,1.0,,5.5,,,,,,server_vit_google_vit-large-patch16-224_interactive_20261008_080146.txt
server_vit_benchmark,20261008_080146,SR630 V4,6740P,L4,google/vit-large-patch16-224,cpu,bfloat16,disabled,bfloat16,interactive,0.1,5,16.00,,PASS,ok,5,16,16.00,960.00,,1871,15.592,935.52,64.1,0.0641,,,,,51.4,55.4,68.7,,,,,1.0,,11.5,,,,,,server_vit_google_vit-large-patch16-224_interactive_20261008_080146.txt
server_vit_benchmark,20261008_080146,SR630 V4,6740P,L4,google/vit-large-patch16-224,cpu,bfloat16,disabled,bfloat16,interactive,0.1,5,32.00,,PASS,ok,5,16,32.00,1920.00,,3771,31.425,1885.50,31.8,0.0318,,,,,51.9,60.9,134.5,,,,,1.0,,23.0,,,,,,server_vit_google_vit-large-patch16-224_interactive_20261008_080146.txt
server_vit_benchmark,20261008_080146,SR630 V4,6740P,L4,google/vit-large-patch16-224,cpu,bfloat16,disabled,bfloat16,interactive,0.1,5,45.25,,PASS,ok,5,16,45.25,2715.00,,5438,45.317,2719.02,22.1,0.0221,,,,,52.0,74.2,170.0,,,,,1.1,,32.8,,,,,,server_vit_google_vit-large-patch16-224_interactive_20261008_080146.txt
server_vit_benchmark,20261008_080146,SR630 V4,6740P,L4,google/vit-large-patch16-224,cpu,bfloat16,disabled,bfloat16,interactive,0.1,5,49.35,,PASS,ok,5,16,49.35,2961.00,,5928,49.400,2964.00,20.2,0.0202,,,,,52.5,76.9,176.5,,,,,1.1,,35.9,,,,,,server_vit_google_vit-large-patch16-224_interactive_20261008_080146.txt
server_vit_benchmark,20261008_080146,SR630 V4,6740P,L4,google/vit-large-patch16-224,cpu,bfloat16,disabled,bfloat16,interactive,0.1,5,51.54,yes,PASS,ok,5,16,51.54,3092.40,,6187,51.558,3093.48,19.4,0.0194,,,,,52.6,77.3,173.7,,,,,1.1,,37.4,,,,,,server_vit_google_vit-large-patch16-224_interactive_20261008_080146.txt
server_vit_benchmark,20261008_080146,SR630 V4,6740P,L4,google/vit-large-patch16-224,cpu,bfloat16,disabled,bfloat16,interactive,0.1,5,53.82,,FAIL,p95 105.2 ms > 100 ms,5,16,53.82,3229.20,,6442,53.683,3220.98,18.6,0.0186,,,,,52.5,105.2,182.7,,,,,1.2,,38.7,,,,,,server_vit_google_vit-large-patch16-224_interactive_20261008_080146.txt
server_vit_benchmark,20261008_080146,SR630 V4,6740P,L4,google/vit-large-patch16-224,cpu,bfloat16,disabled,bfloat16,interactive,0.1,5,64.00,,FAIL,p95 176.7 ms > 100 ms,5,16,64.00,3840.00,,7722,64.350,3861.00,15.5,0.0155,,,,,52.5,176.7,224.8,,,,,1.4,,46.7,,,,,,server_vit_google_vit-large-patch16-224_interactive_20261008_080146.txt
server_vit_benchmark,20261009_103012,SR630 V4,6740P,L4,google/vit-large-patch16-224,cpu,bfloat16,disabled,bfloat16,interactive,0.1,5,0.50,,PASS,ok,6,8,0.50,30.00,,67,0.558,33.48,1792.1,1.7921,,,,,51.6,59.0,121.9,,,,,1.0,,0.4,,,,,,server_vit_google_vit-large-patch16-224_interactive_20261009_103012.txt
server_vit_benchmark,20261009_103012,SR630 V4,6740P,L4,google/vit-large-patch16-224,cpu,bfloat16,disabled,bfloat16,interactive,0.1,5,0.71,,PASS,ok,6,8,0.71,42.60,,91,0.758,45.48,1319.3,1.3193,,,,,51.6,61.4,83.8,,,,,1.0,,0.6,,,,,,server_vit_google_vit-large-patch16-224_interactive_20261009_103012.txt
server_vit_benchmark,20261009_103012,SR630 V4,6740P,L4,google/vit-large-patch16-224,cpu,bfloat16,disabled,bfloat16,interactive,0.1,5,0.84,,PASS,ok,6,8,0.84,50.40,,103,0.858,51.48,1165.5,1.1655,,,,,51.5,55.2,62.1,,,,,1.0,,0.6,,,,,,server_vit_google_vit-large-patch16-224_interactive_20261009_103012.txt
server_vit_benchmark,20261009_103012,SR630 V4,6740P,L4,google/vit-large-patch16-224,cpu,bfloat16,disabled,bfloat16,interactive,0.1,5,0.92,,PASS,ok,6,8,0.92,55.20,,109,0.908,54.48,1101.3,1.1013,,,,,51.9,91.1,201.0,,,,,1.0,,0.8,,,,,,server_vit_google_vit-large-patch16-224_interactive_20261009_103012.txt
server_vit_benchmark,20261009_103012,SR630 V4,6740P,L4,google/vit-large-patch16-224,cpu,bfloat16,disabled,bfloat16,interactive,0.1,5,0.96,yes,PASS,ok,6,8,0.96,57.60,,114,0.950,57.00,1052.6,1.0526,,,,,52.3,90.0,209.2,,,,,1.0,,0.8,,,,,,server_vit_google_vit-large-patch16-224_interactive_20261009_103012.txt
server_vit_benchmark,20261009_103012,SR630 V4,6740P,L4,google/vit-large-patch16-224,cpu,bfloat16,disabled,bfloat16,interactive,0.1,5,1.00,,FAIL,p95 147.9 ms > 100 ms,6,8,1.00,60.00,,121,1.008,60.48,992.1,0.9921,,,,,52.7,147.9,287.5,,,,,1.0,,1.0,,,,,,server_vit_google_vit-large-patch16-224_interactive_20261009_103012.txt
server_vit_benchmark,20261009_103012,SR630 V4,6740P,L4,google/vit-large-patch16-224,cpu,bfloat16,disabled,bfloat16,interactive,0.1,5,2.00,,FAIL,p95 119.5 ms > 100 ms,6,8,2.00,120.00,,226,1.883,112.98,531.1,0.5311,,,,,52.8,119.5,227.9,,,,,1.0,,1.6,,,,,,server_vit_google_vit-large-patch16-224_interactive_20261009_103012.txt
server_vit_benchmark,20261009_103012,SR630 V4,6740P,L4,google/vit-large-patch16-224,cpu,bfloat16,disabled,bfloat16,interactive,0.1,5,4.00,,FAIL,p95 170.0 ms > 100 ms,6,8,4.00,240.00,,456,3.800,228.00,263.2,0.2632,,,,,55.7,170.0,294.4,,,,,1.0,,3.8,,,,,,server_vit_google_vit-large-patch16-224_interactive_20261009_103012.txt
server_vit_benchmark,20261009_103012,SR630 V4,6740P,L4,google/vit-large-patch16-224,cpu,bfloat16,disabled,bfloat16,interactive,0.1,5,8.00,,FAIL,p95 200.0 ms > 100 ms,6,8,8.00,480.00,,903,7.525,451.50,132.9,0.1329,,,,,54.6,200.0,400.9,,,,,1.0,,7.9,,,,,,server_vit_google_vit-large-patch16-224_interactive_20261009_103012.txt
vit_throughput,20260915_215915,SR630 V4,6740P,L4,google/vit-large-patch16-224,cpu,bfloat16,int8,bfloat16-int8,throughput,,,,,ok,,1,1,,,,,36.2,2172.00,27.622,0.0276,,,27.59,,,,,,,,,,,24.0,,,312.7,312.7,0.12,vit_throughput_google_vit-large-patch16-224_bfloat16-int8_20260915_215915.txt
vit_throughput,20260915_215915,SR630 V4,6740P,L4,google/vit-large-patch16-224,cpu,bfloat16,int8,bfloat16-int8,throughput,,,,,ok,,1,4,,,,,65.2,3912.00,15.344,0.0153,,,61.20,,,,,,,,,,,23.6,,,325.2,325.2,0.20,vit_throughput_google_vit-large-patch16-224_bfloat16-int8_20260915_215915.txt
vit_throughput,20260915_215915,SR630 V4,6740P,L4,google/vit-large-patch16-224,cpu,bfloat16,int8,bfloat16-int8,throughput,,,,,ok,,1,8,,,,,77.4,4644.00,12.917,0.0129,,,103.35,,,,,,,,,,,23.8,,,328.0,328.0,0.24,vit_throughput_google_vit-large-patch16-224_bfloat16-int8_20260915_215915.txt
vit_throughput,20260915_215915,SR630 V4,6740P,L4,google/vit-large-patch16-224,cpu,bfloat16,int8,bfloat16-int8,throughput,,,,,ok,,1,16,,,,,89.6,5376.00,11.165,0.0112,,,178.64,,,,,,,,,,,23.9,,,333.2,333.2,0.27,vit_throughput_google_vit-large-patch16-224_bfloat16-int8_20260915_215915.txt
vit_throughput,20260915_215915,SR630 V4,6740P,L4,google/vit-large-patch16-224,cpu,bfloat16,int8,bfloat16-int8,throughput,,,,,ok,,1,32,,,,,67.6,4056.00,14.789,0.0148,,,472.13,,,,,,,,,,,24.0,,,326.2,326.2,0.21,vit_throughput_google_vit-large-patch16-224_bfloat16-int8_20260915_215915.txt
vit_throughput,20260915_215915,SR630 V4,6740P,L4,google/vit-large-patch16-224,cpu,bfloat16,int8,bfloat16-int8,throughput,,,,,ok,,2,1,,,,,66.4,3984.00,30.139,0.0151,,,30.17,,,,,,,,,,,48.0,,,369.7,369.7,0.18,vit_throughput_google_vit-large-patch16-224_bfloat16-int8_20260915_215915.txt
vit_throughput,20260915_215915,SR630 V4,6740P,L4,google/vit-large-patch16-224,cpu,bfloat16,int8,bfloat16-int8,throughput,,,,,ok,,2,4,,,,,127.0,7620.00,15.746,0.0079,,,62.68,,,,,,,,,,,47.2,,,386.5,386.5,0.33,vit_throughput_google_vit-large-patch16-224_bfloat16-int8_20260915_215915.txt
vit_throughput,20260915_215915,SR630 V4,6740P,L4,google/vit-large-patch16-224,cpu,bfloat16,int8,bfloat16-int8,throughput,,,,,ok,,2,8,,,,,150.5,9030.00,13.285,0.0066,,,106.17,,,,,,,,,,,47.6,,,4712.4,4712.4,0.03,vit_throughput_google_vit-large-patch16-224_bfloat16-int8_20260915_215915.txt
vit_throughput,20260915_215915,SR630 V4,6740P,L4,google/vit-large-patch16-224,cpu,bfloat16,int8,bfloat16-int8,throughput,,,,yes,ok,,2,16,,,,,167.4,10044.00,11.946,0.0060,,,190.93,,,,,,,,,,,47.7,,,386.2,386.2,0.43,vit_throughput_google_vit-large-patch16-224_bfloat16-int8_20260915_215915.txt
vit_throughput,20260915_215915,SR630 V4,6740P,L4,google/vit-large-patch16-224,cpu,bfloat16,int8,bfloat16-int8,throughput,,,,,ok,,2,32,,,,,119.3,7158.00,16.767,0.0084,,,531.84,,,,,,,,,,,47.5,,,386.0,386.0,0.31,vit_throughput_google_vit-large-patch16-224_bfloat16-int8_20260915_215915.txt
server_vit_benchmark,20261009_041555,SR630 V4,6740P,L4,google/vit-large-patch16-224,cpu,bfloat16,int8-static,bfloat16-int8-static,interactive,0.1,5,8.00,,PASS,ok,3,16,8.00,480.00,,903,7.525,451.50,132.9,0.1329,,,,,36.8,39.5,51.9,,,,,1.0,,3.7,,,,,,server_vit_google_vit-large-patch16-224_interactive_20261009_041555.txt
server_vit_benchmark,20261009_041555,SR630 V4,6740P,L4,google/vit-large-patch16-224,cpu,bfloat16,int8-static,bfloat16-int8-static,interactive,0.1,5,16.00,,PASS,ok,3,16,16.00,960.00,,1871,15.592,935.52,64.1,0.0641,,,,,36.8,43.3,53.6,,,,,1.0,,7.7,,,,,,server_vit_google_vit-large-patch16-224_interactive_20261009_041555.txt
server_vit_benchmark,20261009_041555,SR630 V4,6740P,L4,google/vit-large-patch16-224,cpu,bfloat16,int8-static,bfloat16-int8-static,interactive,0.1,5,32.00,,PASS,ok,3,16,32.00,1920.00,,3771,31.425,1885.50,31.8,0.0318,,,,,37.4,52.3,76.6,,,,,1.1,,15.2,,,,,,server_vit_google_vit-large-patch16-224_interactive_20261009_041555.txt
server_vit_benchmark,20261009_041555,SR630 V4,6740P,L4,google/vit-large-patch16-224,cpu,bfloat16,int8-static,bfloat16-int8-static,interactive,0.1,5,64.00,,PASS,ok,3,16,64.00,3840.00,,7722,64.350,3861.00,15.5,0.0155,,,,,39.9,80.2,110.5,,,,,1.6,,28.7,,,,,,server_vit_google_vit-large-patch16-224_interactive_20261009_041555.txt
server_vit_benchmark,20261009_041555,SR630 V4,6740P,L4,google/vit-large-patch16-224,cpu,bfloat16,int8-static,bfloat16-int8-static,interactive,0.1,5,76.11,yes,PASS,ok,3,16,76.11,4566.60,,9147,76.225,4573.50,13.1,0.0131,,,,,48.2,95.6,123.2,,,,,1.9,,32.4,,,,,,server_vit_google_vit-large-patch16-224_interactive_20261009_041555.txt
server_vit_benchmark,20261009_041555,SR630 V4,6740P,L4,google/vit-large-patch16-224,cpu,bfloat16,int8-static,bfloat16-int8-static,interactive,0.1,5,79.48,,FAIL,p95 100.0 ms > 100 ms,3,16,79.48,4768.80,,9566,79.717,4783.02,12.5,0.0125,,,,,50.3,100.0,127.7,,,,,2.0,,33.5,,,,,,server_vit_google_vit-large-patch16-224_interactive_20261009_041555.txt
server_vit_benchmark,20261009_041555,SR630 V4,6740P,L4,google/vit-large-patch16-224,cpu,bfloat16,int8-static,bfloat16-int8-static,interactive,0.1,5,83.00,,FAIL,p95 107.6 ms > 100 ms,3,16,83.00,4980.00,,9994,83.283,4996.98,12.0,0.0120,,,,,51.5,107.6,135.3,,,,,2.1,,34.4,,,,,,server_vit_google_vit-large-patch16-224_interactive_20261009_041555.txt
server_vit_benchmark,20261009_041555,SR630 V4,6740P,L4,google/vit-large-patch16-224,cpu,bfloat16,int8-static,bfloat16-int8-static,interactive,0.1,5,90.51,,FAIL,p95 114.4 ms > 100 ms,3,16,90.51,5430.60,,10919,90.992,5459.52,11.0,0.0110,,,,,53.6,114.4,135.3,,,,,2.3,,36.2,,,,,,server_vit_google_vit-large-patch16-224_interactive_20261009_041555.txt
server_vit_benchmark,20261009_041555,SR630 V4,6740P,L4,google/vit-large-patch16-224,cpu,bfloat16,int8-static,bfloat16-int8-static,interactive,0.1,5,128.00,,FAIL,p95 169.8 ms > 100 ms,3,16,128.00,7680.00,,15360,128.000,7680.00,7.8,0.0078,,,,,81.8,169.8,199.3,,,,,4.2,,42.4,,,,,,server_vit_google_vit-large-patch16-224_interactive_20261009_041555.txt
server_vit_benchmark,20261009_043644,SR630 V4,6740P,L4,google/vit-large-patch16-224,cpu,bfloat16,int8-static,bfloat16-int8-static,interactive,0.1,5,8.00,,PASS,ok,4,16,8.00,480.00,,903,7.525,451.50,132.9,0.1329,,,,,36.9,39.4,50.8,,,,,1.0,,3.7,,,,,,server_vit_google_vit-large-patch16-224_interactive_20261009_043644.txt
server_vit_benchmark,20261009_043644,SR630 V4,6740P,L4,google/vit-large-patch16-224,cpu,bfloat16,int8-static,bfloat16-int8-static,interactive,0.1,5,16.00,,PASS,ok,4,16,16.00,960.00,,1871,15.592,935.52,64.1,0.0641,,,,,37.0,39.9,52.8,,,,,1.0,,7.7,,,,,,server_vit_google_vit-large-patch16-224_interactive_20261009_043644.txt
server_vit_benchmark,20261009_043644,SR630 V4,6740P,L4,google/vit-large-patch16-224,cpu,bfloat16,int8-static,bfloat16-int8-static,interactive,0.1,5,32.00,,PASS,ok,4,16,32.00,1920.00,,3771,31.425,1885.50,31.8,0.0318,,,,,37.1,46.1,65.4,,,,,1.0,,15.4,,,,,,server_vit_google_vit-large-patch16-224_interactive_20261009_043644.txt
server_vit_benchmark,20261009_043644,SR630 V4,6740P,L4,google/vit-large-patch16-224,cpu,bfloat16,int8-static,bfloat16-int8-static,interactive,0.1,5,64.00,,PASS,ok,4,16,64.00,3840.00,,7722,64.350,3861.00,15.5,0.0155,,,,,38.1,65.1,81.5,,,,,1.3,,30.2,,,,,,server_vit_google_vit-large-patch16-224_interactive_20261009_043644.txt
server_vit_benchmark,20261009_043644,SR630 V4,6740P,L4,google/vit-large-patch16-224,cpu,bfloat16,int8-static,bfloat16-int8-static,interactive,0.1,5,90.51,,PASS,ok,4,16,90.51,5430.60,,10919,90.992,5459.52,11.0,0.0110,,,,,40.0,82.6,120.8,,,,,1.7,,40.3,,,,,,server_vit_google_vit-large-patch16-224_interactive_20261009_043644.txt
server_vit_benchmark,20261009_043644,SR630 V4,6740P,L4,google/vit-large-patch16-224,cpu,bfloat16,int8-static,bfloat16-int8-static,interactive,0.1,5,107.63,yes,PASS,ok,4,16,107.63,6457.80,,12910,107.583,6454.98,9.3,0.0093,,,,,49.8,96.7,123.0,,,,,2.0,,45.2,,,,,,server_vit_google_vit-large-patch16-224_interactive_20261009_043644.txt
server_vit_benchmark,20261009_043644,SR630 V4,6740P,L4,google/vit-large-patch16-224,cpu,bfloat16,int8-static,bfloat16-int8-static,interactive,0.1,5,112.40,,FAIL,p95 113.7 ms > 100 ms,4,16,112.40,6744.00,,13489,112.408,6744.48,8.9,0.0089,,,,,52.2,113.7,138.1,,,,,2.2,,46.8,,,,,,server_vit_google_vit-large-patch16-224_interactive_20261009_043644.txt
server_vit_benchmark,20261009_043644,SR630 V4,6740P,L4,google/vit-large-patch16-224,cpu,bfloat16,int8-static,bfloat16-int8-static,interactive,0.1,5,117.38,,FAIL,p95 113.1 ms > 100 ms,4,16,117.38,7042.80,,14084,117.367,7042.02,8.5,0.0085,,,,,53.3,113.1,135.2,,,,,2.3,,48.0,,,,,,server_vit_google_vit-large-patch16-224_interactive_20261009_043644.txt
server_vit_benchmark,20261009_043644,SR630 V4,6740P,L4,google/vit-large-patch16-224,cpu,bfloat16,int8-static,bfloat16-int8-static,interactive,0.1,5,128.00,,FAIL,p95 115.7 ms > 100 ms,4,16,128.00,7680.00,,15360,128.000,7680.00,7.8,0.0078,,,,,54.6,115.7,142.2,,,,,2.5,,49.8,,,,,,server_vit_google_vit-large-patch16-224_interactive_20261009_043644.txt
server_vit_benchmark,20261009_045720,SR630 V4,6740P,L4,google/vit-large-patch16-224,cpu,bfloat16,int8-static,bfloat16-int8-static,interactive,0.1,5,8.00,,PASS,ok,5,16,8.00,480.00,,903,7.525,451.50,132.9,0.1329,,,,,37.6,40.3,53.1,,,,,1.0,,3.8,,,,,,server_vit_google_vit-large-patch16-224_interactive_20261009_045720.txt
server_vit_benchmark,20261009_045720,SR630 V4,6740P,L4,google/vit-large-patch16-224,cpu,bfloat16,int8-static,bfloat16-int8-static,interactive,0.1,5,16.00,,PASS,ok,5,16,16.00,960.00,,1871,15.592,935.52,64.1,0.0641,,,,,37.6,40.8,50.9,,,,,1.0,,8.0,,,,,,server_vit_google_vit-large-patch16-224_interactive_20261009_045720.txt
server_vit_benchmark,20261009_045720,SR630 V4,6740P,L4,google/vit-large-patch16-224,cpu,bfloat16,int8-static,bfloat16-int8-static,interactive,0.1,5,32.00,,PASS,ok,5,16,32.00,1920.00,,3771,31.425,1885.50,31.8,0.0318,,,,,37.8,43.3,55.8,,,,,1.0,,15.9,,,,,,server_vit_google_vit-large-patch16-224_interactive_20261009_045720.txt
server_vit_benchmark,20261009_045720,SR630 V4,6740P,L4,google/vit-large-patch16-224,cpu,bfloat16,int8-static,bfloat16-int8-static,interactive,0.1,5,64.00,,PASS,ok,5,16,64.00,3840.00,,7722,64.350,3861.00,15.5,0.0155,,,,,38.4,53.1,76.1,,,,,1.1,,31.9,,,,,,server_vit_google_vit-large-patch16-224_interactive_20261009_045720.txt
server_vit_benchmark,20261009_045720,SR630 V4,6740P,L4,google/vit-large-patch16-224,cpu,bfloat16,int8-static,bfloat16-int8-static,interactive,0.1,5,128.00,yes,PASS,ok,5,16,128.00,7680.00,,15360,128.000,7680.00,7.8,0.0078,,,,,44.7,84.1,117.5,,,,,1.9,,55.2,,,,,,server_vit_google_vit-large-patch16-224_interactive_20261009_045720.txt
server_vit_benchmark,20261009_045720,SR630 V4,6740P,L4,google/vit-large-patch16-224,cpu,bfloat16,int8-static,bfloat16-int8-static,interactive,0.1,5,133.67,,FAIL,p95 101.2 ms > 100 ms,5,16,133.67,8020.20,,16031,133.592,8015.52,7.5,0.0075,,,,,48.8,101.2,123.1,,,,,2.0,,56.9,,,,,,server_vit_google_vit-large-patch16-224_interactive_20261009_045720.txt
server_vit_benchmark,20261009_045720,SR630 V4,6740P,L4,google/vit-large-patch16-224,cpu,bfloat16,int8-static,bfloat16-int8-static,interactive,0.1,5,139.58,,FAIL,p95 105.9 ms > 100 ms,5,16,139.58,8374.80,,16753,139.608,8376.48,7.2,0.0072,,,,,50.6,105.9,128.2,,,,,2.1,,58.2,,,,,,server_vit_google_vit-large-patch16-224_interactive_20261009_045720.txt
server_vit_benchmark,20261009_045720,SR630 V4,6740P,L4,google/vit-large-patch16-224,cpu,bfloat16,int8-static,bfloat16-int8-static,interactive,0.1,5,152.22,,FAIL,p95 109.6 ms > 100 ms,5,16,152.22,9133.20,,18260,152.167,9130.02,6.6,0.0066,,,,,53.0,109.6,127.6,,,,,2.3,,61.2,,,,,,server_vit_google_vit-large-patch16-224_interactive_20261009_045720.txt
server_vit_benchmark,20261009_045720,SR630 V4,6740P,L4,google/vit-large-patch16-224,cpu,bfloat16,int8-static,bfloat16-int8-static,interactive,0.1,5,181.02,,FAIL,p95 121.9 ms > 100 ms,5,16,181.02,10861.20,,21756,181.300,10878.00,5.5,0.0055,,,,,67.1,121.9,180.3,,,,,3.1,,66.1,,,,,,server_vit_google_vit-large-patch16-224_interactive_20261009_045720.txt
server_vit_benchmark,20261009_045720,SR630 V4,6740P,L4,google/vit-large-patch16-224,cpu,bfloat16,int8-static,bfloat16-int8-static,interactive,0.1,5,256.00,,FAIL,p95 191.7 ms > 100 ms,5,16,256.00,15360.00,,30871,257.258,15435.48,3.9,0.0039,,,,,107.2,191.7,210.9,,,,,6.4,,73.1,,,,,,server_vit_google_vit-large-patch16-224_interactive_20261009_045720.txt
vit_throughput,20260915_215915,SR630 V4,6740P,L4,google/vit-large-patch16-224,cpu,float32,disabled,float32,throughput,,,,,ok,,1,1,,,,,11.6,696.00,86.235,0.0862,,,86.38,,,,,,,,,,,24.0,,,2518.8,2518.8,0.00,vit_throughput_google_vit-large-patch16-224_float32_20260915_215915.txt
vit_throughput,20260915_215915,SR630 V4,6740P,L4,google/vit-large-patch16-224,cpu,float32,disabled,float32,throughput,,,,,ok,,1,4,,,,,19.5,1170.00,51.377,0.0513,,,204.86,,,,,,,,,,,24.0,,,2512.8,2512.8,0.01,vit_throughput_google_vit-large-patch16-224_float32_20260915_215915.txt
vit_throughput,20260915_215915,SR630 V4,6740P,L4,google/vit-large-patch16-224,cpu,float32,disabled,float32,throughput,,,,,ok,,1,8,,,,,22.4,1344.00,44.571,0.0446,,,356.26,,,,,,,,,,,23.9,,,360.4,360.4,0.06,vit_throughput_google_vit-large-patch16-224_float32_20260915_215915.txt
vit_throughput,20260915_215915,SR630 V4,6740P,L4,google/vit-large-patch16-224,cpu,float32,disabled,float32,throughput,,,,,ok,,1,16,,,,,23.6,1416.00,42.352,0.0424,,,682.07,,,,,,,,,,,23.9,,,361.3,361.3,0.07,vit_throughput_google_vit-large-patch16-224_float32_20260915_215915.txt
vit_throughput,20260915_215915,SR630 V4,6740P,L4,google/vit-large-patch16-224,cpu,float32,disabled,float32,throughput,,,,,ok,,1,32,,,,,24.2,1452.00,41.270,0.0413,,,1333.43,,,,,,,,,,,23.5,,,359.7,359.7,0.07,vit_throughput_google_vit-large-patch16-224_float32_20260915_215915.txt
vit_throughput,20260915_215915,SR630 V4,6740P,L4,google/vit-large-patch16-224,cpu,float32,disabled,float32,throughput,,,,,ok,,2,1,,,,,21.2,1272.00,94.150,0.0472,,,94.72,,,,,,,,,,,48.0,,,386.6,386.6,0.05,vit_throughput_google_vit-large-patch16-224_float32_20260915_215915.txt
vit_throughput,20260915_215915,SR630 V4,6740P,L4,google/vit-large-patch16-224,cpu,float32,disabled,float32,throughput,,,,,ok,,2,4,,,,,35.3,2118.00,56.607,0.0283,,,226.13,,,,,,,,,,,48.0,,,386.5,386.5,0.09,vit_throughput_google_vit-large-patch16-224_float32_20260915_215915.txt
vit_throughput,20260915_215915,SR630 V4,6740P,L4,google/vit-large-patch16-224,cpu,float32,disabled,float32,throughput,,,,,ok,,2,8,,,,,40.2,2412.00,49.812,0.0249,,,398.45,,,,,,,,,,,47.9,,,386.4,386.4,0.10,vit_throughput_google_vit-large-patch16-224_float32_20260915_215915.txt
vit_throughput,20260915_215915,SR630 V4,6740P,L4,google/vit-large-patch16-224,cpu,float32,disabled,float32,throughput,,,,,ok,,2,16,,,,,40.7,2442.00,49.186,0.0246,,,785.60,,,,,,,,,,,47.8,,,2423.2,2423.2,0.02,vit_throughput_google_vit-large-patch16-224_float32_20260915_215915.txt
vit_throughput,20260915_215915,SR630 V4,6740P,L4,google/vit-large-patch16-224,cpu,float32,disabled,float32,throughput,,,,yes,ok,,2,32,,,,,41.7,2502.00,47.971,0.0240,,,1535.17,,,,,,,,,,,46.8,,,386.2,386.2,0.11,vit_throughput_google_vit-large-patch16-224_float32_20260915_215915.txt
vit_throughput,20260915_192059,SR630 V4,6740P,L4,google/vit-large-patch16-224,cuda,bfloat16,disabled,bfloat16,throughput,,,,,ok,,1,1,,,,,188.8,11328.00,5.296,0.0053,,,0.77,5.84,,,,,,,,,,1.0,99.8,71.7,260.2,331.9,0.57,vit_throughput_google_vit-large-patch16-224_bfloat16_20260915_192059.txt
vit_throughput,20260915_192059,SR630 V4,6740P,L4,google/vit-large-patch16-224,cuda,bfloat16,disabled,bfloat16,throughput,,,,yes,ok,,1,4,,,,,352.4,21144.00,2.838,0.0028,,,0.75,11.68,,,,,,,,,,1.0,100.0,72.2,260.2,332.4,1.06,vit_throughput_google_vit-large-patch16-224_bfloat16_20260915_192059.txt
vit_throughput,20260915_192059,SR630 V4,6740P,L4,google/vit-large-patch16-224,cuda,bfloat16,disabled,bfloat16,throughput,,,,,ok,,1,8,,,,,338.1,20286.00,2.957,0.0030,,,0.75,23.98,,,,,,,,,,1.0,100.0,72.0,260.2,332.2,1.02,vit_throughput_google_vit-large-patch16-224_bfloat16_20260915_192059.txt
vit_throughput,20260915_192059,SR630 V4,6740P,L4,google/vit-large-patch16-224,cuda,bfloat16,disabled,bfloat16,throughput,,,,,ok,,1,16,,,,,325.1,19506.00,3.076,0.0031,,,0.80,49.13,,,,,,,,,,1.0,100.0,72.2,260.3,332.5,0.98,vit_throughput_google_vit-large-patch16-224_bfloat16_20260915_192059.txt
vit_throughput,20260915_192059,SR630 V4,6740P,L4,google/vit-large-patch16-224,cuda,bfloat16,disabled,bfloat16,throughput,,,,,ok,,1,32,,,,,320.1,19206.00,3.124,0.0031,,,0.77,100.02,,,,,,,,,,1.0,100.0,70.1,260.2,330.3,0.97,vit_throughput_google_vit-large-patch16-224_bfloat16_20260915_192059.txt
vit_throughput,20260915_192059,SR630 V4,6740P,L4,google/vit-large-patch16-224,cuda,bfloat16,disabled,bfloat16,throughput,,,,,ok,,1,64,,,,,317.8,19068.00,3.147,0.0031,,,0.77,202.09,,,,,,,,,,1.0,100.0,72.2,260.0,332.2,0.96,vit_throughput_google_vit-large-patch16-224_bfloat16_20260915_192059.txt
vit_throughput,20260915_192059,SR630 V4,6740P,L4,google/vit-large-patch16-224,cuda,bfloat16,fp8,bfloat16-fp8,throughput,,,,,ok,,1,1,,,,,248.7,14922.00,4.021,0.0040,,,1.43,5.20,,,,,,,,,,1.0,99.8,71.5,260.3,331.8,0.75,vit_throughput_google_vit-large-patch16-224_bfloat16-fp8_20260915_192059.txt
vit_throughput,20260915_192059,SR630 V4,6740P,L4,google/vit-large-patch16-224,cuda,bfloat16,fp8,bfloat16-fp8,throughput,,,,,ok,,1,4,,,,,453.1,27186.00,2.207,0.0022,,,1.55,9.86,,,,,,,,,,1.0,100.0,71.8,2418.8,2490.6,0.18,vit_throughput_google_vit-large-patch16-224_bfloat16-fp8_20260915_192059.txt
vit_throughput,20260915_192059,SR630 V4,6740P,L4,google/vit-large-patch16-224,cuda,bfloat16,fp8,bfloat16-fp8,throughput,,,,yes,ok,,1,8,,,,,486.8,29208.00,2.054,0.0021,,,1.55,17.10,,,,,,,,,,1.0,100.0,72.0,2401.2,2473.2,0.20,vit_throughput_google_vit-large-patch16-224_bfloat16-fp8_20260915_192059.txt
vit_throughput,20260915_192059,SR630 V4,6740P,L4,google/vit-large-patch16-224,cuda,bfloat16,fp8,bfloat16-fp8,throughput,,,,,ok,,1,16,,,,,480.9,28854.00,2.080,0.0021,,,1.56,34.10,,,,,,,,,,1.0,100.0,72.1,260.3,332.4,1.45,vit_throughput_google_vit-large-patch16-224_bfloat16-fp8_20260915_192059.txt
vit_throughput,20260915_192059,SR630 V4,6740P,L4,google/vit-large-patch16-224,cuda,bfloat16,fp8,bfloat16-fp8,throughput,,,,,ok,,1,32,,,,,442.6,26556.00,2.259,0.0023,,,1.58,72.23,,,,,,,,,,1.0,100.0,71.9,260.3,332.2,1.33,vit_throughput_google_vit-large-patch16-224_bfloat16-fp8_20260915_192059.txt
vit_throughput,20260915_192059,SR630 V4,6740P,L4,google/vit-large-patch16-224,cuda,bfloat16,fp8,bfloat16-fp8,throughput,,,,,ok,,1,64,,,,,393.9,23634.00,2.538,0.0025,,,1.59,160.90,,,,,,,,,,1.0,100.0,72.2,260.3,332.5,1.18,vit_throughput_google_vit-large-patch16-224_bfloat16-fp8_20260915_192059.txt
vit_throughput,20260915_192059,SR630 V4,6740P,L4,google/vit-large-patch16-224,cuda,bfloat16,int8,bfloat16-int8,throughput,,,,,ok,,1,1,,,,,268.4,16104.00,3.726,0.0037,,,1.50,4.99,,,,,,,,,,1.0,99.9,71.8,260.6,332.4,0.81,vit_throughput_google_vit-large-patch16-224_bfloat16-int8_20260915_192059.txt
vit_throughput,20260915_192059,SR630 V4,6740P,L4,google/vit-large-patch16-224,cuda,bfloat16,int8,bfloat16-int8,throughput,,,,,ok,,1,4,,,,,376.5,22590.00,2.656,0.0027,,,1.60,11.38,,,,,,,,,,1.0,99.9,71.9,260.6,332.5,1.13,vit_throughput_google_vit-large-patch16-224_bfloat16-int8_20260915_192059.txt
vit_throughput,20260915_192059,SR630 V4,6740P,L4,google/vit-large-patch16-224,cuda,bfloat16,int8,bfloat16-int8,throughput,,,,yes,ok,,1,8,,,,,391.7,23502.00,2.553,0.0026,,,1.61,19.99,,,,,,,,,,1.0,100.0,72.4,260.8,333.2,1.18,vit_throughput_google_vit-large-patch16-224_bfloat16-int8_20260915_192059.txt
vit_throughput,20260915_192059,SR630 V4,6740P,L4,google/vit-large-patch16-224,cuda,bfloat16,int8,bfloat16-int8,throughput,,,,,ok,,1,16,,,,,391.1,23466.00,2.557,0.0026,,,1.61,41.33,,,,,,,,,,1.0,100.0,72.2,260.7,332.9,1.17,vit_throughput_google_vit-large-patch16-224_bfloat16-int8_20260915_192059.txt
vit_throughput,20260915_192059,SR630 V4,6740P,L4,google/vit-large-patch16-224,cuda,bfloat16,int8,bfloat16-int8,throughput,,,,,ok,,1,32,,,,,351.8,21108.00,2.842,0.0028,,,1.64,92.03,,,,,,,,,,1.0,100.0,72.0,260.6,332.6,1.06,vit_throughput_google_vit-large-patch16-224_bfloat16-int8_20260915_192059.txt
vit_throughput,20260915_192059,SR630 V4,6740P,L4,google/vit-large-patch16-224,cuda,bfloat16,int8,bfloat16-int8,throughput,,,,,ok,,1,64,,,,,335.5,20130.00,2.981,0.0030,,,1.64,191.98,,,,,,,,,,1.0,100.0,72.0,260.5,332.5,1.01,vit_throughput_google_vit-large-patch16-224_bfloat16-int8_20260915_192059.txt
server_vit_benchmark,20261008_105552,SR630 V4,6740P,L4,microsoft/resnet-50,cpu,bfloat16,disabled,bfloat16,interactive,0.1,5,8.00,,PASS,ok,4,16,8.00,480.00,,903,7.525,451.50,132.9,0.1329,,,,,46.4,51.7,62.5,,,,,1.0,,2.0,,,,,,server_vit_microsoft_resnet-50_interactive_20261008_105552.txt
server_vit_benchmark,20261008_105552,SR630 V4,6740P,L4,microsoft/resnet-50,cpu,bfloat16,disabled,bfloat16,interactive,0.1,5,16.00,,PASS,ok,4,16,16.00,960.00,,1871,15.592,935.52,64.1,0.0641,,,,,46.8,51.8,62.7,,,,,1.0,,4.2,,,,,,server_vit_microsoft_resnet-50_interactive_20261008_105552.txt
server_vit_benchmark,20261008_105552,SR630 V4,6740P,L4,microsoft/resnet-50,cpu,bfloat16,disabled,bfloat16,interactive,0.1,5,32.00,,PASS,ok,4,16,32.00,1920.00,,3771,31.425,1885.50,31.8,0.0318,,,,,47.5,55.3,73.3,,,,,1.1,,8.6,,,,,,server_vit_microsoft_resnet-50_interactive_20261008_105552.txt
server_vit_benchmark,20261008_105552,SR630 V4,6740P,L4,microsoft/resnet-50,cpu,bfloat16,disabled,bfloat16,interactive,0.1,5,64.00,,PASS,ok,4,16,64.00,3840.00,,7722,64.350,3861.00,15.5,0.0155,,,,,49.4,65.1,80.4,,,,,1.4,,16.4,,,,,,server_vit_microsoft_resnet-50_interactive_20261008_105552.txt
server_vit_benchmark,20261008_105552,SR630 V4,6740P,L4,microsoft/resnet-50,cpu,bfloat16,disabled,bfloat16,interactive,0.1,5,128.00,,PASS,ok,4,16,128.00,7680.00,,15360,128.000,7680.00,7.8,0.0078,,,,,55.7,79.9,106.8,,,,,2.5,,25.8,,,,,,server_vit_microsoft_resnet-50_interactive_20261008_105552.txt
server_vit_benchmark,20261008_105552,SR630 V4,6740P,L4,microsoft/resnet-50,cpu,bfloat16,disabled,bfloat16,interactive,0.1,5,181.02,,PASS,ok,4,16,181.02,10861.20,,21756,181.300,10878.00,5.5,0.0055,,,,,62.2,97.0,118.4,,,,,4.0,,29.9,,,,,,server_vit_microsoft_resnet-50_interactive_20261008_105552.txt
server_vit_benchmark,20261008_105552,SR630 V4,6740P,L4,microsoft/resnet-50,cpu,bfloat16,disabled,bfloat16,interactive,0.1,5,189.03,yes,PASS,ok,4,16,189.03,11341.80,,22781,189.842,11390.52,5.3,0.0053,,,,,63.5,99.1,121.5,,,,,4.3,,30.4,,,,,,server_vit_microsoft_resnet-50_interactive_20261008_105552.txt
server_vit_benchmark,20261008_105552,SR630 V4,6740P,L4,microsoft/resnet-50,cpu,bfloat16,disabled,bfloat16,interactive,0.1,5,197.40,,FAIL,p95 104.1 ms > 100 ms,4,16,197.40,11844.00,,23826,198.550,11913.00,5.0,0.0050,,,,,64.4,104.1,127.5,,,,,4.6,,30.9,,,,,,server_vit_microsoft_resnet-50_interactive_20261008_105552.txt
server_vit_benchmark,20261008_105552,SR630 V4,6740P,L4,microsoft/resnet-50,cpu,bfloat16,disabled,bfloat16,interactive,0.1,5,215.27,,FAIL,p95 111.5 ms > 100 ms,4,16,215.27,12916.20,,25983,216.525,12991.50,4.6,0.0046,,,,,68.7,111.5,143.3,,,,,5.2,,31.7,,,,,,server_vit_microsoft_resnet-50_interactive_20261008_105552.txt
server_vit_benchmark,20261008_105552,SR630 V4,6740P,L4,microsoft/resnet-50,cpu,bfloat16,disabled,bfloat16,interactive,0.1,5,256.00,,FAIL,p95 131.0 ms > 100 ms,4,16,256.00,15360.00,,30871,257.258,15435.48,3.9,0.0039,,,,,76.4,131.0,153.1,,,,,6.7,,33.7,,,,,,server_vit_microsoft_resnet-50_interactive_20261008_105552.txt
server_vit_benchmark,20261008_111654,SR630 V4,6740P,L4,microsoft/resnet-50,cpu,bfloat16,disabled,bfloat16,interactive,0.1,5,8.00,,PASS,ok,4,16,8.00,480.00,,903,7.525,451.50,132.9,0.1329,,,,,26.6,30.8,42.5,,,,,1.0,,2.4,,,,,,server_vit_microsoft_resnet-50_interactive_20261008_111654.txt
server_vit_benchmark,20261008_111654,SR630 V4,6740P,L4,microsoft/resnet-50,cpu,bfloat16,disabled,bfloat16,interactive,0.1,5,16.00,,PASS,ok,4,16,16.00,960.00,,1871,15.592,935.52,64.1,0.0641,,,,,26.8,29.6,42.4,,,,,1.0,,5.2,,,,,,server_vit_microsoft_resnet-50_interactive_20261008_111654.txt
server_vit_benchmark,20261008_111654,SR630 V4,6740P,L4,microsoft/resnet-50,cpu,bfloat16,disabled,bfloat16,interactive,0.1,5,32.00,,PASS,ok,4,16,32.00,1920.00,,3771,31.425,1885.50,31.8,0.0318,,,,,27.0,31.6,47.1,,,,,1.0,,10.0,,,,,,server_vit_microsoft_resnet-50_interactive_20261008_111654.txt
server_vit_benchmark,20261008_111654,SR630 V4,6740P,L4,microsoft/resnet-50,cpu,bfloat16,disabled,bfloat16,interactive,0.1,5,64.00,,PASS,ok,4,16,64.00,3840.00,,7722,64.350,3861.00,15.5,0.0155,,,,,27.4,34.5,45.1,,,,,1.1,,19.9,,,,,,server_vit_microsoft_resnet-50_interactive_20261008_111654.txt
server_vit_benchmark,20261008_111654,SR630 V4,6740P,L4,microsoft/resnet-50,cpu,bfloat16,disabled,bfloat16,interactive,0.1,5,128.00,,PASS,ok,4,16,128.00,7680.00,,15360,128.000,7680.00,7.8,0.0078,,,,,28.6,40.7,54.3,,,,,1.5,,34.6,,,,,,server_vit_microsoft_resnet-50_interactive_20261008_111654.txt
server_vit_benchmark,20261008_111654,SR630 V4,6740P,L4,microsoft/resnet-50,cpu,bfloat16,disabled,bfloat16,interactive,0.1,5,256.00,,PASS,ok,4,16,256.00,15360.00,,30871,257.258,15435.48,3.9,0.0039,,,,,36.6,59.2,84.1,,,,,3.1,,48.7,,,,,,server_vit_microsoft_resnet-50_interactive_20261008_111654.txt
server_vit_benchmark,20261008_111654,SR630 V4,6740P,L4,microsoft/resnet-50,cpu,bfloat16,disabled,bfloat16,interactive,0.1,5,362.04,yes,PASS,ok,4,16,362.04,21722.40,,43529,362.742,21764.52,2.8,0.0028,,,,,49.5,92.9,130.3,,,,,5.4,,52.6,,,,,,server_vit_microsoft_resnet-50_interactive_20261008_111654.txt
server_vit_benchmark,20261008_111654,SR630 V4,6740P,L4,microsoft/resnet-50,cpu,bfloat16,disabled,bfloat16,interactive,0.1,5,378.07,,FAIL,p95 101.3 ms > 100 ms,4,16,378.07,22684.20,,45499,379.158,22749.48,2.6,0.0026,,,,,52.1,101.3,141.4,,,,,5.9,,53.0,,,,,,server_vit_microsoft_resnet-50_interactive_20261008_111654.txt
server_vit_benchmark,20261008_111654,SR630 V4,6740P,L4,microsoft/resnet-50,cpu,bfloat16,disabled,bfloat16,interactive,0.1,5,394.81,,FAIL,p95 112.1 ms > 100 ms,4,16,394.81,23688.60,,47525,396.042,23762.52,2.5,0.0025,,,,,55.4,112.1,148.8,,,,,6.4,,53.6,,,,,,server_vit_microsoft_resnet-50_interactive_20261008_111654.txt
server_vit_benchmark,20261008_111654,SR630 V4,6740P,L4,microsoft/resnet-50,cpu,bfloat16,disabled,bfloat16,interactive,0.1,5,430.54,,FAIL,p95 130.8 ms > 100 ms,4,16,430.54,25832.40,,51755,431.292,25877.52,2.3,0.0023,,,,,61.2,130.8,154.5,,,,,7.5,,54.4,,,,,,server_vit_microsoft_resnet-50_interactive_20261008_111654.txt
server_vit_benchmark,20261008_111654,SR630 V4,6740P,L4,microsoft/resnet-50,cpu,bfloat16,disabled,bfloat16,interactive,0.1,5,512.00,,FAIL,p95 153.8 ms > 100 ms,4,16,512.00,30720.00,,61340,511.167,30670.02,2.0,0.0020,,,,,81.5,153.8,228.7,,,,,10.5,,57.3,,,,,,server_vit_microsoft_resnet-50_interactive_20261008_111654.txt
server_vit_benchmark,20261008_103449,SR630 V4,6740P,L4,microsoft/resnet-50,cpu,bfloat16,disabled,bfloat16,interactive,0.1,5,8.00,,PASS,ok,6,16,8.00,480.00,,903,7.525,451.50,132.9,0.1329,,,,,41.8,49.5,59.7,,,,,1.0,,1.6,,,,,,server_vit_microsoft_resnet-50_interactive_20261008_103449.txt
server_vit_benchmark,20261008_103449,SR630 V4,6740P,L4,microsoft/resnet-50,cpu,bfloat16,disabled,bfloat16,interactive,0.1,5,16.00,,PASS,ok,6,16,16.00,960.00,,1871,15.592,935.52,64.1,0.0641,,,,,41.8,49.3,60.0,,,,,1.0,,3.3,,,,,,server_vit_microsoft_resnet-50_interactive_20261008_103449.txt
server_vit_benchmark,20261008_103449,SR630 V4,6740P,L4,microsoft/resnet-50,cpu,bfloat16,disabled,bfloat16,interactive,0.1,5,32.00,,PASS,ok,6,16,32.00,1920.00,,3771,31.425,1885.50,31.8,0.0318,,,,,42.5,49.7,59.1,,,,,1.0,,6.7,,,,,,server_vit_microsoft_resnet-50_interactive_20261008_103449.txt
server_vit_benchmark,20261008_103449,SR630 V4,6740P,L4,microsoft/resnet-50,cpu,bfloat16,disabled,bfloat16,interactive,0.1,5,64.00,,PASS,ok,6,16,64.00,3840.00,,7722,64.350,3861.00,15.5,0.0155,,,,,44.0,53.0,64.7,,,,,1.1,,13.7,,,,,,server_vit_microsoft_resnet-50_interactive_20261008_103449.txt
server_vit_benchmark,20261008_103449,SR630 V4,6740P,L4,microsoft/resnet-50,cpu,bfloat16,disabled,bfloat16,interactive,0.1,5,128.00,,PASS,ok,6,16,128.00,7680.00,,15360,128.000,7680.00,7.8,0.0078,,,,,48.8,68.5,103.0,,,,,1.6,,24.7,,,,,,server_vit_microsoft_resnet-50_interactive_20261008_103449.txt
server_vit_benchmark,20261008_103449,SR630 V4,6740P,L4,microsoft/resnet-50,cpu,bfloat16,disabled,bfloat16,interactive,0.1,5,181.02,,PASS,ok,6,16,181.02,10861.20,,21756,181.300,10878.00,5.5,0.0055,,,,,55.6,87.9,127.5,,,,,2.5,,30.1,,,,,,server_vit_microsoft_resnet-50_interactive_20261008_103449.txt
server_vit_benchmark,20261008_103449,SR630 V4,6740P,L4,microsoft/resnet-50,cpu,bfloat16,disabled,bfloat16,interactive,0.1,5,197.40,yes,PASS,ok,6,16,197.40,11844.00,,23826,198.550,11913.00,5.0,0.0050,,,,,57.6,97.8,143.0,,,,,2.8,,31.5,,,,,,server_vit_microsoft_resnet-50_interactive_20261008_103449.txt
server_vit_benchmark,20261008_103449,SR630 V4,6740P,L4,microsoft/resnet-50,cpu,bfloat16,disabled,bfloat16,interactive,0.1,5,206.14,,FAIL,p95 100.9 ms > 100 ms,6,16,206.14,12368.40,,24877,207.308,12438.48,4.8,0.0048,,,,,59.4,100.9,132.9,,,,,3.0,,31.9,,,,,,server_vit_microsoft_resnet-50_interactive_20261008_103449.txt
server_vit_benchmark,20261008_103449,SR630 V4,6740P,L4,microsoft/resnet-50,cpu,bfloat16,disabled,bfloat16,interactive,0.1,5,215.27,,FAIL,p95 109.2 ms > 100 ms,6,16,215.27,12916.20,,25983,216.525,12991.50,4.6,0.0046,,,,,61.4,109.2,147.5,,,,,3.2,,32.4,,,,,,server_vit_microsoft_resnet-50_interactive_20261008_103449.txt
server_vit_benchmark,20261008_103449,SR630 V4,6740P,L4,microsoft/resnet-50,cpu,bfloat16,disabled,bfloat16,interactive,0.1,5,256.00,,FAIL,p95 156.8 ms > 100 ms,6,16,256.00,15360.00,,30871,257.258,15435.48,3.9,0.0039,,,,,73.4,156.8,222.3,,,,,4.5,,33.7,,,,,,server_vit_microsoft_resnet-50_interactive_20261008_103449.txt
server_vit_benchmark,20261009_130101,SR630 V4,6740P,L4,microsoft/resnet-50,cpu,bfloat16,disabled,bfloat16,interactive,0.1,5,2.00,,PASS,ok,6,16,2.00,120.00,,226,1.883,112.98,531.1,0.5311,,,,,28.3,50.1,146.1,,,,,1.0,,0.8,,,,,,server_vit_microsoft_resnet-50_interactive_20261009_130101.txt
server_vit_benchmark,20261009_130101,SR630 V4,6740P,L4,microsoft/resnet-50,cpu,bfloat16,disabled,bfloat16,interactive,0.1,5,2.83,,PASS,ok,6,16,2.83,169.80,,309,2.575,154.50,388.3,0.3883,,,,,27.6,51.9,140.1,,,,,1.0,,1.0,,,,,,server_vit_microsoft_resnet-50_interactive_20261009_130101.txt
server_vit_benchmark,20261009_130101,SR630 V4,6740P,L4,microsoft/resnet-50,cpu,bfloat16,disabled,bfloat16,interactive,0.1,5,3.36,,PASS,ok,6,16,3.36,201.60,,368,3.067,184.02,326.1,0.3261,,,,,27.6,36.0,87.8,,,,,1.0,,1.1,,,,,,server_vit_microsoft_resnet-50_interactive_20261009_130101.txt
server_vit_benchmark,20261009_130101,SR630 V4,6740P,L4,microsoft/resnet-50,cpu,bfloat16,disabled,bfloat16,interactive,0.1,5,3.67,,PASS,ok,6,16,3.67,220.20,,417,3.475,208.50,287.8,0.2878,,,,,27.9,85.3,197.3,,,,,1.0,,1.5,,,,,,server_vit_microsoft_resnet-50_interactive_20261009_130101.txt
server_vit_benchmark,20261009_130101,SR630 V4,6740P,L4,microsoft/resnet-50,cpu,bfloat16,disabled,bfloat16,interactive,0.1,5,3.83,yes,PASS,ok,6,16,3.83,229.80,,429,3.575,214.50,279.7,0.2797,,,,,28.0,71.8,152.5,,,,,1.0,,1.5,,,,,,server_vit_microsoft_resnet-50_interactive_20261009_130101.txt
server_vit_benchmark,20261009_130101,SR630 V4,6740P,L4,microsoft/resnet-50,cpu,bfloat16,disabled,bfloat16,interactive,0.1,5,4.00,,FAIL,p95 108.4 ms > 100 ms,6,16,4.00,240.00,,456,3.800,228.00,263.2,0.2632,,,,,28.1,108.4,212.9,,,,,1.0,,1.9,,,,,,server_vit_microsoft_resnet-50_interactive_20261009_130101.txt
server_vit_benchmark,20261009_130101,SR630 V4,6740P,L4,microsoft/resnet-50,cpu,bfloat16,disabled,bfloat16,interactive,0.1,5,8.00,,FAIL,p95 131.7 ms > 100 ms,6,16,8.00,480.00,,903,7.525,451.50,132.9,0.1329,,,,,30.6,131.7,416.2,,,,,1.0,,4.5,,,,,,server_vit_microsoft_resnet-50_interactive_20261009_130101.txt
server_vit_benchmark,20261008_101058,SR630 V4,6740P,L4,microsoft/resnet-50,cpu,bfloat16,disabled,bfloat16,interactive,0.1,5,8.00,,PASS,ok,8,16,8.00,480.00,,903,7.525,451.50,132.9,0.1329,,,,,40.6,45.6,58.1,,,,,1.0,,1.3,,,,,,server_vit_microsoft_resnet-50_interactive_20261008_101058.txt
server_vit_benchmark,20261008_101058,SR630 V4,6740P,L4,microsoft/resnet-50,cpu,bfloat16,disabled,bfloat16,interactive,0.1,5,16.00,,PASS,ok,8,16,16.00,960.00,,1871,15.592,935.52,64.1,0.0641,,,,,40.7,46.2,55.8,,,,,1.0,,2.7,,,,,,server_vit_microsoft_resnet-50_interactive_20261008_101058.txt
server_vit_benchmark,20261008_101058,SR630 V4,6740P,L4,microsoft/resnet-50,cpu,bfloat16,disabled,bfloat16,interactive,0.1,5,32.00,,PASS,ok,8,16,32.00,1920.00,,3771,31.425,1885.50,31.8,0.0318,,,,,41.3,46.2,59.0,,,,,1.0,,5.5,,,,,,server_vit_microsoft_resnet-50_interactive_20261008_101058.txt
server_vit_benchmark,20261008_101058,SR630 V4,6740P,L4,microsoft/resnet-50,cpu,bfloat16,disabled,bfloat16,interactive,0.1,5,64.00,,PASS,ok,8,16,64.00,3840.00,,7722,64.350,3861.00,15.5,0.0155,,,,,42.1,49.0,62.2,,,,,1.0,,11.2,,,,,,server_vit_microsoft_resnet-50_interactive_20261008_101058.txt
server_vit_benchmark,20261008_101058,SR630 V4,6740P,L4,microsoft/resnet-50,cpu,bfloat16,disabled,bfloat16,interactive,0.1,5,128.00,,PASS,ok,8,16,128.00,7680.00,,15360,128.000,7680.00,7.8,0.0078,,,,,43.8,57.2,83.5,,,,,1.2,,21.8,,,,,,server_vit_microsoft_resnet-50_interactive_20261008_101058.txt
server_vit_benchmark,20261008_101058,SR630 V4,6740P,L4,microsoft/resnet-50,cpu,bfloat16,disabled,bfloat16,interactive,0.1,5,256.00,,PASS,ok,8,16,256.00,15360.00,,30871,257.258,15435.48,3.9,0.0039,,,,,55.2,91.9,135.2,,,,,2.5,,34.9,,,,,,server_vit_microsoft_resnet-50_interactive_20261008_101058.txt
server_vit_benchmark,20261008_101058,SR630 V4,6740P,L4,microsoft/resnet-50,cpu,bfloat16,disabled,bfloat16,interactive,0.1,5,267.33,yes,PASS,ok,8,16,267.33,16039.80,,32188,268.233,16093.98,3.7,0.0037,,,,,56.8,97.6,144.6,,,,,2.7,,35.5,,,,,,server_vit_microsoft_resnet-50_interactive_20261008_101058.txt
server_vit_benchmark,20261008_101058,SR630 V4,6740P,L4,microsoft/resnet-50,cpu,bfloat16,disabled,bfloat16,interactive,0.1,5,279.17,,FAIL,p95 104.5 ms > 100 ms,8,16,279.17,16750.20,,33720,281.000,16860.00,3.6,0.0036,,,,,58.8,104.5,147.4,,,,,2.9,,36.1,,,,,,server_vit_microsoft_resnet-50_interactive_20261008_101058.txt
server_vit_benchmark,20261008_101058,SR630 V4,6740P,L4,microsoft/resnet-50,cpu,bfloat16,disabled,bfloat16,interactive,0.1,5,304.44,,FAIL,p95 119.7 ms > 100 ms,8,16,304.44,18266.40,,36683,305.692,18341.52,3.3,0.0033,,,,,64.7,119.7,190.6,,,,,3.3,,37.0,,,,,,server_vit_microsoft_resnet-50_interactive_20261008_101058.txt
server_vit_benchmark,20261008_101058,SR630 V4,6740P,L4,microsoft/resnet-50,cpu,bfloat16,disabled,bfloat16,interactive,0.1,5,362.04,,FAIL,p95 203.4 ms > 100 ms,8,16,362.04,21722.40,,43529,362.742,21764.52,2.8,0.0028,,,,,94.6,203.4,284.1,,,,,4.7,,37.9,,,,,,server_vit_microsoft_resnet-50_interactive_20261008_101058.txt
server_vit_benchmark,20261008_101058,SR630 V4,6740P,L4,microsoft/resnet-50,cpu,bfloat16,disabled,bfloat16,interactive,0.1,5,512.00,,FAIL,p95 40021.0 ms > 100 ms,8,16,512.00,30720.00,,61340,511.167,30670.02,2.0,0.0020,,,,,22376.2,40021.0,41349.4,,,,,5.8,,36.1,,,,,,server_vit_microsoft_resnet-50_interactive_20261008_101058.txt
server_vit_benchmark,20261009_132038,SR630 V4,6740P,L4,microsoft/resnet-50,cpu,bfloat16,disabled,bfloat16,interactive,0.1,5,4.00,,PASS,ok,8,16,4.00,240.00,,456,3.800,228.00,263.2,0.2632,,,,,27.9,39.5,113.8,,,,,1.0,,1.1,,,,,,server_vit_microsoft_resnet-50_interactive_20261009_132038.txt
server_vit_benchmark,20261009_132038,SR630 V4,6740P,L4,microsoft/resnet-50,cpu,bfloat16,disabled,bfloat16,interactive,0.1,5,5.66,,PASS,ok,8,16,5.66,339.60,,663,5.525,331.50,181.0,0.1810,,,,,28.1,39.6,141.3,,,,,1.0,,1.6,,,,,,server_vit_microsoft_resnet-50_interactive_20261009_132038.txt
server_vit_benchmark,20261009_132038,SR630 V4,6740P,L4,microsoft/resnet-50,cpu,bfloat16,disabled,bfloat16,interactive,0.1,5,6.73,,PASS,ok,8,16,6.73,403.80,,771,6.425,385.50,155.6,0.1556,,,,,28.0,36.4,86.1,,,,,1.0,,1.8,,,,,,server_vit_microsoft_resnet-50_interactive_20261009_132038.txt
server_vit_benchmark,20261009_132038,SR630 V4,6740P,L4,microsoft/resnet-50,cpu,bfloat16,disabled,bfloat16,interactive,0.1,5,7.34,,PASS,ok,8,16,7.34,440.40,,838,6.983,418.98,143.2,0.1432,,,,,27.9,36.8,90.7,,,,,1.0,,1.9,,,,,,server_vit_microsoft_resnet-50_interactive_20261009_132038.txt
server_vit_benchmark,20261009_132038,SR630 V4,6740P,L4,microsoft/resnet-50,cpu,bfloat16,disabled,bfloat16,interactive,0.1,5,7.66,yes,PASS,ok,8,16,7.66,459.60,,875,7.292,437.52,137.1,0.1371,,,,,27.9,36.3,115.2,,,,,1.0,,2.0,,,,,,server_vit_microsoft_resnet-50_interactive_20261009_132038.txt
server_vit_benchmark,20261009_132038,SR630 V4,6740P,L4,microsoft/resnet-50,cpu,bfloat16,disabled,bfloat16,interactive,0.1,5,8.00,,FAIL,p95 102.9 ms > 100 ms,8,16,8.00,480.00,,903,7.525,451.50,132.9,0.1329,,,,,28.6,102.9,353.1,,,,,1.0,,3.0,,,,,,server_vit_microsoft_resnet-50_interactive_20261009_132038.txt
server_vit_benchmark,20261008_094953,SR630 V4,6740P,L4,microsoft/resnet-50,cpu,bfloat16,disabled,bfloat16,interactive,0.1,5,8.00,,PASS,ok,10,16,8.00,480.00,,903,7.525,451.50,132.9,0.1329,,,,,41.0,48.8,55.2,,,,,1.0,,1.1,,,,,,server_vit_microsoft_resnet-50_interactive_20261008_094953.txt
server_vit_benchmark,20261008_094953,SR630 V4,6740P,L4,microsoft/resnet-50,cpu,bfloat16,disabled,bfloat16,interactive,0.1,5,16.00,,PASS,ok,10,16,16.00,960.00,,1871,15.592,935.52,64.1,0.0641,,,,,41.2,46.8,58.1,,,,,1.0,,2.4,,,,,,server_vit_microsoft_resnet-50_interactive_20261008_094953.txt
server_vit_benchmark,20261008_094953,SR630 V4,6740P,L4,microsoft/resnet-50,cpu,bfloat16,disabled,bfloat16,interactive,0.1,5,32.00,,PASS,ok,10,16,32.00,1920.00,,3771,31.425,1885.50,31.8,0.0318,,,,,41.4,47.2,57.9,,,,,1.0,,4.8,,,,,,server_vit_microsoft_resnet-50_interactive_20261008_094953.txt
server_vit_benchmark,20261008_094953,SR630 V4,6740P,L4,microsoft/resnet-50,cpu,bfloat16,disabled,bfloat16,interactive,0.1,5,64.00,,PASS,ok,10,16,64.00,3840.00,,7722,64.350,3861.00,15.5,0.0155,,,,,42.4,51.7,63.2,,,,,1.0,,9.9,,,,,,server_vit_microsoft_resnet-50_interactive_20261008_094953.txt
server_vit_benchmark,20261008_094953,SR630 V4,6740P,L4,microsoft/resnet-50,cpu,bfloat16,disabled,bfloat16,interactive,0.1,5,128.00,,PASS,ok,10,16,128.00,7680.00,,15360,128.000,7680.00,7.8,0.0078,,,,,45.7,65.5,100.8,,,,,1.1,,19.9,,,,,,server_vit_microsoft_resnet-50_interactive_20261008_094953.txt
server_vit_benchmark,20261008_094953,SR630 V4,6740P,L4,microsoft/resnet-50,cpu,bfloat16,disabled,bfloat16,interactive,0.1,5,181.02,yes,PASS,ok,10,16,181.02,10861.20,,21756,181.300,10878.00,5.5,0.0055,,,,,52.6,97.0,139.6,,,,,1.5,,26.4,,,,,,server_vit_microsoft_resnet-50_interactive_20261008_094953.txt
server_vit_benchmark,20261008_094953,SR630 V4,6740P,L4,microsoft/resnet-50,cpu,bfloat16,disabled,bfloat16,interactive,0.1,5,189.03,,FAIL,p95 104.8 ms > 100 ms,10,16,189.03,11341.80,,22781,189.842,11390.52,5.3,0.0053,,,,,54.3,104.8,147.7,,,,,1.6,,27.2,,,,,,server_vit_microsoft_resnet-50_interactive_20261008_094953.txt
server_vit_benchmark,20261008_094953,SR630 V4,6740P,L4,microsoft/resnet-50,cpu,bfloat16,disabled,bfloat16,interactive,0.1,5,197.40,,FAIL,p95 125.2 ms > 100 ms,10,16,197.40,11844.00,,23826,198.550,11913.00,5.0,0.0050,,,,,56.5,125.2,187.7,,,,,1.8,,27.7,,,,,,server_vit_microsoft_resnet-50_interactive_20261008_094953.txt
server_vit_benchmark,20261008_094953,SR630 V4,6740P,L4,microsoft/resnet-50,cpu,bfloat16,disabled,bfloat16,interactive,0.1,5,215.27,,FAIL,p95 145.0 ms > 100 ms,10,16,215.27,12916.20,,25983,216.525,12991.50,4.6,0.0046,,,,,62.4,145.0,197.8,,,,,2.2,,28.7,,,,,,server_vit_microsoft_resnet-50_interactive_20261008_094953.txt
server_vit_benchmark,20261008_094953,SR630 V4,6740P,L4,microsoft/resnet-50,cpu,bfloat16,disabled,bfloat16,interactive,0.1,5,256.00,,FAIL,p95 205.9 ms > 100 ms,10,16,256.00,15360.00,,30871,257.258,15435.48,3.9,0.0039,,,,,96.1,205.9,296.5,,,,,3.4,,29.1,,,,,,server_vit_microsoft_resnet-50_interactive_20261008_094953.txt
server_vit_benchmark,20261009_133637,SR630 V4,6740P,L4,microsoft/resnet-50,cpu,bfloat16,disabled,bfloat16,interactive,0.1,5,8.00,,PASS,ok,12,16,8.00,480.00,,903,7.525,451.50,132.9,0.1329,,,,,30.0,82.6,286.7,,,,,1.0,,1.9,,,,,,server_vit_microsoft_resnet-50_interactive_20261009_133637.txt
server_vit_benchmark,20261009_133637,SR630 V4,6740P,L4,microsoft/resnet-50,cpu,bfloat16,disabled,bfloat16,interactive,0.1,5,16.00,,PASS,ok,12,16,16.00,960.00,,1871,15.592,935.52,64.1,0.0641,,,,,29.8,52.9,260.8,,,,,1.0,,3.8,,,,,,server_vit_microsoft_resnet-50_interactive_20261009_133637.txt
server_vit_benchmark,20261009_133637,SR630 V4,6740P,L4,microsoft/resnet-50,cpu,bfloat16,disabled,bfloat16,interactive,0.1,5,32.00,yes,PASS,ok,12,16,32.00,1920.00,,3771,31.425,1885.50,31.8,0.0318,,,,,29.9,44.5,321.4,,,,,1.0,,7.6,,,,,,server_vit_microsoft_resnet-50_interactive_20261009_133637.txt
server_vit_benchmark,20261009_133637,SR630 V4,6740P,L4,microsoft/resnet-50,cpu,bfloat16,disabled,bfloat16,interactive,0.1,5,33.42,,FAIL,p95 130.3 ms > 100 ms,12,16,33.42,2005.20,,3963,33.025,1981.50,30.3,0.0303,,,,,30.5,130.3,575.6,,,,,1.0,,10.6,,,,,,server_vit_microsoft_resnet-50_interactive_20261009_133637.txt
server_vit_benchmark,20261009_133637,SR630 V4,6740P,L4,microsoft/resnet-50,cpu,bfloat16,disabled,bfloat16,interactive,0.1,5,34.90,,FAIL,p95 127.6 ms > 100 ms,12,16,34.90,2094.00,,4146,34.550,2073.00,28.9,0.0289,,,,,30.5,127.6,536.3,,,,,1.0,,10.8,,,,,,server_vit_microsoft_resnet-50_interactive_20261009_133637.txt
server_vit_benchmark,20261009_133637,SR630 V4,6740P,L4,microsoft/resnet-50,cpu,bfloat16,disabled,bfloat16,interactive,0.1,5,38.05,,FAIL,p95 160.5 ms > 100 ms,12,16,38.05,2283.00,,4564,38.033,2281.98,26.3,0.0263,,,,,30.8,160.5,592.7,,,,,1.0,,12.6,,,,,,server_vit_microsoft_resnet-50_interactive_20261009_133637.txt
server_vit_benchmark,20261009_133637,SR630 V4,6740P,L4,microsoft/resnet-50,cpu,bfloat16,disabled,bfloat16,interactive,0.1,5,45.25,,FAIL,p95 181.3 ms > 100 ms,12,16,45.25,2715.00,,5438,45.317,2719.02,22.1,0.0221,,,,,31.4,181.3,600.3,,,,,1.0,,16.1,,,,,,server_vit_microsoft_resnet-50_interactive_20261009_133637.txt
server_vit_benchmark,20261009_133637,SR630 V4,6740P,L4,microsoft/resnet-50,cpu,bfloat16,disabled,bfloat16,interactive,0.1,5,64.00,,FAIL,p95 193.1 ms > 100 ms,12,16,64.00,3840.00,,7722,64.350,3861.00,15.5,0.0155,,,,,31.8,193.1,591.8,,,,,1.0,,22.8,,,,,,server_vit_microsoft_resnet-50_interactive_20261009_133637.txt
server_vit_benchmark,20261009_135651,SR630 V4,6740P,L4,microsoft/resnet-50,cpu,bfloat16,disabled,bfloat16,interactive,0.1,5,8.00,,PASS,ok,16,16,8.00,480.00,,903,7.525,451.50,132.9,0.1329,,,,,32.5,54.6,183.1,,,,,1.0,,1.4,,,,,,server_vit_microsoft_resnet-50_interactive_20261009_135651.txt
server_vit_benchmark,20261009_135651,SR630 V4,6740P,L4,microsoft/resnet-50,cpu,bfloat16,disabled,bfloat16,interactive,0.1,5,16.00,,PASS,ok,16,16,16.00,960.00,,1871,15.592,935.52,64.1,0.0641,,,,,32.6,46.8,285.8,,,,,1.0,,3.0,,,,,,server_vit_microsoft_resnet-50_interactive_20261009_135651.txt
server_vit_benchmark,20261009_135651,SR630 V4,6740P,L4,microsoft/resnet-50,cpu,bfloat16,disabled,bfloat16,interactive,0.1,5,32.00,,PASS,ok,16,16,32.00,1920.00,,3771,31.425,1885.50,31.8,0.0318,,,,,33.1,84.9,544.3,,,,,1.0,,7.4,,,,,,server_vit_microsoft_resnet-50_interactive_20261009_135651.txt
server_vit_benchmark,20261009_135651,SR630 V4,6740P,L4,microsoft/resnet-50,cpu,bfloat16,disabled,bfloat16,interactive,0.1,5,45.25,,PASS,ok,16,16,45.25,2715.00,,5438,45.317,2719.02,22.1,0.0221,,,,,33.3,66.7,453.5,,,,,1.0,,10.1,,,,,,server_vit_microsoft_resnet-50_interactive_20261009_135651.txt
server_vit_benchmark,20261009_135651,SR630 V4,6740P,L4,microsoft/resnet-50,cpu,bfloat16,disabled,bfloat16,interactive,0.1,5,53.82,,PASS,ok,16,16,53.82,3229.20,,6442,53.683,3220.98,18.6,0.0186,,,,,33.3,54.8,424.9,,,,,1.0,,11.3,,,,,,server_vit_microsoft_resnet-50_interactive_20261009_135651.txt
server_vit_benchmark,20261009_135651,SR630 V4,6740P,L4,microsoft/resnet-50,cpu,bfloat16,disabled,bfloat16,interactive,0.1,5,58.69,,PASS,ok,16,16,58.69,3521.40,,7081,59.008,3540.48,16.9,0.0169,,,,,33.5,98.9,511.5,,,,,1.0,,14.0,,,,,,server_vit_microsoft_resnet-50_interactive_20261009_135651.txt
server_vit_benchmark,20261009_135651,SR630 V4,6740P,L4,microsoft/resnet-50,cpu,bfloat16,disabled,bfloat16,interactive,0.1,5,61.29,yes,PASS,ok,16,16,61.29,3677.40,,7397,61.642,3698.52,16.2,0.0162,,,,,33.5,59.1,407.0,,,,,1.0,,13.2,,,,,,server_vit_microsoft_resnet-50_interactive_20261009_135651.txt
server_vit_benchmark,20261009_135651,SR630 V4,6740P,L4,microsoft/resnet-50,cpu,bfloat16,disabled,bfloat16,interactive,0.1,5,64.00,,FAIL,p95 103.0 ms > 100 ms,16,16,64.00,3840.00,,7722,64.350,3861.00,15.5,0.0155,,,,,33.6,103.0,579.7,,,,,1.0,,15.6,,,,,,server_vit_microsoft_resnet-50_interactive_20261009_135651.txt
server_vit_benchmark,20261009_142559,SR630 V4,6740P,L4,microsoft/resnet-50,cpu,bfloat16,disabled,bfloat16,interactive,0.1,5,8.00,,PASS,ok,24,16,8.00,480.00,,903,7.525,451.50,132.9,0.1329,,,,,36.0,45.6,99.2,,,,,1.0,,1.0,,,,,,server_vit_microsoft_resnet-50_interactive_20261009_142559.txt
server_vit_benchmark,20261009_142559,SR630 V4,6740P,L4,microsoft/resnet-50,cpu,bfloat16,disabled,bfloat16,interactive,0.1,5,16.00,,PASS,ok,24,16,16.00,960.00,,1871,15.592,935.52,64.1,0.0641,,,,,36.1,45.5,114.4,,,,,1.0,,2.0,,,,,,server_vit_microsoft_resnet-50_interactive_20261009_142559.txt
server_vit_benchmark,20261009_142559,SR630 V4,6740P,L4,microsoft/resnet-50,cpu,bfloat16,disabled,bfloat16,interactive,0.1,5,32.00,,PASS,ok,24,16,32.00,1920.00,,3771,31.425,1885.50,31.8,0.0318,,,,,36.2,46.4,146.9,,,,,1.0,,4.2,,,,,,server_vit_microsoft_resnet-50_interactive_20261009_142559.txt
server_vit_benchmark,20261009_142559,SR630 V4,6740P,L4,microsoft/resnet-50,cpu,bfloat16,disabled,bfloat16,interactive,0.1,5,64.00,,PASS,ok,24,16,64.00,3840.00,,7722,64.350,3861.00,15.5,0.0155,,,,,36.8,50.6,297.3,,,,,1.0,,9.3,,,,,,server_vit_microsoft_resnet-50_interactive_20261009_142559.txt
server_vit_benchmark,20261009_142559,SR630 V4,6740P,L4,microsoft/resnet-50,cpu,bfloat16,disabled,bfloat16,interactive,0.1,5,128.00,,PASS,ok,24,16,128.00,7680.00,,15360,128.000,7680.00,7.8,0.0078,,,,,37.7,79.1,474.9,,,,,1.0,,20.2,,,,,,server_vit_microsoft_resnet-50_interactive_20261009_142559.txt
server_vit_benchmark,20261009_142559,SR630 V4,6740P,L4,microsoft/resnet-50,cpu,bfloat16,disabled,bfloat16,interactive,0.1,5,256.00,,PASS,ok,24,16,256.00,15360.00,,30871,257.258,15435.48,3.9,0.0039,,,,,41.3,93.1,287.8,,,,,1.1,,37.1,,,,,,server_vit_microsoft_resnet-50_interactive_20261009_142559.txt
server_vit_benchmark,20261009_142559,SR630 V4,6740P,L4,microsoft/resnet-50,cpu,bfloat16,disabled,bfloat16,interactive,0.1,5,304.44,,PASS,ok,24,16,304.44,18266.40,,36683,305.692,18341.52,3.3,0.0033,,,,,45.2,92.4,218.7,,,,,1.2,,41.7,,,,,,server_vit_microsoft_resnet-50_interactive_20261009_142559.txt
server_vit_benchmark,20261009_142559,SR630 V4,6740P,L4,microsoft/resnet-50,cpu,bfloat16,disabled,bfloat16,interactive,0.1,5,331.99,yes,PASS,ok,24,16,331.99,19919.40,,39896,332.467,19948.02,3.0,0.0030,,,,,47.8,97.1,204.8,,,,,1.2,,44.4,,,,,,server_vit_microsoft_resnet-50_interactive_20261009_142559.txt
server_vit_benchmark,20261009_142559,SR630 V4,6740P,L4,microsoft/resnet-50,cpu,bfloat16,disabled,bfloat16,interactive,0.1,5,346.69,,FAIL,p95 101.3 ms > 100 ms,24,16,346.69,20801.40,,41683,347.358,20841.48,2.9,0.0029,,,,,49.5,101.3,229.4,,,,,1.3,,45.7,,,,,,server_vit_microsoft_resnet-50_interactive_20261009_142559.txt
server_vit_benchmark,20261009_142559,SR630 V4,6740P,L4,microsoft/resnet-50,cpu,bfloat16,disabled,bfloat16,interactive,0.1,5,362.04,,FAIL,p95 108.2 ms > 100 ms,24,16,362.04,21722.40,,43529,362.742,21764.52,2.8,0.0028,,,,,52.0,108.2,204.5,,,,,1.3,,47.3,,,,,,server_vit_microsoft_resnet-50_interactive_20261009_142559.txt
server_vit_benchmark,20261009_142559,SR630 V4,6740P,L4,microsoft/resnet-50,cpu,bfloat16,disabled,bfloat16,interactive,0.1,5,512.00,,FAIL,p95 343.2 ms > 100 ms,24,16,512.00,30720.00,,61340,511.167,30670.02,2.0,0.0020,,,,,161.0,343.2,409.3,,,,,3.1,,49.5,,,,,,server_vit_microsoft_resnet-50_interactive_20261009_142559.txt
server_vit_benchmark,20261009_070203,SR630 V4,6740P,L4,microsoft/resnet-50,cpu,bfloat16,int8-static,bfloat16-int8-static,interactive,0.1,5,8.00,,PASS,ok,2,16,8.00,480.00,,903,7.525,451.50,132.9,0.1329,,,,,15.8,19.2,33.5,,,,,1.0,,1.5,,,,,,server_vit_microsoft_resnet-50_interactive_20261009_070203.txt
server_vit_benchmark,20261009_070203,SR630 V4,6740P,L4,microsoft/resnet-50,cpu,bfloat16,int8-static,bfloat16-int8-static,interactive,0.1,5,16.00,,PASS,ok,2,16,16.00,960.00,,1871,15.592,935.52,64.1,0.0641,,,,,15.8,18.6,29.6,,,,,1.0,,2.9,,,,,,server_vit_microsoft_resnet-50_interactive_20261009_070203.txt
server_vit_benchmark,20261009_070203,SR630 V4,6740P,L4,microsoft/resnet-50,cpu,bfloat16,int8-static,bfloat16-int8-static,interactive,0.1,5,32.00,,PASS,ok,2,16,32.00,1920.00,,3771,31.425,1885.50,31.8,0.0318,,,,,16.0,19.0,33.3,,,,,1.1,,5.8,,,,,,server_vit_microsoft_resnet-50_interactive_20261009_070203.txt
server_vit_benchmark,20261009_070203,SR630 V4,6740P,L4,microsoft/resnet-50,cpu,bfloat16,int8-static,bfloat16-int8-static,interactive,0.1,5,64.00,,PASS,ok,2,16,64.00,3840.00,,7722,64.350,3861.00,15.5,0.0155,,,,,16.2,20.4,31.9,,,,,1.3,,11.0,,,,,,server_vit_microsoft_resnet-50_interactive_20261009_070203.txt
server_vit_benchmark,20261009_070203,SR630 V4,6740P,L4,microsoft/resnet-50,cpu,bfloat16,int8-static,bfloat16-int8-static,interactive,0.1,5,128.00,,PASS,ok,2,16,128.00,7680.00,,15360,128.000,7680.00,7.8,0.0078,,,,,16.9,23.1,34.7,,,,,1.8,,17.7,,,,,,server_vit_microsoft_resnet-50_interactive_20261009_070203.txt
server_vit_benchmark,20261009_070203,SR630 V4,6740P,L4,microsoft/resnet-50,cpu,bfloat16,int8-static,bfloat16-int8-static,interactive,0.1,5,256.00,,PASS,ok,2,16,256.00,15360.00,,30871,257.258,15435.48,3.9,0.0039,,,,,18.7,27.5,40.8,,,,,3.0,,24.8,,,,,,server_vit_microsoft_resnet-50_interactive_20261009_070203.txt
server_vit_benchmark,20261009_070203,SR630 V4,6740P,L4,microsoft/resnet-50,cpu,bfloat16,int8-static,bfloat16-int8-static,interactive,0.1,5,512.00,,PASS,ok,2,16,512.00,30720.00,,61340,511.167,30670.02,2.0,0.0020,,,,,25.4,42.4,100.2,,,,,6.1,,28.8,,,,,,server_vit_microsoft_resnet-50_interactive_20261009_070203.txt
server_vit_benchmark,20261009_070203,SR630 V4,6740P,L4,microsoft/resnet-50,cpu,bfloat16,int8-static,bfloat16-int8-static,interactive,0.1,5,608.87,,PASS,ok,2,16,608.87,36532.20,,72941,607.842,36470.52,1.6,0.0016,,,,,28.8,49.3,154.2,,,,,7.7,,29.0,,,,,,server_vit_microsoft_resnet-50_interactive_20261009_070203.txt
server_vit_benchmark,20261009_070203,SR630 V4,6740P,L4,microsoft/resnet-50,cpu,bfloat16,int8-static,bfloat16-int8-static,interactive,0.1,5,635.83,yes,PASS,ok,2,16,635.83,38149.80,,76142,634.517,38071.02,1.6,0.0016,,,,,29.4,48.2,146.6,,,,,8.2,,29.2,,,,,,server_vit_microsoft_resnet-50_interactive_20261009_070203.txt
server_vit_benchmark,20261009_070203,SR630 V4,6740P,L4,microsoft/resnet-50,cpu,bfloat16,int8-static,bfloat16-int8-static,interactive,0.1,5,663.98,,FAIL,"overloaded: offered 661.73 req/s >= measured capacity 626.37 req/s (preprocess-bound, rho 1.06); met the SLA only because the level ended",2,16,663.98,39838.80,,79408,661.733,39703.98,1.5,0.0015,,,,,31.6,53.3,161.9,,,,,8.9,,29.0,,,,,,server_vit_microsoft_resnet-50_interactive_20261009_070203.txt
server_vit_benchmark,20261009_070203,SR630 V4,6740P,L4,microsoft/resnet-50,cpu,bfloat16,int8-static,bfloat16-int8-static,interactive,0.1,5,724.08,,FAIL,p95 236.2 ms > 100 ms,2,16,724.08,43444.80,,86797,723.308,43398.48,1.4,0.0014,,,,,45.1,236.2,446.0,,,,,10.5,,28.0,,,,,,server_vit_microsoft_resnet-50_interactive_20261009_070203.txt
server_vit_benchmark,20261009_070203,SR630 V4,6740P,L4,microsoft/resnet-50,cpu,bfloat16,int8-static,bfloat16-int8-static,interactive,0.1,5,1024.00,,FAIL,p95 53441.4 ms > 100 ms,2,16,1024.00,61440.00,,122837,1023.642,61418.52,1.0,0.0010,,,,,33111.2,53441.4,54802.5,,,,,10.9,,26.6,,,,,,server_vit_microsoft_resnet-50_interactive_20261009_070203.txt
server_vit_benchmark,20261009_072836,SR630 V4,6740P,L4,microsoft/resnet-50,cpu,bfloat16,int8-static,bfloat16-int8-static,interactive,0.1,5,8.00,,PASS,ok,3,16,8.00,480.00,,903,7.525,451.50,132.9,0.1329,,,,,15.6,18.0,30.7,,,,,1.0,,1.4,,,,,,server_vit_microsoft_resnet-50_interactive_20261009_072836.txt
server_vit_benchmark,20261009_072836,SR630 V4,6740P,L4,microsoft/resnet-50,cpu,bfloat16,int8-static,bfloat16-int8-static,interactive,0.1,5,16.00,,PASS,ok,3,16,16.00,960.00,,1871,15.592,935.52,64.1,0.0641,,,,,15.7,18.1,29.5,,,,,1.0,,3.0,,,,,,server_vit_microsoft_resnet-50_interactive_20261009_072836.txt
server_vit_benchmark,20261009_072836,SR630 V4,6740P,L4,microsoft/resnet-50,cpu,bfloat16,int8-static,bfloat16-int8-static,interactive,0.1,5,32.00,,PASS,ok,3,16,32.00,1920.00,,3771,31.425,1885.50,31.8,0.0318,,,,,15.8,18.4,36.9,,,,,1.0,,6.0,,,,,,server_vit_microsoft_resnet-50_interactive_20261009_072836.txt
server_vit_benchmark,20261009_072836,SR630 V4,6740P,L4,microsoft/resnet-50,cpu,bfloat16,int8-static,bfloat16-int8-static,interactive,0.1,5,64.00,,PASS,ok,3,16,64.00,3840.00,,7722,64.350,3861.00,15.5,0.0155,,,,,15.9,18.9,31.4,,,,,1.1,,11.7,,,,,,server_vit_microsoft_resnet-50_interactive_20261009_072836.txt
server_vit_benchmark,20261009_072836,SR630 V4,6740P,L4,microsoft/resnet-50,cpu,bfloat16,int8-static,bfloat16-int8-static,interactive,0.1,5,128.00,,PASS,ok,3,16,128.00,7680.00,,15360,128.000,7680.00,7.8,0.0078,,,,,16.3,20.5,33.9,,,,,1.4,,20.8,,,,,,server_vit_microsoft_resnet-50_interactive_20261009_072836.txt
server_vit_benchmark,20261009_072836,SR630 V4,6740P,L4,microsoft/resnet-50,cpu,bfloat16,int8-static,bfloat16-int8-static,interactive,0.1,5,256.00,,PASS,ok,3,16,256.00,15360.00,,30871,257.258,15435.48,3.9,0.0039,,,,,17.3,23.9,35.9,,,,,2.2,,31.6,,,,,,server_vit_microsoft_resnet-50_interactive_20261009_072836.txt
server_vit_benchmark,20261009_072836,SR630 V4,6740P,L4,microsoft/resnet-50,cpu,bfloat16,int8-static,bfloat16-int8-static,interactive,0.1,5,512.00,,PASS,ok,3,16,512.00,30720.00,,61340,511.167,30670.02,2.0,0.0020,,,,,21.4,33.2,75.7,,,,,4.0,,38.8,,,,,,server_vit_microsoft_resnet-50_interactive_20261009_072836.txt
server_vit_benchmark,20261009_072836,SR630 V4,6740P,L4,microsoft/resnet-50,cpu,bfloat16,int8-static,bfloat16-int8-static,interactive,0.1,5,608.87,,PASS,ok,3,16,608.87,36532.20,,72941,607.842,36470.52,1.6,0.0016,,,,,24.7,39.9,90.0,,,,,4.9,,39.7,,,,,,server_vit_microsoft_resnet-50_interactive_20261009_072836.txt
server_vit_benchmark,20261009_072836,SR630 V4,6740P,L4,microsoft/resnet-50,cpu,bfloat16,int8-static,bfloat16-int8-static,interactive,0.1,5,635.83,yes,PASS,ok,3,16,635.83,38149.80,,76142,634.517,38071.02,1.6,0.0016,,,,,25.9,43.5,124.5,,,,,5.1,,39.8,,,,,,server_vit_microsoft_resnet-50_interactive_20261009_072836.txt
server_vit_benchmark,20261009_072836,SR630 V4,6740P,L4,microsoft/resnet-50,cpu,bfloat16,int8-static,bfloat16-int8-static,interactive,0.1,5,663.98,,FAIL,"overloaded: offered 661.73 req/s >= measured capacity 601.52 req/s (preprocess-bound, rho 1.10); met the SLA only because the level ended",3,16,663.98,39838.80,,79408,661.733,39703.98,1.5,0.0015,,,,,27.5,47.9,141.7,,,,,5.3,,39.7,,,,,,server_vit_microsoft_resnet-50_interactive_20261009_072836.txt
server_vit_benchmark,20261009_072836,SR630 V4,6740P,L4,microsoft/resnet-50,cpu,bfloat16,int8-static,bfloat16-int8-static,interactive,0.1,5,724.08,,FAIL,"overloaded: offered 723.31 req/s >= measured capacity 330.11 req/s (preprocess-bound, rho 2.19); met the SLA only because the level ended",3,16,724.08,43444.80,,86797,723.308,43398.48,1.4,0.0014,,,,,34.3,80.4,265.3,,,,,5.9,,39.6,,,,,,server_vit_microsoft_resnet-50_interactive_20261009_072836.txt
server_vit_benchmark,20261009_072836,SR630 V4,6740P,L4,microsoft/resnet-50,cpu,bfloat16,int8-static,bfloat16-int8-static,interactive,0.1,5,1024.00,,FAIL,p95 44593.7 ms > 100 ms,3,16,1024.00,61440.00,,122837,1023.642,61418.52,1.0,0.0010,,,,,25277.7,44593.7,46094.7,,,,,6.6,,37.9,,,,,,server_vit_microsoft_resnet-50_interactive_20261009_072836.txt
server_vit_benchmark,20261008_040336,SR630 V4,6740P,L4,microsoft/swin-base-patch4-window7-224,cpu,bfloat16,disabled,bfloat16,interactive,0.1,5,8.00,,PASS,ok,2,16,8.00,480.00,,903,7.525,451.50,132.9,0.1329,,,,,50.0,61.9,76.8,,,,,1.0,,2.6,,,,,,server_vit_microsoft_swin-base-patch4-window7-224_interactive_20261008_040336.txt
server_vit_benchmark,20261008_040336,SR630 V4,6740P,L4,microsoft/swin-base-patch4-window7-224,cpu,bfloat16,disabled,bfloat16,interactive,0.1,5,16.00,,PASS,ok,2,16,16.00,960.00,,1871,15.592,935.52,64.1,0.0641,,,,,50.0,74.4,97.0,,,,,1.1,,5.3,,,,,,server_vit_microsoft_swin-base-patch4-window7-224_interactive_20261008_040336.txt
server_vit_benchmark,20261008_040336,SR630 V4,6740P,L4,microsoft/swin-base-patch4-window7-224,cpu,bfloat16,disabled,bfloat16,interactive,0.1,5,22.63,,PASS,ok,2,16,22.63,1357.80,,2674,22.283,1336.98,44.9,0.0449,,,,,50.9,83.0,109.8,,,,,1.3,,7.2,,,,,,server_vit_microsoft_swin-base-patch4-window7-224_interactive_20261008_040336.txt
server_vit_benchmark,20261008_040336,SR630 V4,6740P,L4,microsoft/swin-base-patch4-window7-224,cpu,bfloat16,disabled,bfloat16,interactive,0.1,5,26.91,,PASS,ok,2,16,26.91,1614.60,,3158,26.317,1579.02,38.0,0.0380,,,,,51.1,93.2,115.2,,,,,1.4,,8.3,,,,,,server_vit_microsoft_swin-base-patch4-window7-224_interactive_20261008_040336.txt
server_vit_benchmark,20261008_040336,SR630 V4,6740P,L4,microsoft/swin-base-patch4-window7-224,cpu,bfloat16,disabled,bfloat16,interactive,0.1,5,29.34,yes,PASS,ok,2,16,29.34,1760.40,,3456,28.800,1728.00,34.7,0.0347,,,,,51.6,98.8,121.5,,,,,1.5,,8.9,,,,,,server_vit_microsoft_swin-base-patch4-window7-224_interactive_20261008_040336.txt
server_vit_benchmark,20261008_040336,SR630 V4,6740P,L4,microsoft/swin-base-patch4-window7-224,cpu,bfloat16,disabled,bfloat16,interactive,0.1,5,30.64,,FAIL,p95 105.4 ms > 100 ms,2,16,30.64,1838.40,,3607,30.058,1803.48,33.3,0.0333,,,,,52.1,105.4,241.8,,,,,1.6,,9.3,,,,,,server_vit_microsoft_swin-base-patch4-window7-224_interactive_20261008_040336.txt
server_vit_benchmark,20261008_040336,SR630 V4,6740P,L4,microsoft/swin-base-patch4-window7-224,cpu,bfloat16,disabled,bfloat16,interactive,0.1,5,32.00,,FAIL,p95 102.6 ms > 100 ms,2,16,32.00,1920.00,,3771,31.425,1885.50,31.8,0.0318,,,,,52.6,102.6,136.6,,,,,1.5,,9.5,,,,,,server_vit_microsoft_swin-base-patch4-window7-224_interactive_20261008_040336.txt
server_vit_benchmark,20261008_041822,SR630 V4,6740P,L4,microsoft/swin-base-patch4-window7-224,cpu,bfloat16,disabled,bfloat16,interactive,0.1,5,8.00,,PASS,ok,3,16,8.00,480.00,,903,7.525,451.50,132.9,0.1329,,,,,50.5,56.7,67.4,,,,,1.0,,2.7,,,,,,server_vit_microsoft_swin-base-patch4-window7-224_interactive_20261008_041822.txt
server_vit_benchmark,20261008_041822,SR630 V4,6740P,L4,microsoft/swin-base-patch4-window7-224,cpu,bfloat16,disabled,bfloat16,interactive,0.1,5,16.00,,PASS,ok,3,16,16.00,960.00,,1871,15.592,935.52,64.1,0.0641,,,,,50.5,62.3,75.8,,,,,1.0,,5.5,,,,,,server_vit_microsoft_swin-base-patch4-window7-224_interactive_20261008_041822.txt
server_vit_benchmark,20261008_041822,SR630 V4,6740P,L4,microsoft/swin-base-patch4-window7-224,cpu,bfloat16,disabled,bfloat16,interactive,0.1,5,32.00,,PASS,ok,3,16,32.00,1920.00,,3771,31.425,1885.50,31.8,0.0318,,,,,50.6,76.0,100.0,,,,,1.2,,10.5,,,,,,server_vit_microsoft_swin-base-patch4-window7-224_interactive_20261008_041822.txt
server_vit_benchmark,20261008_041822,SR630 V4,6740P,L4,microsoft/swin-base-patch4-window7-224,cpu,bfloat16,disabled,bfloat16,interactive,0.1,5,45.25,,PASS,ok,3,16,45.25,2715.00,,5438,45.317,2719.02,22.1,0.0221,,,,,51.7,96.2,122.9,,,,,1.5,,14.2,,,,,,server_vit_microsoft_swin-base-patch4-window7-224_interactive_20261008_041822.txt
server_vit_benchmark,20261008_041822,SR630 V4,6740P,L4,microsoft/swin-base-patch4-window7-224,cpu,bfloat16,disabled,bfloat16,interactive,0.1,5,47.26,yes,PASS,ok,3,16,47.26,2835.60,,5676,47.300,2838.00,21.1,0.0211,,,,,52.0,99.3,127.6,,,,,1.5,,14.7,,,,,,server_vit_microsoft_swin-base-patch4-window7-224_interactive_20261008_041822.txt
server_vit_benchmark,20261008_041822,SR630 V4,6740P,L4,microsoft/swin-base-patch4-window7-224,cpu,bfloat16,disabled,bfloat16,interactive,0.1,5,49.35,,FAIL,p95 101.9 ms > 100 ms,3,16,49.35,2961.00,,5928,49.400,2964.00,20.2,0.0202,,,,,52.3,101.9,127.7,,,,,1.6,,15.2,,,,,,server_vit_microsoft_swin-base-patch4-window7-224_interactive_20261008_041822.txt
server_vit_benchmark,20261008_041822,SR630 V4,6740P,L4,microsoft/swin-base-patch4-window7-224,cpu,bfloat16,disabled,bfloat16,interactive,0.1,5,53.82,,FAIL,p95 109.7 ms > 100 ms,3,16,53.82,3229.20,,6442,53.683,3220.98,18.6,0.0186,,,,,53.6,109.7,149.6,,,,,1.7,,16.0,,,,,,server_vit_microsoft_swin-base-patch4-window7-224_interactive_20261008_041822.txt
server_vit_benchmark,20261008_041822,SR630 V4,6740P,L4,microsoft/swin-base-patch4-window7-224,cpu,bfloat16,disabled,bfloat16,interactive,0.1,5,64.00,,FAIL,p95 122.3 ms > 100 ms,3,16,64.00,3840.00,,7722,64.350,3861.00,15.5,0.0155,,,,,64.3,122.3,188.4,,,,,2.0,,18.0,,,,,,server_vit_microsoft_swin-base-patch4-window7-224_interactive_20261008_041822.txt
server_vit_benchmark,20261008_043514,SR630 V4,6740P,L4,microsoft/swin-base-patch4-window7-224,cpu,bfloat16,disabled,bfloat16,interactive,0.1,5,8.00,,PASS,ok,4,16,8.00,480.00,,903,7.525,451.50,132.9,0.1329,,,,,50.8,58.5,70.3,,,,,1.0,,2.7,,,,,,server_vit_microsoft_swin-base-patch4-window7-224_interactive_20261008_043514.txt
server_vit_benchmark,20261008_043514,SR630 V4,6740P,L4,microsoft/swin-base-patch4-window7-224,cpu,bfloat16,disabled,bfloat16,interactive,0.1,5,16.00,,PASS,ok,4,16,16.00,960.00,,1871,15.592,935.52,64.1,0.0641,,,,,50.9,54.6,70.2,,,,,1.0,,5.6,,,,,,server_vit_microsoft_swin-base-patch4-window7-224_interactive_20261008_043514.txt
server_vit_benchmark,20261008_043514,SR630 V4,6740P,L4,microsoft/swin-base-patch4-window7-224,cpu,bfloat16,disabled,bfloat16,interactive,0.1,5,32.00,,PASS,ok,4,16,32.00,1920.00,,3771,31.425,1885.50,31.8,0.0318,,,,,51.1,66.9,88.6,,,,,1.1,,11.0,,,,,,server_vit_microsoft_swin-base-patch4-window7-224_interactive_20261008_043514.txt
server_vit_benchmark,20261008_043514,SR630 V4,6740P,L4,microsoft/swin-base-patch4-window7-224,cpu,bfloat16,disabled,bfloat16,interactive,0.1,5,64.00,yes,PASS,ok,4,16,64.00,3840.00,,7722,64.350,3861.00,15.5,0.0155,,,,,52.4,98.5,151.5,,,,,1.5,,20.4,,,,,,server_vit_microsoft_swin-base-patch4-window7-224_interactive_20261008_043514.txt
server_vit_benchmark,20261008_043514,SR630 V4,6740P,L4,microsoft/swin-base-patch4-window7-224,cpu,bfloat16,disabled,bfloat16,interactive,0.1,5,66.83,,FAIL,p95 101.3 ms > 100 ms,4,16,66.83,4009.80,,8028,66.900,4014.00,14.9,0.0149,,,,,52.4,101.3,143.4,,,,,1.6,,20.9,,,,,,server_vit_microsoft_swin-base-patch4-window7-224_interactive_20261008_043514.txt
server_vit_benchmark,20261008_043514,SR630 V4,6740P,L4,microsoft/swin-base-patch4-window7-224,cpu,bfloat16,disabled,bfloat16,interactive,0.1,5,69.79,,FAIL,p95 104.0 ms > 100 ms,4,16,69.79,4187.40,,8389,69.908,4194.48,14.3,0.0143,,,,,52.8,104.0,151.5,,,,,1.7,,21.5,,,,,,server_vit_microsoft_swin-base-patch4-window7-224_interactive_20261008_043514.txt
server_vit_benchmark,20261008_043514,SR630 V4,6740P,L4,microsoft/swin-base-patch4-window7-224,cpu,bfloat16,disabled,bfloat16,interactive,0.1,5,76.11,,FAIL,p95 109.1 ms > 100 ms,4,16,76.11,4566.60,,9147,76.225,4573.50,13.1,0.0131,,,,,54.4,109.1,145.2,,,,,1.8,,22.7,,,,,,server_vit_microsoft_swin-base-patch4-window7-224_interactive_20261008_043514.txt
server_vit_benchmark,20261008_043514,SR630 V4,6740P,L4,microsoft/swin-base-patch4-window7-224,cpu,bfloat16,disabled,bfloat16,interactive,0.1,5,90.51,,FAIL,p95 124.4 ms > 100 ms,4,16,90.51,5430.60,,10919,90.992,5459.52,11.0,0.0110,,,,,66.8,124.4,172.6,,,,,2.2,,25.1,,,,,,server_vit_microsoft_swin-base-patch4-window7-224_interactive_20261008_043514.txt
server_vit_benchmark,20261008_043514,SR630 V4,6740P,L4,microsoft/swin-base-patch4-window7-224,cpu,bfloat16,disabled,bfloat16,interactive,0.1,5,128.00,,FAIL,p95 187.6 ms > 100 ms,4,16,128.00,7680.00,,15360,128.000,7680.00,7.8,0.0078,,,,,89.4,187.6,271.9,,,,,3.8,,28.7,,,,,,server_vit_microsoft_swin-base-patch4-window7-224_interactive_20261008_043514.txt
server_vit_benchmark,20261008_045412,SR630 V4,6740P,L4,microsoft/swin-base-patch4-window7-224,cpu,bfloat16,disabled,bfloat16,interactive,0.1,5,8.00,,PASS,ok,5,16,8.00,480.00,,903,7.525,451.50,132.9,0.1329,,,,,51.1,57.7,70.0,,,,,1.0,,2.7,,,,,,server_vit_microsoft_swin-base-patch4-window7-224_interactive_20261008_045412.txt
server_vit_benchmark,20261008_045412,SR630 V4,6740P,L4,microsoft/swin-base-patch4-window7-224,cpu,bfloat16,disabled,bfloat16,interactive,0.1,5,16.00,,PASS,ok,5,16,16.00,960.00,,1871,15.592,935.52,64.1,0.0641,,,,,51.2,55.0,72.2,,,,,1.0,,5.6,,,,,,server_vit_microsoft_swin-base-patch4-window7-224_interactive_20261008_045412.txt
server_vit_benchmark,20261008_045412,SR630 V4,6740P,L4,microsoft/swin-base-patch4-window7-224,cpu,bfloat16,disabled,bfloat16,interactive,0.1,5,32.00,,PASS,ok,5,16,32.00,1920.00,,3771,31.425,1885.50,31.8,0.0318,,,,,51.1,60.1,73.7,,,,,1.0,,11.3,,,,,,server_vit_microsoft_swin-base-patch4-window7-224_interactive_20261008_045412.txt
server_vit_benchmark,20261008_045412,SR630 V4,6740P,L4,microsoft/swin-base-patch4-window7-224,cpu,bfloat16,disabled,bfloat16,interactive,0.1,5,64.00,,PASS,ok,5,16,64.00,3840.00,,7722,64.350,3861.00,15.5,0.0155,,,,,51.7,79.1,113.6,,,,,1.3,,21.7,,,,,,server_vit_microsoft_swin-base-patch4-window7-224_interactive_20261008_045412.txt
server_vit_benchmark,20261008_045412,SR630 V4,6740P,L4,microsoft/swin-base-patch4-window7-224,cpu,bfloat16,disabled,bfloat16,interactive,0.1,5,76.11,,PASS,ok,5,16,76.11,4566.60,,9147,76.225,4573.50,13.1,0.0131,,,,,51.9,84.2,116.5,,,,,1.4,,24.7,,,,,,server_vit_microsoft_swin-base-patch4-window7-224_interactive_20261008_045412.txt
server_vit_benchmark,20261008_045412,SR630 V4,6740P,L4,microsoft/swin-base-patch4-window7-224,cpu,bfloat16,disabled,bfloat16,interactive,0.1,5,83.00,,PASS,ok,5,16,83.00,4980.00,,9994,83.283,4996.98,12.0,0.0120,,,,,52.1,95.4,122.2,,,,,1.5,,26.3,,,,,,server_vit_microsoft_swin-base-patch4-window7-224_interactive_20261008_045412.txt
server_vit_benchmark,20261008_045412,SR630 V4,6740P,L4,microsoft/swin-base-patch4-window7-224,cpu,bfloat16,disabled,bfloat16,interactive,0.1,5,86.67,yes,PASS,ok,5,16,86.67,5200.20,,10451,87.092,5225.52,11.5,0.0115,,,,,52.4,98.8,141.2,,,,,1.6,,27.1,,,,,,server_vit_microsoft_swin-base-patch4-window7-224_interactive_20261008_045412.txt
server_vit_benchmark,20261008_045412,SR630 V4,6740P,L4,microsoft/swin-base-patch4-window7-224,cpu,bfloat16,disabled,bfloat16,interactive,0.1,5,90.51,,FAIL,p95 102.9 ms > 100 ms,5,16,90.51,5430.60,,10919,90.992,5459.52,11.0,0.0110,,,,,52.8,102.9,137.9,,,,,1.7,,27.9,,,,,,server_vit_microsoft_swin-base-patch4-window7-224_interactive_20261008_045412.txt
server_vit_benchmark,20261008_045412,SR630 V4,6740P,L4,microsoft/swin-base-patch4-window7-224,cpu,bfloat16,disabled,bfloat16,interactive,0.1,5,128.00,,FAIL,p95 141.4 ms > 100 ms,5,16,128.00,7680.00,,15360,128.000,7680.00,7.8,0.0078,,,,,68.3,141.4,214.1,,,,,2.6,,33.4,,,,,,server_vit_microsoft_swin-base-patch4-window7-224_interactive_20261008_045412.txt
server_vit_benchmark,20261008_051309,SR630 V4,6740P,L4,microsoft/swin-base-patch4-window7-224,cpu,bfloat16,disabled,bfloat16,interactive,0.1,5,8.00,,PASS,ok,6,16,8.00,480.00,,903,7.525,451.50,132.9,0.1329,,,,,50.9,57.7,70.6,,,,,1.0,,2.7,,,,,,server_vit_microsoft_swin-base-patch4-window7-224_interactive_20261008_051309.txt
server_vit_benchmark,20261008_051309,SR630 V4,6740P,L4,microsoft/swin-base-patch4-window7-224,cpu,bfloat16,disabled,bfloat16,interactive,0.1,5,16.00,,PASS,ok,6,16,16.00,960.00,,1871,15.592,935.52,64.1,0.0641,,,,,50.8,54.7,67.9,,,,,1.0,,5.6,,,,,,server_vit_microsoft_swin-base-patch4-window7-224_interactive_20261008_051309.txt
server_vit_benchmark,20261008_051309,SR630 V4,6740P,L4,microsoft/swin-base-patch4-window7-224,cpu,bfloat16,disabled,bfloat16,interactive,0.1,5,32.00,,PASS,ok,6,16,32.00,1920.00,,3771,31.425,1885.50,31.8,0.0318,,,,,51.0,54.4,70.5,,,,,1.0,,11.3,,,,,,server_vit_microsoft_swin-base-patch4-window7-224_interactive_20261008_051309.txt
server_vit_benchmark,20261008_051309,SR630 V4,6740P,L4,microsoft/swin-base-patch4-window7-224,cpu,bfloat16,disabled,bfloat16,interactive,0.1,5,64.00,,PASS,ok,6,16,64.00,3840.00,,7722,64.350,3861.00,15.5,0.0155,,,,,51.2,67.9,89.6,,,,,1.1,,22.3,,,,,,server_vit_microsoft_swin-base-patch4-window7-224_interactive_20261008_051309.txt
server_vit_benchmark,20261008_051309,SR630 V4,6740P,L4,microsoft/swin-base-patch4-window7-224,cpu,bfloat16,disabled,bfloat16,interactive,0.1,5,90.51,,PASS,ok,6,16,90.51,5430.60,,10919,90.992,5459.52,11.0,0.0110,,,,,51.7,81.1,113.3,,,,,1.4,,29.7,,,,,,server_vit_microsoft_swin-base-patch4-window7-224_interactive_20261008_051309.txt
server_vit_benchmark,20261008_051309,SR630 V4,6740P,L4,microsoft/swin-base-patch4-window7-224,cpu,bfloat16,disabled,bfloat16,interactive,0.1,5,107.63,yes,PASS,ok,6,16,107.63,6457.80,,12910,107.583,6454.98,9.3,0.0093,,,,,52.3,96.9,143.4,,,,,1.6,,33.3,,,,,,server_vit_microsoft_swin-base-patch4-window7-224_interactive_20261008_051309.txt
server_vit_benchmark,20261008_051309,SR630 V4,6740P,L4,microsoft/swin-base-patch4-window7-224,cpu,bfloat16,disabled,bfloat16,interactive,0.1,5,112.40,,FAIL,p95 100.2 ms > 100 ms,6,16,112.40,6744.00,,13489,112.408,6744.48,8.9,0.0089,,,,,52.6,100.2,170.8,,,,,1.7,,34.2,,,,,,server_vit_microsoft_swin-base-patch4-window7-224_interactive_20261008_051309.txt
server_vit_benchmark,20261008_051309,SR630 V4,6740P,L4,microsoft/swin-base-patch4-window7-224,cpu,bfloat16,disabled,bfloat16,interactive,0.1,5,117.38,,FAIL,p95 102.7 ms > 100 ms,6,16,117.38,7042.80,,14084,117.367,7042.02,8.5,0.0085,,,,,53.1,102.7,146.9,,,,,1.7,,35.0,,,,,,server_vit_microsoft_swin-base-patch4-window7-224_interactive_20261008_051309.txt
server_vit_benchmark,20261008_051309,SR630 V4,6740P,L4,microsoft/swin-base-patch4-window7-224,cpu,bfloat16,disabled,bfloat16,interactive,0.1,5,128.00,,FAIL,p95 115.4 ms > 100 ms,6,16,128.00,7680.00,,15360,128.000,7680.00,7.8,0.0078,,,,,62.4,115.4,201.4,,,,,2.0,,36.8,,,,,,server_vit_microsoft_swin-base-patch4-window7-224_interactive_20261008_051309.txt
server_vit_benchmark,20261008_053207,SR630 V4,6740P,L4,microsoft/swin-base-patch4-window7-224,cpu,bfloat16,disabled,bfloat16,interactive,0.1,5,8.00,,PASS,ok,7,16,8.00,480.00,,903,7.525,451.50,132.9,0.1329,,,,,51.1,58.7,72.1,,,,,1.0,,2.8,,,,,,server_vit_microsoft_swin-base-patch4-window7-224_interactive_20261008_053207.txt
server_vit_benchmark,20261008_053207,SR630 V4,6740P,L4,microsoft/swin-base-patch4-window7-224,cpu,bfloat16,disabled,bfloat16,interactive,0.1,5,16.00,,PASS,ok,7,16,16.00,960.00,,1871,15.592,935.52,64.1,0.0641,,,,,51.1,55.1,70.2,,,,,1.0,,5.6,,,,,,server_vit_microsoft_swin-base-patch4-window7-224_interactive_20261008_053207.txt
server_vit_benchmark,20261008_053207,SR630 V4,6740P,L4,microsoft/swin-base-patch4-window7-224,cpu,bfloat16,disabled,bfloat16,interactive,0.1,5,32.00,,PASS,ok,7,16,32.00,1920.00,,3771,31.425,1885.50,31.8,0.0318,,,,,51.3,54.9,70.9,,,,,1.0,,11.3,,,,,,server_vit_microsoft_swin-base-patch4-window7-224_interactive_20261008_053207.txt
server_vit_benchmark,20261008_053207,SR630 V4,6740P,L4,microsoft/swin-base-patch4-window7-224,cpu,bfloat16,disabled,bfloat16,interactive,0.1,5,64.00,,PASS,ok,7,16,64.00,3840.00,,7722,64.350,3861.00,15.5,0.0155,,,,,51.5,66.9,84.0,,,,,1.1,,22.8,,,,,,server_vit_microsoft_swin-base-patch4-window7-224_interactive_20261008_053207.txt
server_vit_benchmark,20261008_053207,SR630 V4,6740P,L4,microsoft/swin-base-patch4-window7-224,cpu,bfloat16,disabled,bfloat16,interactive,0.1,5,90.51,,PASS,ok,7,16,90.51,5430.60,,10919,90.992,5459.52,11.0,0.0110,,,,,51.9,73.5,98.6,,,,,1.2,,31.0,,,,,,server_vit_microsoft_swin-base-patch4-window7-224_interactive_20261008_053207.txt
server_vit_benchmark,20261008_053207,SR630 V4,6740P,L4,microsoft/swin-base-patch4-window7-224,cpu,bfloat16,disabled,bfloat16,interactive,0.1,5,107.63,,PASS,ok,7,16,107.63,6457.80,,12910,107.583,6454.98,9.3,0.0093,,,,,52.4,81.8,114.9,,,,,1.3,,35.5,,,,,,server_vit_microsoft_swin-base-patch4-window7-224_interactive_20261008_053207.txt
server_vit_benchmark,20261008_053207,SR630 V4,6740P,L4,microsoft/swin-base-patch4-window7-224,cpu,bfloat16,disabled,bfloat16,interactive,0.1,5,117.38,,PASS,ok,7,16,117.38,7042.80,,14084,117.367,7042.02,8.5,0.0085,,,,,52.8,87.0,119.0,,,,,1.5,,37.7,,,,,,server_vit_microsoft_swin-base-patch4-window7-224_interactive_20261008_053207.txt
server_vit_benchmark,20261008_053207,SR630 V4,6740P,L4,microsoft/swin-base-patch4-window7-224,cpu,bfloat16,disabled,bfloat16,interactive,0.1,5,122.57,yes,PASS,ok,7,16,122.57,7354.20,,14685,122.375,7342.50,8.2,0.0082,,,,,53.0,94.4,122.8,,,,,1.5,,38.7,,,,,,server_vit_microsoft_swin-base-patch4-window7-224_interactive_20261008_053207.txt
server_vit_benchmark,20261008_053207,SR630 V4,6740P,L4,microsoft/swin-base-patch4-window7-224,cpu,bfloat16,disabled,bfloat16,interactive,0.1,5,128.00,,FAIL,p95 101.1 ms > 100 ms,7,16,128.00,7680.00,,15360,128.000,7680.00,7.8,0.0078,,,,,53.3,101.1,169.4,,,,,1.6,,39.9,,,,,,server_vit_microsoft_swin-base-patch4-window7-224_interactive_20261008_053207.txt
server_vit_benchmark,20261008_055104,SR630 V4,6740P,L4,microsoft/swin-base-patch4-window7-224,cpu,bfloat16,disabled,bfloat16,interactive,0.1,5,8.00,,PASS,ok,8,16,8.00,480.00,,903,7.525,451.50,132.9,0.1329,,,,,51.3,58.3,68.7,,,,,1.0,,2.7,,,,,,server_vit_microsoft_swin-base-patch4-window7-224_interactive_20261008_055104.txt
server_vit_benchmark,20261008_055104,SR630 V4,6740P,L4,microsoft/swin-base-patch4-window7-224,cpu,bfloat16,disabled,bfloat16,interactive,0.1,5,16.00,,PASS,ok,8,16,16.00,960.00,,1871,15.592,935.52,64.1,0.0641,,,,,51.2,55.3,68.4,,,,,1.0,,5.7,,,,,,server_vit_microsoft_swin-base-patch4-window7-224_interactive_20261008_055104.txt
server_vit_benchmark,20261008_055104,SR630 V4,6740P,L4,microsoft/swin-base-patch4-window7-224,cpu,bfloat16,disabled,bfloat16,interactive,0.1,5,32.00,,PASS,ok,8,16,32.00,1920.00,,3771,31.425,1885.50,31.8,0.0318,,,,,51.3,54.9,70.8,,,,,1.0,,11.3,,,,,,server_vit_microsoft_swin-base-patch4-window7-224_interactive_20261008_055104.txt
server_vit_benchmark,20261008_055104,SR630 V4,6740P,L4,microsoft/swin-base-patch4-window7-224,cpu,bfloat16,disabled,bfloat16,interactive,0.1,5,64.00,,PASS,ok,8,16,64.00,3840.00,,7722,64.350,3861.00,15.5,0.0155,,,,,51.6,61.2,72.4,,,,,1.0,,23.1,,,,,,server_vit_microsoft_swin-base-patch4-window7-224_interactive_20261008_055104.txt
server_vit_benchmark,20261008_055104,SR630 V4,6740P,L4,microsoft/swin-base-patch4-window7-224,cpu,bfloat16,disabled,bfloat16,interactive,0.1,5,128.00,,PASS,ok,8,16,128.00,7680.00,,15360,128.000,7680.00,7.8,0.0078,,,,,53.0,84.4,146.5,,,,,1.4,,42.2,,,,,,server_vit_microsoft_swin-base-patch4-window7-224_interactive_20261008_055104.txt
server_vit_benchmark,20261008_055104,SR630 V4,6740P,L4,microsoft/swin-base-patch4-window7-224,cpu,bfloat16,disabled,bfloat16,interactive,0.1,5,139.58,,PASS,ok,8,16,139.58,8374.80,,16753,139.608,8376.48,7.2,0.0072,,,,,53.4,91.0,119.5,,,,,1.5,,44.8,,,,,,server_vit_microsoft_swin-base-patch4-window7-224_interactive_20261008_055104.txt
server_vit_benchmark,20261008_055104,SR630 V4,6740P,L4,microsoft/swin-base-patch4-window7-224,cpu,bfloat16,disabled,bfloat16,interactive,0.1,5,145.76,yes,PASS,ok,8,16,145.76,8745.60,,17455,145.458,8727.48,6.9,0.0069,,,,,53.6,99.5,150.7,,,,,1.6,,45.8,,,,,,server_vit_microsoft_swin-base-patch4-window7-224_interactive_20261008_055104.txt
server_vit_benchmark,20261008_055104,SR630 V4,6740P,L4,microsoft/swin-base-patch4-window7-224,cpu,bfloat16,disabled,bfloat16,interactive,0.1,5,152.22,,FAIL,p95 102.6 ms > 100 ms,8,16,152.22,9133.20,,18260,152.167,9130.02,6.6,0.0066,,,,,54.2,102.6,150.2,,,,,1.7,,47.1,,,,,,server_vit_microsoft_swin-base-patch4-window7-224_interactive_20261008_055104.txt
server_vit_benchmark,20261008_055104,SR630 V4,6740P,L4,microsoft/swin-base-patch4-window7-224,cpu,bfloat16,disabled,bfloat16,interactive,0.1,5,181.02,,FAIL,p95 118.2 ms > 100 ms,8,16,181.02,10861.20,,21756,181.300,10878.00,5.5,0.0055,,,,,66.5,118.2,180.1,,,,,2.2,,51.3,,,,,,server_vit_microsoft_swin-base-patch4-window7-224_interactive_20261008_055104.txt
server_vit_benchmark,20261008_055104,SR630 V4,6740P,L4,microsoft/swin-base-patch4-window7-224,cpu,bfloat16,disabled,bfloat16,interactive,0.1,5,256.00,,FAIL,p95 206.5 ms > 100 ms,8,16,256.00,15360.00,,30871,257.258,15435.48,3.9,0.0039,,,,,85.5,206.5,308.8,,,,,4.1,,57.4,,,,,,server_vit_microsoft_swin-base-patch4-window7-224_interactive_20261008_055104.txt
server_vit_benchmark,20261008_061207,SR630 V4,6740P,L4,microsoft/swin-base-patch4-window7-224,cpu,bfloat16,disabled,bfloat16,interactive,0.1,5,8.00,,PASS,ok,9,16,8.00,480.00,,903,7.525,451.50,132.9,0.1329,,,,,51.4,59.1,71.2,,,,,1.0,,2.7,,,,,,server_vit_microsoft_swin-base-patch4-window7-224_interactive_20261008_061207.txt
server_vit_benchmark,20261008_061207,SR630 V4,6740P,L4,microsoft/swin-base-patch4-window7-224,cpu,bfloat16,disabled,bfloat16,interactive,0.1,5,16.00,,PASS,ok,9,16,16.00,960.00,,1871,15.592,935.52,64.1,0.0641,,,,,51.3,55.4,67.8,,,,,1.0,,5.6,,,,,,server_vit_microsoft_swin-base-patch4-window7-224_interactive_20261008_061207.txt
server_vit_benchmark,20261008_061207,SR630 V4,6740P,L4,microsoft/swin-base-patch4-window7-224,cpu,bfloat16,disabled,bfloat16,interactive,0.1,5,32.00,,PASS,ok,9,16,32.00,1920.00,,3771,31.425,1885.50,31.8,0.0318,,,,,51.5,55.8,71.3,,,,,1.0,,11.4,,,,,,server_vit_microsoft_swin-base-patch4-window7-224_interactive_20261008_061207.txt
server_vit_benchmark,20261008_061207,SR630 V4,6740P,L4,microsoft/swin-base-patch4-window7-224,cpu,bfloat16,disabled,bfloat16,interactive,0.1,5,64.00,,PASS,ok,9,16,64.00,3840.00,,7722,64.350,3861.00,15.5,0.0155,,,,,52.0,60.5,72.4,,,,,1.0,,23.2,,,,,,server_vit_microsoft_swin-base-patch4-window7-224_interactive_20261008_061207.txt
server_vit_benchmark,20261008_061207,SR630 V4,6740P,L4,microsoft/swin-base-patch4-window7-224,cpu,bfloat16,disabled,bfloat16,interactive,0.1,5,128.00,,PASS,ok,9,16,128.00,7680.00,,15360,128.000,7680.00,7.8,0.0078,,,,,52.8,79.0,113.7,,,,,1.3,,43.7,,,,,,server_vit_microsoft_swin-base-patch4-window7-224_interactive_20261008_061207.txt
server_vit_benchmark,20261008_061207,SR630 V4,6740P,L4,microsoft/swin-base-patch4-window7-224,cpu,bfloat16,disabled,bfloat16,interactive,0.1,5,152.22,,PASS,ok,9,16,152.22,9133.20,,18260,152.167,9130.02,6.6,0.0066,,,,,53.7,88.7,117.3,,,,,1.5,,49.4,,,,,,server_vit_microsoft_swin-base-patch4-window7-224_interactive_20261008_061207.txt
server_vit_benchmark,20261008_061207,SR630 V4,6740P,L4,microsoft/swin-base-patch4-window7-224,cpu,bfloat16,disabled,bfloat16,interactive,0.1,5,166.00,yes,PASS,ok,9,16,166.00,9960.00,,19919,165.992,9959.52,6.0,0.0060,,,,,53.9,99.9,130.6,,,,,1.6,,52.3,,,,,,server_vit_microsoft_swin-base-patch4-window7-224_interactive_20261008_061207.txt
server_vit_benchmark,20261008_061207,SR630 V4,6740P,L4,microsoft/swin-base-patch4-window7-224,cpu,bfloat16,disabled,bfloat16,interactive,0.1,5,173.34,,FAIL,p95 102.5 ms > 100 ms,9,16,173.34,10400.40,,20803,173.358,10401.48,5.8,0.0058,,,,,54.3,102.5,135.5,,,,,1.7,,53.6,,,,,,server_vit_microsoft_swin-base-patch4-window7-224_interactive_20261008_061207.txt
server_vit_benchmark,20261008_061207,SR630 V4,6740P,L4,microsoft/swin-base-patch4-window7-224,cpu,bfloat16,disabled,bfloat16,interactive,0.1,5,181.02,,FAIL,p95 107.6 ms > 100 ms,9,16,181.02,10861.20,,21756,181.300,10878.00,5.5,0.0055,,,,,55.8,107.6,172.5,,,,,1.8,,54.8,,,,,,server_vit_microsoft_swin-base-patch4-window7-224_interactive_20261008_061207.txt
server_vit_benchmark,20261008_061207,SR630 V4,6740P,L4,microsoft/swin-base-patch4-window7-224,cpu,bfloat16,disabled,bfloat16,interactive,0.1,5,256.00,,FAIL,p95 178.2 ms > 100 ms,9,16,256.00,15360.00,,30871,257.258,15435.48,3.9,0.0039,,,,,77.9,178.2,297.2,,,,,3.3,,62.7,,,,,,server_vit_microsoft_swin-base-patch4-window7-224_interactive_20261008_061207.txt
server_vit_benchmark,20261008_063311,SR630 V4,6740P,L4,microsoft/swin-base-patch4-window7-224,cpu,bfloat16,disabled,bfloat16,interactive,0.1,5,8.00,,PASS,ok,10,16,8.00,480.00,,903,7.525,451.50,132.9,0.1329,,,,,51.3,59.9,70.8,,,,,1.0,,2.8,,,,,,server_vit_microsoft_swin-base-patch4-window7-224_interactive_20261008_063311.txt
server_vit_benchmark,20261008_063311,SR630 V4,6740P,L4,microsoft/swin-base-patch4-window7-224,cpu,bfloat16,disabled,bfloat16,interactive,0.1,5,16.00,,PASS,ok,10,16,16.00,960.00,,1871,15.592,935.52,64.1,0.0641,,,,,51.3,57.0,74.0,,,,,1.0,,5.6,,,,,,server_vit_microsoft_swin-base-patch4-window7-224_interactive_20261008_063311.txt
server_vit_benchmark,20261008_063311,SR630 V4,6740P,L4,microsoft/swin-base-patch4-window7-224,cpu,bfloat16,disabled,bfloat16,interactive,0.1,5,32.00,,PASS,ok,10,16,32.00,1920.00,,3771,31.425,1885.50,31.8,0.0318,,,,,51.4,55.4,71.1,,,,,1.0,,11.4,,,,,,server_vit_microsoft_swin-base-patch4-window7-224_interactive_20261008_063311.txt
server_vit_benchmark,20261008_063311,SR630 V4,6740P,L4,microsoft/swin-base-patch4-window7-224,cpu,bfloat16,disabled,bfloat16,interactive,0.1,5,64.00,,PASS,ok,10,16,64.00,3840.00,,7722,64.350,3861.00,15.5,0.0155,,,,,52.0,60.4,72.0,,,,,1.0,,23.3,,,,,,server_vit_microsoft_swin-base-patch4-window7-224_interactive_20261008_063311.txt
server_vit_benchmark,20261008_063311,SR630 V4,6740P,L4,microsoft/swin-base-patch4-window7-224,cpu,bfloat16,disabled,bfloat16,interactive,0.1,5,128.00,,PASS,ok,10,16,128.00,7680.00,,15360,128.000,7680.00,7.8,0.0078,,,,,53.2,71.9,105.6,,,,,1.2,,44.8,,,,,,server_vit_microsoft_swin-base-patch4-window7-224_interactive_20261008_063311.txt
server_vit_benchmark,20261008_063311,SR630 V4,6740P,L4,microsoft/swin-base-patch4-window7-224,cpu,bfloat16,disabled,bfloat16,interactive,0.1,5,152.22,,PASS,ok,10,16,152.22,9133.20,,18260,152.167,9130.02,6.6,0.0066,,,,,53.9,82.5,114.8,,,,,1.3,,51.4,,,,,,server_vit_microsoft_swin-base-patch4-window7-224_interactive_20261008_063311.txt
server_vit_benchmark,20261008_063311,SR630 V4,6740P,L4,microsoft/swin-base-patch4-window7-224,cpu,bfloat16,disabled,bfloat16,interactive,0.1,5,166.00,,PASS,ok,10,16,166.00,9960.00,,19919,165.992,9959.52,6.0,0.0060,,,,,54.4,86.3,122.2,,,,,1.4,,54.6,,,,,,server_vit_microsoft_swin-base-patch4-window7-224_interactive_20261008_063311.txt
server_vit_benchmark,20261008_063311,SR630 V4,6740P,L4,microsoft/swin-base-patch4-window7-224,cpu,bfloat16,disabled,bfloat16,interactive,0.1,5,173.34,yes,PASS,ok,10,16,173.34,10400.40,,20803,173.358,10401.48,5.8,0.0058,,,,,54.7,98.0,138.2,,,,,1.5,,56.1,,,,,,server_vit_microsoft_swin-base-patch4-window7-224_interactive_20261008_063311.txt
server_vit_benchmark,20261008_063311,SR630 V4,6740P,L4,microsoft/swin-base-patch4-window7-224,cpu,bfloat16,disabled,bfloat16,interactive,0.1,5,181.02,,FAIL,p95 102.9 ms > 100 ms,10,16,181.02,10861.20,,21756,181.300,10878.00,5.5,0.0055,,,,,55.1,102.9,155.3,,,,,1.6,,57.6,,,,,,server_vit_microsoft_swin-base-patch4-window7-224_interactive_20261008_063311.txt
server_vit_benchmark,20261008_063311,SR630 V4,6740P,L4,microsoft/swin-base-patch4-window7-224,cpu,bfloat16,disabled,bfloat16,interactive,0.1,5,256.00,,FAIL,p95 168.2 ms > 100 ms,10,16,256.00,15360.00,,30871,257.258,15435.48,3.9,0.0039,,,,,72.2,168.2,287.8,,,,,2.8,,67.4,,,,,,server_vit_microsoft_swin-base-patch4-window7-224_interactive_20261008_063311.txt
server_vit_benchmark,20261008_065414,SR630 V4,6740P,L4,microsoft/swin-base-patch4-window7-224,cpu,bfloat16,disabled,bfloat16,interactive,0.1,5,8.00,,PASS,ok,11,16,8.00,480.00,,903,7.525,451.50,132.9,0.1329,,,,,51.7,60.0,76.6,,,,,1.0,,2.8,,,,,,server_vit_microsoft_swin-base-patch4-window7-224_interactive_20261008_065414.txt
server_vit_benchmark,20261008_065414,SR630 V4,6740P,L4,microsoft/swin-base-patch4-window7-224,cpu,bfloat16,disabled,bfloat16,interactive,0.1,5,16.00,,PASS,ok,11,16,16.00,960.00,,1871,15.592,935.52,64.1,0.0641,,,,,51.5,55.3,71.7,,,,,1.0,,5.7,,,,,,server_vit_microsoft_swin-base-patch4-window7-224_interactive_20261008_065414.txt
server_vit_benchmark,20261008_065414,SR630 V4,6740P,L4,microsoft/swin-base-patch4-window7-224,cpu,bfloat16,disabled,bfloat16,interactive,0.1,5,32.00,,PASS,ok,11,16,32.00,1920.00,,3771,31.425,1885.50,31.8,0.0318,,,,,51.8,55.5,71.4,,,,,1.0,,11.5,,,,,,server_vit_microsoft_swin-base-patch4-window7-224_interactive_20261008_065414.txt
server_vit_benchmark,20261008_065414,SR630 V4,6740P,L4,microsoft/swin-base-patch4-window7-224,cpu,bfloat16,disabled,bfloat16,interactive,0.1,5,64.00,,PASS,ok,11,16,64.00,3840.00,,7722,64.350,3861.00,15.5,0.0155,,,,,52.2,60.6,72.8,,,,,1.0,,23.5,,,,,,server_vit_microsoft_swin-base-patch4-window7-224_interactive_20261008_065414.txt
server_vit_benchmark,20261008_065414,SR630 V4,6740P,L4,microsoft/swin-base-patch4-window7-224,cpu,bfloat16,disabled,bfloat16,interactive,0.1,5,128.00,,PASS,ok,11,16,128.00,7680.00,,15360,128.000,7680.00,7.8,0.0078,,,,,52.8,69.8,106.1,,,,,1.1,,45.7,,,,,,server_vit_microsoft_swin-base-patch4-window7-224_interactive_20261008_065414.txt
server_vit_benchmark,20261008_065414,SR630 V4,6740P,L4,microsoft/swin-base-patch4-window7-224,cpu,bfloat16,disabled,bfloat16,interactive,0.1,5,181.02,,PASS,ok,11,16,181.02,10861.20,,21756,181.300,10878.00,5.5,0.0055,,,,,53.7,84.8,126.0,,,,,1.4,,60.1,,,,,,server_vit_microsoft_swin-base-patch4-window7-224_interactive_20261008_065414.txt
server_vit_benchmark,20261008_065414,SR630 V4,6740P,L4,microsoft/swin-base-patch4-window7-224,cpu,bfloat16,disabled,bfloat16,interactive,0.1,5,197.40,yes,PASS,ok,11,16,197.40,11844.00,,23826,198.550,11913.00,5.0,0.0050,,,,,54.4,99.4,161.2,,,,,1.6,,63.6,,,,,,server_vit_microsoft_swin-base-patch4-window7-224_interactive_20261008_065414.txt
server_vit_benchmark,20261008_065414,SR630 V4,6740P,L4,microsoft/swin-base-patch4-window7-224,cpu,bfloat16,disabled,bfloat16,interactive,0.1,5,206.14,,FAIL,p95 102.5 ms > 100 ms,11,16,206.14,12368.40,,24877,207.308,12438.48,4.8,0.0048,,,,,54.8,102.5,164.0,,,,,1.6,,65.5,,,,,,server_vit_microsoft_swin-base-patch4-window7-224_interactive_20261008_065414.txt
server_vit_benchmark,20261008_065414,SR630 V4,6740P,L4,microsoft/swin-base-patch4-window7-224,cpu,bfloat16,disabled,bfloat16,interactive,0.1,5,215.27,,FAIL,p95 109.0 ms > 100 ms,11,16,215.27,12916.20,,25983,216.525,12991.50,4.6,0.0046,,,,,55.7,109.0,179.3,,,,,1.8,,66.7,,,,,,server_vit_microsoft_swin-base-patch4-window7-224_interactive_20261008_065414.txt
server_vit_benchmark,20261008_065414,SR630 V4,6740P,L4,microsoft/swin-base-patch4-window7-224,cpu,bfloat16,disabled,bfloat16,interactive,0.1,5,256.00,,FAIL,p95 133.2 ms > 100 ms,11,16,256.00,15360.00,,30871,257.258,15435.48,3.9,0.0039,,,,,68.2,133.2,212.1,,,,,2.3,,72.0,,,,,,server_vit_microsoft_swin-base-patch4-window7-224_interactive_20261008_065414.txt
server_vit_benchmark,20261009_101731,SR630 V4,6740P,L4,microsoft/swin-base-patch4-window7-224,cpu,bfloat16,disabled,bfloat16,interactive,0.1,5,4.00,,PASS,ok,12,8,4.00,240.00,,456,3.800,228.00,263.2,0.2632,,,,,52.3,63.6,120.6,,,,,1.0,,1.5,,,,,,server_vit_microsoft_swin-base-patch4-window7-224_interactive_20261009_101731.txt
server_vit_benchmark,20261009_101731,SR630 V4,6740P,L4,microsoft/swin-base-patch4-window7-224,cpu,bfloat16,disabled,bfloat16,interactive,0.1,5,5.66,,PASS,ok,12,8,5.66,339.60,,663,5.525,331.50,181.0,0.1810,,,,,52.3,63.8,215.4,,,,,1.0,,2.2,,,,,,server_vit_microsoft_swin-base-patch4-window7-224_interactive_20261009_101731.txt
server_vit_benchmark,20261009_101731,SR630 V4,6740P,L4,microsoft/swin-base-patch4-window7-224,cpu,bfloat16,disabled,bfloat16,interactive,0.1,5,6.73,,PASS,ok,12,8,6.73,403.80,,771,6.425,385.50,155.6,0.1556,,,,,52.5,75.9,203.5,,,,,1.0,,2.6,,,,,,server_vit_microsoft_swin-base-patch4-window7-224_interactive_20261009_101731.txt
server_vit_benchmark,20261009_101731,SR630 V4,6740P,L4,microsoft/swin-base-patch4-window7-224,cpu,bfloat16,disabled,bfloat16,interactive,0.1,5,7.34,,PASS,ok,12,8,7.34,440.40,,838,6.983,418.98,143.2,0.1432,,,,,52.2,61.4,124.7,,,,,1.0,,2.7,,,,,,server_vit_microsoft_swin-base-patch4-window7-224_interactive_20261009_101731.txt
server_vit_benchmark,20261009_101731,SR630 V4,6740P,L4,microsoft/swin-base-patch4-window7-224,cpu,bfloat16,disabled,bfloat16,interactive,0.1,5,7.66,yes,PASS,ok,12,8,7.66,459.60,,875,7.292,437.52,137.1,0.1371,,,,,52.3,63.5,148.1,,,,,1.0,,2.8,,,,,,server_vit_microsoft_swin-base-patch4-window7-224_interactive_20261009_101731.txt
server_vit_benchmark,20261009_101731,SR630 V4,6740P,L4,microsoft/swin-base-patch4-window7-224,cpu,bfloat16,disabled,bfloat16,interactive,0.1,5,8.00,,FAIL,p95 124.5 ms > 100 ms,12,8,8.00,480.00,,903,7.525,451.50,132.9,0.1329,,,,,52.8,124.5,306.1,,,,,1.0,,3.4,,,,,,server_vit_microsoft_swin-base-patch4-window7-224_interactive_20261009_101731.txt
server_vit_benchmark,20261009_023952,SR630 V4,6740P,L4,microsoft/swin-base-patch4-window7-224,cpu,bfloat16,int8-static,bfloat16-int8-static,interactive,0.1,5,8.00,,PASS,ok,9,16,8.00,480.00,,903,7.525,451.50,132.9,0.1329,,,,,35.8,38.7,55.7,,,,,1.0,,1.8,,,,,,server_vit_microsoft_swin-base-patch4-window7-224_interactive_20261009_023952.txt
server_vit_benchmark,20261009_023952,SR630 V4,6740P,L4,microsoft/swin-base-patch4-window7-224,cpu,bfloat16,int8-static,bfloat16-int8-static,interactive,0.1,5,16.00,,PASS,ok,9,16,16.00,960.00,,1871,15.592,935.52,64.1,0.0641,,,,,35.8,39.3,58.0,,,,,1.0,,3.7,,,,,,server_vit_microsoft_swin-base-patch4-window7-224_interactive_20261009_023952.txt
server_vit_benchmark,20261009_023952,SR630 V4,6740P,L4,microsoft/swin-base-patch4-window7-224,cpu,bfloat16,int8-static,bfloat16-int8-static,interactive,0.1,5,32.00,,PASS,ok,9,16,32.00,1920.00,,3771,31.425,1885.50,31.8,0.0318,,,,,35.8,39.0,55.6,,,,,1.0,,7.5,,,,,,server_vit_microsoft_swin-base-patch4-window7-224_interactive_20261009_023952.txt
server_vit_benchmark,20261009_023952,SR630 V4,6740P,L4,microsoft/swin-base-patch4-window7-224,cpu,bfloat16,int8-static,bfloat16-int8-static,interactive,0.1,5,64.00,,PASS,ok,9,16,64.00,3840.00,,7722,64.350,3861.00,15.5,0.0155,,,,,36.1,41.2,54.2,,,,,1.0,,15.3,,,,,,server_vit_microsoft_swin-base-patch4-window7-224_interactive_20261009_023952.txt
server_vit_benchmark,20261009_023952,SR630 V4,6740P,L4,microsoft/swin-base-patch4-window7-224,cpu,bfloat16,int8-static,bfloat16-int8-static,interactive,0.1,5,128.00,,PASS,ok,9,16,128.00,7680.00,,15360,128.000,7680.00,7.8,0.0078,,,,,36.6,49.4,69.8,,,,,1.1,,30.0,,,,,,server_vit_microsoft_swin-base-patch4-window7-224_interactive_20261009_023952.txt
server_vit_benchmark,20261009_023952,SR630 V4,6740P,L4,microsoft/swin-base-patch4-window7-224,cpu,bfloat16,int8-static,bfloat16-int8-static,interactive,0.1,5,256.00,yes,PASS,ok,9,16,256.00,15360.00,,30871,257.258,15435.48,3.9,0.0039,,,,,42.9,76.0,113.8,,,,,1.8,,52.5,,,,,,server_vit_microsoft_swin-base-patch4-window7-224_interactive_20261009_023952.txt
server_vit_benchmark,20261009_023952,SR630 V4,6740P,L4,microsoft/swin-base-patch4-window7-224,cpu,bfloat16,int8-static,bfloat16-int8-static,interactive,0.1,5,267.33,,FAIL,p95 104.0 ms > 100 ms,9,16,267.33,16039.80,,32188,268.233,16093.98,3.7,0.0037,,,,,45.8,104.0,119.2,,,,,2.0,,53.7,,,,,,server_vit_microsoft_swin-base-patch4-window7-224_interactive_20261009_023952.txt
server_vit_benchmark,20261009_023952,SR630 V4,6740P,L4,microsoft/swin-base-patch4-window7-224,cpu,bfloat16,int8-static,bfloat16-int8-static,interactive,0.1,5,279.17,,FAIL,p95 107.5 ms > 100 ms,9,16,279.17,16750.20,,33720,281.000,16860.00,3.6,0.0036,,,,,47.6,107.5,121.4,,,,,2.1,,55.2,,,,,,server_vit_microsoft_swin-base-patch4-window7-224_interactive_20261009_023952.txt
server_vit_benchmark,20261009_023952,SR630 V4,6740P,L4,microsoft/swin-base-patch4-window7-224,cpu,bfloat16,int8-static,bfloat16-int8-static,interactive,0.1,5,304.44,,FAIL,p95 111.8 ms > 100 ms,9,16,304.44,18266.40,,36683,305.692,18341.52,3.3,0.0033,,,,,49.9,111.8,196.5,,,,,2.5,,57.5,,,,,,server_vit_microsoft_swin-base-patch4-window7-224_interactive_20261009_023952.txt
server_vit_benchmark,20261009_023952,SR630 V4,6740P,L4,microsoft/swin-base-patch4-window7-224,cpu,bfloat16,int8-static,bfloat16-int8-static,interactive,0.1,5,362.04,,FAIL,p95 193.7 ms > 100 ms,9,16,362.04,21722.40,,43529,362.742,21764.52,2.8,0.0028,,,,,68.8,193.7,209.0,,,,,3.6,,61.8,,,,,,server_vit_microsoft_swin-base-patch4-window7-224_interactive_20261009_023952.txt
server_vit_benchmark,20261009_023952,SR630 V4,6740P,L4,microsoft/swin-base-patch4-window7-224,cpu,bfloat16,int8-static,bfloat16-int8-static,interactive,0.1,5,512.00,,FAIL,p95 219.1 ms > 100 ms,9,16,512.00,30720.00,,61340,511.167,30670.02,2.0,0.0020,,,,,120.1,219.1,236.0,,,,,8.7,,68.7,,,,,,server_vit_microsoft_swin-base-patch4-window7-224_interactive_20261009_023952.txt
server_vit_benchmark,20261009_031232,SR630 V4,6740P,L4,microsoft/swin-base-patch4-window7-224,cpu,bfloat16,int8-static,bfloat16-int8-static,interactive,0.1,5,8.00,,PASS,ok,10,16,8.00,480.00,,903,7.525,451.50,132.9,0.1329,,,,,35.7,38.5,53.7,,,,,1.0,,1.8,,,,,,server_vit_microsoft_swin-base-patch4-window7-224_interactive_20261009_031232.txt
server_vit_benchmark,20261009_031232,SR630 V4,6740P,L4,microsoft/swin-base-patch4-window7-224,cpu,bfloat16,int8-static,bfloat16-int8-static,interactive,0.1,5,16.00,,PASS,ok,10,16,16.00,960.00,,1871,15.592,935.52,64.1,0.0641,,,,,35.7,38.9,59.2,,,,,1.0,,3.8,,,,,,server_vit_microsoft_swin-base-patch4-window7-224_interactive_20261009_031232.txt
server_vit_benchmark,20261009_031232,SR630 V4,6740P,L4,microsoft/swin-base-patch4-window7-224,cpu,bfloat16,int8-static,bfloat16-int8-static,interactive,0.1,5,32.00,,PASS,ok,10,16,32.00,1920.00,,3771,31.425,1885.50,31.8,0.0318,,,,,35.9,39.0,57.0,,,,,1.0,,7.5,,,,,,server_vit_microsoft_swin-base-patch4-window7-224_interactive_20261009_031232.txt
server_vit_benchmark,20261009_031232,SR630 V4,6740P,L4,microsoft/swin-base-patch4-window7-224,cpu,bfloat16,int8-static,bfloat16-int8-static,interactive,0.1,5,64.00,,PASS,ok,10,16,64.00,3840.00,,7722,64.350,3861.00,15.5,0.0155,,,,,36.1,44.1,56.5,,,,,1.0,,15.3,,,,,,server_vit_microsoft_swin-base-patch4-window7-224_interactive_20261009_031232.txt
server_vit_benchmark,20261009_031232,SR630 V4,6740P,L4,microsoft/swin-base-patch4-window7-224,cpu,bfloat16,int8-static,bfloat16-int8-static,interactive,0.1,5,128.00,,PASS,ok,10,16,128.00,7680.00,,15360,128.000,7680.00,7.8,0.0078,,,,,36.8,49.0,68.2,,,,,1.1,,30.2,,,,,,server_vit_microsoft_swin-base-patch4-window7-224_interactive_20261009_031232.txt
server_vit_benchmark,20261009_031232,SR630 V4,6740P,L4,microsoft/swin-base-patch4-window7-224,cpu,bfloat16,int8-static,bfloat16-int8-static,interactive,0.1,5,256.00,,PASS,ok,10,16,256.00,15360.00,,30871,257.258,15435.48,3.9,0.0039,,,,,41.0,75.0,115.5,,,,,1.6,,54.4,,,,,,server_vit_microsoft_swin-base-patch4-window7-224_interactive_20261009_031232.txt
server_vit_benchmark,20261009_031232,SR630 V4,6740P,L4,microsoft/swin-base-patch4-window7-224,cpu,bfloat16,int8-static,bfloat16-int8-static,interactive,0.1,5,279.17,yes,PASS,ok,10,16,279.17,16750.20,,33720,281.000,16860.00,3.6,0.0036,,,,,45.6,84.9,120.1,,,,,1.9,,57.4,,,,,,server_vit_microsoft_swin-base-patch4-window7-224_interactive_20261009_031232.txt
server_vit_benchmark,20261009_031232,SR630 V4,6740P,L4,microsoft/swin-base-patch4-window7-224,cpu,bfloat16,int8-static,bfloat16-int8-static,interactive,0.1,5,291.53,,FAIL,p95 106.6 ms > 100 ms,10,16,291.53,17491.80,,35131,292.758,17565.48,3.4,0.0034,,,,,47.8,106.6,122.8,,,,,2.0,,58.8,,,,,,server_vit_microsoft_swin-base-patch4-window7-224_interactive_20261009_031232.txt
server_vit_benchmark,20261009_031232,SR630 V4,6740P,L4,microsoft/swin-base-patch4-window7-224,cpu,bfloat16,int8-static,bfloat16-int8-static,interactive,0.1,5,304.44,,FAIL,p95 110.5 ms > 100 ms,10,16,304.44,18266.40,,36683,305.692,18341.52,3.3,0.0033,,,,,49.8,110.5,132.3,,,,,2.1,,60.0,,,,,,server_vit_microsoft_swin-base-patch4-window7-224_interactive_20261009_031232.txt
server_vit_benchmark,20261009_031232,SR630 V4,6740P,L4,microsoft/swin-base-patch4-window7-224,cpu,bfloat16,int8-static,bfloat16-int8-static,interactive,0.1,5,362.04,,FAIL,p95 127.1 ms > 100 ms,10,16,362.04,21722.40,,43529,362.742,21764.52,2.8,0.0028,,,,,59.6,127.1,242.4,,,,,3.1,,64.9,,,,,,server_vit_microsoft_swin-base-patch4-window7-224_interactive_20261009_031232.txt
server_vit_benchmark,20261009_031232,SR630 V4,6740P,L4,microsoft/swin-base-patch4-window7-224,cpu,bfloat16,int8-static,bfloat16-int8-static,interactive,0.1,5,512.00,,FAIL,p95 225.6 ms > 100 ms,10,16,512.00,30720.00,,61340,511.167,30670.02,2.0,0.0020,,,,,119.8,225.6,255.3,,,,,7.3,,72.9,,,,,,server_vit_microsoft_swin-base-patch4-window7-224_interactive_20261009_031232.txt
server_vit_benchmark,20261009_034411,SR630 V4,6740P,L4,microsoft/swin-base-patch4-window7-224,cpu,bfloat16,int8-static,bfloat16-int8-static,interactive,0.1,5,8.00,,PASS,ok,11,16,8.00,480.00,,903,7.525,451.50,132.9,0.1329,,,,,35.6,38.7,53.8,,,,,1.0,,1.9,,,,,,server_vit_microsoft_swin-base-patch4-window7-224_interactive_20261009_034411.txt
server_vit_benchmark,20261009_034411,SR630 V4,6740P,L4,microsoft/swin-base-patch4-window7-224,cpu,bfloat16,int8-static,bfloat16-int8-static,interactive,0.1,5,16.00,,PASS,ok,11,16,16.00,960.00,,1871,15.592,935.52,64.1,0.0641,,,,,35.6,38.5,57.7,,,,,1.0,,3.7,,,,,,server_vit_microsoft_swin-base-patch4-window7-224_interactive_20261009_034411.txt
server_vit_benchmark,20261009_034411,SR630 V4,6740P,L4,microsoft/swin-base-patch4-window7-224,cpu,bfloat16,int8-static,bfloat16-int8-static,interactive,0.1,5,32.00,,PASS,ok,11,16,32.00,1920.00,,3771,31.425,1885.50,31.8,0.0318,,,,,35.8,38.9,57.5,,,,,1.0,,7.5,,,,,,server_vit_microsoft_swin-base-patch4-window7-224_interactive_20261009_034411.txt
server_vit_benchmark,20261009_034411,SR630 V4,6740P,L4,microsoft/swin-base-patch4-window7-224,cpu,bfloat16,int8-static,bfloat16-int8-static,interactive,0.1,5,64.00,,PASS,ok,11,16,64.00,3840.00,,7722,64.350,3861.00,15.5,0.0155,,,,,36.2,40.8,57.1,,,,,1.0,,15.4,,,,,,server_vit_microsoft_swin-base-patch4-window7-224_interactive_20261009_034411.txt
server_vit_benchmark,20261009_034411,SR630 V4,6740P,L4,microsoft/swin-base-patch4-window7-224,cpu,bfloat16,int8-static,bfloat16-int8-static,interactive,0.1,5,128.00,,PASS,ok,11,16,128.00,7680.00,,15360,128.000,7680.00,7.8,0.0078,,,,,36.7,48.6,59.4,,,,,1.0,,30.4,,,,,,server_vit_microsoft_swin-base-patch4-window7-224_interactive_20261009_034411.txt
server_vit_benchmark,20261009_034411,SR630 V4,6740P,L4,microsoft/swin-base-patch4-window7-224,cpu,bfloat16,int8-static,bfloat16-int8-static,interactive,0.1,5,256.00,,PASS,ok,11,16,256.00,15360.00,,30871,257.258,15435.48,3.9,0.0039,,,,,39.1,71.6,110.7,,,,,1.4,,56.3,,,,,,server_vit_microsoft_swin-base-patch4-window7-224_interactive_20261009_034411.txt
server_vit_benchmark,20261009_034411,SR630 V4,6740P,L4,microsoft/swin-base-patch4-window7-224,cpu,bfloat16,int8-static,bfloat16-int8-static,interactive,0.1,5,304.44,yes,PASS,ok,11,16,304.44,18266.40,,36683,305.692,18341.52,3.3,0.0033,,,,,45.8,92.5,124.2,,,,,1.8,,62.7,,,,,,server_vit_microsoft_swin-base-patch4-window7-224_interactive_20261009_034411.txt
server_vit_benchmark,20261009_034411,SR630 V4,6740P,L4,microsoft/swin-base-patch4-window7-224,cpu,bfloat16,int8-static,bfloat16-int8-static,interactive,0.1,5,317.92,,FAIL,p95 109.0 ms > 100 ms,11,16,317.92,19075.20,,38204,318.367,19102.02,3.1,0.0031,,,,,48.1,109.0,176.6,,,,,2.0,,64.1,,,,,,server_vit_microsoft_swin-base-patch4-window7-224_interactive_20261009_034411.txt
server_vit_benchmark,20261009_034411,SR630 V4,6740P,L4,microsoft/swin-base-patch4-window7-224,cpu,bfloat16,int8-static,bfloat16-int8-static,interactive,0.1,5,331.99,,FAIL,p95 111.6 ms > 100 ms,11,16,331.99,19919.40,,39896,332.467,19948.02,3.0,0.0030,,,,,49.5,111.6,195.5,,,,,2.2,,65.4,,,,,,server_vit_microsoft_swin-base-patch4-window7-224_interactive_20261009_034411.txt
server_vit_benchmark,20261009_034411,SR630 V4,6740P,L4,microsoft/swin-base-patch4-window7-224,cpu,bfloat16,int8-static,bfloat16-int8-static,interactive,0.1,5,362.04,,FAIL,p95 119.6 ms > 100 ms,11,16,362.04,21722.40,,43529,362.742,21764.52,2.8,0.0028,,,,,52.9,119.6,202.8,,,,,2.6,,67.8,,,,,,server_vit_microsoft_swin-base-patch4-window7-224_interactive_20261009_034411.txt
server_vit_benchmark,20261009_034411,SR630 V4,6740P,L4,microsoft/swin-base-patch4-window7-224,cpu,bfloat16,int8-static,bfloat16-int8-static,interactive,0.1,5,512.00,,FAIL,p95 254.9 ms > 100 ms,11,16,512.00,30720.00,,61340,511.167,30670.02,2.0,0.0020,,,,,124.5,254.9,316.2,,,,,6.7,,74.7,,,,,,server_vit_microsoft_swin-base-patch4-window7-224_interactive_20261009_034411.txt
dit_throughput,20260916_044658,SR630 V4,6740P,L4,stabilityai/stable-diffusion-3.5-large,cpu,bfloat16,disabled,bfloat16,throughput,,,,,ok,,1,1,,,,,0.005,0.30,200000.0,192.34,0.10,97.1,,,,,,,,,,,,39.9,,,338.7,338.7,0.000,dit_throughput_stabilityai_stable-diffusion-3.5-large_bfloat16_20260916_044658.txt
dit_throughput,20260928_173518,SR630 V4,6740P,L4,stabilityai/stable-diffusion-3.5-large,cpu,bfloat16,disabled,bfloat16,throughput,,,,,ok,,1,1,,,,,0.003,0.18,333333.3,353.07,0.06,93.3,,,,,,,,,,,,78.8,,,370.4,370.4,0.000,dit_throughput_stabilityai_stable-diffusion-3.5-large_bfloat16_20260928_173518.txt
dit_throughput,20260928_173518,SR630 V4,6740P,L4,stabilityai/stable-diffusion-3.5-large,cpu,bfloat16,disabled,bfloat16,throughput,,,,yes,ok,,1,2,,,,,0.004,0.24,250000.0,269.22,0.07,95.8,,,,,,,,,,,,70.4,,,852.5,852.5,0.000,dit_throughput_stabilityai_stable-diffusion-3.5-large_bfloat16_20260928_173518.txt
dit_throughput,20260916_044658,SR630 V4,6740P,L4,stabilityai/stable-diffusion-3.5-large,cpu,bfloat16,disabled,bfloat16,throughput,,,,yes,ok,,2,1,,,,,0.010,0.60,100000.0,192.90,0.21,193.5,,,,,,,,,,,,79.5,,,1783.8,1783.8,0.000,dit_throughput_stabilityai_stable-diffusion-3.5-large_bfloat16_20260916_044658.txt
dit_throughput,20260928_145731,SR630 V4,6740P,L4,stabilityai/stable-diffusion-3.5-large,cpu,bfloat16,disabled,bfloat16,throughput,,,,,ok,,2,1,,,,,0.008,0.48,125000.0,237.11,0.17,194.5,,,,,,,,,,,,41.0,,,360.6,360.6,0.000,dit_throughput_stabilityai_stable-diffusion-3.5-large_bfloat16_20260928_145731.txt
dit_throughput,20260928_145731,SR630 V4,6740P,L4,stabilityai/stable-diffusion-3.5-large,cpu,bfloat16,disabled,bfloat16,throughput,,,,,ok,,2,2,,,,,0.011,0.66,90909.1,178.38,0.22,194.4,,,,,,,,,,,,40.7,,,1110.5,1110.5,0.000,dit_throughput_stabilityai_stable-diffusion-3.5-large_bfloat16_20260928_145731.txt
dit_throughput,20260928_145731,SR630 V4,6740P,L4,stabilityai/stable-diffusion-3.5-large,cpu,bfloat16,disabled,bfloat16,throughput,,,,,ok,,4,1,,,,,0.016,0.96,62500.0,250.57,0.32,386.1,,,,,,,,,,,,79.6,,,458.5,458.5,0.000,dit_throughput_stabilityai_stable-diffusion-3.5-large_bfloat16_20260928_145731.txt
dit_throughput,20260928_145731,SR630 V4,6740P,L4,stabilityai/stable-diffusion-3.5-large,cpu,bfloat16,disabled,bfloat16,throughput,,,,yes,ok,,4,2,,,,,0.022,1.32,45454.5,184.65,0.43,388.9,,,,,,,,,,,,79.6,,,1200.5,1200.5,0.000,dit_throughput_stabilityai_stable-diffusion-3.5-large_bfloat16_20260928_145731.txt
dit_throughput,20260916_044658,SR630 V4,6740P,L4,stabilityai/stable-diffusion-3.5-medium,cpu,bfloat16,disabled,bfloat16,throughput,,,,,ok,,1,1,,,,,0.016,0.96,62500.0,63.10,0.32,91.4,,,,,,,,,,,,45.4,,,354.8,354.8,0.000,dit_throughput_stabilityai_stable-diffusion-3.5-medium_bfloat16_20260916_044658.txt
dit_throughput,20260928_173518,SR630 V4,6740P,L4,stabilityai/stable-diffusion-3.5-medium,cpu,bfloat16,disabled,bfloat16,throughput,,,,,ok,,1,1,,,,,0.007,0.42,142857.1,144.27,0.14,82.5,,,,,,,,,,,,83.3,,,375.8,375.8,0.000,dit_throughput_stabilityai_stable-diffusion-3.5-medium_bfloat16_20260928_173518.txt
dit_throughput,20260928_173518,SR630 V4,6740P,L4,stabilityai/stable-diffusion-3.5-medium,cpu,bfloat16,disabled,bfloat16,throughput,,,,yes,ok,,1,2,,,,,0.008,0.48,125000.0,123.21,0.16,89.1,,,,,,,,,,,,77.3,,,1439.0,1439.0,0.000,dit_throughput_stabilityai_stable-diffusion-3.5-medium_bfloat16_20260928_173518.txt
dit_throughput,20260916_044658,SR630 V4,6740P,L4,stabilityai/stable-diffusion-3.5-medium,cpu,bfloat16,disabled,bfloat16,throughput,,,,yes,ok,,2,1,,,,,0.031,1.86,32258.1,64.42,0.62,179.3,,,,,,,,,,,,89.1,,,448.6,448.6,0.000,dit_throughput_stabilityai_stable-diffusion-3.5-medium_bfloat16_20260916_044658.txt
dit_throughput,20260928_145731,SR630 V4,6740P,L4,stabilityai/stable-diffusion-3.5-medium,cpu,bfloat16,disabled,bfloat16,throughput,,,,,ok,,2,1,,,,,0.030,1.80,33333.3,65.93,0.61,183.1,,,,,,,,,,,,45.2,,,2370.8,2370.8,0.000,dit_throughput_stabilityai_stable-diffusion-3.5-medium_bfloat16_20260928_145731.txt
server_dit_benchmark,20261006_153350,SR630 V4,6740P,L4,stabilityai/stable-diffusion-3.5-medium,cpu,bfloat16,disabled,bfloat16,interactive,30,30,,,no-capacity,"calibration p95 service time 67.74 s already exceeds the 30 s SLA, so no arrival rate can pass (--force-sweep to measure anyway)",2,1,,,,,,,,,,,,,,,,,,,,,,,,,,,,server_dit_stabilityai_stable-diffusion-3.5-medium_bfloat16_cpu2r_20261006_153350.txt
dit_throughput,20260928_145731,SR630 V4,6740P,L4,stabilityai/stable-diffusion-3.5-medium,cpu,bfloat16,disabled,bfloat16,throughput,,,,,ok,,2,2,,,,,0.028,1.68,35714.3,70.42,0.57,188.9,,,,,,,,,,,,42.5,,,380.6,380.6,0.000,dit_throughput_stabilityai_stable-diffusion-3.5-medium_bfloat16_20260928_145731.txt
dit_throughput,20260928_145731,SR630 V4,6740P,L4,stabilityai/stable-diffusion-3.5-medium,cpu,bfloat16,disabled,bfloat16,throughput,,,,yes,ok,,4,1,,,,,0.060,3.60,16666.7,66.67,1.20,365.5,,,,,,,,,,,,89.7,,,2478.6,2478.6,0.000,dit_throughput_stabilityai_stable-diffusion-3.5-medium_bfloat16_20260928_145731.txt
dit_throughput,20260928_145731,SR630 V4,6740P,L4,stabilityai/stable-diffusion-3.5-medium,cpu,bfloat16,disabled,bfloat16,throughput,,,,,ok,,4,2,,,,,0.055,3.30,18181.8,72.86,1.10,372.3,,,,,,,,,,,,83.4,,,498.9,498.9,0.000,dit_throughput_stabilityai_stable-diffusion-3.5-medium_bfloat16_20260928_145731.txt
dit_throughput,20260916_031017,SR630 V4,6740P,L4,stabilityai/stable-diffusion-3.5-medium,cuda,bfloat16,disabled,bfloat16,throughput,,,,,ok,,1,1,,,,,0.094,5.64,10638.3,10.64,1.88,77.7,,,,,,,,,,,,1.0,99.8,71.9,260.2,332.1,0.000,dit_throughput_stabilityai_stable-diffusion-3.5-medium_bfloat16_20260916_031017.txt
dit_throughput,20260916_031017,SR630 V4,6740P,L4,stabilityai/stable-diffusion-3.5-medium,cuda,bfloat16,disabled,bfloat16,throughput,,,,yes,ok,,1,2,,,,,0.096,5.76,10416.7,10.41,1.92,73.0,,,,,,,,,,,,1.0,99.9,71.8,260.0,331.8,0.000,dit_throughput_stabilityai_stable-diffusion-3.5-medium_bfloat16_20260916_031017.txt
dit_throughput,20260916_031017,SR630 V4,6740P,L4,stabilityai/stable-diffusion-3.5-medium,cuda,bfloat16,fp8,bfloat16-fp8,throughput,,,,yes,ok,,1,1,,,,,0.123,7.38,8130.1,8.14,2.46,0.8,,,,,,,,,,,,1.0,99.7,71.8,260.1,331.9,0.000,dit_throughput_stabilityai_stable-diffusion-3.5-medium_bfloat16-fp8_20260916_031017.txt
dit_throughput,20260916_031017,SR630 V4,6740P,L4,stabilityai/stable-diffusion-3.5-medium,cuda,bfloat16,fp8,bfloat16-fp8,throughput,,,,,ok,,1,2,,,,,0.117,7.02,8547.0,8.53,2.34,0.5,,,,,,,,,,,,1.0,99.7,71.7,260.2,331.9,0.000,dit_throughput_stabilityai_stable-diffusion-3.5-medium_bfloat16-fp8_20260916_031017.txt
