script,timestamp,server,cpu,gpu,model,device,dtype,quant,precision,workload,sla_seconds,think_time_s,level,is_best,result,note,replicas,batch_size,offered_rps,requests_per_minute,rho,requests_measured,images_per_second,images_per_minute,avg_ms_per_image,avg_s_per_image,denoising_steps_per_s,denoise_pct,cpu_launch_ms,gpu_ms,p50_ms,p95_ms,p99_ms,mean_latency_ms,predicted_mean_ms,sla_attainment_pct,dropped,mean_batch_size,queue_depth_max,cpu_cores_busy_mean,gpu_util_pct_mean,gpu_power_w_mean,cpu_power_w_mean,power_w_mean,images_per_second_per_w,file
server_vit_benchmark,20260911_191358,SR650a V4,6787P,RTX PRO 6000,google/vit-base-patch16-224,cuda,bfloat16,,bf16,interactive,0.1000,5,1,0,PASS,ok,,,8.00,,,903,,,,,,,,,16.3,20.9,46.7,,,,,1.1,,0.4,0.7,,,,,server_vit_google_vit-base-patch16-224_interactive_20260911_191358.txt
server_vit_benchmark,20260911_191358,SR650a V4,6787P,RTX PRO 6000,google/vit-base-patch16-224,cuda,bfloat16,,bf16,interactive,0.1000,5,2,0,PASS,ok,,,16.00,,,1871,,,,,,,,,16.6,21.5,47.9,,,,,1.1,,0.7,1.4,,,,,server_vit_google_vit-base-patch16-224_interactive_20260911_191358.txt
server_vit_benchmark,20260911_191358,SR650a V4,6787P,RTX PRO 6000,google/vit-base-patch16-224,cuda,bfloat16,,bf16,interactive,0.1000,5,3,0,PASS,ok,,,32.00,,,3771,,,,,,,,,16.7,21.9,49.1,,,,,1.3,,1.4,2.4,,,,,server_vit_google_vit-base-patch16-224_interactive_20260911_191358.txt
server_vit_benchmark,20260911_191358,SR650a V4,6787P,RTX PRO 6000,google/vit-base-patch16-224,cuda,bfloat16,,bf16,interactive,0.1000,5,4,0,PASS,ok,,,64.00,,,7722,,,,,,,,,17.2,23.6,50.1,,,,,1.6,,2.5,4.0,,,,,server_vit_google_vit-base-patch16-224_interactive_20260911_191358.txt
server_vit_benchmark,20260911_191358,SR650a V4,6787P,RTX PRO 6000,google/vit-base-patch16-224,cuda,bfloat16,,bf16,interactive,0.1000,5,5,0,PASS,ok,,,128.00,,,15360,,,,,,,,,18.7,29.1,51.3,,,,,2.4,,4.5,6.5,,,,,server_vit_google_vit-base-patch16-224_interactive_20260911_191358.txt
server_vit_benchmark,20260911_191358,SR650a V4,6787P,RTX PRO 6000,google/vit-base-patch16-224,cuda,bfloat16,,bf16,interactive,0.1000,5,6,0,PASS,ok,,,256.00,,,30871,,,,,,,,,26.5,53.7,86.0,,,,,4.7,,7.3,9.1,,,,,server_vit_google_vit-base-patch16-224_interactive_20260911_191358.txt
server_vit_benchmark,20260911_191358,SR650a V4,6787P,RTX PRO 6000,google/vit-base-patch16-224,cuda,bfloat16,,bf16,interactive,0.1000,5,7,0,FAIL,p95 49714.8 ms > 100 ms,,,512.00,,,61340,,,,,,,,,29672.9,49714.8,51201.5,,,,,7.4,,9.5,9.0,,,,,server_vit_google_vit-base-patch16-224_interactive_20260911_191358.txt
server_vit_benchmark,20260911_191358,SR650a V4,6787P,RTX PRO 6000,google/vit-base-patch16-224,cuda,bfloat16,,bf16,interactive,0.1000,5,8,0,FAIL,p95 377.1 ms > 100 ms,,,362.04,,,43529,,,,,,,,,89.7,377.1,501.6,,,,,7.2,,9.5,9.5,,,,,server_vit_google_vit-base-patch16-224_interactive_20260911_191358.txt
server_vit_benchmark,20260911_191358,SR650a V4,6787P,RTX PRO 6000,google/vit-base-patch16-224,cuda,bfloat16,,bf16,interactive,0.1000,5,9,0,PASS,ok,,,304.44,,,36683,,,,,,,,,35.0,69.9,142.4,,,,,5.8,,8.2,9.5,,,,,server_vit_google_vit-base-patch16-224_interactive_20260911_191358.txt
server_vit_benchmark,20260911_191358,SR650a V4,6787P,RTX PRO 6000,google/vit-base-patch16-224,cuda,bfloat16,,bf16,interactive,0.1000,5,10,1,PASS,ok,,,331.99,,,39896,,,,,,,,,45.1,89.1,147.1,,,,,6.4,,8.8,9.5,,,,,server_vit_google_vit-base-patch16-224_interactive_20260911_191358.txt
server_vit_benchmark,20260911_191358,SR650a V4,6787P,RTX PRO 6000,google/vit-base-patch16-224,cuda,bfloat16,,bf16,interactive,0.1000,5,11,0,FAIL,p95 126.0 ms > 100 ms,,,346.69,,,41683,,,,,,,,,55.0,126.0,172.6,,,,,6.8,,9.2,9.5,,,,,server_vit_google_vit-base-patch16-224_interactive_20260911_191358.txt
server_vit_benchmark,20260911_193758,SR650a V4,6787P,RTX PRO 6000,google/vit-base-patch16-224,cuda,bfloat16,,bf16,interactive,0.1000,5,1,0,PASS,ok,,,8.00,,,903,,,,,,,,,16.5,21.1,47.1,,,,,1.1,,0.4,0.7,,,,,server_vit_google_vit-base-patch16-224_interactive_20260911_193758.txt
server_vit_benchmark,20260911_193758,SR650a V4,6787P,RTX PRO 6000,google/vit-base-patch16-224,cuda,bfloat16,,bf16,interactive,0.1000,5,2,0,PASS,ok,,,16.00,,,1871,,,,,,,,,16.5,21.5,47.7,,,,,1.1,,0.7,1.3,,,,,server_vit_google_vit-base-patch16-224_interactive_20260911_193758.txt
server_vit_benchmark,20260911_193758,SR650a V4,6787P,RTX PRO 6000,google/vit-base-patch16-224,cuda,bfloat16,,bf16,interactive,0.1000,5,3,0,PASS,ok,,,32.00,,,3771,,,,,,,,,16.8,22.0,47.4,,,,,1.3,,1.4,2.3,,,,,server_vit_google_vit-base-patch16-224_interactive_20260911_193758.txt
server_vit_benchmark,20260911_193758,SR650a V4,6787P,RTX PRO 6000,google/vit-base-patch16-224,cuda,bfloat16,,bf16,interactive,0.1000,5,4,0,PASS,ok,,,64.00,,,7722,,,,,,,,,17.5,24.2,50.6,,,,,1.7,,2.5,4.1,,,,,server_vit_google_vit-base-patch16-224_interactive_20260911_193758.txt
server_vit_benchmark,20260911_193758,SR650a V4,6787P,RTX PRO 6000,google/vit-base-patch16-224,cuda,bfloat16,,bf16,interactive,0.1000,5,5,0,PASS,ok,,,128.00,,,15360,,,,,,,,,19.0,30.6,56.5,,,,,2.4,,4.7,6.5,,,,,server_vit_google_vit-base-patch16-224_interactive_20260911_193758.txt
server_vit_benchmark,20260911_193758,SR650a V4,6787P,RTX PRO 6000,google/vit-base-patch16-224,cuda,bfloat16,,bf16,interactive,0.1000,5,6,0,PASS,ok,,,256.00,,,30871,,,,,,,,,27.7,62.9,97.4,,,,,5.2,,8.4,8.9,,,,,server_vit_google_vit-base-patch16-224_interactive_20260911_193758.txt
server_vit_benchmark,20260911_193758,SR650a V4,6787P,RTX PRO 6000,google/vit-base-patch16-224,cuda,bfloat16,,bf16,interactive,0.1000,5,7,0,FAIL,p95 46440.7 ms > 100 ms,,,512.00,,,61340,,,,,,,,,27349.3,46440.7,47805.8,,,,,10.4,,11.7,9.0,,,,,server_vit_google_vit-base-patch16-224_interactive_20260911_193758.txt
server_vit_benchmark,20260911_193758,SR650a V4,6787P,RTX PRO 6000,google/vit-base-patch16-224,cuda,bfloat16,,bf16,interactive,0.1000,5,8,0,FAIL,p95 177.6 ms > 100 ms,,,362.04,,,43529,,,,,,,,,80.7,177.6,232.7,,,,,9.5,,11.3,9.4,,,,,server_vit_google_vit-base-patch16-224_interactive_20260911_193758.txt
server_vit_benchmark,20260911_193758,SR650a V4,6787P,RTX PRO 6000,google/vit-base-patch16-224,cuda,bfloat16,,bf16,interactive,0.1000,5,9,0,PASS,ok,,,304.44,,,36683,,,,,,,,,39.1,82.7,113.3,,,,,6.9,,9.5,9.3,,,,,server_vit_google_vit-base-patch16-224_interactive_20260911_193758.txt
server_vit_benchmark,20260911_193758,SR650a V4,6787P,RTX PRO 6000,google/vit-base-patch16-224,cuda,bfloat16,,bf16,interactive,0.1000,5,10,0,FAIL,p95 103.0 ms > 100 ms,,,331.99,,,39896,,,,,,,,,52.7,103.0,173.3,,,,,8.1,,10.3,9.5,,,,,server_vit_google_vit-base-patch16-224_interactive_20260911_193758.txt
server_vit_benchmark,20260911_193758,SR650a V4,6787P,RTX PRO 6000,google/vit-base-patch16-224,cuda,bfloat16,,bf16,interactive,0.1000,5,11,1,PASS,ok,,,317.92,,,38204,,,,,,,,,45.2,90.3,129.2,,,,,7.5,,9.9,9.3,,,,,server_vit_google_vit-base-patch16-224_interactive_20260911_193758.txt
server_vit_benchmark,20260911_200154,SR650a V4,6787P,RTX PRO 6000,google/vit-base-patch16-224,cuda,bfloat16,,bf16,interactive,0.1000,5,1,0,PASS,ok,,,8.00,,,903,,,,,,,,,16.4,21.1,46.8,,,,,1.1,,0.4,0.7,,,,,server_vit_google_vit-base-patch16-224_interactive_20260911_200154.txt
server_vit_benchmark,20260911_200154,SR650a V4,6787P,RTX PRO 6000,google/vit-base-patch16-224,cuda,bfloat16,,bf16,interactive,0.1000,5,2,0,PASS,ok,,,16.00,,,1871,,,,,,,,,16.6,22.0,46.9,,,,,1.1,,0.7,1.4,,,,,server_vit_google_vit-base-patch16-224_interactive_20260911_200154.txt
server_vit_benchmark,20260911_200154,SR650a V4,6787P,RTX PRO 6000,google/vit-base-patch16-224,cuda,bfloat16,,bf16,interactive,0.1000,5,3,0,PASS,ok,,,32.00,,,3771,,,,,,,,,16.7,21.8,47.9,,,,,1.3,,1.4,2.3,,,,,server_vit_google_vit-base-patch16-224_interactive_20260911_200154.txt
server_vit_benchmark,20260911_200154,SR650a V4,6787P,RTX PRO 6000,google/vit-base-patch16-224,cuda,bfloat16,,bf16,interactive,0.1000,5,4,0,PASS,ok,,,64.00,,,7722,,,,,,,,,17.2,23.8,51.6,,,,,1.6,,2.5,4.0,,,,,server_vit_google_vit-base-patch16-224_interactive_20260911_200154.txt
server_vit_benchmark,20260911_200154,SR650a V4,6787P,RTX PRO 6000,google/vit-base-patch16-224,cuda,bfloat16,,bf16,interactive,0.1000,5,5,0,PASS,ok,,,128.00,,,15360,,,,,,,,,18.8,30.2,56.8,,,,,2.4,,4.6,6.4,,,,,server_vit_google_vit-base-patch16-224_interactive_20260911_200154.txt
server_vit_benchmark,20260911_200154,SR650a V4,6787P,RTX PRO 6000,google/vit-base-patch16-224,cuda,bfloat16,,bf16,interactive,0.1000,5,6,0,PASS,ok,,,256.00,,,30871,,,,,,,,,27.1,60.9,89.4,,,,,5.1,,8.3,9.0,,,,,server_vit_google_vit-base-patch16-224_interactive_20260911_200154.txt
server_vit_benchmark,20260911_200154,SR650a V4,6787P,RTX PRO 6000,google/vit-base-patch16-224,cuda,bfloat16,,bf16,interactive,0.1000,5,7,0,FAIL,p95 43902.6 ms > 100 ms,,,512.00,,,61340,,,,,,,,,26177.7,43902.6,45153.2,,,,,10.6,,11.8,9.0,,,,,server_vit_google_vit-base-patch16-224_interactive_20260911_200154.txt
server_vit_benchmark,20260911_200154,SR650a V4,6787P,RTX PRO 6000,google/vit-base-patch16-224,cuda,bfloat16,,bf16,interactive,0.1000,5,8,0,FAIL,p95 159.2 ms > 100 ms,,,362.04,,,43529,,,,,,,,,74.2,159.2,259.5,,,,,9.5,,11.2,9.6,,,,,server_vit_google_vit-base-patch16-224_interactive_20260911_200154.txt
server_vit_benchmark,20260911_200154,SR650a V4,6787P,RTX PRO 6000,google/vit-base-patch16-224,cuda,bfloat16,,bf16,interactive,0.1000,5,9,0,PASS,ok,,,304.44,,,36683,,,,,,,,,37.2,80.4,115.0,,,,,6.8,,9.5,9.4,,,,,server_vit_google_vit-base-patch16-224_interactive_20260911_200154.txt
server_vit_benchmark,20260911_200154,SR650a V4,6787P,RTX PRO 6000,google/vit-base-patch16-224,cuda,bfloat16,,bf16,interactive,0.1000,5,10,0,FAIL,p95 100.1 ms > 100 ms,,,331.99,,,39896,,,,,,,,,49.5,100.1,165.1,,,,,8.0,,10.2,9.4,,,,,server_vit_google_vit-base-patch16-224_interactive_20260911_200154.txt
server_vit_benchmark,20260911_200154,SR650a V4,6787P,RTX PRO 6000,google/vit-base-patch16-224,cuda,bfloat16,,bf16,interactive,0.1000,5,11,1,PASS,ok,,,317.92,,,38204,,,,,,,,,42.7,88.0,143.7,,,,,7.4,,9.8,9.4,,,,,server_vit_google_vit-base-patch16-224_interactive_20260911_200154.txt
server_vit_benchmark,20260911_202548,SR650a V4,6787P,RTX PRO 6000,google/vit-base-patch16-224,cuda,bfloat16,,bf16,interactive,0.1000,5,1,0,PASS,ok,,,8.00,,,903,,,,,,,,,16.4,20.9,49.8,,,,,1.1,,0.4,0.7,,,,,server_vit_google_vit-base-patch16-224_interactive_20260911_202548.txt
server_vit_benchmark,20260911_202548,SR650a V4,6787P,RTX PRO 6000,google/vit-base-patch16-224,cuda,bfloat16,,bf16,interactive,0.1000,5,2,0,PASS,ok,,,16.00,,,1871,,,,,,,,,16.5,21.2,48.0,,,,,1.1,,0.7,1.2,,,,,server_vit_google_vit-base-patch16-224_interactive_20260911_202548.txt
server_vit_benchmark,20260911_202548,SR650a V4,6787P,RTX PRO 6000,google/vit-base-patch16-224,cuda,bfloat16,,bf16,interactive,0.1000,5,3,0,PASS,ok,,,32.00,,,3771,,,,,,,,,16.8,21.8,46.6,,,,,1.3,,1.4,2.4,,,,,server_vit_google_vit-base-patch16-224_interactive_20260911_202548.txt
server_vit_benchmark,20260911_202548,SR650a V4,6787P,RTX PRO 6000,google/vit-base-patch16-224,cuda,bfloat16,,bf16,interactive,0.1000,5,4,0,PASS,ok,,,64.00,,,7722,,,,,,,,,17.4,24.5,56.0,,,,,1.7,,2.5,4.1,,,,,server_vit_google_vit-base-patch16-224_interactive_20260911_202548.txt
server_vit_benchmark,20260911_202548,SR650a V4,6787P,RTX PRO 6000,google/vit-base-patch16-224,cuda,bfloat16,,bf16,interactive,0.1000,5,5,0,PASS,ok,,,128.00,,,15360,,,,,,,,,19.0,30.4,54.6,,,,,2.4,,4.7,6.4,,,,,server_vit_google_vit-base-patch16-224_interactive_20260911_202548.txt
server_vit_benchmark,20260911_202548,SR650a V4,6787P,RTX PRO 6000,google/vit-base-patch16-224,cuda,bfloat16,,bf16,interactive,0.1000,5,6,0,PASS,ok,,,256.00,,,30871,,,,,,,,,27.8,65.3,95.7,,,,,5.4,,8.9,9.0,,,,,server_vit_google_vit-base-patch16-224_interactive_20260911_202548.txt
server_vit_benchmark,20260911_202548,SR650a V4,6787P,RTX PRO 6000,google/vit-base-patch16-224,cuda,bfloat16,,bf16,interactive,0.1000,5,7,0,FAIL,p95 40719.1 ms > 100 ms,,,512.00,,,61340,,,,,,,,,23747.0,40719.1,41902.5,,,,,14.1,,13.8,8.4,,,,,server_vit_google_vit-base-patch16-224_interactive_20260911_202548.txt
server_vit_benchmark,20260911_202548,SR650a V4,6787P,RTX PRO 6000,google/vit-base-patch16-224,cuda,bfloat16,,bf16,interactive,0.1000,5,8,0,FAIL,p95 153.1 ms > 100 ms,,,362.04,,,43529,,,,,,,,,80.3,153.1,252.4,,,,,11.4,,12.5,9.1,,,,,server_vit_google_vit-base-patch16-224_interactive_20260911_202548.txt
server_vit_benchmark,20260911_202548,SR650a V4,6787P,RTX PRO 6000,google/vit-base-patch16-224,cuda,bfloat16,,bf16,interactive,0.1000,5,9,1,PASS,ok,,,304.44,,,36683,,,,,,,,,38.8,91.1,125.3,,,,,7.5,,10.3,9.2,,,,,server_vit_google_vit-base-patch16-224_interactive_20260911_202548.txt
server_vit_benchmark,20260911_202548,SR650a V4,6787P,RTX PRO 6000,google/vit-base-patch16-224,cuda,bfloat16,,bf16,interactive,0.1000,5,10,0,FAIL,p95 117.2 ms > 100 ms,,,331.99,,,39896,,,,,,,,,53.1,117.2,222.8,,,,,9.3,,11.3,9.1,,,,,server_vit_google_vit-base-patch16-224_interactive_20260911_202548.txt
server_vit_benchmark,20260911_202548,SR650a V4,6787P,RTX PRO 6000,google/vit-base-patch16-224,cuda,bfloat16,,bf16,interactive,0.1000,5,11,0,FAIL,p95 101.9 ms > 100 ms,,,317.92,,,38204,,,,,,,,,45.0,101.9,163.6,,,,,8.3,,10.7,9.2,,,,,server_vit_google_vit-base-patch16-224_interactive_20260911_202548.txt
server_vit_benchmark,20260911_204938,SR650a V4,6787P,RTX PRO 6000,google/vit-large-patch16-224,cuda,bfloat16,,bf16,interactive,0.1000,5,1,0,PASS,ok,,,8.00,,,903,,,,,,,,,18.3,23.3,48.4,,,,,1.1,,0.4,1.5,,,,,server_vit_google_vit-large-patch16-224_interactive_20260911_204938.txt
server_vit_benchmark,20260911_204938,SR650a V4,6787P,RTX PRO 6000,google/vit-large-patch16-224,cuda,bfloat16,,bf16,interactive,0.1000,5,2,0,PASS,ok,,,16.00,,,1871,,,,,,,,,18.6,23.8,56.3,,,,,1.2,,0.8,2.9,,,,,server_vit_google_vit-large-patch16-224_interactive_20260911_204938.txt
server_vit_benchmark,20260911_204938,SR650a V4,6787P,RTX PRO 6000,google/vit-large-patch16-224,cuda,bfloat16,,bf16,interactive,0.1000,5,3,0,PASS,ok,,,32.00,,,3771,,,,,,,,,19.0,25.1,49.1,,,,,1.3,,1.4,5.4,,,,,server_vit_google_vit-large-patch16-224_interactive_20260911_204938.txt
server_vit_benchmark,20260911_204938,SR650a V4,6787P,RTX PRO 6000,google/vit-large-patch16-224,cuda,bfloat16,,bf16,interactive,0.1000,5,4,0,PASS,ok,,,64.00,,,7722,,,,,,,,,20.1,28.5,56.0,,,,,1.7,,2.7,9.5,,,,,server_vit_google_vit-large-patch16-224_interactive_20260911_204938.txt
server_vit_benchmark,20260911_204938,SR650a V4,6787P,RTX PRO 6000,google/vit-large-patch16-224,cuda,bfloat16,,bf16,interactive,0.1000,5,5,0,PASS,ok,,,128.00,,,15360,,,,,,,,,22.5,37.3,67.7,,,,,2.6,,4.7,15.4,,,,,server_vit_google_vit-large-patch16-224_interactive_20260911_204938.txt
server_vit_benchmark,20260911_204938,SR650a V4,6787P,RTX PRO 6000,google/vit-large-patch16-224,cuda,bfloat16,,bf16,interactive,0.1000,5,6,0,PASS,ok,,,256.00,,,30871,,,,,,,,,35.1,66.1,95.7,,,,,5.7,,7.5,24.0,,,,,server_vit_google_vit-large-patch16-224_interactive_20260911_204938.txt
server_vit_benchmark,20260911_204938,SR650a V4,6787P,RTX PRO 6000,google/vit-large-patch16-224,cuda,bfloat16,,bf16,interactive,0.1000,5,7,0,FAIL,p95 53367.1 ms > 100 ms,,,512.00,,,61340,,,,,,,,,31552.9,53367.1,54962.4,,,,,9.6,,9.6,28.8,,,,,server_vit_google_vit-large-patch16-224_interactive_20260911_204938.txt
server_vit_benchmark,20260911_204938,SR650a V4,6787P,RTX PRO 6000,google/vit-large-patch16-224,cuda,bfloat16,,bf16,interactive,0.1000,5,8,0,FAIL,p95 934.0 ms > 100 ms,,,362.04,,,43529,,,,,,,,,411.0,934.0,994.4,,,,,9.7,,9.8,29.8,,,,,server_vit_google_vit-large-patch16-224_interactive_20260911_204938.txt
server_vit_benchmark,20260911_204938,SR650a V4,6787P,RTX PRO 6000,google/vit-large-patch16-224,cuda,bfloat16,,bf16,interactive,0.1000,5,9,1,PASS,ok,,,304.44,,,36683,,,,,,,,,47.0,84.4,106.7,,,,,7.3,,8.5,26.6,,,,,server_vit_google_vit-large-patch16-224_interactive_20260911_204938.txt
server_vit_benchmark,20260911_204938,SR650a V4,6787P,RTX PRO 6000,google/vit-large-patch16-224,cuda,bfloat16,,bf16,interactive,0.1000,5,10,0,FAIL,p95 128.5 ms > 100 ms,,,331.99,,,39896,,,,,,,,,61.5,128.5,231.0,,,,,8.6,,9.1,28.3,,,,,server_vit_google_vit-large-patch16-224_interactive_20260911_204938.txt
server_vit_benchmark,20260911_204938,SR650a V4,6787P,RTX PRO 6000,google/vit-large-patch16-224,cuda,bfloat16,,bf16,interactive,0.1000,5,11,0,FAIL,p95 100.6 ms > 100 ms,,,317.92,,,38204,,,,,,,,,53.3,100.6,267.5,,,,,7.9,,8.8,27.2,,,,,server_vit_google_vit-large-patch16-224_interactive_20260911_204938.txt
server_vit_benchmark,20260911_211345,SR650a V4,6787P,RTX PRO 6000,google/vit-large-patch16-224,cuda,bfloat16,,bf16,interactive,0.1000,5,1,0,PASS,ok,,,8.00,,,903,,,,,,,,,18.3,23.4,47.9,,,,,1.1,,0.4,1.4,,,,,server_vit_google_vit-large-patch16-224_interactive_20260911_211345.txt
server_vit_benchmark,20260911_211345,SR650a V4,6787P,RTX PRO 6000,google/vit-large-patch16-224,cuda,bfloat16,,bf16,interactive,0.1000,5,2,0,PASS,ok,,,16.00,,,1871,,,,,,,,,18.5,23.6,51.3,,,,,1.1,,0.8,2.8,,,,,server_vit_google_vit-large-patch16-224_interactive_20260911_211345.txt
server_vit_benchmark,20260911_211345,SR650a V4,6787P,RTX PRO 6000,google/vit-large-patch16-224,cuda,bfloat16,,bf16,interactive,0.1000,5,3,0,PASS,ok,,,32.00,,,3771,,,,,,,,,18.9,25.0,49.8,,,,,1.3,,1.4,5.2,,,,,server_vit_google_vit-large-patch16-224_interactive_20260911_211345.txt
server_vit_benchmark,20260911_211345,SR650a V4,6787P,RTX PRO 6000,google/vit-large-patch16-224,cuda,bfloat16,,bf16,interactive,0.1000,5,4,0,PASS,ok,,,64.00,,,7722,,,,,,,,,19.9,28.5,53.9,,,,,1.7,,2.6,9.1,,,,,server_vit_google_vit-large-patch16-224_interactive_20260911_211345.txt
server_vit_benchmark,20260911_211345,SR650a V4,6787P,RTX PRO 6000,google/vit-large-patch16-224,cuda,bfloat16,,bf16,interactive,0.1000,5,5,0,PASS,ok,,,128.00,,,15360,,,,,,,,,22.6,37.3,67.6,,,,,2.6,,4.8,15.3,,,,,server_vit_google_vit-large-patch16-224_interactive_20260911_211345.txt
server_vit_benchmark,20260911_211345,SR650a V4,6787P,RTX PRO 6000,google/vit-large-patch16-224,cuda,bfloat16,,bf16,interactive,0.1000,5,6,0,PASS,ok,,,256.00,,,30871,,,,,,,,,35.6,75.3,122.4,,,,,6.3,,8.5,23.7,,,,,server_vit_google_vit-large-patch16-224_interactive_20260911_211345.txt
server_vit_benchmark,20260911_211345,SR650a V4,6787P,RTX PRO 6000,google/vit-large-patch16-224,cuda,bfloat16,,bf16,interactive,0.1000,5,7,0,FAIL,p95 46213.7 ms > 100 ms,,,512.00,,,61340,,,,,,,,,27138.1,46213.7,47592.0,,,,,13.1,,11.8,26.8,,,,,server_vit_google_vit-large-patch16-224_interactive_20260911_211345.txt
server_vit_benchmark,20260911_211345,SR650a V4,6787P,RTX PRO 6000,google/vit-large-patch16-224,cuda,bfloat16,,bf16,interactive,0.1000,5,8,0,FAIL,p95 197.4 ms > 100 ms,,,362.04,,,43529,,,,,,,,,94.9,197.4,256.3,,,,,12.1,,11.4,27.5,,,,,server_vit_google_vit-large-patch16-224_interactive_20260911_211345.txt
server_vit_benchmark,20260911_211345,SR650a V4,6787P,RTX PRO 6000,google/vit-large-patch16-224,cuda,bfloat16,,bf16,interactive,0.1000,5,9,1,PASS,ok,,,304.44,,,36683,,,,,,,,,50.5,97.7,146.7,,,,,8.7,,9.7,25.9,,,,,server_vit_google_vit-large-patch16-224_interactive_20260911_211345.txt
server_vit_benchmark,20260911_211345,SR650a V4,6787P,RTX PRO 6000,google/vit-large-patch16-224,cuda,bfloat16,,bf16,interactive,0.1000,5,10,0,FAIL,p95 116.3 ms > 100 ms,,,331.99,,,39896,,,,,,,,,64.7,116.3,185.0,,,,,10.2,,10.5,26.7,,,,,server_vit_google_vit-large-patch16-224_interactive_20260911_211345.txt
server_vit_benchmark,20260911_211345,SR650a V4,6787P,RTX PRO 6000,google/vit-large-patch16-224,cuda,bfloat16,,bf16,interactive,0.1000,5,11,0,FAIL,p95 107.6 ms > 100 ms,,,317.92,,,38204,,,,,,,,,56.4,107.6,212.2,,,,,9.4,,10.0,26.2,,,,,server_vit_google_vit-large-patch16-224_interactive_20260911_211345.txt
server_vit_benchmark,20260911_213744,SR650a V4,6787P,RTX PRO 6000,google/vit-large-patch16-224,cuda,bfloat16,,bf16,interactive,0.1000,5,1,0,PASS,ok,,,8.00,,,903,,,,,,,,,18.3,23.5,51.1,,,,,1.1,,0.4,1.4,,,,,server_vit_google_vit-large-patch16-224_interactive_20260911_213744.txt
server_vit_benchmark,20260911_213744,SR650a V4,6787P,RTX PRO 6000,google/vit-large-patch16-224,cuda,bfloat16,,bf16,interactive,0.1000,5,2,0,PASS,ok,,,16.00,,,1871,,,,,,,,,18.6,23.9,54.8,,,,,1.1,,0.8,2.9,,,,,server_vit_google_vit-large-patch16-224_interactive_20260911_213744.txt
server_vit_benchmark,20260911_213744,SR650a V4,6787P,RTX PRO 6000,google/vit-large-patch16-224,cuda,bfloat16,,bf16,interactive,0.1000,5,3,0,PASS,ok,,,32.00,,,3771,,,,,,,,,18.9,25.0,52.9,,,,,1.3,,1.4,5.4,,,,,server_vit_google_vit-large-patch16-224_interactive_20260911_213744.txt
server_vit_benchmark,20260911_213744,SR650a V4,6787P,RTX PRO 6000,google/vit-large-patch16-224,cuda,bfloat16,,bf16,interactive,0.1000,5,4,0,PASS,ok,,,64.00,,,7722,,,,,,,,,19.9,28.0,57.2,,,,,1.7,,2.6,9.4,,,,,server_vit_google_vit-large-patch16-224_interactive_20260911_213744.txt
server_vit_benchmark,20260911_213744,SR650a V4,6787P,RTX PRO 6000,google/vit-large-patch16-224,cuda,bfloat16,,bf16,interactive,0.1000,5,5,0,PASS,ok,,,128.00,,,15360,,,,,,,,,22.4,37.2,72.1,,,,,2.7,,4.8,15.2,,,,,server_vit_google_vit-large-patch16-224_interactive_20260911_213744.txt
server_vit_benchmark,20260911_213744,SR650a V4,6787P,RTX PRO 6000,google/vit-large-patch16-224,cuda,bfloat16,,bf16,interactive,0.1000,5,6,0,PASS,ok,,,256.00,,,30871,,,,,,,,,35.3,80.0,134.2,,,,,6.6,,9.1,23.4,,,,,server_vit_google_vit-large-patch16-224_interactive_20260911_213744.txt
server_vit_benchmark,20260911_213744,SR650a V4,6787P,RTX PRO 6000,google/vit-large-patch16-224,cuda,bfloat16,,bf16,interactive,0.1000,5,7,0,FAIL,p95 40498.3 ms > 100 ms,,,512.00,,,61340,,,,,,,,,23630.9,40498.3,41674.0,,,,,19.5,,13.9,28.6,,,,,server_vit_google_vit-large-patch16-224_interactive_20260911_213744.txt
server_vit_benchmark,20260911_213744,SR650a V4,6787P,RTX PRO 6000,google/vit-large-patch16-224,cuda,bfloat16,,bf16,interactive,0.1000,5,8,0,FAIL,p95 168.8 ms > 100 ms,,,362.04,,,43529,,,,,,,,,95.8,168.8,202.7,,,,,15.1,,12.7,28.4,,,,,server_vit_google_vit-large-patch16-224_interactive_20260911_213744.txt
server_vit_benchmark,20260911_213744,SR650a V4,6787P,RTX PRO 6000,google/vit-large-patch16-224,cuda,bfloat16,,bf16,interactive,0.1000,5,9,0,FAIL,p95 111.0 ms > 100 ms,,,304.44,,,36683,,,,,,,,,50.9,111.0,158.7,,,,,9.6,,10.5,26.2,,,,,server_vit_google_vit-large-patch16-224_interactive_20260911_213744.txt
server_vit_benchmark,20260911_213744,SR650a V4,6787P,RTX PRO 6000,google/vit-large-patch16-224,cuda,bfloat16,,bf16,interactive,0.1000,5,10,1,PASS,ok,,,279.17,,,33720,,,,,,,,,41.3,93.8,145.2,,,,,7.8,,9.7,24.5,,,,,server_vit_google_vit-large-patch16-224_interactive_20260911_213744.txt
server_vit_benchmark,20260911_213744,SR650a V4,6787P,RTX PRO 6000,google/vit-large-patch16-224,cuda,bfloat16,,bf16,interactive,0.1000,5,11,0,FAIL,p95 101.3 ms > 100 ms,,,291.53,,,35131,,,,,,,,,45.1,101.3,163.5,,,,,8.6,,10.1,25.1,,,,,server_vit_google_vit-large-patch16-224_interactive_20260911_213744.txt
server_vit_benchmark,20260911_220137,SR650a V4,6787P,RTX PRO 6000,facebook/dinov2-giant,cuda,bfloat16,,bf16,interactive,0.1000,5,1,0,PASS,ok,,,8.00,,,903,,,,,,,,,22.2,28.2,53.2,,,,,1.1,,0.4,3.4,,,,,server_vit_facebook_dinov2-giant_interactive_20260911_220137.txt
server_vit_benchmark,20260911_220137,SR650a V4,6787P,RTX PRO 6000,facebook/dinov2-giant,cuda,bfloat16,,bf16,interactive,0.1000,5,2,0,PASS,ok,,,16.00,,,1871,,,,,,,,,22.5,31.5,60.6,,,,,1.2,,0.8,6.8,,,,,server_vit_facebook_dinov2-giant_interactive_20260911_220137.txt
server_vit_benchmark,20260911_220137,SR650a V4,6787P,RTX PRO 6000,facebook/dinov2-giant,cuda,bfloat16,,bf16,interactive,0.1000,5,3,0,PASS,ok,,,32.00,,,3771,,,,,,,,,23.5,35.0,58.3,,,,,1.4,,1.6,13.4,,,,,server_vit_facebook_dinov2-giant_interactive_20260911_220137.txt
server_vit_benchmark,20260911_220137,SR650a V4,6787P,RTX PRO 6000,facebook/dinov2-giant,cuda,bfloat16,,bf16,interactive,0.1000,5,4,0,PASS,ok,,,64.00,,,7722,,,,,,,,,26.6,43.5,63.0,,,,,1.9,,2.9,24.6,,,,,server_vit_facebook_dinov2-giant_interactive_20260911_220137.txt
server_vit_benchmark,20260911_220137,SR650a V4,6787P,RTX PRO 6000,facebook/dinov2-giant,cuda,bfloat16,,bf16,interactive,0.1000,5,5,0,PASS,ok,,,128.00,,,15360,,,,,,,,,35.6,63.8,99.8,,,,,3.7,,5.1,43.9,,,,,server_vit_facebook_dinov2-giant_interactive_20260911_220137.txt
server_vit_benchmark,20260911_220137,SR650a V4,6787P,RTX PRO 6000,facebook/dinov2-giant,cuda,bfloat16,,bf16,interactive,0.1000,5,6,0,FAIL,p95 351.5 ms > 100 ms,,,256.00,,,30871,,,,,,,,,195.0,351.5,430.5,,,,,29.4,,7.7,90.1,,,,,server_vit_facebook_dinov2-giant_interactive_20260911_220137.txt
server_vit_benchmark,20260911_220137,SR650a V4,6787P,RTX PRO 6000,facebook/dinov2-giant,cuda,bfloat16,,bf16,interactive,0.1000,5,7,0,FAIL,p95 221.9 ms > 100 ms,,,181.02,,,21756,,,,,,,,,110.9,221.9,249.9,,,,,14.3,,6.3,80.9,,,,,server_vit_facebook_dinov2-giant_interactive_20260911_220137.txt
server_vit_benchmark,20260911_220137,SR650a V4,6787P,RTX PRO 6000,facebook/dinov2-giant,cuda,bfloat16,,bf16,interactive,0.1000,5,8,0,FAIL,p95 107.8 ms > 100 ms,,,152.22,,,18260,,,,,,,,,45.5,107.8,148.3,,,,,5.5,,5.8,60.7,,,,,server_vit_facebook_dinov2-giant_interactive_20260911_220137.txt
server_vit_benchmark,20260911_220137,SR650a V4,6787P,RTX PRO 6000,facebook/dinov2-giant,cuda,bfloat16,,bf16,interactive,0.1000,5,9,1,PASS,ok,,,139.58,,,16753,,,,,,,,,40.4,86.8,123.6,,,,,4.4,,5.4,54.5,,,,,server_vit_facebook_dinov2-giant_interactive_20260911_220137.txt
server_vit_benchmark,20260911_220137,SR650a V4,6787P,RTX PRO 6000,facebook/dinov2-giant,cuda,bfloat16,,bf16,interactive,0.1000,5,10,0,FAIL,p95 105.1 ms > 100 ms,,,145.76,,,17455,,,,,,,,,42.9,105.1,180.2,,,,,5.1,,5.6,57.9,,,,,server_vit_facebook_dinov2-giant_interactive_20260911_220137.txt
server_vit_benchmark,20260911_222245,SR650a V4,6787P,RTX PRO 6000,facebook/dinov2-giant,cuda,bfloat16,,bf16,interactive,0.1000,5,1,0,PASS,ok,,,8.00,,,903,,,,,,,,,22.1,28.2,58.4,,,,,1.1,,0.4,3.4,,,,,server_vit_facebook_dinov2-giant_interactive_20260911_222245.txt
server_vit_benchmark,20260911_222245,SR650a V4,6787P,RTX PRO 6000,facebook/dinov2-giant,cuda,bfloat16,,bf16,interactive,0.1000,5,2,0,PASS,ok,,,16.00,,,1871,,,,,,,,,22.5,31.7,59.9,,,,,1.2,,0.8,7.0,,,,,server_vit_facebook_dinov2-giant_interactive_20260911_222245.txt
server_vit_benchmark,20260911_222245,SR650a V4,6787P,RTX PRO 6000,facebook/dinov2-giant,cuda,bfloat16,,bf16,interactive,0.1000,5,3,0,PASS,ok,,,32.00,,,3771,,,,,,,,,23.4,35.0,58.1,,,,,1.3,,1.6,13.2,,,,,server_vit_facebook_dinov2-giant_interactive_20260911_222245.txt
server_vit_benchmark,20260911_222245,SR650a V4,6787P,RTX PRO 6000,facebook/dinov2-giant,cuda,bfloat16,,bf16,interactive,0.1000,5,4,0,PASS,ok,,,64.00,,,7722,,,,,,,,,26.6,43.7,63.9,,,,,1.9,,2.9,25.0,,,,,server_vit_facebook_dinov2-giant_interactive_20260911_222245.txt
server_vit_benchmark,20260911_222245,SR650a V4,6787P,RTX PRO 6000,facebook/dinov2-giant,cuda,bfloat16,,bf16,interactive,0.1000,5,5,0,PASS,ok,,,128.00,,,15360,,,,,,,,,35.7,64.6,123.2,,,,,3.7,,5.3,44.5,,,,,server_vit_facebook_dinov2-giant_interactive_20260911_222245.txt
server_vit_benchmark,20260911_222245,SR650a V4,6787P,RTX PRO 6000,facebook/dinov2-giant,cuda,bfloat16,,bf16,interactive,0.1000,5,6,0,FAIL,p95 309.2 ms > 100 ms,,,256.00,,,30871,,,,,,,,,191.2,309.2,401.1,,,,,29.1,,8.8,89.7,,,,,server_vit_facebook_dinov2-giant_interactive_20260911_222245.txt
server_vit_benchmark,20260911_222245,SR650a V4,6787P,RTX PRO 6000,facebook/dinov2-giant,cuda,bfloat16,,bf16,interactive,0.1000,5,7,0,FAIL,p95 218.1 ms > 100 ms,,,181.02,,,21756,,,,,,,,,110.9,218.1,240.1,,,,,14.1,,6.8,80.3,,,,,server_vit_facebook_dinov2-giant_interactive_20260911_222245.txt
server_vit_benchmark,20260911_222245,SR650a V4,6787P,RTX PRO 6000,facebook/dinov2-giant,cuda,bfloat16,,bf16,interactive,0.1000,5,8,0,FAIL,p95 109.9 ms > 100 ms,,,152.22,,,18260,,,,,,,,,47.5,109.9,167.6,,,,,5.7,,6.0,62.3,,,,,server_vit_facebook_dinov2-giant_interactive_20260911_222245.txt
server_vit_benchmark,20260911_222245,SR650a V4,6787P,RTX PRO 6000,facebook/dinov2-giant,cuda,bfloat16,,bf16,interactive,0.1000,5,9,0,PASS,ok,,,139.58,,,16753,,,,,,,,,41.4,91.3,130.9,,,,,4.6,,5.6,55.2,,,,,server_vit_facebook_dinov2-giant_interactive_20260911_222245.txt
server_vit_benchmark,20260911_222245,SR650a V4,6787P,RTX PRO 6000,facebook/dinov2-giant,cuda,bfloat16,,bf16,interactive,0.1000,5,10,1,PASS,ok,,,145.76,,,17455,,,,,,,,,43.3,95.8,131.2,,,,,4.9,,5.8,57.6,,,,,server_vit_facebook_dinov2-giant_interactive_20260911_222245.txt
server_vit_benchmark,20260911_224354,SR650a V4,6787P,RTX PRO 6000,facebook/dinov2-giant,cuda,bfloat16,,bf16,interactive,0.1000,5,1,0,PASS,ok,,,8.00,,,903,,,,,,,,,22.3,28.2,58.5,,,,,1.1,,0.4,3.3,,,,,server_vit_facebook_dinov2-giant_interactive_20260911_224354.txt
server_vit_benchmark,20260911_224354,SR650a V4,6787P,RTX PRO 6000,facebook/dinov2-giant,cuda,bfloat16,,bf16,interactive,0.1000,5,2,0,PASS,ok,,,16.00,,,1871,,,,,,,,,22.5,31.5,60.6,,,,,1.2,,0.8,6.9,,,,,server_vit_facebook_dinov2-giant_interactive_20260911_224354.txt
server_vit_benchmark,20260911_224354,SR650a V4,6787P,RTX PRO 6000,facebook/dinov2-giant,cuda,bfloat16,,bf16,interactive,0.1000,5,3,0,PASS,ok,,,32.00,,,3771,,,,,,,,,23.5,34.8,58.4,,,,,1.3,,1.6,12.8,,,,,server_vit_facebook_dinov2-giant_interactive_20260911_224354.txt
server_vit_benchmark,20260911_224354,SR650a V4,6787P,RTX PRO 6000,facebook/dinov2-giant,cuda,bfloat16,,bf16,interactive,0.1000,5,4,0,PASS,ok,,,64.00,,,7722,,,,,,,,,26.7,44.0,64.5,,,,,1.9,,2.9,24.9,,,,,server_vit_facebook_dinov2-giant_interactive_20260911_224354.txt
server_vit_benchmark,20260911_224354,SR650a V4,6787P,RTX PRO 6000,facebook/dinov2-giant,cuda,bfloat16,,bf16,interactive,0.1000,5,5,0,PASS,ok,,,128.00,,,15360,,,,,,,,,36.1,64.9,125.1,,,,,3.8,,5.3,44.2,,,,,server_vit_facebook_dinov2-giant_interactive_20260911_224354.txt
server_vit_benchmark,20260911_224354,SR650a V4,6787P,RTX PRO 6000,facebook/dinov2-giant,cuda,bfloat16,,bf16,interactive,0.1000,5,6,0,FAIL,p95 341.7 ms > 100 ms,,,256.00,,,30871,,,,,,,,,194.9,341.7,423.0,,,,,29.3,,9.3,89.3,,,,,server_vit_facebook_dinov2-giant_interactive_20260911_224354.txt
server_vit_benchmark,20260911_224354,SR650a V4,6787P,RTX PRO 6000,facebook/dinov2-giant,cuda,bfloat16,,bf16,interactive,0.1000,5,7,0,FAIL,p95 223.6 ms > 100 ms,,,181.02,,,21756,,,,,,,,,102.7,223.6,252.6,,,,,13.8,,6.9,80.6,,,,,server_vit_facebook_dinov2-giant_interactive_20260911_224354.txt
server_vit_benchmark,20260911_224354,SR650a V4,6787P,RTX PRO 6000,facebook/dinov2-giant,cuda,bfloat16,,bf16,interactive,0.1000,5,8,0,FAIL,p95 108.3 ms > 100 ms,,,152.22,,,18260,,,,,,,,,45.5,108.3,173.3,,,,,5.5,,6.1,60.7,,,,,server_vit_facebook_dinov2-giant_interactive_20260911_224354.txt
server_vit_benchmark,20260911_224354,SR650a V4,6787P,RTX PRO 6000,facebook/dinov2-giant,cuda,bfloat16,,bf16,interactive,0.1000,5,9,0,PASS,ok,,,139.58,,,16753,,,,,,,,,41.2,91.1,131.3,,,,,4.5,,5.6,54.7,,,,,server_vit_facebook_dinov2-giant_interactive_20260911_224354.txt
server_vit_benchmark,20260911_224354,SR650a V4,6787P,RTX PRO 6000,facebook/dinov2-giant,cuda,bfloat16,,bf16,interactive,0.1000,5,10,1,PASS,ok,,,145.76,,,17455,,,,,,,,,43.3,96.6,137.9,,,,,4.9,,5.8,57.9,,,,,server_vit_facebook_dinov2-giant_interactive_20260911_224354.txt
vit_benchmark_throughput,20260915_194417,SR650a V4,6787P,RTX PRO 6000,google/vit-base-patch16-224,cuda,bfloat16,fp4,fp4,,,,1,0,,,1,8,,,,,4850.2,,0.206,,,,0.72,2.29,,,,,,,,,,1.0,97.7,284.9,299.6,,8.30,vit_throughput_google_vit-base-patch16-224_bfloat16-fp4_20260915_194417.txt
vit_benchmark_throughput,20260915_194417,SR650a V4,6787P,RTX PRO 6000,google/vit-base-patch16-224,cuda,bfloat16,fp4,fp4,,,,2,1,,,1,32,,,,,7442.1,,0.134,,,,0.69,4.91,,,,,,,,,,1.0,99.7,417.1,299.9,,10.38,vit_throughput_google_vit-base-patch16-224_bfloat16-fp4_20260915_194417.txt
vit_benchmark_throughput,20260915_194417,SR650a V4,6787P,RTX PRO 6000,google/vit-base-patch16-224,cuda,bfloat16,fp8,fp8,,,,1,0,,,1,8,,,,,5766.5,,0.173,,,,0.67,1.99,,,,,,,,,,1.0,95.3,354.5,298.5,,8.83,vit_throughput_google_vit-base-patch16-224_bfloat16-fp8_20260915_194417.txt
vit_benchmark_throughput,20260915_194417,SR650a V4,6787P,RTX PRO 6000,google/vit-base-patch16-224,cuda,bfloat16,fp8,fp8,,,,2,1,,,1,32,,,,,8111.4,,0.123,,,,0.84,4.70,,,,,,,,,,1.0,100.0,422.3,299.1,,11.24,vit_throughput_google_vit-base-patch16-224_bfloat16-fp8_20260915_194417.txt
vit_benchmark_throughput,20260915_194417,SR650a V4,6787P,RTX PRO 6000,google/vit-base-patch16-224,cuda,bfloat16,int8,int8,,,,1,0,,,1,8,,,,,5303.1,,0.189,,,,0.70,2.14,,,,,,,,,,1.0,95.0,399.5,299.5,,7.59,vit_throughput_google_vit-base-patch16-224_bfloat16-int8_20260915_194417.txt
vit_benchmark_throughput,20260915_194417,SR650a V4,6787P,RTX PRO 6000,google/vit-base-patch16-224,cuda,bfloat16,int8,int8,,,,2,1,,,1,32,,,,,6896.3,,0.145,,,,0.89,5.44,,,,,,,,,,1.0,95.7,420.0,45610.4,,0.15,vit_throughput_google_vit-base-patch16-224_bfloat16-int8_20260915_194417.txt
vit_benchmark_throughput,20260915_194417,SR650a V4,6787P,RTX PRO 6000,google/vit-base-patch16-224,cuda,bfloat16,disabled,bf16,,,,1,0,,,1,8,,,,,4969.0,,0.201,,,,0.35,1.85,,,,,,,,,,1.0,97.0,395.6,297.5,,7.17,vit_throughput_google_vit-base-patch16-224_bfloat16_20260915_194417.txt
vit_benchmark_throughput,20260915_194417,SR650a V4,6787P,RTX PRO 6000,google/vit-base-patch16-224,cuda,bfloat16,disabled,bf16,,,,2,1,,,1,32,,,,,6431.2,,0.155,,,,0.35,5.26,,,,,,,,,,1.0,99.6,421.1,297.7,,8.95,vit_throughput_google_vit-base-patch16-224_bfloat16_20260915_194417.txt
vit_benchmark_throughput,20260915_200755,SR650a V4,6787P,RTX PRO 6000,facebook/dinov2-giant,cuda,bfloat16,fp4,fp4,,,,1,0,,,1,1,,,,,28.4,,35.217,,,,2.07,37.16,,,,,,,,,,1.0,100.0,119.0,300.2,,0.07,vit_throughput_facebook_dinov2-giant_bfloat16-fp4_20260915_200755.txt
vit_benchmark_throughput,20260915_200755,SR650a V4,6787P,RTX PRO 6000,facebook/dinov2-giant,cuda,bfloat16,fp4,fp4,,,,2,0,,,1,4,,,,,499.5,,2.002,,,,2.07,10.64,,,,,,,,,,1.0,100.0,366.2,299.8,,0.75,vit_throughput_facebook_dinov2-giant_bfloat16-fp4_20260915_200755.txt
vit_benchmark_throughput,20260915_200755,SR650a V4,6787P,RTX PRO 6000,facebook/dinov2-giant,cuda,bfloat16,fp4,fp4,,,,3,0,,,1,8,,,,,465.9,,2.146,,,,2.07,18.71,,,,,,,,,,1.0,100.0,270.2,302.1,,0.81,vit_throughput_facebook_dinov2-giant_bfloat16-fp4_20260915_200755.txt
vit_benchmark_throughput,20260915_200755,SR650a V4,6787P,RTX PRO 6000,facebook/dinov2-giant,cuda,bfloat16,fp4,fp4,,,,4,0,,,1,16,,,,,523.7,,1.909,,,,2.07,31.93,,,,,,,,,,1.0,100.0,275.0,303.1,,0.91,vit_throughput_facebook_dinov2-giant_bfloat16-fp4_20260915_200755.txt
vit_benchmark_throughput,20260915_200755,SR650a V4,6787P,RTX PRO 6000,facebook/dinov2-giant,cuda,bfloat16,fp4,fp4,,,,5,1,,,1,32,,,,,535.2,,1.868,,,,2.08,60.35,,,,,,,,,,1.0,100.0,286.7,2338.7,,0.20,vit_throughput_facebook_dinov2-giant_bfloat16-fp4_20260915_200755.txt
vit_benchmark_throughput,20260915_200755,SR650a V4,6787P,RTX PRO 6000,facebook/dinov2-giant,cuda,bfloat16,fp4,fp4,,,,6,0,,,1,64,,,,,496.0,,2.016,,,,2.08,129.07,,,,,,,,,,1.0,100.0,293.3,303.3,,0.83,vit_throughput_facebook_dinov2-giant_bfloat16-fp4_20260915_200755.txt
vit_benchmark_throughput,20260915_200755,SR650a V4,6787P,RTX PRO 6000,facebook/dinov2-giant,cuda,bfloat16,fp8,fp8,,,,1,0,,,1,1,,,,,115.9,,8.628,,,,1.82,10.34,,,,,,,,,,1.0,99.8,240.1,300.8,,0.21,vit_throughput_facebook_dinov2-giant_bfloat16-fp8_20260915_200755.txt
vit_benchmark_throughput,20260915_200755,SR650a V4,6787P,RTX PRO 6000,facebook/dinov2-giant,cuda,bfloat16,fp8,fp8,,,,2,0,,,1,4,,,,,437.3,,2.287,,,,2.24,12.53,,,,,,,,,,1.0,99.9,375.3,300.4,,0.65,vit_throughput_facebook_dinov2-giant_bfloat16-fp8_20260915_200755.txt
vit_benchmark_throughput,20260915_200755,SR650a V4,6787P,RTX PRO 6000,facebook/dinov2-giant,cuda,bfloat16,fp8,fp8,,,,3,0,,,1,8,,,,,409.9,,2.440,,,,2.26,21.31,,,,,,,,,,1.0,100.0,274.4,302.0,,0.71,vit_throughput_facebook_dinov2-giant_bfloat16-fp8_20260915_200755.txt
vit_benchmark_throughput,20260915_200755,SR650a V4,6787P,RTX PRO 6000,facebook/dinov2-giant,cuda,bfloat16,fp8,fp8,,,,4,0,,,1,16,,,,,437.5,,2.286,,,,2.24,36.09,,,,,,,,,,1.0,100.0,277.2,302.7,,0.75,vit_throughput_facebook_dinov2-giant_bfloat16-fp8_20260915_200755.txt
vit_benchmark_throughput,20260915_200755,SR650a V4,6787P,RTX PRO 6000,facebook/dinov2-giant,cuda,bfloat16,fp8,fp8,,,,5,1,,,1,32,,,,,452.9,,2.208,,,,2.25,71.80,,,,,,,,,,1.0,100.0,288.7,302.7,,0.77,vit_throughput_facebook_dinov2-giant_bfloat16-fp8_20260915_200755.txt
vit_benchmark_throughput,20260915_200755,SR650a V4,6787P,RTX PRO 6000,facebook/dinov2-giant,cuda,bfloat16,fp8,fp8,,,,6,0,,,1,64,,,,,438.1,,2.283,,,,2.26,144.20,,,,,,,,,,1.0,100.0,289.8,303.1,,0.74,vit_throughput_facebook_dinov2-giant_bfloat16-fp8_20260915_200755.txt
vit_benchmark_throughput,20260915_200755,SR650a V4,6787P,RTX PRO 6000,facebook/dinov2-giant,cuda,bfloat16,int8,int8,,,,1,0,,,1,1,,,,,248.8,,4.020,,,,2.13,6.29,,,,,,,,,,1.0,100.0,365.6,301.4,,0.37,vit_throughput_facebook_dinov2-giant_bfloat16-int8_20260915_200755.txt
vit_benchmark_throughput,20260915_200755,SR650a V4,6787P,RTX PRO 6000,facebook/dinov2-giant,cuda,bfloat16,int8,int8,,,,2,1,,,1,4,,,,,419.3,,2.385,,,,2.42,12.90,,,,,,,,,,1.0,100.0,369.0,301.1,,0.63,vit_throughput_facebook_dinov2-giant_bfloat16-int8_20260915_200755.txt
vit_benchmark_throughput,20260915_200755,SR650a V4,6787P,RTX PRO 6000,facebook/dinov2-giant,cuda,bfloat16,int8,int8,,,,3,0,,,1,8,,,,,372.1,,2.688,,,,2.44,23.61,,,,,,,,,,1.0,100.0,281.5,2429.3,,0.14,vit_throughput_facebook_dinov2-giant_bfloat16-int8_20260915_200755.txt
vit_benchmark_throughput,20260915_200755,SR650a V4,6787P,RTX PRO 6000,facebook/dinov2-giant,cuda,bfloat16,int8,int8,,,,4,0,,,1,16,,,,,392.4,,2.548,,,,2.44,40.45,,,,,,,,,,1.0,100.0,289.3,303.0,,0.66,vit_throughput_facebook_dinov2-giant_bfloat16-int8_20260915_200755.txt
vit_benchmark_throughput,20260915_200755,SR650a V4,6787P,RTX PRO 6000,facebook/dinov2-giant,cuda,bfloat16,int8,int8,,,,5,0,,,1,32,,,,,380.9,,2.625,,,,2.45,86.94,,,,,,,,,,1.0,100.0,294.1,303.2,,0.64,vit_throughput_facebook_dinov2-giant_bfloat16-int8_20260915_200755.txt
vit_benchmark_throughput,20260915_200755,SR650a V4,6787P,RTX PRO 6000,facebook/dinov2-giant,cuda,bfloat16,int8,int8,,,,6,0,,,1,64,,,,,367.3,,2.722,,,,2.45,171.89,,,,,,,,,,1.0,100.0,294.8,303.4,,0.61,vit_throughput_facebook_dinov2-giant_bfloat16-int8_20260915_200755.txt
vit_benchmark_throughput,20260915_200755,SR650a V4,6787P,RTX PRO 6000,facebook/dinov2-giant,cuda,bfloat16,disabled,bf16,,,,1,0,,,1,1,,,,,173.6,,5.761,,,,0.98,6.70,,,,,,,,,,1.0,99.6,324.0,303.2,,0.28,vit_throughput_facebook_dinov2-giant_bfloat16_20260915_200755.txt
vit_benchmark_throughput,20260915_200755,SR650a V4,6787P,RTX PRO 6000,facebook/dinov2-giant,cuda,bfloat16,disabled,bf16,,,,2,0,,,1,4,,,,,263.7,,3.793,,,,1.00,16.51,,,,,,,,,,1.0,99.9,306.6,303.2,,0.43,vit_throughput_facebook_dinov2-giant_bfloat16_20260915_200755.txt
vit_benchmark_throughput,20260915_200755,SR650a V4,6787P,RTX PRO 6000,facebook/dinov2-giant,cuda,bfloat16,disabled,bf16,,,,3,0,,,1,8,,,,,287.0,,3.484,,,,1.31,28.70,,,,,,,,,,1.0,99.3,282.1,303.4,,0.49,vit_throughput_facebook_dinov2-giant_bfloat16_20260915_200755.txt
vit_benchmark_throughput,20260915_200755,SR650a V4,6787P,RTX PRO 6000,facebook/dinov2-giant,cuda,bfloat16,disabled,bf16,,,,4,0,,,1,16,,,,,299.8,,3.336,,,,1.33,54.02,,,,,,,,,,1.0,100.0,282.1,303.3,,0.51,vit_throughput_facebook_dinov2-giant_bfloat16_20260915_200755.txt
vit_benchmark_throughput,20260915_200755,SR650a V4,6787P,RTX PRO 6000,facebook/dinov2-giant,cuda,bfloat16,disabled,bf16,,,,5,1,,,1,32,,,,,313.7,,3.188,,,,1.33,102.86,,,,,,,,,,1.0,100.0,285.9,2465.5,,0.11,vit_throughput_facebook_dinov2-giant_bfloat16_20260915_200755.txt
vit_benchmark_throughput,20260915_200755,SR650a V4,6787P,RTX PRO 6000,facebook/dinov2-giant,cuda,bfloat16,disabled,bf16,,,,6,0,,,1,64,,,,,300.3,,3.330,,,,1.01,208.07,,,,,,,,,,1.0,100.0,289.8,2400.1,,0.11,vit_throughput_facebook_dinov2-giant_bfloat16_20260915_200755.txt
vit_benchmark_throughput,20260915_200755,SR650a V4,6787P,RTX PRO 6000,google/vit-base-patch16-224,cuda,bfloat16,fp4,fp4,,,,1,0,,,1,1,,,,,217.8,,4.591,,,,0.70,5.22,,,,,,,,,,1.0,99.9,119.2,301.5,,0.52,vit_throughput_google_vit-base-patch16-224_bfloat16-fp4_20260915_200755.txt
vit_benchmark_throughput,20260915_200755,SR650a V4,6787P,RTX PRO 6000,google/vit-base-patch16-224,cuda,bfloat16,fp4,fp4,,,,2,0,,,1,4,,,,,2751.7,,0.363,,,,0.71,2.09,,,,,,,,,,1.0,100.0,237.0,300.4,,5.12,vit_throughput_google_vit-base-patch16-224_bfloat16-fp4_20260915_200755.txt
vit_benchmark_throughput,20260915_200755,SR650a V4,6787P,RTX PRO 6000,google/vit-base-patch16-224,cuda,bfloat16,fp4,fp4,,,,3,0,,,1,8,,,,,4271.7,,0.234,,,,0.70,2.56,,,,,,,,,,1.0,100.0,312.1,301.3,,6.96,vit_throughput_google_vit-base-patch16-224_bfloat16-fp4_20260915_200755.txt
vit_benchmark_throughput,20260915_200755,SR650a V4,6787P,RTX PRO 6000,google/vit-base-patch16-224,cuda,bfloat16,fp4,fp4,,,,4,0,,,1,16,,,,,5095.5,,0.196,,,,0.71,3.61,,,,,,,,,,1.0,100.0,272.3,302.5,,8.86,vit_throughput_google_vit-base-patch16-224_bfloat16-fp4_20260915_200755.txt
vit_benchmark_throughput,20260915_200755,SR650a V4,6787P,RTX PRO 6000,google/vit-base-patch16-224,cuda,bfloat16,fp4,fp4,,,,5,0,,,1,32,,,,,5491.1,,0.182,,,,0.70,6.22,,,,,,,,,,1.0,100.0,283.0,302.6,,9.38,vit_throughput_google_vit-base-patch16-224_bfloat16-fp4_20260915_200755.txt
vit_benchmark_throughput,20260915_200755,SR650a V4,6787P,RTX PRO 6000,google/vit-base-patch16-224,cuda,bfloat16,fp4,fp4,,,,6,1,,,1,64,,,,,5764.8,,0.173,,,,0.71,11.54,,,,,,,,,,1.0,100.0,286.9,302.6,,9.78,vit_throughput_google_vit-base-patch16-224_bfloat16-fp4_20260915_200755.txt
vit_benchmark_throughput,20260915_200755,SR650a V4,6787P,RTX PRO 6000,google/vit-base-patch16-224,cuda,bfloat16,fp8,fp8,,,,1,0,,,1,1,,,,,887.9,,1.126,,,,0.68,1.73,,,,,,,,,,1.1,99.8,182.7,301.6,,1.83,vit_throughput_google_vit-base-patch16-224_bfloat16-fp8_20260915_200755.txt
vit_benchmark_throughput,20260915_200755,SR650a V4,6787P,RTX PRO 6000,google/vit-base-patch16-224,cuda,bfloat16,fp8,fp8,,,,2,0,,,1,4,,,,,3756.0,,0.266,,,,0.70,1.71,,,,,,,,,,1.0,100.0,327.9,301.4,,5.97,vit_throughput_google_vit-base-patch16-224_bfloat16-fp8_20260915_200755.txt
vit_benchmark_throughput,20260915_200755,SR650a V4,6787P,RTX PRO 6000,google/vit-base-patch16-224,cuda,bfloat16,fp8,fp8,,,,3,0,,,1,8,,,,,4496.6,,0.222,,,,0.71,2.23,,,,,,,,,,1.0,100.0,275.8,302.5,,7.78,vit_throughput_google_vit-base-patch16-224_bfloat16-fp8_20260915_200755.txt
vit_benchmark_throughput,20260915_200755,SR650a V4,6787P,RTX PRO 6000,google/vit-base-patch16-224,cuda,bfloat16,fp8,fp8,,,,4,0,,,1,16,,,,,5684.1,,0.176,,,,0.70,3.27,,,,,,,,,,1.0,100.0,282.0,302.2,,9.73,vit_throughput_google_vit-base-patch16-224_bfloat16-fp8_20260915_200755.txt
vit_benchmark_throughput,20260915_200755,SR650a V4,6787P,RTX PRO 6000,google/vit-base-patch16-224,cuda,bfloat16,fp8,fp8,,,,5,1,,,1,32,,,,,6039.0,,0.166,,,,0.71,5.65,,,,,,,,,,1.0,100.0,286.6,302.5,,10.25,vit_throughput_google_vit-base-patch16-224_bfloat16-fp8_20260915_200755.txt
vit_benchmark_throughput,20260915_200755,SR650a V4,6787P,RTX PRO 6000,google/vit-base-patch16-224,cuda,bfloat16,fp8,fp8,,,,6,0,,,1,64,,,,,5988.3,,0.167,,,,0.70,11.22,,,,,,,,,,1.0,100.0,288.6,302.8,,10.13,vit_throughput_google_vit-base-patch16-224_bfloat16-fp8_20260915_200755.txt
vit_benchmark_throughput,20260915_200755,SR650a V4,6787P,RTX PRO 6000,google/vit-base-patch16-224,cuda,bfloat16,int8,int8,,,,1,0,,,1,1,,,,,1437.2,,0.696,,,,0.70,1.32,,,,,,,,,,1.0,100.0,234.3,302.0,,2.68,vit_throughput_google_vit-base-patch16-224_bfloat16-int8_20260915_200755.txt
vit_benchmark_throughput,20260915_200755,SR650a V4,6787P,RTX PRO 6000,google/vit-base-patch16-224,cuda,bfloat16,int8,int8,,,,2,0,,,1,4,,,,,3522.6,,0.284,,,,0.81,1.88,,,,,,,,,,1.0,100.0,328.6,301.6,,5.59,vit_throughput_google_vit-base-patch16-224_bfloat16-int8_20260915_200755.txt
vit_benchmark_throughput,20260915_200755,SR650a V4,6787P,RTX PRO 6000,google/vit-base-patch16-224,cuda,bfloat16,int8,int8,,,,3,0,,,1,8,,,,,4235.0,,0.236,,,,0.84,2.48,,,,,,,,,,1.0,100.0,289.7,302.5,,7.15,vit_throughput_google_vit-base-patch16-224_bfloat16-int8_20260915_200755.txt
vit_benchmark_throughput,20260915_200755,SR650a V4,6787P,RTX PRO 6000,google/vit-base-patch16-224,cuda,bfloat16,int8,int8,,,,4,0,,,1,16,,,,,4860.8,,0.206,,,,0.84,3.84,,,,,,,,,,1.0,100.0,290.6,302.9,,8.19,vit_throughput_google_vit-base-patch16-224_bfloat16-int8_20260915_200755.txt
vit_benchmark_throughput,20260915_200755,SR650a V4,6787P,RTX PRO 6000,google/vit-base-patch16-224,cuda,bfloat16,int8,int8,,,,5,1,,,1,32,,,,,4964.2,,0.201,,,,0.84,6.94,,,,,,,,,,1.0,100.0,291.1,2469.5,,1.80,vit_throughput_google_vit-base-patch16-224_bfloat16-int8_20260915_200755.txt
vit_benchmark_throughput,20260915_200755,SR650a V4,6787P,RTX PRO 6000,google/vit-base-patch16-224,cuda,bfloat16,int8,int8,,,,6,0,,,1,64,,,,,4539.2,,0.220,,,,0.83,14.42,,,,,,,,,,1.0,100.0,296.7,2451.8,,1.65,vit_throughput_google_vit-base-patch16-224_bfloat16-int8_20260915_200755.txt
vit_benchmark_throughput,20260915_200755,SR650a V4,6787P,RTX PRO 6000,google/vit-base-patch16-224,cuda,bfloat16,disabled,bf16,,,,1,0,,,1,1,,,,,1295.5,,0.772,,,,0.32,1.02,,,,,,,,,,1.0,99.8,286.4,298.1,,2.22,vit_throughput_google_vit-base-patch16-224_bfloat16_20260915_200755.txt
vit_benchmark_throughput,20260915_200755,SR650a V4,6787P,RTX PRO 6000,google/vit-base-patch16-224,cuda,bfloat16,disabled,bf16,,,,2,0,,,1,4,,,,,2990.4,,0.334,,,,0.37,1.64,,,,,,,,,,1.1,100.0,308.2,300.9,,4.91,vit_throughput_google_vit-base-patch16-224_bfloat16_20260915_200755.txt
vit_benchmark_throughput,20260915_200755,SR650a V4,6787P,RTX PRO 6000,google/vit-base-patch16-224,cuda,bfloat16,disabled,bf16,,,,3,0,,,1,8,,,,,3587.0,,0.279,,,,0.38,2.41,,,,,,,,,,1.4,100.0,259.4,302.7,,6.38,vit_throughput_google_vit-base-patch16-224_bfloat16_20260915_200755.txt
vit_benchmark_throughput,20260915_200755,SR650a V4,6787P,RTX PRO 6000,google/vit-base-patch16-224,cuda,bfloat16,disabled,bf16,,,,4,0,,,1,16,,,,,4417.8,,0.226,,,,0.37,3.76,,,,,,,,,,2.5,100.0,267.2,2480.0,,1.61,vit_throughput_google_vit-base-patch16-224_bfloat16_20260915_200755.txt
vit_benchmark_throughput,20260915_200755,SR650a V4,6787P,RTX PRO 6000,google/vit-base-patch16-224,cuda,bfloat16,disabled,bf16,,,,5,0,,,1,32,,,,,4623.0,,0.216,,,,0.34,6.94,,,,,,,,,,1.0,100.0,274.9,302.8,,8.00,vit_throughput_google_vit-base-patch16-224_bfloat16_20260915_200755.txt
vit_benchmark_throughput,20260915_200755,SR650a V4,6787P,RTX PRO 6000,google/vit-base-patch16-224,cuda,bfloat16,disabled,bf16,,,,6,1,,,1,64,,,,,4806.9,,0.208,,,,0.38,13.37,,,,,,,,,,1.0,100.0,288.4,2473.2,,1.74,vit_throughput_google_vit-base-patch16-224_bfloat16_20260915_200755.txt
vit_benchmark_throughput,20260915_200755,SR650a V4,6787P,RTX PRO 6000,google/vit-large-patch16-224,cuda,bfloat16,fp4,fp4,,,,1,0,,,1,1,,,,,121.9,,8.204,,,,1.31,9.41,,,,,,,,,,1.0,99.8,122.3,300.4,,0.29,vit_throughput_google_vit-large-patch16-224_bfloat16-fp4_20260915_200755.txt
vit_benchmark_throughput,20260915_200755,SR650a V4,6787P,RTX PRO 6000,google/vit-large-patch16-224,cuda,bfloat16,fp4,fp4,,,,2,0,,,1,4,,,,,1216.0,,0.822,,,,1.39,4.58,,,,,,,,,,1.0,100.0,269.5,298.9,,2.14,vit_throughput_google_vit-large-patch16-224_bfloat16-fp4_20260915_200755.txt
vit_benchmark_throughput,20260915_200755,SR650a V4,6787P,RTX PRO 6000,google/vit-large-patch16-224,cuda,bfloat16,fp4,fp4,,,,3,0,,,1,8,,,,,1692.8,,0.591,,,,1.39,6.13,,,,,,,,,,1.0,100.0,307.4,300.8,,2.78,vit_throughput_google_vit-large-patch16-224_bfloat16-fp4_20260915_200755.txt
vit_benchmark_throughput,20260915_200755,SR650a V4,6787P,RTX PRO 6000,google/vit-large-patch16-224,cuda,bfloat16,fp4,fp4,,,,4,0,,,1,16,,,,,1782.2,,0.561,,,,1.39,9.86,,,,,,,,,,1.0,100.0,270.4,302.3,,3.11,vit_throughput_google_vit-large-patch16-224_bfloat16-fp4_20260915_200755.txt
vit_benchmark_throughput,20260915_200755,SR650a V4,6787P,RTX PRO 6000,google/vit-large-patch16-224,cuda,bfloat16,fp4,fp4,,,,5,0,,,1,32,,,,,1954.1,,0.512,,,,1.38,17.03,,,,,,,,,,1.0,100.0,273.8,303.0,,3.39,vit_throughput_google_vit-large-patch16-224_bfloat16-fp4_20260915_200755.txt
vit_benchmark_throughput,20260915_200755,SR650a V4,6787P,RTX PRO 6000,google/vit-large-patch16-224,cuda,bfloat16,fp4,fp4,,,,6,1,,,1,64,,,,,2070.3,,0.483,,,,1.39,32.41,,,,,,,,,,1.0,100.0,289.7,302.9,,3.49,vit_throughput_google_vit-large-patch16-224_bfloat16-fp4_20260915_200755.txt
vit_benchmark_throughput,20260915_200755,SR650a V4,6787P,RTX PRO 6000,google/vit-large-patch16-224,cuda,bfloat16,fp8,fp8,,,,1,0,,,1,1,,,,,368.2,,2.716,,,,1.19,3.81,,,,,,,,,,1.0,100.0,222.1,2482.0,,0.14,vit_throughput_google_vit-large-patch16-224_bfloat16-fp8_20260915_200755.txt
vit_benchmark_throughput,20260915_200755,SR650a V4,6787P,RTX PRO 6000,google/vit-large-patch16-224,cuda,bfloat16,fp8,fp8,,,,2,0,,,1,4,,,,,1428.0,,0.700,,,,1.38,4.23,,,,,,,,,,1.0,99.8,351.7,301.1,,2.19,vit_throughput_google_vit-large-patch16-224_bfloat16-fp8_20260915_200755.txt
vit_benchmark_throughput,20260915_200755,SR650a V4,6787P,RTX PRO 6000,google/vit-large-patch16-224,cuda,bfloat16,fp8,fp8,,,,3,0,,,1,8,,,,,1519.1,,0.658,,,,1.38,6.25,,,,,,,,,,1.0,100.0,273.3,302.5,,2.64,vit_throughput_google_vit-large-patch16-224_bfloat16-fp8_20260915_200755.txt
vit_benchmark_throughput,20260915_200755,SR650a V4,6787P,RTX PRO 6000,google/vit-large-patch16-224,cuda,bfloat16,fp8,fp8,,,,4,0,,,1,16,,,,,1735.1,,0.576,,,,1.40,10.06,,,,,,,,,,1.0,100.0,284.6,302.7,,2.95,vit_throughput_google_vit-large-patch16-224_bfloat16-fp8_20260915_200755.txt
vit_benchmark_throughput,20260915_200755,SR650a V4,6787P,RTX PRO 6000,google/vit-large-patch16-224,cuda,bfloat16,fp8,fp8,,,,5,1,,,1,32,,,,,1871.6,,0.534,,,,1.38,18.08,,,,,,,,,,1.0,100.0,287.1,303.0,,3.17,vit_throughput_google_vit-large-patch16-224_bfloat16-fp8_20260915_200755.txt
vit_benchmark_throughput,20260915_200755,SR650a V4,6787P,RTX PRO 6000,google/vit-large-patch16-224,cuda,bfloat16,fp8,fp8,,,,6,0,,,1,64,,,,,1867.3,,0.536,,,,1.40,34.93,,,,,,,,,,1.0,100.0,288.0,303.1,,3.16,vit_throughput_google_vit-large-patch16-224_bfloat16-fp8_20260915_200755.txt
vit_benchmark_throughput,20260915_200755,SR650a V4,6787P,RTX PRO 6000,google/vit-large-patch16-224,cuda,bfloat16,int8,int8,,,,1,0,,,1,1,,,,,647.2,,1.545,,,,1.23,2.68,,,,,,,,,,1.0,99.9,296.3,302.1,,1.08,vit_throughput_google_vit-large-patch16-224_bfloat16-int8_20260915_200755.txt
vit_benchmark_throughput,20260915_200755,SR650a V4,6787P,RTX PRO 6000,google/vit-large-patch16-224,cuda,bfloat16,int8,int8,,,,2,0,,,1,4,,,,,1447.9,,0.691,,,,1.52,4.39,,,,,,,,,,1.0,99.8,354.0,301.3,,2.21,vit_throughput_google_vit-large-patch16-224_bfloat16-int8_20260915_200755.txt
vit_benchmark_throughput,20260915_200755,SR650a V4,6787P,RTX PRO 6000,google/vit-large-patch16-224,cuda,bfloat16,int8,int8,,,,3,0,,,1,8,,,,,1460.8,,0.685,,,,1.53,6.71,,,,,,,,,,1.0,100.0,290.1,302.4,,2.47,vit_throughput_google_vit-large-patch16-224_bfloat16-int8_20260915_200755.txt
vit_benchmark_throughput,20260915_200755,SR650a V4,6787P,RTX PRO 6000,google/vit-large-patch16-224,cuda,bfloat16,int8,int8,,,,4,0,,,1,16,,,,,1553.4,,0.644,,,,1.54,11.46,,,,,,,,,,1.0,100.0,291.3,302.9,,2.61,vit_throughput_google_vit-large-patch16-224_bfloat16-int8_20260915_200755.txt
vit_benchmark_throughput,20260915_200755,SR650a V4,6787P,RTX PRO 6000,google/vit-large-patch16-224,cuda,bfloat16,int8,int8,,,,5,1,,,1,32,,,,,1680.3,,0.595,,,,1.52,20.13,,,,,,,,,,1.0,100.0,295.2,303.0,,2.81,vit_throughput_google_vit-large-patch16-224_bfloat16-int8_20260915_200755.txt
vit_benchmark_throughput,20260915_200755,SR650a V4,6787P,RTX PRO 6000,google/vit-large-patch16-224,cuda,bfloat16,int8,int8,,,,6,0,,,1,64,,,,,1580.8,,0.633,,,,1.55,41.73,,,,,,,,,,1.0,100.0,296.6,4454.8,,0.33,vit_throughput_google_vit-large-patch16-224_bfloat16-int8_20260915_200755.txt
vit_benchmark_throughput,20260915_200755,SR650a V4,6787P,RTX PRO 6000,google/vit-large-patch16-224,cuda,bfloat16,disabled,bf16,,,,1,0,,,1,1,,,,,481.9,,2.075,,,,0.67,2.59,,,,,,,,,,1.0,98.8,312.4,303.1,,0.78,vit_throughput_google_vit-large-patch16-224_bfloat16_20260915_200755.txt
vit_benchmark_throughput,20260915_200755,SR650a V4,6787P,RTX PRO 6000,google/vit-large-patch16-224,cuda,bfloat16,disabled,bf16,,,,2,0,,,1,4,,,,,1014.9,,0.985,,,,0.69,4.44,,,,,,,,,,1.0,99.9,301.8,303.1,,1.68,vit_throughput_google_vit-large-patch16-224_bfloat16_20260915_200755.txt
vit_benchmark_throughput,20260915_200755,SR650a V4,6787P,RTX PRO 6000,google/vit-large-patch16-224,cuda,bfloat16,disabled,bf16,,,,3,0,,,1,8,,,,,1142.9,,0.875,,,,0.74,7.30,,,,,,,,,,1.0,100.0,281.9,302.9,,1.95,vit_throughput_google_vit-large-patch16-224_bfloat16_20260915_200755.txt
vit_benchmark_throughput,20260915_200755,SR650a V4,6787P,RTX PRO 6000,google/vit-large-patch16-224,cuda,bfloat16,disabled,bf16,,,,4,0,,,1,16,,,,,1313.4,,0.761,,,,0.68,12.54,,,,,,,,,,1.0,100.0,283.9,302.9,,2.24,vit_throughput_google_vit-large-patch16-224_bfloat16_20260915_200755.txt
vit_benchmark_throughput,20260915_200755,SR650a V4,6787P,RTX PRO 6000,google/vit-large-patch16-224,cuda,bfloat16,disabled,bf16,,,,5,0,,,1,32,,,,,1398.8,,0.715,,,,0.68,23.34,,,,,,,,,,1.0,100.0,283.8,303.0,,2.38,vit_throughput_google_vit-large-patch16-224_bfloat16_20260915_200755.txt
vit_benchmark_throughput,20260915_200755,SR650a V4,6787P,RTX PRO 6000,google/vit-large-patch16-224,cuda,bfloat16,disabled,bf16,,,,6,1,,,1,64,,,,,1448.3,,0.690,,,,0.69,44.70,,,,,,,,,,1.0,100.0,288.1,303.2,,2.45,vit_throughput_google_vit-large-patch16-224_bfloat16_20260915_200755.txt
vit_benchmark_throughput,20260915_231221,SR650a V4,6787P,RTX PRO 6000,facebook/dinov2-giant,cpu,bfloat16,int8,int8,,,,1,0,,,1,1,,,,,15.2,,65.612,,,,65.56,,,,,,,,,,,43.0,,,390.7,,0.04,vit_throughput_facebook_dinov2-giant_bfloat16-int8_20260915_231221.txt
vit_benchmark_throughput,20260915_231221,SR650a V4,6787P,RTX PRO 6000,facebook/dinov2-giant,cpu,bfloat16,int8,int8,,,,2,0,,,1,4,,,,,28.7,,34.883,,,,139.43,,,,,,,,,,,43.0,,,413.4,,0.07,vit_throughput_facebook_dinov2-giant_bfloat16-int8_20260915_231221.txt
vit_benchmark_throughput,20260915_231221,SR650a V4,6787P,RTX PRO 6000,facebook/dinov2-giant,cpu,bfloat16,int8,int8,,,,3,0,,,1,8,,,,,29.8,,33.600,,,,268.96,,,,,,,,,,,43.0,,,423.3,,0.07,vit_throughput_facebook_dinov2-giant_bfloat16-int8_20260915_231221.txt
vit_benchmark_throughput,20260915_231221,SR650a V4,6787P,RTX PRO 6000,facebook/dinov2-giant,cpu,bfloat16,int8,int8,,,,4,0,,,1,16,,,,,35.4,,28.233,,,,451.74,,,,,,,,,,,42.9,,,415.0,,0.09,vit_throughput_facebook_dinov2-giant_bfloat16-int8_20260915_231221.txt
vit_benchmark_throughput,20260915_231221,SR650a V4,6787P,RTX PRO 6000,facebook/dinov2-giant,cpu,bfloat16,int8,int8,,,,5,0,,,1,32,,,,,29.4,,34.052,,,,1087.02,,,,,,,,,,,42.8,,,397.5,,0.07,vit_throughput_facebook_dinov2-giant_bfloat16-int8_20260915_231221.txt
vit_benchmark_throughput,20260915_231221,SR650a V4,6787P,RTX PRO 6000,facebook/dinov2-giant,cpu,bfloat16,int8,int8,,,,6,0,,,2,1,,,,,30.4,,65.690,,,,65.59,,,,,,,,,,,86.0,,,2664.4,,0.01,vit_throughput_facebook_dinov2-giant_bfloat16-int8_20260915_231221.txt
vit_benchmark_throughput,20260915_231221,SR650a V4,6787P,RTX PRO 6000,facebook/dinov2-giant,cpu,bfloat16,int8,int8,,,,7,0,,,2,4,,,,,54.1,,36.989,,,,147.69,,,,,,,,,,,86.0,,,495.3,,0.11,vit_throughput_facebook_dinov2-giant_bfloat16-int8_20260915_231221.txt
vit_benchmark_throughput,20260915_231221,SR650a V4,6787P,RTX PRO 6000,facebook/dinov2-giant,cpu,bfloat16,int8,int8,,,,8,0,,,2,8,,,,,56.9,,35.125,,,,280.81,,,,,,,,,,,86.1,,,494.8,,0.12,vit_throughput_facebook_dinov2-giant_bfloat16-int8_20260915_231221.txt
vit_benchmark_throughput,20260915_231221,SR650a V4,6787P,RTX PRO 6000,facebook/dinov2-giant,cpu,bfloat16,int8,int8,,,,9,1,,,2,16,,,,,68.4,,29.252,,,,468.10,,,,,,,,,,,85.6,,,494.7,,0.14,vit_throughput_facebook_dinov2-giant_bfloat16-int8_20260915_231221.txt
vit_benchmark_throughput,20260915_231221,SR650a V4,6787P,RTX PRO 6000,facebook/dinov2-giant,cpu,bfloat16,int8,int8,,,,10,0,,,2,32,,,,,53.7,,37.221,,,,1199.52,,,,,,,,,,,84.8,,,2455.5,,0.02,vit_throughput_facebook_dinov2-giant_bfloat16-int8_20260915_231221.txt
vit_benchmark_throughput,20260915_231221,SR650a V4,6787P,RTX PRO 6000,facebook/dinov2-giant,cpu,bfloat16,disabled,bf16,,,,1,0,,,1,1,,,,,2.9,,342.181,,,,335.70,,,,,,,,,,,37.5,,,345.3,,0.01,vit_throughput_facebook_dinov2-giant_bfloat16_20260915_231221.txt
vit_benchmark_throughput,20260915_231221,SR650a V4,6787P,RTX PRO 6000,facebook/dinov2-giant,cpu,bfloat16,disabled,bf16,,,,2,0,,,1,4,,,,,14.1,,70.797,,,,274.07,,,,,,,,,,,42.0,,,374.6,,0.04,vit_throughput_facebook_dinov2-giant_bfloat16_20260915_231221.txt
vit_benchmark_throughput,20260915_231221,SR650a V4,6787P,RTX PRO 6000,facebook/dinov2-giant,cpu,bfloat16,disabled,bf16,,,,3,0,,,1,8,,,,,15.4,,65.102,,,,527.90,,,,,,,,,,,42.3,,,378.5,,0.04,vit_throughput_facebook_dinov2-giant_bfloat16_20260915_231221.txt
vit_benchmark_throughput,20260915_231221,SR650a V4,6787P,RTX PRO 6000,facebook/dinov2-giant,cpu,bfloat16,disabled,bf16,,,,4,0,,,1,16,,,,,14.7,,67.859,,,,1086.21,,,,,,,,,,,42.1,,,2369.9,,0.01,vit_throughput_facebook_dinov2-giant_bfloat16_20260915_231221.txt
vit_benchmark_throughput,20260915_231221,SR650a V4,6787P,RTX PRO 6000,facebook/dinov2-giant,cpu,bfloat16,disabled,bf16,,,,5,0,,,1,32,,,,,14.8,,67.497,,,,2147.45,,,,,,,,,,,39.8,,,375.6,,0.04,vit_throughput_facebook_dinov2-giant_bfloat16_20260915_231221.txt
vit_benchmark_throughput,20260915_231221,SR650a V4,6787P,RTX PRO 6000,facebook/dinov2-giant,cpu,bfloat16,disabled,bf16,,,,6,0,,,2,1,,,,,4.5,,442.145,,,,415.29,,,,,,,,,,,77.6,,,398.2,,0.01,vit_throughput_facebook_dinov2-giant_bfloat16_20260915_231221.txt
vit_benchmark_throughput,20260915_231221,SR650a V4,6787P,RTX PRO 6000,facebook/dinov2-giant,cpu,bfloat16,disabled,bf16,,,,7,0,,,2,4,,,,,29.9,,66.834,,,,273.31,,,,,,,,,,,83.4,,,455.9,,0.07,vit_throughput_facebook_dinov2-giant_bfloat16_20260915_231221.txt
vit_benchmark_throughput,20260915_231221,SR650a V4,6787P,RTX PRO 6000,facebook/dinov2-giant,cpu,bfloat16,disabled,bf16,,,,8,1,,,2,8,,,,,37.9,,52.722,,,,444.98,,,,,,,,,,,83.6,,,2558.4,,0.01,vit_throughput_facebook_dinov2-giant_bfloat16_20260915_231221.txt
vit_benchmark_throughput,20260915_231221,SR650a V4,6787P,RTX PRO 6000,facebook/dinov2-giant,cpu,bfloat16,disabled,bf16,,,,9,0,,,2,16,,,,,36.8,,54.383,,,,970.24,,,,,,,,,,,80.0,,,464.9,,0.08,vit_throughput_facebook_dinov2-giant_bfloat16_20260915_231221.txt
vit_benchmark_throughput,20260915_231221,SR650a V4,6787P,RTX PRO 6000,facebook/dinov2-giant,cpu,bfloat16,disabled,bf16,,,,10,0,,,2,32,,,,,25.2,,79.343,,,,2491.10,,,,,,,,,,,74.1,,,441.4,,0.06,vit_throughput_facebook_dinov2-giant_bfloat16_20260915_231221.txt
vit_benchmark_throughput,20260915_231221,SR650a V4,6787P,RTX PRO 6000,facebook/dinov2-giant,cpu,float32,disabled,fp32,,,,1,0,,,1,1,,,,,0.9,,1108.978,,,,1109.32,,,,,,,,,,,43.1,,,418.0,,0.00,vit_throughput_facebook_dinov2-giant_float32_20260915_231221.txt
vit_benchmark_throughput,20260915_231221,SR650a V4,6787P,RTX PRO 6000,facebook/dinov2-giant,cpu,float32,disabled,fp32,,,,2,0,,,1,4,,,,,3.1,,317.662,,,,1272.88,,,,,,,,,,,43.0,,,424.2,,0.01,vit_throughput_facebook_dinov2-giant_float32_20260915_231221.txt
vit_benchmark_throughput,20260915_231221,SR650a V4,6787P,RTX PRO 6000,facebook/dinov2-giant,cpu,float32,disabled,fp32,,,,3,0,,,1,8,,,,,4.7,,214.957,,,,1723.42,,,,,,,,,,,43.1,,,430.5,,0.01,vit_throughput_facebook_dinov2-giant_float32_20260915_231221.txt
vit_benchmark_throughput,20260915_231221,SR650a V4,6787P,RTX PRO 6000,facebook/dinov2-giant,cpu,float32,disabled,fp32,,,,4,0,,,1,16,,,,,5.4,,183.569,,,,2920.26,,,,,,,,,,,41.9,,,426.1,,0.01,vit_throughput_facebook_dinov2-giant_float32_20260915_231221.txt
vit_benchmark_throughput,20260915_231221,SR650a V4,6787P,RTX PRO 6000,facebook/dinov2-giant,cpu,float32,disabled,fp32,,,,5,0,,,1,32,,,,,5.7,,175.235,,,,5596.50,,,,,,,,,,,40.0,,,410.3,,0.01,vit_throughput_facebook_dinov2-giant_float32_20260915_231221.txt
vit_benchmark_throughput,20260915_231221,SR650a V4,6787P,RTX PRO 6000,facebook/dinov2-giant,cpu,float32,disabled,fp32,,,,6,0,,,2,1,,,,,1.6,,1276.909,,,,1300.02,,,,,,,,,,,85.4,,,2454.2,,0.00,vit_throughput_facebook_dinov2-giant_float32_20260915_231221.txt
vit_benchmark_throughput,20260915_231221,SR650a V4,6787P,RTX PRO 6000,facebook/dinov2-giant,cpu,float32,disabled,fp32,,,,7,0,,,2,4,,,,,5.4,,371.343,,,,1506.17,,,,,,,,,,,85.5,,,494.3,,0.01,vit_throughput_facebook_dinov2-giant_float32_20260915_231221.txt
vit_benchmark_throughput,20260915_231221,SR650a V4,6787P,RTX PRO 6000,facebook/dinov2-giant,cpu,float32,disabled,fp32,,,,8,0,,,2,8,,,,,8.3,,240.468,,,,1934.33,,,,,,,,,,,85.3,,,493.7,,0.02,vit_throughput_facebook_dinov2-giant_float32_20260915_231221.txt
vit_benchmark_throughput,20260915_231221,SR650a V4,6787P,RTX PRO 6000,facebook/dinov2-giant,cpu,float32,disabled,fp32,,,,9,0,,,2,16,,,,,10.3,,193.696,,,,3087.14,,,,,,,,,,,83.3,,,2208.9,,0.00,vit_throughput_facebook_dinov2-giant_float32_20260915_231221.txt
vit_benchmark_throughput,20260915_231221,SR650a V4,6787P,RTX PRO 6000,facebook/dinov2-giant,cpu,float32,disabled,fp32,,,,10,1,,,2,32,,,,,10.8,,184.815,,,,5885.36,,,,,,,,,,,79.3,,,1921.3,,0.01,vit_throughput_facebook_dinov2-giant_float32_20260915_231221.txt
vit_benchmark_throughput,20260915_231221,SR650a V4,6787P,RTX PRO 6000,google/vit-base-patch16-224,cpu,bfloat16,int8,int8,,,,1,0,,,1,1,,,,,88.6,,11.291,,,,11.34,,,,,,,,,,,42.9,,,368.6,,0.24,vit_throughput_google_vit-base-patch16-224_bfloat16-int8_20260915_231221.txt
vit_benchmark_throughput,20260915_231221,SR650a V4,6787P,RTX PRO 6000,google/vit-base-patch16-224,cpu,bfloat16,int8,int8,,,,2,0,,,1,4,,,,,141.7,,7.058,,,,29.86,,,,,,,,,,,42.6,,,2553.7,,0.06,vit_throughput_google_vit-base-patch16-224_bfloat16-int8_20260915_231221.txt
vit_benchmark_throughput,20260915_231221,SR650a V4,6787P,RTX PRO 6000,google/vit-base-patch16-224,cpu,bfloat16,int8,int8,,,,3,0,,,1,8,,,,,205.8,,4.860,,,,37.39,,,,,,,,,,,42.7,,,391.9,,0.53,vit_throughput_google_vit-base-patch16-224_bfloat16-int8_20260915_231221.txt
vit_benchmark_throughput,20260915_231221,SR650a V4,6787P,RTX PRO 6000,google/vit-base-patch16-224,cpu,bfloat16,int8,int8,,,,4,0,,,1,16,,,,,185.4,,5.394,,,,85.02,,,,,,,,,,,42.9,,,382.4,,0.48,vit_throughput_google_vit-base-patch16-224_bfloat16-int8_20260915_231221.txt
vit_benchmark_throughput,20260915_231221,SR650a V4,6787P,RTX PRO 6000,google/vit-base-patch16-224,cpu,bfloat16,int8,int8,,,,5,0,,,1,32,,,,,203.9,,4.904,,,,156.43,,,,,,,,,,,42.9,,,384.4,,0.53,vit_throughput_google_vit-base-patch16-224_bfloat16-int8_20260915_231221.txt
vit_benchmark_throughput,20260915_231221,SR650a V4,6787P,RTX PRO 6000,google/vit-base-patch16-224,cpu,bfloat16,int8,int8,,,,6,0,,,2,1,,,,,175.7,,11.385,,,,11.42,,,,,,,,,,,86.1,,,443.1,,0.40,vit_throughput_google_vit-base-patch16-224_bfloat16-int8_20260915_231221.txt
vit_benchmark_throughput,20260915_231221,SR650a V4,6787P,RTX PRO 6000,google/vit-base-patch16-224,cpu,bfloat16,int8,int8,,,,7,0,,,2,4,,,,,313.5,,6.379,,,,26.98,,,,,,,,,,,85.0,,,463.0,,0.68,vit_throughput_google_vit-base-patch16-224_bfloat16-int8_20260915_231221.txt
vit_benchmark_throughput,20260915_231221,SR650a V4,6787P,RTX PRO 6000,google/vit-base-patch16-224,cpu,bfloat16,int8,int8,,,,8,0,,,2,8,,,,,424.7,,4.709,,,,35.32,,,,,,,,,,,85.2,,,493.6,,0.86,vit_throughput_google_vit-base-patch16-224_bfloat16-int8_20260915_231221.txt
vit_benchmark_throughput,20260915_231221,SR650a V4,6787P,RTX PRO 6000,google/vit-base-patch16-224,cpu,bfloat16,int8,int8,,,,9,1,,,2,16,,,,,466.7,,4.285,,,,69.85,,,,,,,,,,,85.4,,,4823.9,,0.10,vit_throughput_google_vit-base-patch16-224_bfloat16-int8_20260915_231221.txt
vit_benchmark_throughput,20260915_231221,SR650a V4,6787P,RTX PRO 6000,google/vit-base-patch16-224,cpu,bfloat16,int8,int8,,,,10,0,,,2,32,,,,,391.9,,5.104,,,,162.50,,,,,,,,,,,85.8,,,474.1,,0.83,vit_throughput_google_vit-base-patch16-224_bfloat16-int8_20260915_231221.txt
vit_benchmark_throughput,20260915_231221,SR650a V4,6787P,RTX PRO 6000,google/vit-base-patch16-224,cpu,bfloat16,disabled,bf16,,,,1,0,,,1,1,,,,,12.9,,77.428,,,,76.22,,,,,,,,,,,39.4,,,2522.4,,0.01,vit_throughput_google_vit-base-patch16-224_bfloat16_20260915_231221.txt
vit_benchmark_throughput,20260915_231221,SR650a V4,6787P,RTX PRO 6000,google/vit-base-patch16-224,cpu,bfloat16,disabled,bf16,,,,2,0,,,1,4,,,,,95.2,,10.502,,,,35.29,,,,,,,,,,,41.7,,,358.0,,0.27,vit_throughput_google_vit-base-patch16-224_bfloat16_20260915_231221.txt
vit_benchmark_throughput,20260915_231221,SR650a V4,6787P,RTX PRO 6000,google/vit-base-patch16-224,cpu,bfloat16,disabled,bf16,,,,3,0,,,1,8,,,,,87.2,,11.463,,,,92.75,,,,,,,,,,,41.0,,,360.5,,0.24,vit_throughput_google_vit-base-patch16-224_bfloat16_20260915_231221.txt
vit_benchmark_throughput,20260915_231221,SR650a V4,6787P,RTX PRO 6000,google/vit-base-patch16-224,cpu,bfloat16,disabled,bf16,,,,4,0,,,1,16,,,,,66.0,,15.142,,,,259.59,,,,,,,,,,,41.7,,,353.9,,0.19,vit_throughput_google_vit-base-patch16-224_bfloat16_20260915_231221.txt
vit_benchmark_throughput,20260915_231221,SR650a V4,6787P,RTX PRO 6000,google/vit-base-patch16-224,cpu,bfloat16,disabled,bf16,,,,5,0,,,1,32,,,,,223.9,,4.466,,,,133.11,,,,,,,,,,,39.9,,,378.2,,0.59,vit_throughput_google_vit-base-patch16-224_bfloat16_20260915_231221.txt
vit_benchmark_throughput,20260915_231221,SR650a V4,6787P,RTX PRO 6000,google/vit-base-patch16-224,cpu,bfloat16,disabled,bf16,,,,6,0,,,2,1,,,,,28.5,,70.237,,,,73.55,,,,,,,,,,,78.5,,,396.9,,0.07,vit_throughput_google_vit-base-patch16-224_bfloat16_20260915_231221.txt
vit_benchmark_throughput,20260915_231221,SR650a V4,6787P,RTX PRO 6000,google/vit-base-patch16-224,cpu,bfloat16,disabled,bf16,,,,7,0,,,2,4,,,,,184.5,,10.837,,,,35.63,,,,,,,,,,,83.3,,,417.7,,0.44,vit_throughput_google_vit-base-patch16-224_bfloat16_20260915_231221.txt
vit_benchmark_throughput,20260915_231221,SR650a V4,6787P,RTX PRO 6000,google/vit-base-patch16-224,cpu,bfloat16,disabled,bf16,,,,8,0,,,2,8,,,,,166.8,,11.991,,,,91.20,,,,,,,,,,,81.9,,,2590.6,,0.06,vit_throughput_google_vit-base-patch16-224_bfloat16_20260915_231221.txt
vit_benchmark_throughput,20260915_231221,SR650a V4,6787P,RTX PRO 6000,google/vit-base-patch16-224,cpu,bfloat16,disabled,bf16,,,,9,0,,,2,16,,,,,121.3,,16.488,,,,250.17,,,,,,,,,,,83.4,,,411.9,,0.29,vit_throughput_google_vit-base-patch16-224_bfloat16_20260915_231221.txt
vit_benchmark_throughput,20260915_231221,SR650a V4,6787P,RTX PRO 6000,google/vit-base-patch16-224,cpu,bfloat16,disabled,bf16,,,,10,1,,,2,32,,,,,397.5,,5.032,,,,153.63,,,,,,,,,,,79.8,,,454.9,,0.87,vit_throughput_google_vit-base-patch16-224_bfloat16_20260915_231221.txt
vit_benchmark_throughput,20260915_231221,SR650a V4,6787P,RTX PRO 6000,google/vit-base-patch16-224,cpu,float32,disabled,fp32,,,,1,0,,,1,1,,,,,33.0,,30.297,,,,30.21,,,,,,,,,,,43.0,,,401.1,,0.08,vit_throughput_google_vit-base-patch16-224_float32_20260915_231221.txt
vit_benchmark_throughput,20260915_231221,SR650a V4,6787P,RTX PRO 6000,google/vit-base-patch16-224,cpu,float32,disabled,fp32,,,,2,0,,,1,4,,,,,61.5,,16.269,,,,66.23,,,,,,,,,,,43.0,,,403.8,,0.15,vit_throughput_google_vit-base-patch16-224_float32_20260915_231221.txt
vit_benchmark_throughput,20260915_231221,SR650a V4,6787P,RTX PRO 6000,google/vit-base-patch16-224,cpu,float32,disabled,fp32,,,,3,0,,,1,8,,,,,87.6,,11.418,,,,92.69,,,,,,,,,,,43.0,,,424.6,,0.21,vit_throughput_google_vit-base-patch16-224_float32_20260915_231221.txt
vit_benchmark_throughput,20260915_231221,SR650a V4,6787P,RTX PRO 6000,google/vit-base-patch16-224,cpu,float32,disabled,fp32,,,,4,0,,,1,16,,,,,94.2,,10.614,,,,170.86,,,,,,,,,,,43.0,,,422.4,,0.22,vit_throughput_google_vit-base-patch16-224_float32_20260915_231221.txt
vit_benchmark_throughput,20260915_231221,SR650a V4,6787P,RTX PRO 6000,google/vit-base-patch16-224,cpu,float32,disabled,fp32,,,,5,0,,,1,32,,,,,110.5,,9.048,,,,291.89,,,,,,,,,,,42.7,,,4689.7,,0.02,vit_throughput_google_vit-base-patch16-224_float32_20260915_231221.txt
vit_benchmark_throughput,20260915_231221,SR650a V4,6787P,RTX PRO 6000,google/vit-base-patch16-224,cpu,float32,disabled,fp32,,,,6,0,,,2,1,,,,,48.6,,41.140,,,,41.15,,,,,,,,,,,86.0,,,479.3,,0.10,vit_throughput_google_vit-base-patch16-224_float32_20260915_231221.txt
vit_benchmark_throughput,20260915_231221,SR650a V4,6787P,RTX PRO 6000,google/vit-base-patch16-224,cpu,float32,disabled,fp32,,,,7,0,,,2,4,,,,,111.0,,18.011,,,,71.53,,,,,,,,,,,86.0,,,495.8,,0.22,vit_throughput_google_vit-base-patch16-224_float32_20260915_231221.txt
vit_benchmark_throughput,20260915_231221,SR650a V4,6787P,RTX PRO 6000,google/vit-base-patch16-224,cpu,float32,disabled,fp32,,,,8,0,,,2,8,,,,,151.8,,13.172,,,,105.10,,,,,,,,,,,86.1,,,495.5,,0.31,vit_throughput_google_vit-base-patch16-224_float32_20260915_231221.txt
vit_benchmark_throughput,20260915_231221,SR650a V4,6787P,RTX PRO 6000,google/vit-base-patch16-224,cpu,float32,disabled,fp32,,,,9,0,,,2,16,,,,,173.0,,11.560,,,,185.42,,,,,,,,,,,86.0,,,495.3,,0.35,vit_throughput_google_vit-base-patch16-224_float32_20260915_231221.txt
vit_benchmark_throughput,20260915_231221,SR650a V4,6787P,RTX PRO 6000,google/vit-base-patch16-224,cpu,float32,disabled,fp32,,,,10,1,,,2,32,,,,,200.3,,9.985,,,,319.61,,,,,,,,,,,84.6,,,494.9,,0.40,vit_throughput_google_vit-base-patch16-224_float32_20260915_231221.txt
vit_benchmark_throughput,20260915_231221,SR650a V4,6787P,RTX PRO 6000,google/vit-large-patch16-224,cpu,bfloat16,int8,int8,,,,1,0,,,1,1,,,,,39.3,,25.434,,,,25.36,,,,,,,,,,,43.0,,,372.4,,0.11,vit_throughput_google_vit-large-patch16-224_bfloat16-int8_20260915_231221.txt
vit_benchmark_throughput,20260915_231221,SR650a V4,6787P,RTX PRO 6000,google/vit-large-patch16-224,cpu,bfloat16,int8,int8,,,,2,0,,,1,4,,,,,72.8,,13.737,,,,53.78,,,,,,,,,,,42.5,,,397.4,,0.18,vit_throughput_google_vit-large-patch16-224_bfloat16-int8_20260915_231221.txt
vit_benchmark_throughput,20260915_231221,SR650a V4,6787P,RTX PRO 6000,google/vit-large-patch16-224,cpu,bfloat16,int8,int8,,,,3,0,,,1,8,,,,,93.2,,10.727,,,,84.88,,,,,,,,,,,42.7,,,411.6,,0.23,vit_throughput_google_vit-large-patch16-224_bfloat16-int8_20260915_231221.txt
vit_benchmark_throughput,20260915_231221,SR650a V4,6787P,RTX PRO 6000,google/vit-large-patch16-224,cpu,bfloat16,int8,int8,,,,4,0,,,1,16,,,,,81.4,,12.284,,,,188.48,,,,,,,,,,,42.9,,,389.6,,0.21,vit_throughput_google_vit-large-patch16-224_bfloat16-int8_20260915_231221.txt
vit_benchmark_throughput,20260915_231221,SR650a V4,6787P,RTX PRO 6000,google/vit-large-patch16-224,cpu,bfloat16,int8,int8,,,,5,0,,,1,32,,,,,78.7,,12.711,,,,411.05,,,,,,,,,,,42.7,,,2491.9,,0.03,vit_throughput_google_vit-large-patch16-224_bfloat16-int8_20260915_231221.txt
vit_benchmark_throughput,20260915_231221,SR650a V4,6787P,RTX PRO 6000,google/vit-large-patch16-224,cpu,bfloat16,int8,int8,,,,6,0,,,2,1,,,,,78.5,,25.468,,,,25.37,,,,,,,,,,,86.0,,,454.1,,0.17,vit_throughput_google_vit-large-patch16-224_bfloat16-int8_20260915_231221.txt
vit_benchmark_throughput,20260915_231221,SR650a V4,6787P,RTX PRO 6000,google/vit-large-patch16-224,cpu,bfloat16,int8,int8,,,,7,0,,,2,4,,,,,143.0,,13.983,,,,54.50,,,,,,,,,,,84.9,,,2671.0,,0.05,vit_throughput_google_vit-large-patch16-224_bfloat16-int8_20260915_231221.txt
vit_benchmark_throughput,20260915_231221,SR650a V4,6787P,RTX PRO 6000,google/vit-large-patch16-224,cpu,bfloat16,int8,int8,,,,8,0,,,2,8,,,,,176.4,,11.338,,,,90.27,,,,,,,,,,,85.3,,,494.9,,0.36,vit_throughput_google_vit-large-patch16-224_bfloat16-int8_20260915_231221.txt
vit_benchmark_throughput,20260915_231221,SR650a V4,6787P,RTX PRO 6000,google/vit-large-patch16-224,cpu,bfloat16,int8,int8,,,,9,1,,,2,16,,,,,198.6,,10.069,,,,173.51,,,,,,,,,,,85.3,,,493.6,,0.40,vit_throughput_google_vit-large-patch16-224_bfloat16-int8_20260915_231221.txt
vit_benchmark_throughput,20260915_231221,SR650a V4,6787P,RTX PRO 6000,google/vit-large-patch16-224,cpu,bfloat16,int8,int8,,,,10,0,,,2,32,,,,,148.2,,13.494,,,,427.12,,,,,,,,,,,85.0,,,470.5,,0.32,vit_throughput_google_vit-large-patch16-224_bfloat16-int8_20260915_231221.txt
vit_benchmark_throughput,20260915_231221,SR650a V4,6787P,RTX PRO 6000,google/vit-large-patch16-224,cpu,bfloat16,disabled,bf16,,,,1,0,,,1,1,,,,,5.6,,179.469,,,,168.82,,,,,,,,,,,36.3,,,341.4,,0.02,vit_throughput_google_vit-large-patch16-224_bfloat16_20260915_231221.txt
vit_benchmark_throughput,20260915_231221,SR650a V4,6787P,RTX PRO 6000,google/vit-large-patch16-224,cpu,bfloat16,disabled,bf16,,,,2,0,,,1,4,,,,,8.8,,113.868,,,,462.02,,,,,,,,,,,41.7,,,347.4,,0.03,vit_throughput_google_vit-large-patch16-224_bfloat16_20260915_231221.txt
vit_benchmark_throughput,20260915_231221,SR650a V4,6787P,RTX PRO 6000,google/vit-large-patch16-224,cpu,bfloat16,disabled,bf16,,,,3,0,,,1,8,,,,,40.5,,24.682,,,,195.82,,,,,,,,,,,41.0,,,368.7,,0.11,vit_throughput_google_vit-large-patch16-224_bfloat16_20260915_231221.txt
vit_benchmark_throughput,20260915_231221,SR650a V4,6787P,RTX PRO 6000,google/vit-large-patch16-224,cpu,bfloat16,disabled,bf16,,,,4,0,,,1,16,,,,,73.1,,13.686,,,,226.98,,,,,,,,,,,41.5,,,380.3,,0.19,vit_throughput_google_vit-large-patch16-224_bfloat16_20260915_231221.txt
vit_benchmark_throughput,20260915_231221,SR650a V4,6787P,RTX PRO 6000,google/vit-large-patch16-224,cpu,bfloat16,disabled,bf16,,,,5,0,,,1,32,,,,,66.7,,15.002,,,,481.73,,,,,,,,,,,40.2,,,378.1,,0.18,vit_throughput_google_vit-large-patch16-224_bfloat16_20260915_231221.txt
vit_benchmark_throughput,20260915_231221,SR650a V4,6787P,RTX PRO 6000,google/vit-large-patch16-224,cpu,bfloat16,disabled,bf16,,,,6,0,,,2,1,,,,,13.5,,147.998,,,,150.82,,,,,,,,,,,74.7,,,392.8,,0.03,vit_throughput_google_vit-large-patch16-224_bfloat16_20260915_231221.txt
vit_benchmark_throughput,20260915_231221,SR650a V4,6787P,RTX PRO 6000,google/vit-large-patch16-224,cpu,bfloat16,disabled,bf16,,,,7,0,,,2,4,,,,,17.8,,112.206,,,,469.38,,,,,,,,,,,83.4,,,2499.8,,0.01,vit_throughput_google_vit-large-patch16-224_bfloat16_20260915_231221.txt
vit_benchmark_throughput,20260915_231221,SR650a V4,6787P,RTX PRO 6000,google/vit-large-patch16-224,cpu,bfloat16,disabled,bf16,,,,8,0,,,2,8,,,,,106.6,,18.763,,,,145.23,,,,,,,,,,,82.7,,,447.5,,0.24,vit_throughput_google_vit-large-patch16-224_bfloat16_20260915_231221.txt
vit_benchmark_throughput,20260915_231221,SR650a V4,6787P,RTX PRO 6000,google/vit-large-patch16-224,cpu,bfloat16,disabled,bf16,,,,9,1,,,2,16,,,,,144.6,,13.832,,,,211.19,,,,,,,,,,,83.0,,,463.5,,0.31,vit_throughput_google_vit-large-patch16-224_bfloat16_20260915_231221.txt
vit_benchmark_throughput,20260915_231221,SR650a V4,6787P,RTX PRO 6000,google/vit-large-patch16-224,cpu,bfloat16,disabled,bf16,,,,10,0,,,2,32,,,,,130.2,,15.356,,,,479.63,,,,,,,,,,,79.7,,,459.6,,0.28,vit_throughput_google_vit-large-patch16-224_bfloat16_20260915_231221.txt
vit_benchmark_throughput,20260915_231221,SR650a V4,6787P,RTX PRO 6000,google/vit-large-patch16-224,cpu,float32,disabled,fp32,,,,1,0,,,1,1,,,,,3.3,,307.433,,,,307.19,,,,,,,,,,,43.0,,,407.7,,0.01,vit_throughput_google_vit-large-patch16-224_float32_20260915_231221.txt
vit_benchmark_throughput,20260915_231221,SR650a V4,6787P,RTX PRO 6000,google/vit-large-patch16-224,cpu,float32,disabled,fp32,,,,2,0,,,1,4,,,,,12.4,,80.743,,,,323.13,,,,,,,,,,,43.0,,,2544.4,,0.00,vit_throughput_google_vit-large-patch16-224_float32_20260915_231221.txt
vit_benchmark_throughput,20260915_231221,SR650a V4,6787P,RTX PRO 6000,google/vit-large-patch16-224,cpu,float32,disabled,fp32,,,,3,0,,,1,8,,,,,21.4,,46.769,,,,375.11,,,,,,,,,,,43.0,,,432.3,,0.05,vit_throughput_google_vit-large-patch16-224_float32_20260915_231221.txt
vit_benchmark_throughput,20260915_231221,SR650a V4,6787P,RTX PRO 6000,google/vit-large-patch16-224,cpu,float32,disabled,fp32,,,,4,0,,,1,16,,,,,28.0,,35.689,,,,572.53,,,,,,,,,,,43.0,,,2511.8,,0.01,vit_throughput_google_vit-large-patch16-224_float32_20260915_231221.txt
vit_benchmark_throughput,20260915_231221,SR650a V4,6787P,RTX PRO 6000,google/vit-large-patch16-224,cpu,float32,disabled,fp32,,,,5,0,,,1,32,,,,,35.8,,27.951,,,,894.63,,,,,,,,,,,42.4,,,434.6,,0.08,vit_throughput_google_vit-large-patch16-224_float32_20260915_231221.txt
vit_benchmark_throughput,20260915_231221,SR650a V4,6787P,RTX PRO 6000,google/vit-large-patch16-224,cpu,float32,disabled,fp32,,,,6,0,,,2,1,,,,,6.0,,335.515,,,,343.53,,,,,,,,,,,85.8,,,494.9,,0.01,vit_throughput_google_vit-large-patch16-224_float32_20260915_231221.txt
vit_benchmark_throughput,20260915_231221,SR650a V4,6787P,RTX PRO 6000,google/vit-large-patch16-224,cpu,float32,disabled,fp32,,,,7,0,,,2,4,,,,,21.4,,93.265,,,,380.26,,,,,,,,,,,85.8,,,494.9,,0.04,vit_throughput_google_vit-large-patch16-224_float32_20260915_231221.txt
vit_benchmark_throughput,20260915_231221,SR650a V4,6787P,RTX PRO 6000,google/vit-large-patch16-224,cpu,float32,disabled,fp32,,,,8,0,,,2,8,,,,,38.0,,52.647,,,,428.04,,,,,,,,,,,85.5,,,494.5,,0.08,vit_throughput_google_vit-large-patch16-224_float32_20260915_231221.txt
vit_benchmark_throughput,20260915_231221,SR650a V4,6787P,RTX PRO 6000,google/vit-large-patch16-224,cpu,float32,disabled,fp32,,,,9,0,,,2,16,,,,,51.2,,39.078,,,,631.30,,,,,,,,,,,85.6,,,494.7,,0.10,vit_throughput_google_vit-large-patch16-224_float32_20260915_231221.txt
vit_benchmark_throughput,20260915_231221,SR650a V4,6787P,RTX PRO 6000,google/vit-large-patch16-224,cpu,float32,disabled,fp32,,,,10,1,,,2,32,,,,,63.6,,31.465,,,,1012.09,,,,,,,,,,,84.7,,,2499.4,,0.03,vit_throughput_google_vit-large-patch16-224_float32_20260915_231221.txt
dit_benchmark_throughput,20260916_031229,SR650a V4,6787P,RTX PRO 6000,Efficient-Large-Model/Sana_1600M_1024px_diffusers,cuda,bfloat16,fp8,fp8,,,,1,1,,,1,1,,,,,1.607,,,0.62,32.15,5.7,,,,,,,,,,,,5.8,93.7,385.4,300.6,,0.002,dit_throughput_Efficient-Large-Model_Sana_1600M_1024px_diffusers_bfloat16-fp8_20260916_031229.txt
dit_benchmark_throughput,20260916_031229,SR650a V4,6787P,RTX PRO 6000,Efficient-Large-Model/Sana_1600M_1024px_diffusers,cuda,bfloat16,fp8,fp8,,,,2,0,,,1,2,,,,,1.523,,,0.66,30.46,3.1,,,,,,,,,,,,3.3,97.2,371.2,301.2,,0.002,dit_throughput_Efficient-Large-Model_Sana_1600M_1024px_diffusers_bfloat16-fp8_20260916_031229.txt
dit_benchmark_throughput,20260916_031229,SR650a V4,6787P,RTX PRO 6000,Efficient-Large-Model/Sana_1600M_1024px_diffusers,cuda,bfloat16,disabled,bf16,,,,1,1,,,1,1,,,,,1.220,,,0.82,24.41,2.4,,,,,,,,,,,,4.6,95.6,316.2,302.7,,0.002,dit_throughput_Efficient-Large-Model_Sana_1600M_1024px_diffusers_bfloat16_20260916_031229.txt
dit_benchmark_throughput,20260916_031229,SR650a V4,6787P,RTX PRO 6000,Efficient-Large-Model/Sana_1600M_1024px_diffusers,cuda,bfloat16,disabled,bf16,,,,2,0,,,1,2,,,,,1.183,,,0.85,23.66,66.2,,,,,,,,,,,,2.8,98.0,312.3,303.4,,0.002,dit_throughput_Efficient-Large-Model_Sana_1600M_1024px_diffusers_bfloat16_20260916_031229.txt
dit_benchmark_throughput,20260916_031229,SR650a V4,6787P,RTX PRO 6000,Efficient-Large-Model/Sana_600M_1024px_diffusers,cuda,bfloat16,fp8,fp8,,,,1,0,,,1,1,,,,,2.401,,,0.42,48.02,10.4,,,,,,,,,,,,8.0,90.9,362.0,2478.3,,0.001,dit_throughput_Efficient-Large-Model_Sana_600M_1024px_diffusers_bfloat16-fp8_20260916_031229.txt
dit_benchmark_throughput,20260916_031229,SR650a V4,6787P,RTX PRO 6000,Efficient-Large-Model/Sana_600M_1024px_diffusers,cuda,bfloat16,fp8,fp8,,,,2,1,,,1,2,,,,,2.622,,,0.38,52.44,6.4,,,,,,,,,,,,5.8,93.3,375.4,301.2,,0.004,dit_throughput_Efficient-Large-Model_Sana_600M_1024px_diffusers_bfloat16-fp8_20260916_031229.txt
dit_benchmark_throughput,20260916_031229,SR650a V4,6787P,RTX PRO 6000,Efficient-Large-Model/Sana_600M_1024px_diffusers,cuda,bfloat16,disabled,bf16,,,,1,1,,,1,1,,,,,2.383,,,0.42,47.66,5.6,,,,,,,,,,,,8.0,91.9,387.9,300.0,,0.003,dit_throughput_Efficient-Large-Model_Sana_600M_1024px_diffusers_bfloat16_20260916_031229.txt
dit_benchmark_throughput,20260916_031229,SR650a V4,6787P,RTX PRO 6000,Efficient-Large-Model/Sana_600M_1024px_diffusers,cuda,bfloat16,disabled,bf16,,,,2,0,,,1,2,,,,,2.182,,,0.46,43.65,2.5,,,,,,,,,,,,4.3,95.4,310.1,302.5,,0.004,dit_throughput_Efficient-Large-Model_Sana_600M_1024px_diffusers_bfloat16_20260916_031229.txt
dit_benchmark_throughput,20260916_031229,SR650a V4,6787P,RTX PRO 6000,PixArt-alpha/PixArt-Sigma-XL-2-1024-MS,cuda,bfloat16,fp8,fp8,,,,1,1,,,1,1,,,,,0.762,,,1.31,15.24,nan,,,,,,,,,,,,3.2,98.6,376.2,300.8,,0.001,dit_throughput_PixArt-alpha_PixArt-Sigma-XL-2-1024-MS_bfloat16-fp8_20260916_031229.txt
dit_benchmark_throughput,20260916_031229,SR650a V4,6787P,RTX PRO 6000,PixArt-alpha/PixArt-Sigma-XL-2-1024-MS,cuda,bfloat16,fp8,fp8,,,,2,0,,,1,2,,,,,0.738,,,1.35,14.76,nan,,,,,,,,,,,,2.4,98.5,366.4,301.1,,0.001,dit_throughput_PixArt-alpha_PixArt-Sigma-XL-2-1024-MS_bfloat16-fp8_20260916_031229.txt
dit_benchmark_throughput,20260916_031229,SR650a V4,6787P,RTX PRO 6000,PixArt-alpha/PixArt-Sigma-XL-2-1024-MS,cuda,bfloat16,disabled,bf16,,,,1,1,,,1,1,,,,,0.576,,,1.74,11.52,nan,,,,,,,,,,,,2.9,98.6,311.2,2460.2,,0.000,dit_throughput_PixArt-alpha_PixArt-Sigma-XL-2-1024-MS_bfloat16_20260916_031229.txt
dit_benchmark_throughput,20260916_031229,SR650a V4,6787P,RTX PRO 6000,PixArt-alpha/PixArt-Sigma-XL-2-1024-MS,cuda,bfloat16,disabled,bf16,,,,2,0,,,1,2,,,,,0.566,,,1.77,11.33,nan,,,,,,,,,,,,1.9,98.9,318.2,302.8,,0.001,dit_throughput_PixArt-alpha_PixArt-Sigma-XL-2-1024-MS_bfloat16_20260916_031229.txt
dit_benchmark_throughput,20260916_031229,SR650a V4,6787P,RTX PRO 6000,stabilityai/stable-diffusion-3.5-large,cuda,bfloat16,fp8,fp8,,,,1,1,,,1,1,,,,,0.258,,,3.87,5.17,2.1,,,,,,,,,,,,1.4,99.0,371.9,300.4,,0.000,dit_throughput_stabilityai_stable-diffusion-3.5-large_bfloat16-fp8_20260916_031229.txt
dit_benchmark_throughput,20260916_031229,SR650a V4,6787P,RTX PRO 6000,stabilityai/stable-diffusion-3.5-large,cuda,bfloat16,fp8,fp8,,,,2,0,,,1,2,,,,,0.247,,,4.05,4.94,1.1,,,,,,,,,,,,1.2,99.4,356.1,301.0,,0.000,dit_throughput_stabilityai_stable-diffusion-3.5-large_bfloat16-fp8_20260916_031229.txt
dit_benchmark_throughput,20260916_031229,SR650a V4,6787P,RTX PRO 6000,stabilityai/stable-diffusion-3.5-large,cuda,bfloat16,disabled,bf16,,,,1,1,,,1,1,,,,,0.168,,,5.95,3.36,91.2,,,,,,,,,,,,1.3,99.5,324.4,302.5,,0.000,dit_throughput_stabilityai_stable-diffusion-3.5-large_bfloat16_20260916_031229.txt
dit_benchmark_throughput,20260916_031229,SR650a V4,6787P,RTX PRO 6000,stabilityai/stable-diffusion-3.5-large,cuda,bfloat16,disabled,bf16,,,,2,0,,,1,2,,,,,0.165,,,6.07,3.30,86.4,,,,,,,,,,,,1.2,99.7,324.9,303.0,,0.000,dit_throughput_stabilityai_stable-diffusion-3.5-large_bfloat16_20260916_031229.txt
dit_benchmark_throughput,20260916_031229,SR650a V4,6787P,RTX PRO 6000,stabilityai/stable-diffusion-3.5-medium,cuda,bfloat16,fp8,fp8,,,,1,1,,,1,1,,,,,0.591,,,1.69,11.82,3.6,,,,,,,,,,,,1.9,97.8,374.1,2448.9,,0.000,dit_throughput_stabilityai_stable-diffusion-3.5-medium_bfloat16-fp8_20260916_031229.txt
dit_benchmark_throughput,20260916_031229,SR650a V4,6787P,RTX PRO 6000,stabilityai/stable-diffusion-3.5-medium,cuda,bfloat16,fp8,fp8,,,,2,0,,,1,2,,,,,0.586,,,1.71,11.72,2.1,,,,,,,,,,,,1.5,98.9,371.9,300.6,,0.001,dit_throughput_stabilityai_stable-diffusion-3.5-medium_bfloat16-fp8_20260916_031229.txt
dit_benchmark_throughput,20260916_031229,SR650a V4,6787P,RTX PRO 6000,stabilityai/stable-diffusion-3.5-medium,cuda,bfloat16,disabled,bf16,,,,1,0,,,1,1,,,,,0.425,,,2.36,8.49,80.0,,,,,,,,,,,,1.6,98.6,320.8,302.5,,0.001,dit_throughput_stabilityai_stable-diffusion-3.5-medium_bfloat16_20260916_031229.txt
dit_benchmark_throughput,20260916_031229,SR650a V4,6787P,RTX PRO 6000,stabilityai/stable-diffusion-3.5-medium,cuda,bfloat16,disabled,bf16,,,,2,1,,,1,2,,,,,0.433,,,2.31,8.66,47.5,,,,,,,,,,,,1.5,98.8,331.9,302.4,,0.001,dit_throughput_stabilityai_stable-diffusion-3.5-medium_bfloat16_20260916_031229.txt
dit_benchmark_throughput,20260916_044539,SR650a V4,6787P,RTX PRO 6000,Efficient-Large-Model/Sana_1600M_1024px_diffusers,cpu,bfloat16,disabled,bf16,,,,1,0,,,1,1,,,,,0.042,,,23.71,0.84,80.8,,,,,,,,,,,,39.4,,,365.2,,0.000,dit_throughput_Efficient-Large-Model_Sana_1600M_1024px_diffusers_bfloat16_20260916_044539.txt
dit_benchmark_throughput,20260916_044539,SR650a V4,6787P,RTX PRO 6000,Efficient-Large-Model/Sana_1600M_1024px_diffusers,cpu,bfloat16,disabled,bf16,,,,2,0,,,1,2,,,,,0.041,,,24.24,0.82,82.3,,,,,,,,,,,,39.9,,,2171.1,,0.000,dit_throughput_Efficient-Large-Model_Sana_1600M_1024px_diffusers_bfloat16_20260916_044539.txt
dit_benchmark_throughput,20260916_044539,SR650a V4,6787P,RTX PRO 6000,Efficient-Large-Model/Sana_1600M_1024px_diffusers,cpu,bfloat16,disabled,bf16,,,,3,0,,,2,1,,,,,0.068,,,29.40,1.36,163.4,,,,,,,,,,,,78.9,,,430.0,,0.000,dit_throughput_Efficient-Large-Model_Sana_1600M_1024px_diffusers_bfloat16_20260916_044539.txt
dit_benchmark_throughput,20260916_044539,SR650a V4,6787P,RTX PRO 6000,Efficient-Large-Model/Sana_1600M_1024px_diffusers,cpu,bfloat16,disabled,bf16,,,,4,0,,,2,2,,,,,0.076,,,26.32,1.52,162.3,,,,,,,,,,,,79.6,,,434.4,,0.000,dit_throughput_Efficient-Large-Model_Sana_1600M_1024px_diffusers_bfloat16_20260916_044539.txt
dit_benchmark_throughput,20260916_044539,SR650a V4,6787P,RTX PRO 6000,Efficient-Large-Model/Sana_1600M_1024px_diffusers,cpu,bfloat16,disabled,bf16,,,,5,0,,,4,1,,,,,0.132,,,30.34,2.64,307.5,,,,,,,,,,,,150.5,,,545.8,,0.000,dit_throughput_Efficient-Large-Model_Sana_1600M_1024px_diffusers_bfloat16_20260916_044539.txt
dit_benchmark_throughput,20260916_044539,SR650a V4,6787P,RTX PRO 6000,Efficient-Large-Model/Sana_1600M_1024px_diffusers,cpu,bfloat16,disabled,bf16,,,,6,1,,,4,2,,,,,0.156,,,25.67,3.12,322.4,,,,,,,,,,,,157.1,,,2283.5,,0.000,dit_throughput_Efficient-Large-Model_Sana_1600M_1024px_diffusers_bfloat16_20260916_044539.txt
dit_benchmark_throughput,20260916_044539,SR650a V4,6787P,RTX PRO 6000,Efficient-Large-Model/Sana_600M_1024px_diffusers,cpu,bfloat16,disabled,bf16,,,,1,0,,,1,1,,,,,0.086,,,11.63,1.72,57.2,,,,,,,,,,,,39.6,,,368.4,,0.000,dit_throughput_Efficient-Large-Model_Sana_600M_1024px_diffusers_bfloat16_20260916_044539.txt
dit_benchmark_throughput,20260916_044539,SR650a V4,6787P,RTX PRO 6000,Efficient-Large-Model/Sana_600M_1024px_diffusers,cpu,bfloat16,disabled,bf16,,,,2,0,,,1,2,,,,,0.091,,,10.94,1.83,62.4,,,,,,,,,,,,38.9,,,368.4,,0.000,dit_throughput_Efficient-Large-Model_Sana_600M_1024px_diffusers_bfloat16_20260916_044539.txt
dit_benchmark_throughput,20260916_044539,SR650a V4,6787P,RTX PRO 6000,Efficient-Large-Model/Sana_600M_1024px_diffusers,cpu,bfloat16,disabled,bf16,,,,3,0,,,2,1,,,,,0.161,,,12.43,3.22,116.3,,,,,,,,,,,,79.2,,,432.2,,0.000,dit_throughput_Efficient-Large-Model_Sana_600M_1024px_diffusers_bfloat16_20260916_044539.txt
dit_benchmark_throughput,20260916_044539,SR650a V4,6787P,RTX PRO 6000,Efficient-Large-Model/Sana_600M_1024px_diffusers,cpu,bfloat16,disabled,bf16,,,,4,0,,,2,2,,,,,0.183,,,10.93,3.66,115.6,,,,,,,,,,,,75.2,,,435.9,,0.000,dit_throughput_Efficient-Large-Model_Sana_600M_1024px_diffusers_bfloat16_20260916_044539.txt
dit_benchmark_throughput,20260916_044539,SR650a V4,6787P,RTX PRO 6000,Efficient-Large-Model/Sana_600M_1024px_diffusers,cpu,bfloat16,disabled,bf16,,,,5,0,,,4,1,,,,,0.305,,,13.13,6.09,223.0,,,,,,,,,,,,153.8,,,554.4,,0.001,dit_throughput_Efficient-Large-Model_Sana_600M_1024px_diffusers_bfloat16_20260916_044539.txt
dit_benchmark_throughput,20260916_044539,SR650a V4,6787P,RTX PRO 6000,Efficient-Large-Model/Sana_600M_1024px_diffusers,cpu,bfloat16,disabled,bf16,,,,6,1,,,4,2,,,,,0.341,,,11.74,6.82,228.8,,,,,,,,,,,,148.9,,,566.0,,0.001,dit_throughput_Efficient-Large-Model_Sana_600M_1024px_diffusers_bfloat16_20260916_044539.txt
dit_benchmark_throughput,20260916_044539,SR650a V4,6787P,RTX PRO 6000,PixArt-alpha/PixArt-Sigma-XL-2-1024-MS,cpu,bfloat16,disabled,bf16,,,,1,0,,,1,1,,,,,0.027,,,37.19,0.54,nan,,,,,,,,,,,,40.4,,,382.0,,0.000,dit_throughput_PixArt-alpha_PixArt-Sigma-XL-2-1024-MS_bfloat16_20260916_044539.txt
dit_benchmark_throughput,20260916_044539,SR650a V4,6787P,RTX PRO 6000,PixArt-alpha/PixArt-Sigma-XL-2-1024-MS,cpu,bfloat16,disabled,bf16,,,,2,0,,,1,2,,,,,0.032,,,30.94,0.65,nan,,,,,,,,,,,,40.0,,,388.4,,0.000,dit_throughput_PixArt-alpha_PixArt-Sigma-XL-2-1024-MS_bfloat16_20260916_044539.txt
dit_benchmark_throughput,20260916_044539,SR650a V4,6787P,RTX PRO 6000,PixArt-alpha/PixArt-Sigma-XL-2-1024-MS,cpu,bfloat16,disabled,bf16,,,,3,0,,,2,1,,,,,0.054,,,37.21,1.08,nan,,,,,,,,,,,,80.5,,,2222.1,,0.000,dit_throughput_PixArt-alpha_PixArt-Sigma-XL-2-1024-MS_bfloat16_20260916_044539.txt
dit_benchmark_throughput,20260916_044539,SR650a V4,6787P,RTX PRO 6000,PixArt-alpha/PixArt-Sigma-XL-2-1024-MS,cpu,bfloat16,disabled,bf16,,,,4,0,,,2,2,,,,,0.060,,,33.28,1.20,nan,,,,,,,,,,,,78.6,,,2446.6,,0.000,dit_throughput_PixArt-alpha_PixArt-Sigma-XL-2-1024-MS_bfloat16_20260916_044539.txt
dit_benchmark_throughput,20260916_044539,SR650a V4,6787P,RTX PRO 6000,PixArt-alpha/PixArt-Sigma-XL-2-1024-MS,cpu,bfloat16,disabled,bf16,,,,5,0,,,4,1,,,,,0.104,,,38.41,2.08,nan,,,,,,,,,,,,159.8,,,636.8,,0.000,dit_throughput_PixArt-alpha_PixArt-Sigma-XL-2-1024-MS_bfloat16_20260916_044539.txt
dit_benchmark_throughput,20260916_044539,SR650a V4,6787P,RTX PRO 6000,PixArt-alpha/PixArt-Sigma-XL-2-1024-MS,cpu,bfloat16,disabled,bf16,,,,6,1,,,4,2,,,,,0.113,,,35.42,2.26,nan,,,,,,,,,,,,151.9,,,642.0,,0.000,dit_throughput_PixArt-alpha_PixArt-Sigma-XL-2-1024-MS_bfloat16_20260916_044539.txt
dit_benchmark_throughput,20260916_044539,SR650a V4,6787P,RTX PRO 6000,stabilityai/stable-diffusion-3.5-large,cpu,bfloat16,disabled,bf16,,,,1,0,,,1,1,,,,,0.005,,,206.19,0.10,97.4,,,,,,,,,,,,35.2,,,364.0,,0.000,dit_throughput_stabilityai_stable-diffusion-3.5-large_bfloat16_20260916_044539.txt
dit_benchmark_throughput,20260916_044539,SR650a V4,6787P,RTX PRO 6000,stabilityai/stable-diffusion-3.5-large,cpu,bfloat16,disabled,bf16,,,,2,0,,,1,2,,,,,0.006,,,162.04,0.12,97.8,,,,,,,,,,,,33.9,,,367.9,,0.000,dit_throughput_stabilityai_stable-diffusion-3.5-large_bfloat16_20260916_044539.txt
dit_benchmark_throughput,20260916_044539,SR650a V4,6787P,RTX PRO 6000,stabilityai/stable-diffusion-3.5-large,cpu,bfloat16,disabled,bf16,,,,3,0,,,2,1,,,,,0.010,,,209.85,0.19,190.2,,,,,,,,,,,,69.7,,,433.0,,0.000,dit_throughput_stabilityai_stable-diffusion-3.5-large_bfloat16_20260916_044539.txt
dit_benchmark_throughput,20260916_044539,SR650a V4,6787P,RTX PRO 6000,stabilityai/stable-diffusion-3.5-large,cpu,bfloat16,disabled,bf16,,,,4,0,,,2,2,,,,,0.012,,,162.41,0.25,194.6,,,,,,,,,,,,67.2,,,1246.0,,0.000,dit_throughput_stabilityai_stable-diffusion-3.5-large_bfloat16_20260916_044539.txt
dit_benchmark_throughput,20260916_044539,SR650a V4,6787P,RTX PRO 6000,stabilityai/stable-diffusion-3.5-large,cpu,bfloat16,disabled,bf16,,,,5,0,,,4,1,,,,,0.018,,,217.90,0.37,377.9,,,,,,,,,,,,139.9,,,1772.0,,0.000,dit_throughput_stabilityai_stable-diffusion-3.5-large_bfloat16_20260916_044539.txt
dit_benchmark_throughput,20260916_044539,SR650a V4,6787P,RTX PRO 6000,stabilityai/stable-diffusion-3.5-large,cpu,bfloat16,disabled,bf16,,,,6,1,,,4,2,,,,,0.024,,,166.10,0.48,384.6,,,,,,,,,,,,133.7,,,582.1,,0.000,dit_throughput_stabilityai_stable-diffusion-3.5-large_bfloat16_20260916_044539.txt
dit_benchmark_throughput,20260916_044539,SR650a V4,6787P,RTX PRO 6000,stabilityai/stable-diffusion-3.5-medium,cpu,bfloat16,disabled,bf16,,,,1,0,,,1,1,,,,,0.016,,,64.16,0.31,92.9,,,,,,,,,,,,38.0,,,373.7,,0.000,dit_throughput_stabilityai_stable-diffusion-3.5-medium_bfloat16_20260916_044539.txt
dit_benchmark_throughput,20260916_044539,SR650a V4,6787P,RTX PRO 6000,stabilityai/stable-diffusion-3.5-medium,cpu,bfloat16,disabled,bf16,,,,2,0,,,1,2,,,,,0.017,,,57.91,0.35,94.3,,,,,,,,,,,,36.1,,,2638.3,,0.000,dit_throughput_stabilityai_stable-diffusion-3.5-medium_bfloat16_20260916_044539.txt
dit_benchmark_throughput,20260916_044539,SR650a V4,6787P,RTX PRO 6000,stabilityai/stable-diffusion-3.5-medium,cpu,bfloat16,disabled,bf16,,,,3,0,,,2,1,,,,,0.031,,,64.24,0.62,184.0,,,,,,,,,,,,76.1,,,453.6,,0.000,dit_throughput_stabilityai_stable-diffusion-3.5-medium_bfloat16_20260916_044539.txt
dit_benchmark_throughput,20260916_044539,SR650a V4,6787P,RTX PRO 6000,stabilityai/stable-diffusion-3.5-medium,cpu,bfloat16,disabled,bf16,,,,4,0,,,2,2,,,,,0.034,,,58.05,0.69,188.6,,,,,,,,,,,,72.2,,,456.8,,0.000,dit_throughput_stabilityai_stable-diffusion-3.5-medium_bfloat16_20260916_044539.txt
dit_benchmark_throughput,20260916_044539,SR650a V4,6787P,RTX PRO 6000,stabilityai/stable-diffusion-3.5-medium,cpu,bfloat16,disabled,bf16,,,,5,1,,,4,1,,,,,0.058,,,68.77,1.16,362.6,,,,,,,,,,,,149.9,,,599.9,,0.000,dit_throughput_stabilityai_stable-diffusion-3.5-medium_bfloat16_20260916_044539.txt
dit_benchmark_throughput,20260916_044539,SR650a V4,6787P,RTX PRO 6000,stabilityai/stable-diffusion-3.5-medium,cpu,bfloat16,disabled,bf16,,,,6,0,,,4,2,,,,,0.051,,,78.28,1.02,288.4,,,,,,,,,,,,110.5,,,536.2,,0.000,dit_throughput_stabilityai_stable-diffusion-3.5-medium_bfloat16_20260916_044539.txt
server_dit_benchmark,20260916_144737,SR650a V4,6787P,RTX PRO 6000,Efficient-Large-Model/Sana_600M_1024px_diffusers,cuda,bfloat16,disabled,bf16,interactive,30,30,1,0,PASS,ok,,,1.20985,72.591,0.50,,,69.92,,,,,,,500.0,1460.0,1980.0,680.0,620.0,100.0,0,1.00,4,2.2,38.5,,,556.6,,server_dit_Efficient-Large-Model_Sana_600M_1024px_diffusers_bfloat16_cuda1r_20260916_144737.txt
server_dit_benchmark,20260916_144737,SR650a V4,6787P,RTX PRO 6000,Efficient-Large-Model/Sana_600M_1024px_diffusers,cuda,bfloat16,disabled,bf16,interactive,30,30,2,0,PASS,ok,,,1.69380,101.628,0.70,,,97.78,,,,,,,1090.0,2550.0,3090.0,1210.0,900.0,100.0,0,1.00,7,3.1,64.8,,,609.2,,server_dit_Efficient-Large-Model_Sana_600M_1024px_diffusers_bfloat16_cuda1r_20260916_144737.txt
server_dit_benchmark,20260916_144737,SR650a V4,6787P,RTX PRO 6000,Efficient-Large-Model/Sana_600M_1024px_diffusers,cuda,bfloat16,disabled,bf16,interactive,30,30,3,0,PASS,ok,,,2.05675,123.405,0.85,,,112.13,,,,,,,6130.0,10570.0,11360.0,6390.0,1580.0,100.0,0,1.00,22,3.8,89.9,,,586.8,,server_dit_Efficient-Large-Model_Sana_600M_1024px_diffusers_bfloat16_cuda1r_20260916_144737.txt
server_dit_benchmark,20260916_144737,SR650a V4,6787P,RTX PRO 6000,Efficient-Large-Model/Sana_600M_1024px_diffusers,cuda,bfloat16,disabled,bf16,interactive,30,30,4,1,PASS,ok,,,2.14205,128.523,0.89,,,113.59,,,,,,,7700.0,12600.0,13500.0,7960.0,2010.0,100.0,0,1.00,25,3.8,89.1,,,3086.6,,server_dit_Efficient-Large-Model_Sana_600M_1024px_diffusers_bfloat16_cuda1r_20260916_144737.txt
server_dit_benchmark,20260916_144737,SR650a V4,6787P,RTX PRO 6000,Efficient-Large-Model/Sana_600M_1024px_diffusers,cuda,bfloat16,disabled,bf16,interactive,30,30,5,0,FAIL,met SLA but not steady state (p95 drift x1.66),,,2.23087,133.852,0.92,,,113.42,,,,,,,9420.0,15810.0,16910.0,9920.0,2850.0,100.0,0,1.00,33,3.8,89.8,,,593.7,,server_dit_Efficient-Large-Model_Sana_600M_1024px_diffusers_bfloat16_cuda1r_20260916_144737.txt
server_dit_benchmark,20260916_144737,SR650a V4,6787P,RTX PRO 6000,Efficient-Large-Model/Sana_600M_1024px_diffusers,cuda,bfloat16,disabled,bf16,interactive,30,30,6,0,FAIL,met SLA but not steady state (p95 drift x1.80),,,2.41972,145.183,1.00,,,112.73,,,,,,,13120.0,22480.0,23940.0,13900.0,inf,100.0,0,1.00,46,3.8,89.1,,,593.3,,server_dit_Efficient-Large-Model_Sana_600M_1024px_diffusers_bfloat16_cuda1r_20260916_144737.txt
server_dit_benchmark,20260916_150025,SR650a V4,6787P,RTX PRO 6000,Efficient-Large-Model/Sana_600M_1024px_diffusers,cuda,bfloat16,fp8,fp8,interactive,30,30,1,0,PASS,ok,,,1.19520,71.712,0.50,,,69.07,,,,,,,500.0,1480.0,2000.0,690.0,630.0,100.0,0,1.00,4,2.2,38.2,,,562.8,,server_dit_Efficient-Large-Model_Sana_600M_1024px_diffusers_bfloat16-fp8_cuda1r_20260916_150025.txt
server_dit_benchmark,20260916_150025,SR650a V4,6787P,RTX PRO 6000,Efficient-Large-Model/Sana_600M_1024px_diffusers,cuda,bfloat16,fp8,fp8,interactive,30,30,2,0,PASS,ok,,,1.67328,100.397,0.70,,,96.60,,,,,,,880.0,2270.0,2640.0,1030.0,910.0,100.0,0,1.00,6,3.1,59.5,,,607.8,,server_dit_Efficient-Large-Model_Sana_600M_1024px_diffusers_bfloat16-fp8_cuda1r_20260916_150025.txt
server_dit_benchmark,20260916_150025,SR650a V4,6787P,RTX PRO 6000,Efficient-Large-Model/Sana_600M_1024px_diffusers,cuda,bfloat16,fp8,fp8,interactive,30,30,3,0,PASS,ok,,,2.03183,121.910,0.85,,,116.93,,,,,,,2670.0,4440.0,4840.0,2540.0,1600.0,100.0,0,1.00,9,3.9,83.1,,,600.9,,server_dit_Efficient-Large-Model_Sana_600M_1024px_diffusers_bfloat16-fp8_cuda1r_20260916_150025.txt
server_dit_benchmark,20260916_150025,SR650a V4,6787P,RTX PRO 6000,Efficient-Large-Model/Sana_600M_1024px_diffusers,cuda,bfloat16,fp8,fp8,interactive,30,30,4,0,PASS,ok,,,2.20383,132.230,0.92,,,117.11,,,,,,,7400.0,12070.0,12870.0,7680.0,2890.0,100.0,0,1.00,26,3.9,83.7,,,595.3,,server_dit_Efficient-Large-Model_Sana_600M_1024px_diffusers_bfloat16-fp8_cuda1r_20260916_150025.txt
server_dit_benchmark,20260916_150025,SR650a V4,6787P,RTX PRO 6000,Efficient-Large-Model/Sana_600M_1024px_diffusers,cuda,bfloat16,fp8,fp8,interactive,30,30,5,1,PASS,ok,,,2.29522,137.713,0.96,,,118.51,,,,,,,8960.0,14340.0,15230.0,9200.0,5460.0,100.0,0,1.00,31,4.0,81.7,,,599.3,,server_dit_Efficient-Large-Model_Sana_600M_1024px_diffusers_bfloat16-fp8_cuda1r_20260916_150025.txt
server_dit_benchmark,20260916_150025,SR650a V4,6787P,RTX PRO 6000,Efficient-Large-Model/Sana_600M_1024px_diffusers,cuda,bfloat16,fp8,fp8,interactive,30,30,6,0,FAIL,met SLA but not steady state (p95 drift x1.73),,,2.39040,143.424,1.00,,,117.41,,,,,,,10650.0,17830.0,18970.0,11100.0,inf,100.0,0,1.00,38,3.9,87.7,,,596.2,,server_dit_Efficient-Large-Model_Sana_600M_1024px_diffusers_bfloat16-fp8_cuda1r_20260916_150025.txt
server_dit_benchmark,20260916_151302,SR650a V4,6787P,RTX PRO 6000,Efficient-Large-Model/Sana_600M_1024px_diffusers,cuda,bfloat16,fp4,fp4,interactive,30,30,1,0,PASS,ok,,,1.15030,69.018,0.50,,,66.47,,,,,,,540.0,1550.0,2110.0,730.0,650.0,100.0,0,1.00,4,2.1,40.2,,,1999.5,,server_dit_Efficient-Large-Model_Sana_600M_1024px_diffusers_bfloat16-fp4_cuda1r_20260916_151302.txt
server_dit_benchmark,20260916_151302,SR650a V4,6787P,RTX PRO 6000,Efficient-Large-Model/Sana_600M_1024px_diffusers,cuda,bfloat16,fp4,fp4,interactive,30,30,2,0,PASS,ok,,,1.61042,96.625,0.70,,,92.97,,,,,,,820.0,2240.0,2710.0,990.0,940.0,100.0,0,1.00,5,3.0,58.2,,,602.2,,server_dit_Efficient-Large-Model_Sana_600M_1024px_diffusers_bfloat16-fp4_cuda1r_20260916_151302.txt
server_dit_benchmark,20260916_151302,SR650a V4,6787P,RTX PRO 6000,Efficient-Large-Model/Sana_600M_1024px_diffusers,cuda,bfloat16,fp4,fp4,interactive,30,30,3,0,PASS,ok,,,1.95550,117.330,0.85,,,112.74,,,,,,,2020.0,3850.0,4190.0,2020.0,1670.0,100.0,0,1.00,8,3.7,81.0,,,603.5,,server_dit_Efficient-Large-Model_Sana_600M_1024px_diffusers_bfloat16-fp4_cuda1r_20260916_151302.txt
server_dit_benchmark,20260916_151302,SR650a V4,6787P,RTX PRO 6000,Efficient-Large-Model/Sana_600M_1024px_diffusers,cuda,bfloat16,fp4,fp4,interactive,30,30,4,0,PASS,ok,,,2.12103,127.262,0.92,,,116.61,,,,,,,5690.0,9140.0,10020.0,5910.0,3000.0,100.0,0,1.00,18,3.9,87.0,,,595.1,,server_dit_Efficient-Large-Model_Sana_600M_1024px_diffusers_bfloat16-fp4_cuda1r_20260916_151302.txt
server_dit_benchmark,20260916_151302,SR650a V4,6787P,RTX PRO 6000,Efficient-Large-Model/Sana_600M_1024px_diffusers,cuda,bfloat16,fp4,fp4,interactive,30,30,5,1,PASS,ok,,,2.20898,132.539,0.96,,,116.48,,,,,,,7720.0,12720.0,13540.0,8030.0,5680.0,100.0,0,1.00,27,3.9,84.7,,,594.2,,server_dit_Efficient-Large-Model_Sana_600M_1024px_diffusers_bfloat16-fp4_cuda1r_20260916_151302.txt
server_dit_benchmark,20260916_151302,SR650a V4,6787P,RTX PRO 6000,Efficient-Large-Model/Sana_600M_1024px_diffusers,cuda,bfloat16,fp4,fp4,interactive,30,30,6,0,FAIL,met SLA but not steady state (p95 drift x1.70),,,2.30058,138.035,1.00,,,117.15,,,,,,,8860.0,15110.0,16230.0,9390.0,inf,100.0,0,1.00,31,3.9,80.0,,,596.1,,server_dit_Efficient-Large-Model_Sana_600M_1024px_diffusers_bfloat16-fp4_cuda1r_20260916_151302.txt
server_dit_benchmark,20260916_152605,SR650a V4,6787P,RTX PRO 6000,Efficient-Large-Model/Sana_1600M_1024px_diffusers,cuda,bfloat16,disabled,bf16,interactive,30,30,1,0,PASS,ok,,,0.74632,44.779,0.50,,,43.13,,,,,,,860.0,2580.0,3650.0,1170.0,1000.0,100.0,0,1.00,4,1.6,47.3,,,1511.1,,server_dit_Efficient-Large-Model_Sana_1600M_1024px_diffusers_bfloat16_cuda1r_20260916_152605.txt
server_dit_benchmark,20260916_152605,SR650a V4,6787P,RTX PRO 6000,Efficient-Large-Model/Sana_1600M_1024px_diffusers,cuda,bfloat16,disabled,bf16,interactive,30,30,2,0,PASS,ok,,,1.04485,62.691,0.70,,,60.32,,,,,,,2120.0,4880.0,5850.0,2320.0,1450.0,100.0,0,1.00,7,2.3,74.4,,,597.3,,server_dit_Efficient-Large-Model_Sana_1600M_1024px_diffusers_bfloat16_cuda1r_20260916_152605.txt
server_dit_benchmark,20260916_152605,SR650a V4,6787P,RTX PRO 6000,Efficient-Large-Model/Sana_1600M_1024px_diffusers,cuda,bfloat16,disabled,bf16,interactive,30,30,3,0,PASS,ok,,,1.15137,69.082,0.77,,,66.36,,,,,,,5470.0,8720.0,9760.0,5040.0,1800.0,100.0,0,1.00,11,2.6,92.2,,,591.9,,server_dit_Efficient-Large-Model_Sana_1600M_1024px_diffusers_bfloat16_cuda1r_20260916_152605.txt
server_dit_benchmark,20260916_152605,SR650a V4,6787P,RTX PRO 6000,Efficient-Large-Model/Sana_1600M_1024px_diffusers,cuda,bfloat16,disabled,bf16,interactive,30,30,4,1,PASS,ok,,,1.20863,72.518,0.81,,,67.51,,,,,,,8540.0,14020.0,15150.0,8930.0,2100.0,100.0,0,1.00,17,2.6,94.4,,,592.9,,server_dit_Efficient-Large-Model_Sana_1600M_1024px_diffusers_bfloat16_cuda1r_20260916_152605.txt
server_dit_benchmark,20260916_152605,SR650a V4,6787P,RTX PRO 6000,Efficient-Large-Model/Sana_1600M_1024px_diffusers,cuda,bfloat16,disabled,bf16,interactive,30,30,5,0,FAIL,met SLA but not steady state (p95 drift x1.58),,,1.26875,76.125,0.85,,,68.18,,,,,,,10960.0,18980.0,20420.0,11510.0,2570.0,100.0,0,1.00,23,2.7,94.6,,,596.0,,server_dit_Efficient-Large-Model_Sana_1600M_1024px_diffusers_bfloat16_cuda1r_20260916_152605.txt
server_dit_benchmark,20260916_154357,SR650a V4,6787P,RTX PRO 6000,Efficient-Large-Model/Sana_1600M_1024px_diffusers,cuda,bfloat16,fp8,fp8,interactive,30,30,1,0,PASS,ok,,,0.83858,50.315,0.50,,,48.46,,,,,,,750.0,2220.0,3110.0,1010.0,890.0,100.0,0,1.00,4,1.7,45.1,,,1630.5,,server_dit_Efficient-Large-Model_Sana_1600M_1024px_diffusers_bfloat16-fp8_cuda1r_20260916_154357.txt
server_dit_benchmark,20260916_154357,SR650a V4,6787P,RTX PRO 6000,Efficient-Large-Model/Sana_1600M_1024px_diffusers,cuda,bfloat16,fp8,fp8,interactive,30,30,2,0,PASS,ok,,,1.17403,70.442,0.70,,,67.78,,,,,,,1750.0,4140.0,4830.0,1950.0,1290.0,100.0,0,1.00,7,2.5,71.0,,,598.0,,server_dit_Efficient-Large-Model_Sana_1600M_1024px_diffusers_bfloat16-fp8_cuda1r_20260916_154357.txt
server_dit_benchmark,20260916_154357,SR650a V4,6787P,RTX PRO 6000,Efficient-Large-Model/Sana_1600M_1024px_diffusers,cuda,bfloat16,fp8,fp8,interactive,30,30,3,0,PASS,ok,,,1.29372,77.623,0.77,,,74.65,,,,,,,4400.0,6980.0,7940.0,3970.0,1600.0,100.0,0,1.00,10,2.8,86.2,,,2226.7,,server_dit_Efficient-Large-Model_Sana_1600M_1024px_diffusers_bfloat16-fp8_cuda1r_20260916_154357.txt
server_dit_benchmark,20260916_154357,SR650a V4,6787P,RTX PRO 6000,Efficient-Large-Model/Sana_1600M_1024px_diffusers,cuda,bfloat16,fp8,fp8,interactive,30,30,4,1,PASS,ok,,,1.35805,81.483,0.81,,,77.55,,,,,,,5820.0,9450.0,10260.0,6160.0,1860.0,100.0,0,1.00,13,2.9,91.0,,,595.9,,server_dit_Efficient-Large-Model_Sana_1600M_1024px_diffusers_bfloat16-fp8_cuda1r_20260916_154357.txt
server_dit_benchmark,20260916_154357,SR650a V4,6787P,RTX PRO 6000,Efficient-Large-Model/Sana_1600M_1024px_diffusers,cuda,bfloat16,fp8,fp8,interactive,30,30,5,0,FAIL,met SLA but not steady state (p95 drift x1.49),,,1.42560,85.536,0.85,,,77.93,,,,,,,8340.0,14510.0,15770.0,8740.0,2290.0,100.0,0,1.00,20,2.9,92.0,,,597.1,,server_dit_Efficient-Large-Model_Sana_1600M_1024px_diffusers_bfloat16-fp8_cuda1r_20260916_154357.txt
server_dit_benchmark,20260916_155953,SR650a V4,6787P,RTX PRO 6000,Efficient-Large-Model/Sana_1600M_1024px_diffusers,cuda,bfloat16,fp4,fp4,interactive,30,30,1,0,PASS,ok,,,0.85715,51.429,0.50,,,49.53,,,,,,,720.0,2140.0,2910.0,980.0,870.0,100.0,0,1.00,4,1.7,46.5,,,571.8,,server_dit_Efficient-Large-Model_Sana_1600M_1024px_diffusers_bfloat16-fp4_cuda1r_20260916_155953.txt
server_dit_benchmark,20260916_155953,SR650a V4,6787P,RTX PRO 6000,Efficient-Large-Model/Sana_1600M_1024px_diffusers,cuda,bfloat16,fp4,fp4,interactive,30,30,2,0,PASS,ok,,,1.20002,72.001,0.70,,,69.28,,,,,,,1640.0,3990.0,4580.0,1830.0,1260.0,100.0,0,1.00,7,2.6,69.9,,,600.4,,server_dit_Efficient-Large-Model_Sana_1600M_1024px_diffusers_bfloat16-fp4_cuda1r_20260916_155953.txt
server_dit_benchmark,20260916_155953,SR650a V4,6787P,RTX PRO 6000,Efficient-Large-Model/Sana_1600M_1024px_diffusers,cuda,bfloat16,fp4,fp4,interactive,30,30,3,1,PASS,ok,,,1.45715,87.429,0.85,,,80.39,,,,,,,7630.0,13090.0,14170.0,8000.0,2240.0,100.0,0,1.00,19,3.0,90.9,,,596.9,,server_dit_Efficient-Large-Model_Sana_1600M_1024px_diffusers_bfloat16-fp4_cuda1r_20260916_155953.txt
server_dit_benchmark,20260916_155953,SR650a V4,6787P,RTX PRO 6000,Efficient-Large-Model/Sana_1600M_1024px_diffusers,cuda,bfloat16,fp4,fp4,interactive,30,30,4,0,FAIL,met SLA but not steady state (p95 drift x1.58),,,1.51758,91.055,0.89,,,79.26,,,,,,,11920.0,19780.0,21070.0,12430.0,2830.0,100.0,0,1.00,29,3.0,91.1,,,2325.9,,server_dit_Efficient-Large-Model_Sana_1600M_1024px_diffusers_bfloat16-fp4_cuda1r_20260916_155953.txt
server_dit_benchmark,20260916_155953,SR650a V4,6787P,RTX PRO 6000,Efficient-Large-Model/Sana_1600M_1024px_diffusers,cuda,bfloat16,fp4,fp4,interactive,30,30,5,0,FAIL,met SLA but not steady state (p95 drift x1.68),,,1.58050,94.830,0.92,,,79.35,,,,,,,14400.0,24080.0,25630.0,15040.0,4030.0,100.0,0,1.00,35,3.0,91.2,,,593.5,,server_dit_Efficient-Large-Model_Sana_1600M_1024px_diffusers_bfloat16-fp4_cuda1r_20260916_155953.txt
server_dit_benchmark,20260916_155953,SR650a V4,6787P,RTX PRO 6000,Efficient-Large-Model/Sana_1600M_1024px_diffusers,cuda,bfloat16,fp4,fp4,interactive,30,30,6,0,FAIL,stopped early: 12 scored misses already put p95 over the SLA,,,1.71430,102.858,1.00,,,78.94,,,,,,,18370.0,30610.0,32510.0,18370.0,inf,93.1,0,1.00,47,3.0,91.3,,,594.0,,server_dit_Efficient-Large-Model_Sana_1600M_1024px_diffusers_bfloat16-fp4_cuda1r_20260916_155953.txt
server_dit_benchmark,20260916_161738,SR650a V4,6787P,RTX PRO 6000,PixArt-alpha/PixArt-Sigma-XL-2-1024-MS,cuda,bfloat16,disabled,bf16,interactive,30,30,1,0,PASS,ok,,,0.33568,20.141,0.50,,,19.40,,,,,,,1780.0,5790.0,7530.0,2450.0,2230.0,100.0,0,1.00,4,1.0,48.7,,,981.1,,server_dit_PixArt-alpha_PixArt-Sigma-XL-2-1024-MS_bfloat16_cuda1r_20260916_161738.txt
server_dit_benchmark,20260916_161738,SR650a V4,6787P,RTX PRO 6000,PixArt-alpha/PixArt-Sigma-XL-2-1024-MS,cuda,bfloat16,disabled,bf16,interactive,30,30,2,0,PASS,ok,,,0.46995,28.197,0.70,,,27.13,,,,,,,3700.0,9640.0,11450.0,4290.0,3230.0,100.0,0,1.00,7,1.5,73.6,,,585.6,,server_dit_PixArt-alpha_PixArt-Sigma-XL-2-1024-MS_bfloat16_cuda1r_20260916_161738.txt
server_dit_benchmark,20260916_161738,SR650a V4,6787P,RTX PRO 6000,PixArt-alpha/PixArt-Sigma-XL-2-1024-MS,cuda,bfloat16,disabled,bf16,interactive,30,30,3,1,PASS,ok,,,0.57065,34.239,0.85,,,32.49,,,,,,,13210.0,23140.0,25280.0,14210.0,5710.0,100.0,0,1.00,14,1.9,97.5,,,592.4,,server_dit_PixArt-alpha_PixArt-Sigma-XL-2-1024-MS_bfloat16_cuda1r_20260916_161738.txt
server_dit_benchmark,20260916_161738,SR650a V4,6787P,RTX PRO 6000,PixArt-alpha/PixArt-Sigma-XL-2-1024-MS,cuda,bfloat16,disabled,bf16,interactive,30,30,4,0,FAIL,stopped early: 12 scored misses already put p95 over the SLA,,,0.59432,35.659,0.89,,,31.91,,,,,,,22960.0,31390.0,34450.0,22620.0,7240.0,92.4,0,1.00,21,1.9,97.9,,,1473.3,,server_dit_PixArt-alpha_PixArt-Sigma-XL-2-1024-MS_bfloat16_cuda1r_20260916_161738.txt
server_dit_benchmark,20260916_161738,SR650a V4,6787P,RTX PRO 6000,PixArt-alpha/PixArt-Sigma-XL-2-1024-MS,cuda,bfloat16,disabled,bf16,interactive,30,30,5,0,FAIL,stopped early: 12 scored misses already put p95 over the SLA,,,0.61897,37.138,0.92,,,30.97,,,,,,,24400.0,32340.0,33910.0,22810.0,10300.0,83.8,0,1.00,19,1.9,97.9,,,2419.7,,server_dit_PixArt-alpha_PixArt-Sigma-XL-2-1024-MS_bfloat16_cuda1r_20260916_161738.txt
server_dit_benchmark,20260916_161738,SR650a V4,6787P,RTX PRO 6000,PixArt-alpha/PixArt-Sigma-XL-2-1024-MS,cuda,bfloat16,disabled,bf16,interactive,30,30,6,0,FAIL,stopped early: 12 scored misses already put p95 over the SLA,,,0.67135,40.281,1.00,,,29.99,,,,,,,20770.0,35200.0,37230.0,22950.0,inf,76.0,0,1.00,22,1.9,96.6,,,590.1,,server_dit_PixArt-alpha_PixArt-Sigma-XL-2-1024-MS_bfloat16_cuda1r_20260916_161738.txt
server_dit_benchmark,20260916_165225,SR650a V4,6787P,RTX PRO 6000,PixArt-alpha/PixArt-Sigma-XL-2-1024-MS,cuda,bfloat16,fp8,fp8,interactive,30,30,1,0,PASS,ok,,,0.40598,24.359,0.50,,,23.46,,,,,,,1650.0,5100.0,6720.0,2180.0,1850.0,100.0,0,1.00,5,1.1,48.2,,,564.9,,server_dit_PixArt-alpha_PixArt-Sigma-XL-2-1024-MS_bfloat16-fp8_cuda1r_20260916_165225.txt
server_dit_benchmark,20260916_165225,SR650a V4,6787P,RTX PRO 6000,PixArt-alpha/PixArt-Sigma-XL-2-1024-MS,cuda,bfloat16,fp8,fp8,interactive,30,30,2,0,PASS,ok,,,0.56838,34.103,0.70,,,32.81,,,,,,,3710.0,8970.0,10880.0,4150.0,2670.0,100.0,0,1.00,7,1.6,76.9,,,591.0,,server_dit_PixArt-alpha_PixArt-Sigma-XL-2-1024-MS_bfloat16-fp8_cuda1r_20260916_165225.txt
server_dit_benchmark,20260916_165225,SR650a V4,6787P,RTX PRO 6000,PixArt-alpha/PixArt-Sigma-XL-2-1024-MS,cuda,bfloat16,fp8,fp8,interactive,30,30,3,0,PASS,ok,,,0.62632,37.579,0.77,,,36.13,,,,,,,8790.0,14040.0,16100.0,7950.0,3310.0,100.0,0,1.00,10,1.8,91.5,,,2166.3,,server_dit_PixArt-alpha_PixArt-Sigma-XL-2-1024-MS_bfloat16-fp8_cuda1r_20260916_165225.txt
server_dit_benchmark,20260916_165225,SR650a V4,6787P,RTX PRO 6000,PixArt-alpha/PixArt-Sigma-XL-2-1024-MS,cuda,bfloat16,fp8,fp8,interactive,30,30,4,1,PASS,ok,,,0.65747,39.448,0.81,,,37.69,,,,,,,11770.0,18610.0,19990.0,12080.0,3850.0,100.0,0,1.00,13,1.9,96.3,,,591.9,,server_dit_PixArt-alpha_PixArt-Sigma-XL-2-1024-MS_bfloat16-fp8_cuda1r_20260916_165225.txt
server_dit_benchmark,20260916_165225,SR650a V4,6787P,RTX PRO 6000,PixArt-alpha/PixArt-Sigma-XL-2-1024-MS,cuda,bfloat16,fp8,fp8,interactive,30,30,5,0,FAIL,met SLA but not steady state (p95 drift x1.43),,,0.69017,41.410,0.85,,,37.79,,,,,,,17430.0,29790.0,32140.0,18310.0,4720.0,95.0,0,1.00,21,1.9,96.4,,,592.8,,server_dit_PixArt-alpha_PixArt-Sigma-XL-2-1024-MS_bfloat16-fp8_cuda1r_20260916_165225.txt
server_dit_benchmark,20260916_172447,SR650a V4,6787P,RTX PRO 6000,PixArt-alpha/PixArt-Sigma-XL-2-1024-MS,cuda,bfloat16,fp4,fp4,interactive,30,30,1,0,PASS,ok,,,0.41327,24.796,0.50,,,23.88,,,,,,,1580.0,4830.0,6620.0,2140.0,1810.0,100.0,0,1.00,5,1.1,48.1,,,566.3,,server_dit_PixArt-alpha_PixArt-Sigma-XL-2-1024-MS_bfloat16-fp4_cuda1r_20260916_172447.txt
server_dit_benchmark,20260916_172447,SR650a V4,6787P,RTX PRO 6000,PixArt-alpha/PixArt-Sigma-XL-2-1024-MS,cuda,bfloat16,fp4,fp4,interactive,30,30,2,0,PASS,ok,,,0.57857,34.714,0.70,,,33.40,,,,,,,3750.0,8850.0,10750.0,4150.0,2620.0,100.0,0,1.00,8,1.6,78.1,,,590.3,,server_dit_PixArt-alpha_PixArt-Sigma-XL-2-1024-MS_bfloat16-fp4_cuda1r_20260916_172447.txt
server_dit_benchmark,20260916_172447,SR650a V4,6787P,RTX PRO 6000,PixArt-alpha/PixArt-Sigma-XL-2-1024-MS,cuda,bfloat16,fp4,fp4,interactive,30,30,3,0,PASS,ok,,,0.63755,38.253,0.77,,,36.77,,,,,,,8950.0,14170.0,16210.0,8050.0,3250.0,100.0,0,1.00,10,1.9,91.1,,,1391.9,,server_dit_PixArt-alpha_PixArt-Sigma-XL-2-1024-MS_bfloat16-fp4_cuda1r_20260916_172447.txt
server_dit_benchmark,20260916_172447,SR650a V4,6787P,RTX PRO 6000,PixArt-alpha/PixArt-Sigma-XL-2-1024-MS,cuda,bfloat16,fp4,fp4,interactive,30,30,4,1,PASS,ok,,,0.66927,40.156,0.81,,,38.22,,,,,,,11920.0,19220.0,20770.0,12580.0,3780.0,100.0,0,1.00,13,1.9,96.5,,,591.7,,server_dit_PixArt-alpha_PixArt-Sigma-XL-2-1024-MS_bfloat16-fp4_cuda1r_20260916_172447.txt
server_dit_benchmark,20260916_172447,SR650a V4,6787P,RTX PRO 6000,PixArt-alpha/PixArt-Sigma-XL-2-1024-MS,cuda,bfloat16,fp4,fp4,interactive,30,30,5,0,FAIL,stopped early: 12 scored misses already put p95 over the SLA,,,0.70255,42.153,0.85,,,38.28,,,,,,,17520.0,30250.0,32500.0,18440.0,4640.0,93.6,0,1.00,21,1.9,96.3,,,1486.2,,server_dit_PixArt-alpha_PixArt-Sigma-XL-2-1024-MS_bfloat16-fp4_cuda1r_20260916_172447.txt
server_dit_benchmark,20260916_175627,SR650a V4,6787P,RTX PRO 6000,stabilityai/stable-diffusion-3.5-medium,cuda,bfloat16,disabled,bf16,interactive,30,30,1,0,PASS,ok,,,0.24458,14.675,0.50,,,14.14,,,,,,,2370.0,7980.0,10110.0,3390.0,3070.0,100.0,0,1.00,4,0.7,46.8,,,551.3,,server_dit_stabilityai_stable-diffusion-3.5-medium_bfloat16_cuda1r_20260916_175627.txt
server_dit_benchmark,20260916_175627,SR650a V4,6787P,RTX PRO 6000,stabilityai/stable-diffusion-3.5-medium,cuda,bfloat16,disabled,bf16,interactive,30,30,2,0,PASS,ok,,,0.34242,20.545,0.70,,,19.77,,,,,,,5530.0,13810.0,16930.0,6210.0,4430.0,100.0,0,1.00,7,1.0,76.5,,,1444.4,,server_dit_stabilityai_stable-diffusion-3.5-medium_bfloat16_cuda1r_20260916_175627.txt
server_dit_benchmark,20260916_175627,SR650a V4,6787P,RTX PRO 6000,stabilityai/stable-diffusion-3.5-medium,cuda,bfloat16,disabled,bf16,interactive,30,30,3,0,PASS,ok,,,0.37733,22.640,0.77,,,21.77,,,,,,,10970.0,19850.0,22900.0,10810.0,5500.0,100.0,0,1.00,9,1.2,89.0,,,583.8,,server_dit_stabilityai_stable-diffusion-3.5-medium_bfloat16_cuda1r_20260916_175627.txt
server_dit_benchmark,20260916_175627,SR650a V4,6787P,RTX PRO 6000,stabilityai/stable-diffusion-3.5-medium,cuda,bfloat16,disabled,bf16,interactive,30,30,4,1,PASS,ok,,,0.39610,23.766,0.81,,,22.85,,,,,,,13940.0,24800.0,27570.0,13580.0,6400.0,100.0,0,1.00,11,1.3,93.9,,,1590.2,,server_dit_stabilityai_stable-diffusion-3.5-medium_bfloat16_cuda1r_20260916_175627.txt
server_dit_benchmark,20260916_175627,SR650a V4,6787P,RTX PRO 6000,stabilityai/stable-diffusion-3.5-medium,cuda,bfloat16,disabled,bf16,interactive,30,30,5,0,FAIL,stopped early: 11 scored misses already put p95 over the SLA,,,0.41580,24.948,0.85,,,23.28,,,,,,,19900.0,30860.0,31860.0,20870.0,7840.0,92.9,0,1.00,13,1.3,98.4,,,590.2,,server_dit_stabilityai_stable-diffusion-3.5-medium_bfloat16_cuda1r_20260916_175627.txt
server_dit_benchmark,20260916_184742,SR650a V4,6787P,RTX PRO 6000,stabilityai/stable-diffusion-3.5-medium,cuda,bfloat16,fp8,fp8,interactive,30,30,1,0,PASS,ok,,,0.31728,19.037,0.50,,,18.34,,,,,,,2150.0,6560.0,8750.0,2850.0,2360.0,100.0,0,1.00,5,0.8,50.5,,,560.7,,server_dit_stabilityai_stable-diffusion-3.5-medium_bfloat16-fp8_cuda1r_20260916_184742.txt
server_dit_benchmark,20260916_184742,SR650a V4,6787P,RTX PRO 6000,stabilityai/stable-diffusion-3.5-medium,cuda,bfloat16,fp8,fp8,interactive,30,30,2,0,PASS,ok,,,0.44418,26.651,0.70,,,25.64,,,,,,,5240.0,11830.0,14550.0,5630.0,3410.0,100.0,0,1.00,8,1.1,78.0,,,586.9,,server_dit_stabilityai_stable-diffusion-3.5-medium_bfloat16-fp8_cuda1r_20260916_184742.txt
server_dit_benchmark,20260916_184742,SR650a V4,6787P,RTX PRO 6000,stabilityai/stable-diffusion-3.5-medium,cuda,bfloat16,fp8,fp8,interactive,30,30,3,1,PASS,ok,,,0.48947,29.368,0.77,,,28.23,,,,,,,12190.0,19520.0,22170.0,11170.0,4230.0,100.0,0,1.00,10,1.3,92.0,,,1204.6,,server_dit_stabilityai_stable-diffusion-3.5-medium_bfloat16-fp8_cuda1r_20260916_184742.txt
server_dit_benchmark,20260916_184742,SR650a V4,6787P,RTX PRO 6000,stabilityai/stable-diffusion-3.5-medium,cuda,bfloat16,fp8,fp8,interactive,30,30,4,0,FAIL,stopped early: 12 scored misses already put p95 over the SLA,,,0.51382,30.829,0.81,,,28.77,,,,,,,19300.0,30890.0,33090.0,20140.0,4930.0,93.5,0,1.00,17,1.4,95.7,,,588.8,,server_dit_stabilityai_stable-diffusion-3.5-medium_bfloat16-fp8_cuda1r_20260916_184742.txt
server_dit_benchmark,20260916_184742,SR650a V4,6787P,RTX PRO 6000,stabilityai/stable-diffusion-3.5-medium,cuda,bfloat16,fp8,fp8,interactive,30,30,5,0,FAIL,stopped early: 12 scored misses already put p95 over the SLA,,,0.53937,32.362,0.85,,,28.97,,,,,,,23840.0,31040.0,33670.0,22920.0,6040.0,92.1,0,1.00,21,1.4,96.3,,,1430.7,,server_dit_stabilityai_stable-diffusion-3.5-medium_bfloat16-fp8_cuda1r_20260916_184742.txt
server_dit_benchmark,20260916_192709,SR650a V4,6787P,RTX PRO 6000,stabilityai/stable-diffusion-3.5-medium,cuda,bfloat16,fp4,fp4,interactive,30,30,1,0,PASS,ok,,,0.36218,21.731,0.50,,,20.93,,,,,,,2000.0,5730.0,7080.0,2590.0,2070.0,100.0,0,1.00,4,0.8,48.9,,,1022.6,,server_dit_stabilityai_stable-diffusion-3.5-medium_bfloat16-fp4_cuda1r_20260916_192709.txt
server_dit_benchmark,20260916_192709,SR650a V4,6787P,RTX PRO 6000,stabilityai/stable-diffusion-3.5-medium,cuda,bfloat16,fp4,fp4,interactive,30,30,2,0,PASS,ok,,,0.50705,30.423,0.70,,,29.26,,,,,,,5830.0,11900.0,14070.0,6080.0,2990.0,100.0,0,1.00,7,1.2,81.8,,,1228.6,,server_dit_stabilityai_stable-diffusion-3.5-medium_bfloat16-fp4_cuda1r_20260916_192709.txt
server_dit_benchmark,20260916_192709,SR650a V4,6787P,RTX PRO 6000,stabilityai/stable-diffusion-3.5-medium,cuda,bfloat16,fp4,fp4,interactive,30,30,3,1,PASS,ok,,,0.55875,33.525,0.77,,,31.90,,,,,,,14630.0,23260.0,25030.0,15340.0,3710.0,100.0,0,1.00,14,1.4,94.9,,,589.9,,server_dit_stabilityai_stable-diffusion-3.5-medium_bfloat16-fp4_cuda1r_20260916_192709.txt
server_dit_benchmark,20260916_192709,SR650a V4,6787P,RTX PRO 6000,stabilityai/stable-diffusion-3.5-medium,cuda,bfloat16,fp4,fp4,interactive,30,30,4,0,FAIL,stopped early: 12 scored misses already put p95 over the SLA,,,0.58653,35.192,0.81,,,31.68,,,,,,,22410.0,31820.0,34160.0,22210.0,4320.0,92.5,0,1.00,22,1.4,95.1,,,589.5,,server_dit_stabilityai_stable-diffusion-3.5-medium_bfloat16-fp4_cuda1r_20260916_192709.txt
server_dit_benchmark,20260916_192709,SR650a V4,6787P,RTX PRO 6000,stabilityai/stable-diffusion-3.5-medium,cuda,bfloat16,fp4,fp4,interactive,30,30,5,0,FAIL,stopped early: 12 scored misses already put p95 over the SLA,,,0.61572,36.943,0.85,,,31.29,,,,,,,24810.0,31420.0,32850.0,22200.0,5290.0,85.5,0,1.00,18,1.4,94.9,,,592.1,,server_dit_stabilityai_stable-diffusion-3.5-medium_bfloat16-fp4_cuda1r_20260916_192709.txt
server_dit_benchmark,20260916_200411,SR650a V4,6787P,RTX PRO 6000,stabilityai/stable-diffusion-3.5-large,cuda,bfloat16,disabled,bf16,interactive,30,30,1,0,PASS,ok,,,0.09092,5.455,0.50,,,5.26,,,,,,,5500.0,18370.0,24150.0,7840.0,8260.0,100.0,0,1.00,4,0.5,44.2,,,998.7,,server_dit_stabilityai_stable-diffusion-3.5-large_bfloat16_cuda1r_20260916_200411.txt
server_dit_benchmark,20260916_200411,SR650a V4,6787P,RTX PRO 6000,stabilityai/stable-diffusion-3.5-large,cuda,bfloat16,disabled,bf16,interactive,30,30,2,0,PASS,ok,,,0.10757,6.454,0.59,,,6.22,,,,,,,7990.0,25610.0,30230.0,10090.0,9500.0,98.5,0,1.00,5,0.7,55.5,,,828.8,,server_dit_stabilityai_stable-diffusion-3.5-large_bfloat16_cuda1r_20260916_200411.txt
server_dit_benchmark,20260916_200411,SR650a V4,6787P,RTX PRO 6000,stabilityai/stable-diffusion-3.5-large,cuda,bfloat16,disabled,bf16,interactive,30,30,3,1,PASS,ok,,,0.11702,7.021,0.64,,,6.76,,,,,,,9020.0,28850.0,34970.0,11720.0,10490.0,96.5,0,1.00,6,0.7,62.9,,,860.0,,server_dit_stabilityai_stable-diffusion-3.5-large_bfloat16_cuda1r_20260916_200411.txt
server_dit_benchmark,20260916_200411,SR650a V4,6787P,RTX PRO 6000,stabilityai/stable-diffusion-3.5-large,cuda,bfloat16,disabled,bf16,interactive,30,30,4,0,FAIL,stopped early: 12 scored misses already put p95 over the SLA,,,0.12728,7.637,0.70,,,8.03,,,,,,,22280.0,39060.0,46370.0,21640.0,11940.0,72.7,0,1.00,7,1.0,85.1,,,586.0,,server_dit_stabilityai_stable-diffusion-3.5-large_bfloat16_cuda1r_20260916_200411.txt
server_dit_benchmark,20260916_215504,SR650a V4,6787P,RTX PRO 6000,stabilityai/stable-diffusion-3.5-large,cuda,bfloat16,fp8,fp8,interactive,30,30,1,0,PASS,ok,,,0.14392,8.635,0.50,,,8.32,,,,,,,5170.0,16970.0,20220.0,6850.0,5210.0,100.0,0,1.00,5,0.7,52.4,,,919.8,,server_dit_stabilityai_stable-diffusion-3.5-large_bfloat16-fp8_cuda1r_20260916_215504.txt
server_dit_benchmark,20260916_215504,SR650a V4,6787P,RTX PRO 6000,stabilityai/stable-diffusion-3.5-large,cuda,bfloat16,fp8,fp8,interactive,30,30,2,0,PASS,ok,,,0.17028,10.217,0.59,,,9.84,,,,,,,7400.0,23670.0,27100.0,9690.0,5990.0,99.0,0,1.00,7,0.8,67.2,,,1001.1,,server_dit_stabilityai_stable-diffusion-3.5-large_bfloat16-fp8_cuda1r_20260916_215504.txt
server_dit_benchmark,20260916_215504,SR650a V4,6787P,RTX PRO 6000,stabilityai/stable-diffusion-3.5-large,cuda,bfloat16,fp8,fp8,interactive,30,30,3,1,PASS,ok,,,0.18523,11.114,0.64,,,10.70,,,,,,,10460.0,25780.0,32190.0,11880.0,6610.0,97.5,0,1.00,7,0.9,76.6,,,811.6,,server_dit_stabilityai_stable-diffusion-3.5-large_bfloat16-fp8_cuda1r_20260916_215504.txt
server_dit_benchmark,20260916_215504,SR650a V4,6787P,RTX PRO 6000,stabilityai/stable-diffusion-3.5-large,cuda,bfloat16,fp8,fp8,interactive,30,30,4,0,FAIL,stopped early: 11 scored misses already put p95 over the SLA,,,0.20148,12.089,0.70,,,12.23,,,,,,,22870.0,36140.0,38940.0,21920.0,7530.0,78.4,0,1.00,8,1.2,95.2,,,596.3,,server_dit_stabilityai_stable-diffusion-3.5-large_bfloat16-fp8_cuda1r_20260916_215504.txt
server_dit_benchmark,20260916_230616,SR650a V4,6787P,RTX PRO 6000,stabilityai/stable-diffusion-3.5-large,cuda,bfloat16,fp4,fp4,interactive,30,30,1,0,PASS,ok,,,0.17913,10.748,0.50,,,10.35,,,,,,,4520.0,13300.0,19660.0,5850.0,4190.0,100.0,0,1.00,6,0.7,53.6,,,789.7,,server_dit_stabilityai_stable-diffusion-3.5-large_bfloat16-fp4_cuda1r_20260916_230616.txt
server_dit_benchmark,20260916_230616,SR650a V4,6787P,RTX PRO 6000,stabilityai/stable-diffusion-3.5-large,cuda,bfloat16,fp4,fp4,interactive,30,30,2,1,PASS,ok,,,0.25080,15.048,0.70,,,14.47,,,,,,,14610.0,27250.0,30910.0,14440.0,6050.0,97.5,0,1.00,8,1.1,86.9,,,906.1,,server_dit_stabilityai_stable-diffusion-3.5-large_bfloat16-fp4_cuda1r_20260916_230616.txt
server_dit_benchmark,20260916_230616,SR650a V4,6787P,RTX PRO 6000,stabilityai/stable-diffusion-3.5-large,cuda,bfloat16,fp4,fp4,interactive,30,30,3,0,FAIL,stopped early: 12 scored misses already put p95 over the SLA,,,0.26327,15.796,0.73,,,14.48,,,,,,,26800.0,37530.0,41460.0,26210.0,6660.0,71.4,0,1.00,11,1.2,97.2,,,591.4,,server_dit_stabilityai_stable-diffusion-3.5-large_bfloat16-fp4_cuda1r_20260916_230616.txt
server_dit_benchmark,20260916_230616,SR650a V4,6787P,RTX PRO 6000,stabilityai/stable-diffusion-3.5-large,cuda,bfloat16,fp4,fp4,interactive,30,30,4,0,FAIL,stopped early: 11 scored misses already put p95 over the SLA,,,0.27637,16.582,0.77,,,13.60,,,,,,,29900.0,34850.0,36290.0,29130.0,7500.0,54.2,0,1.00,9,1.2,97.4,,,592.9,,server_dit_stabilityai_stable-diffusion-3.5-large_bfloat16-fp4_cuda1r_20260916_230616.txt
server_dit_benchmark,20260916_230616,SR650a V4,6787P,RTX PRO 6000,stabilityai/stable-diffusion-3.5-large,cuda,bfloat16,fp4,fp4,interactive,30,30,5,0,FAIL,stopped early: 12 scored misses already put p95 over the SLA,,,0.30453,18.272,0.85,,,12.92,,,,,,,32380.0,39100.0,41120.0,31280.0,10700.0,33.3,0,1.00,10,1.2,96.8,,,594.7,,server_dit_stabilityai_stable-diffusion-3.5-large_bfloat16-fp4_cuda1r_20260916_230616.txt
server_dit_benchmark,20260916_235542,SR650a V4,6787P,RTX PRO 6000,Efficient-Large-Model/Sana_600M_1024px_diffusers,cuda,bfloat16,disabled,bf16,interactive,30,30,1,0,PASS,ok,,,2.42720,145.632,0.50,,,139.93,,,,,,,410.0,870.0,1090.0,510.0,480.0,100.0,0,1.00,3,4.4,43.6,,,815.9,,server_dit_Efficient-Large-Model_Sana_600M_1024px_diffusers_bfloat16_cuda2r_20260916_235542.txt
server_dit_benchmark,20260916_235542,SR650a V4,6787P,RTX PRO 6000,Efficient-Large-Model/Sana_600M_1024px_diffusers,cuda,bfloat16,disabled,bf16,interactive,30,30,2,0,PASS,ok,,,3.39807,203.884,0.70,,,195.50,,,,,,,560.0,1190.0,1470.0,640.0,610.0,100.0,0,1.00,4,6.1,62.5,,,962.5,,server_dit_Efficient-Large-Model_Sana_600M_1024px_diffusers_bfloat16_cuda2r_20260916_235542.txt
server_dit_benchmark,20260916_235542,SR650a V4,6787P,RTX PRO 6000,Efficient-Large-Model/Sana_600M_1024px_diffusers,cuda,bfloat16,disabled,bf16,interactive,30,30,3,0,PASS,ok,,,4.12623,247.574,0.85,,,237.05,,,,,,,1050.0,2060.0,2360.0,1110.0,950.0,100.0,0,1.00,8,7.6,78.9,,,1011.6,,server_dit_Efficient-Large-Model_Sana_600M_1024px_diffusers_bfloat16_cuda2r_20260916_235542.txt
server_dit_benchmark,20260916_235542,SR650a V4,6787P,RTX PRO 6000,Efficient-Large-Model/Sana_600M_1024px_diffusers,cuda,bfloat16,disabled,bf16,interactive,30,30,4,0,PASS,ok,,,4.85438,291.263,1.00,,,229.43,,,,,,,5990.0,10380.0,11070.0,6370.0,inf,100.0,0,1.00,41,7.7,90.3,,,910.5,,server_dit_Efficient-Large-Model_Sana_600M_1024px_diffusers_bfloat16_cuda2r_20260916_235542.txt
server_dit_benchmark,20260916_235542,SR650a V4,6787P,RTX PRO 6000,Efficient-Large-Model/Sana_600M_1024px_diffusers,cuda,bfloat16,disabled,bf16,interactive,30,30,5,1,PASS,ok,,,5.08077,304.846,1.05,,,223.10,,,,,,,7860.0,13680.0,14380.0,8270.0,inf,100.0,0,1.00,52,7.5,90.4,,,888.1,,server_dit_Efficient-Large-Model_Sana_600M_1024px_diffusers_bfloat16_cuda2r_20260916_235542.txt
server_dit_benchmark,20260916_235542,SR650a V4,6787P,RTX PRO 6000,Efficient-Large-Model/Sana_600M_1024px_diffusers,cuda,bfloat16,disabled,bf16,interactive,30,30,6,0,FAIL,met SLA but not steady state (p95 drift x1.82),,,5.31772,319.063,1.10,,,224.59,,,,,,,8660.0,15040.0,15710.0,9020.0,inf,100.0,0,1.00,59,7.5,90.1,,,893.4,,server_dit_Efficient-Large-Model_Sana_600M_1024px_diffusers_bfloat16_cuda2r_20260916_235542.txt
server_dit_benchmark,20260916_235542,SR650a V4,6787P,RTX PRO 6000,Efficient-Large-Model/Sana_600M_1024px_diffusers,cuda,bfloat16,disabled,bf16,interactive,30,30,7,0,FAIL,met SLA but not steady state (p95 drift x1.85),,,5.82527,349.516,1.20,,,225.00,,,,,,,10260.0,17900.0,18440.0,10570.0,inf,100.0,0,1.00,70,7.6,90.3,,,898.1,,server_dit_Efficient-Large-Model_Sana_600M_1024px_diffusers_bfloat16_cuda2r_20260916_235542.txt
server_dit_benchmark,20260917_000333,SR650a V4,6787P,RTX PRO 6000,Efficient-Large-Model/Sana_600M_1024px_diffusers,cuda,bfloat16,fp8,fp8,interactive,30,30,1,0,PASS,ok,,,2.38128,142.877,0.50,,,137.28,,,,,,,420.0,870.0,1100.0,520.0,490.0,100.0,0,1.00,3,4.3,41.7,,,777.5,,server_dit_Efficient-Large-Model_Sana_600M_1024px_diffusers_bfloat16-fp8_cuda2r_20260917_000333.txt
server_dit_benchmark,20260917_000333,SR650a V4,6787P,RTX PRO 6000,Efficient-Large-Model/Sana_600M_1024px_diffusers,cuda,bfloat16,fp8,fp8,interactive,30,30,2,0,PASS,ok,,,3.33380,200.028,0.70,,,191.82,,,,,,,550.0,1190.0,1480.0,640.0,620.0,100.0,0,1.00,5,6.0,57.0,,,927.3,,server_dit_Efficient-Large-Model_Sana_600M_1024px_diffusers_bfloat16-fp8_cuda2r_20260917_000333.txt
server_dit_benchmark,20260917_000333,SR650a V4,6787P,RTX PRO 6000,Efficient-Large-Model/Sana_600M_1024px_diffusers,cuda,bfloat16,fp8,fp8,interactive,30,30,3,0,PASS,ok,,,4.04818,242.891,0.85,,,232.56,,,,,,,830.0,1800.0,1970.0,950.0,970.0,100.0,0,1.00,6,7.4,72.2,,,1009.2,,server_dit_Efficient-Large-Model_Sana_600M_1024px_diffusers_bfloat16-fp8_cuda2r_20260917_000333.txt
server_dit_benchmark,20260917_000333,SR650a V4,6787P,RTX PRO 6000,Efficient-Large-Model/Sana_600M_1024px_diffusers,cuda,bfloat16,fp8,fp8,interactive,30,30,4,0,PASS,ok,,,4.76257,285.754,1.00,,,229.25,,,,,,,5610.0,9820.0,10520.0,5970.0,inf,100.0,0,1.00,39,7.7,84.2,,,883.1,,server_dit_Efficient-Large-Model_Sana_600M_1024px_diffusers_bfloat16-fp8_cuda2r_20260917_000333.txt
server_dit_benchmark,20260917_000333,SR650a V4,6787P,RTX PRO 6000,Efficient-Large-Model/Sana_600M_1024px_diffusers,cuda,bfloat16,fp8,fp8,interactive,30,30,5,1,PASS,ok,,,5.21713,313.028,1.10,,,230.90,,,,,,,7510.0,12990.0,13680.0,7870.0,inf,100.0,0,1.00,52,7.7,77.9,,,5913.6,,server_dit_Efficient-Large-Model_Sana_600M_1024px_diffusers_bfloat16-fp8_cuda2r_20260917_000333.txt
server_dit_benchmark,20260917_000333,SR650a V4,6787P,RTX PRO 6000,Efficient-Large-Model/Sana_600M_1024px_diffusers,cuda,bfloat16,fp8,fp8,interactive,30,30,6,0,FAIL,met SLA but not steady state (p95 drift x1.83),,,5.46043,327.626,1.15,,,230.36,,,,,,,8390.0,14650.0,15320.0,8810.0,inf,100.0,0,1.00,58,7.7,88.4,,,893.7,,server_dit_Efficient-Large-Model_Sana_600M_1024px_diffusers_bfloat16-fp8_cuda2r_20260917_000333.txt
server_dit_benchmark,20260917_000333,SR650a V4,6787P,RTX PRO 6000,Efficient-Large-Model/Sana_600M_1024px_diffusers,cuda,bfloat16,fp8,fp8,interactive,30,30,7,0,FAIL,met SLA but not steady state (p95 drift x1.79),,,5.71508,342.905,1.20,,,228.87,,,,,,,9730.0,16430.0,17070.0,9940.0,inf,100.0,0,1.00,66,7.7,84.7,,,889.1,,server_dit_Efficient-Large-Model_Sana_600M_1024px_diffusers_bfloat16-fp8_cuda2r_20260917_000333.txt
server_dit_benchmark,20260917_002136,SR650a V4,6787P,RTX PRO 6000,Efficient-Large-Model/Sana_1600M_1024px_diffusers,cuda,bfloat16,disabled,bf16,interactive,30,30,1,0,PASS,ok,,,1.50637,90.382,0.50,,,86.84,,,,,,,670.0,1420.0,1770.0,840.0,770.0,100.0,0,1.00,4,3.1,46.0,,,858.4,,server_dit_Efficient-Large-Model_Sana_1600M_1024px_diffusers_bfloat16_cuda2r_20260917_002136.txt
server_dit_benchmark,20260917_002136,SR650a V4,6787P,RTX PRO 6000,Efficient-Large-Model/Sana_1600M_1024px_diffusers,cuda,bfloat16,disabled,bf16,interactive,30,30,2,0,PASS,ok,,,2.10892,126.535,0.70,,,121.31,,,,,,,1300.0,2820.0,3110.0,1490.0,980.0,100.0,0,1.00,6,4.5,72.4,,,924.9,,server_dit_Efficient-Large-Model_Sana_1600M_1024px_diffusers_bfloat16_cuda2r_20260917_002136.txt
server_dit_benchmark,20260917_002136,SR650a V4,6787P,RTX PRO 6000,Efficient-Large-Model/Sana_1600M_1024px_diffusers,cuda,bfloat16,disabled,bf16,interactive,30,30,3,0,PASS,ok,,,2.56083,153.650,0.85,,,134.49,,,,,,,6510.0,11320.0,12110.0,6850.0,1530.0,100.0,0,1.00,25,5.3,94.5,,,898.5,,server_dit_Efficient-Large-Model_Sana_1600M_1024px_diffusers_bfloat16_cuda2r_20260917_002136.txt
server_dit_benchmark,20260917_002136,SR650a V4,6787P,RTX PRO 6000,Efficient-Large-Model/Sana_1600M_1024px_diffusers,cuda,bfloat16,disabled,bf16,interactive,30,30,4,1,PASS,ok,,,2.66702,160.021,0.89,,,136.89,,,,,,,7520.0,12410.0,13280.0,7850.0,1870.0,100.0,0,1.00,29,5.4,94.1,,,912.8,,server_dit_Efficient-Large-Model_Sana_1600M_1024px_diffusers_bfloat16_cuda2r_20260917_002136.txt
server_dit_benchmark,20260917_002136,SR650a V4,6787P,RTX PRO 6000,Efficient-Large-Model/Sana_1600M_1024px_diffusers,cuda,bfloat16,disabled,bf16,interactive,30,30,5,0,FAIL,met SLA but not steady state (p95 drift x1.65),,,2.77762,166.657,0.92,,,134.90,,,,,,,10090.0,16210.0,17260.0,10390.0,2540.0,100.0,0,1.00,39,5.4,94.2,,,905.5,,server_dit_Efficient-Large-Model_Sana_1600M_1024px_diffusers_bfloat16_cuda2r_20260917_002136.txt
server_dit_benchmark,20260917_002136,SR650a V4,6787P,RTX PRO 6000,Efficient-Large-Model/Sana_1600M_1024px_diffusers,cuda,bfloat16,disabled,bf16,interactive,30,30,6,0,FAIL,met SLA but not steady state (p95 drift x1.84),,,3.01275,180.765,1.00,,,132.02,,,,,,,13460.0,23150.0,24220.0,14070.0,inf,100.0,0,1.00,53,5.3,94.4,,,890.8,,server_dit_Efficient-Large-Model_Sana_1600M_1024px_diffusers_bfloat16_cuda2r_20260917_002136.txt
server_dit_benchmark,20260917_003231,SR650a V4,6787P,RTX PRO 6000,Efficient-Large-Model/Sana_1600M_1024px_diffusers,cuda,bfloat16,fp8,fp8,interactive,30,30,1,0,PASS,ok,,,1.71660,102.996,0.50,,,98.95,,,,,,,590.0,1210.0,1550.0,730.0,680.0,100.0,0,1.00,3,3.4,44.7,,,838.8,,server_dit_Efficient-Large-Model_Sana_1600M_1024px_diffusers_bfloat16-fp8_cuda2r_20260917_003231.txt
server_dit_benchmark,20260917_003231,SR650a V4,6787P,RTX PRO 6000,Efficient-Large-Model/Sana_1600M_1024px_diffusers,cuda,bfloat16,fp8,fp8,interactive,30,30,2,0,PASS,ok,,,2.40323,144.194,0.70,,,138.23,,,,,,,910.0,1900.0,2180.0,1030.0,860.0,100.0,0,1.00,5,4.8,69.6,,,972.4,,server_dit_Efficient-Large-Model_Sana_1600M_1024px_diffusers_bfloat16-fp8_cuda2r_20260917_003231.txt
server_dit_benchmark,20260917_003231,SR650a V4,6787P,RTX PRO 6000,Efficient-Large-Model/Sana_1600M_1024px_diffusers,cuda,bfloat16,fp8,fp8,interactive,30,30,3,0,PASS,ok,,,2.91822,175.093,0.85,,,150.45,,,,,,,5890.0,10850.0,11770.0,6390.0,1340.0,100.0,0,1.00,27,5.7,91.5,,,4160.1,,server_dit_Efficient-Large-Model_Sana_1600M_1024px_diffusers_bfloat16-fp8_cuda2r_20260917_003231.txt
server_dit_benchmark,20260917_003231,SR650a V4,6787P,RTX PRO 6000,Efficient-Large-Model/Sana_1600M_1024px_diffusers,cuda,bfloat16,fp8,fp8,interactive,30,30,4,1,PASS,ok,,,3.03922,182.353,0.89,,,150.49,,,,,,,8170.0,13620.0,14520.0,8510.0,1640.0,100.0,0,1.00,36,5.7,91.9,,,889.7,,server_dit_Efficient-Large-Model_Sana_1600M_1024px_diffusers_bfloat16-fp8_cuda2r_20260917_003231.txt
server_dit_benchmark,20260917_003231,SR650a V4,6787P,RTX PRO 6000,Efficient-Large-Model/Sana_1600M_1024px_diffusers,cuda,bfloat16,fp8,fp8,interactive,30,30,5,0,FAIL,met SLA but not steady state (p95 drift x1.75),,,3.16525,189.915,0.92,,,150.50,,,,,,,9470.0,15780.0,17000.0,9900.0,2230.0,100.0,0,1.00,41,5.7,91.9,,,891.3,,server_dit_Efficient-Large-Model_Sana_1600M_1024px_diffusers_bfloat16-fp8_cuda2r_20260917_003231.txt
server_dit_benchmark,20260917_003231,SR650a V4,6787P,RTX PRO 6000,Efficient-Large-Model/Sana_1600M_1024px_diffusers,cuda,bfloat16,fp8,fp8,interactive,30,30,6,0,FAIL,met SLA but not steady state (p95 drift x1.81),,,3.43320,205.992,1.00,,,150.26,,,,,,,12140.0,20630.0,21610.0,12600.0,inf,100.0,0,1.00,54,5.7,91.7,,,888.2,,server_dit_Efficient-Large-Model_Sana_1600M_1024px_diffusers_bfloat16-fp8_cuda2r_20260917_003231.txt
server_dit_benchmark,20260917_005302,SR650a V4,6787P,RTX PRO 6000,PixArt-alpha/PixArt-Sigma-XL-2-1024-MS,cuda,bfloat16,disabled,bf16,interactive,30,30,1,0,PASS,ok,,,0.71157,42.694,0.50,,,41.02,,,,,,,1450.0,3010.0,3910.0,1800.0,1640.0,100.0,0,1.00,4,2.2,48.1,,,858.9,,server_dit_PixArt-alpha_PixArt-Sigma-XL-2-1024-MS_bfloat16_cuda2r_20260917_005302.txt
server_dit_benchmark,20260917_005302,SR650a V4,6787P,RTX PRO 6000,PixArt-alpha/PixArt-Sigma-XL-2-1024-MS,cuda,bfloat16,disabled,bf16,interactive,30,30,2,0,PASS,ok,,,0.99618,59.771,0.70,,,57.28,,,,,,,2760.0,5470.0,6350.0,2980.0,2080.0,100.0,0,1.00,7,3.2,78.0,,,915.0,,server_dit_PixArt-alpha_PixArt-Sigma-XL-2-1024-MS_bfloat16_cuda2r_20260917_005302.txt
server_dit_benchmark,20260917_005302,SR650a V4,6787P,RTX PRO 6000,PixArt-alpha/PixArt-Sigma-XL-2-1024-MS,cuda,bfloat16,disabled,bf16,interactive,30,30,3,0,PASS,ok,,,1.09773,65.864,0.77,,,63.05,,,,,,,5930.0,9020.0,9980.0,5380.0,2440.0,100.0,0,1.00,10,3.7,92.0,,,2280.4,,server_dit_PixArt-alpha_PixArt-Sigma-XL-2-1024-MS_bfloat16_cuda2r_20260917_005302.txt
server_dit_benchmark,20260917_005302,SR650a V4,6787P,RTX PRO 6000,PixArt-alpha/PixArt-Sigma-XL-2-1024-MS,cuda,bfloat16,disabled,bf16,interactive,30,30,4,1,PASS,ok,,,1.15233,69.140,0.81,,,65.30,,,,,,,7740.0,12370.0,13330.0,8130.0,2740.0,100.0,0,1.00,13,3.8,97.1,,,908.1,,server_dit_PixArt-alpha_PixArt-Sigma-XL-2-1024-MS_bfloat16_cuda2r_20260917_005302.txt
server_dit_benchmark,20260917_005302,SR650a V4,6787P,RTX PRO 6000,PixArt-alpha/PixArt-Sigma-XL-2-1024-MS,cuda,bfloat16,disabled,bf16,interactive,30,30,5,0,FAIL,met SLA but not steady state (p95 drift x1.51),,,1.20965,72.579,0.85,,,65.79,,,,,,,10440.0,18160.0,19330.0,10980.0,3230.0,100.0,0,1.00,21,3.9,97.1,,,915.2,,server_dit_PixArt-alpha_PixArt-Sigma-XL-2-1024-MS_bfloat16_cuda2r_20260917_005302.txt
server_dit_benchmark,20260917_011209,SR650a V4,6787P,RTX PRO 6000,PixArt-alpha/PixArt-Sigma-XL-2-1024-MS,cuda,bfloat16,fp8,fp8,interactive,30,30,1,0,PASS,ok,,,0.84427,50.656,0.50,,,48.67,,,,,,,1230.0,2680.0,3200.0,1550.0,1380.0,100.0,0,1.00,5,2.2,49.7,,,858.2,,server_dit_PixArt-alpha_PixArt-Sigma-XL-2-1024-MS_bfloat16-fp8_cuda2r_20260917_011209.txt
server_dit_benchmark,20260917_011209,SR650a V4,6787P,RTX PRO 6000,PixArt-alpha/PixArt-Sigma-XL-2-1024-MS,cuda,bfloat16,fp8,fp8,interactive,30,30,2,0,PASS,ok,,,1.18197,70.918,0.70,,,67.93,,,,,,,3440.0,6690.0,7120.0,3560.0,1750.0,100.0,0,1.00,7,3.4,86.0,,,881.9,,server_dit_PixArt-alpha_PixArt-Sigma-XL-2-1024-MS_bfloat16-fp8_cuda2r_20260917_011209.txt
server_dit_benchmark,20260917_011209,SR650a V4,6787P,RTX PRO 6000,PixArt-alpha/PixArt-Sigma-XL-2-1024-MS,cuda,bfloat16,fp8,fp8,interactive,30,30,3,0,PASS,ok,,,1.30247,78.148,0.77,,,74.74,,,,,,,6490.0,9910.0,10390.0,6400.0,2050.0,100.0,0,1.00,12,3.8,95.5,,,899.3,,server_dit_PixArt-alpha_PixArt-Sigma-XL-2-1024-MS_bfloat16-fp8_cuda2r_20260917_011209.txt
server_dit_benchmark,20260917_011209,SR650a V4,6787P,RTX PRO 6000,PixArt-alpha/PixArt-Sigma-XL-2-1024-MS,cuda,bfloat16,fp8,fp8,interactive,30,30,4,1,PASS,ok,,,1.36725,82.035,0.81,,,75.70,,,,,,,8430.0,13380.0,14650.0,8770.0,2310.0,100.0,0,1.00,17,3.8,95.9,,,908.5,,server_dit_PixArt-alpha_PixArt-Sigma-XL-2-1024-MS_bfloat16-fp8_cuda2r_20260917_011209.txt
server_dit_benchmark,20260917_011209,SR650a V4,6787P,RTX PRO 6000,PixArt-alpha/PixArt-Sigma-XL-2-1024-MS,cuda,bfloat16,fp8,fp8,interactive,30,30,5,0,FAIL,met SLA but not steady state (p95 drift x1.65),,,1.43525,86.115,0.85,,,73.98,,,,,,,13370.0,22830.0,24350.0,14140.0,2730.0,100.0,0,1.00,30,3.8,96.2,,,887.6,,server_dit_PixArt-alpha_PixArt-Sigma-XL-2-1024-MS_bfloat16-fp8_cuda2r_20260917_011209.txt
server_dit_benchmark,20260917_013453,SR650a V4,6787P,RTX PRO 6000,PixArt-alpha/PixArt-Sigma-XL-2-1024-MS,cuda,bfloat16,fp4,fp4,interactive,30,30,1,0,PASS,ok,,,0.85138,51.083,0.50,,,49.08,,,,,,,1210.0,2490.0,3170.0,1500.0,1370.0,100.0,0,1.00,4,2.2,47.6,,,854.5,,server_dit_PixArt-alpha_PixArt-Sigma-XL-2-1024-MS_bfloat16-fp4_cuda2r_20260917_013453.txt
server_dit_benchmark,20260917_013453,SR650a V4,6787P,RTX PRO 6000,PixArt-alpha/PixArt-Sigma-XL-2-1024-MS,cuda,bfloat16,fp4,fp4,interactive,30,30,2,0,PASS,ok,,,1.19193,71.516,0.70,,,68.53,,,,,,,2780.0,5440.0,6290.0,2940.0,1740.0,100.0,0,1.00,7,3.4,81.2,,,2395.1,,server_dit_PixArt-alpha_PixArt-Sigma-XL-2-1024-MS_bfloat16-fp4_cuda2r_20260917_013453.txt
server_dit_benchmark,20260917_013453,SR650a V4,6787P,RTX PRO 6000,PixArt-alpha/PixArt-Sigma-XL-2-1024-MS,cuda,bfloat16,fp4,fp4,interactive,30,30,3,0,PASS,ok,,,1.31345,78.807,0.77,,,75.46,,,,,,,5230.0,8010.0,8750.0,4770.0,2040.0,100.0,0,1.00,10,3.8,93.1,,,906.0,,server_dit_PixArt-alpha_PixArt-Sigma-XL-2-1024-MS_bfloat16-fp4_cuda2r_20260917_013453.txt
server_dit_benchmark,20260917_013453,SR650a V4,6787P,RTX PRO 6000,PixArt-alpha/PixArt-Sigma-XL-2-1024-MS,cuda,bfloat16,fp4,fp4,interactive,30,30,4,1,PASS,ok,,,1.37877,82.726,0.81,,,77.69,,,,,,,7100.0,11270.0,12150.0,7450.0,2290.0,100.0,0,1.00,15,3.9,96.4,,,912.6,,server_dit_PixArt-alpha_PixArt-Sigma-XL-2-1024-MS_bfloat16-fp4_cuda2r_20260917_013453.txt
server_dit_benchmark,20260917_013453,SR650a V4,6787P,RTX PRO 6000,PixArt-alpha/PixArt-Sigma-XL-2-1024-MS,cuda,bfloat16,fp4,fp4,interactive,30,30,5,0,FAIL,met SLA but not steady state (p95 drift x1.63),,,1.44735,86.841,0.85,,,75.93,,,,,,,11760.0,20330.0,21670.0,12430.0,2700.0,100.0,0,1.00,27,3.9,96.4,,,892.5,,server_dit_PixArt-alpha_PixArt-Sigma-XL-2-1024-MS_bfloat16-fp4_cuda2r_20260917_013453.txt
server_dit_benchmark,20260917_015346,SR650a V4,6787P,RTX PRO 6000,stabilityai/stable-diffusion-3.5-medium,cuda,bfloat16,disabled,bf16,interactive,30,30,1,0,PASS,ok,,,0.52453,31.472,0.50,,,30.24,,,,,,,2010.0,4360.0,5570.0,2490.0,2220.0,100.0,0,1.00,4,1.4,49.2,,,851.2,,server_dit_stabilityai_stable-diffusion-3.5-medium_bfloat16_cuda2r_20260917_015346.txt
server_dit_benchmark,20260917_015346,SR650a V4,6787P,RTX PRO 6000,stabilityai/stable-diffusion-3.5-medium,cuda,bfloat16,disabled,bf16,interactive,30,30,2,0,PASS,ok,,,0.73435,44.061,0.70,,,42.24,,,,,,,4050.0,7980.0,9320.0,4310.0,2820.0,100.0,0,1.00,7,2.2,79.9,,,1831.9,,server_dit_stabilityai_stable-diffusion-3.5-medium_bfloat16_cuda2r_20260917_015346.txt
server_dit_benchmark,20260917_015346,SR650a V4,6787P,RTX PRO 6000,stabilityai/stable-diffusion-3.5-medium,cuda,bfloat16,disabled,bf16,interactive,30,30,3,1,PASS,ok,,,0.80922,48.553,0.77,,,46.46,,,,,,,9080.0,13800.0,14930.0,8530.0,3310.0,100.0,0,1.00,11,2.6,96.0,,,1919.1,,server_dit_stabilityai_stable-diffusion-3.5-medium_bfloat16_cuda2r_20260917_015346.txt
server_dit_benchmark,20260917_015346,SR650a V4,6787P,RTX PRO 6000,stabilityai/stable-diffusion-3.5-medium,cuda,bfloat16,disabled,bf16,interactive,30,30,4,0,FAIL,met SLA but not steady state (p95 drift x1.30),,,0.84947,50.968,0.81,,,47.25,,,,,,,12970.0,21120.0,22430.0,13710.0,3720.0,100.0,0,1.00,17,2.6,98.1,,,908.4,,server_dit_stabilityai_stable-diffusion-3.5-medium_bfloat16_cuda2r_20260917_015346.txt
server_dit_benchmark,20260917_015346,SR650a V4,6787P,RTX PRO 6000,stabilityai/stable-diffusion-3.5-medium,cuda,bfloat16,disabled,bf16,interactive,30,30,5,0,FAIL,met SLA but not steady state (p95 drift x1.58),,,0.89172,53.503,0.85,,,47.54,,,,,,,17010.0,29330.0,31350.0,17770.0,4390.0,96.0,0,1.00,24,2.6,97.9,,,913.7,,server_dit_stabilityai_stable-diffusion-3.5-medium_bfloat16_cuda2r_20260917_015346.txt
server_dit_benchmark,20260917_021953,SR650a V4,6787P,RTX PRO 6000,stabilityai/stable-diffusion-3.5-medium,cuda,bfloat16,fp8,fp8,interactive,30,30,1,0,PASS,ok,,,0.66063,39.638,0.50,,,38.08,,,,,,,1660.0,3510.0,4140.0,2040.0,1770.0,100.0,0,1.00,5,1.5,49.0,,,1677.8,,server_dit_stabilityai_stable-diffusion-3.5-medium_bfloat16-fp8_cuda2r_20260917_021953.txt
server_dit_benchmark,20260917_021953,SR650a V4,6787P,RTX PRO 6000,stabilityai/stable-diffusion-3.5-medium,cuda,bfloat16,fp8,fp8,interactive,30,30,2,0,PASS,ok,,,0.92488,55.493,0.70,,,53.15,,,,,,,4680.0,8280.0,9420.0,4670.0,2240.0,100.0,0,1.00,8,2.5,86.4,,,887.1,,server_dit_stabilityai_stable-diffusion-3.5-medium_bfloat16-fp8_cuda2r_20260917_021953.txt
server_dit_benchmark,20260917_021953,SR650a V4,6787P,RTX PRO 6000,stabilityai/stable-diffusion-3.5-medium,cuda,bfloat16,fp8,fp8,interactive,30,30,3,1,PASS,ok,,,1.01917,61.150,0.77,,,58.52,,,,,,,7880.0,12130.0,12690.0,7880.0,2630.0,100.0,0,1.00,11,2.7,95.4,,,2187.2,,server_dit_stabilityai_stable-diffusion-3.5-medium_bfloat16-fp8_cuda2r_20260917_021953.txt
server_dit_benchmark,20260917_021953,SR650a V4,6787P,RTX PRO 6000,stabilityai/stable-diffusion-3.5-medium,cuda,bfloat16,fp8,fp8,interactive,30,30,4,0,FAIL,met SLA but not steady state (p95 drift x1.32),,,1.06985,64.191,0.81,,,58.60,,,,,,,12280.0,19810.0,21100.0,12870.0,2950.0,100.0,0,1.00,20,2.8,95.4,,,910.1,,server_dit_stabilityai_stable-diffusion-3.5-medium_bfloat16-fp8_cuda2r_20260917_021953.txt
server_dit_benchmark,20260917_021953,SR650a V4,6787P,RTX PRO 6000,stabilityai/stable-diffusion-3.5-medium,cuda,bfloat16,fp8,fp8,interactive,30,30,5,0,FAIL,stopped early: 13 scored misses already put p95 over the SLA,,,1.12307,67.384,0.85,,,57.07,,,,,,,18300.0,30550.0,31790.0,18780.0,3480.0,92.8,0,1.00,32,2.7,95.6,,,893.8,,server_dit_stabilityai_stable-diffusion-3.5-medium_bfloat16-fp8_cuda2r_20260917_021953.txt
server_dit_benchmark,20260917_024519,SR650a V4,6787P,RTX PRO 6000,stabilityai/stable-diffusion-3.5-medium,cuda,bfloat16,fp4,fp4,interactive,30,30,1,0,PASS,ok,,,0.72852,43.711,0.50,,,41.99,,,,,,,1460.0,3090.0,3730.0,1820.0,1600.0,100.0,0,1.00,5,1.6,48.1,,,849.0,,server_dit_stabilityai_stable-diffusion-3.5-medium_bfloat16-fp4_cuda2r_20260917_024519.txt
server_dit_benchmark,20260917_024519,SR650a V4,6787P,RTX PRO 6000,stabilityai/stable-diffusion-3.5-medium,cuda,bfloat16,fp4,fp4,interactive,30,30,2,0,PASS,ok,,,1.01992,61.195,0.70,,,58.62,,,,,,,4160.0,7390.0,8170.0,4150.0,2030.0,100.0,0,1.00,7,2.5,83.3,,,2167.8,,server_dit_stabilityai_stable-diffusion-3.5-medium_bfloat16-fp4_cuda2r_20260917_024519.txt
server_dit_benchmark,20260917_024519,SR650a V4,6787P,RTX PRO 6000,stabilityai/stable-diffusion-3.5-medium,cuda,bfloat16,fp4,fp4,interactive,30,30,3,1,PASS,ok,,,1.12390,67.434,0.77,,,64.54,,,,,,,7130.0,10810.0,11480.0,7010.0,2380.0,100.0,0,1.00,11,2.8,94.7,,,907.9,,server_dit_stabilityai_stable-diffusion-3.5-medium_bfloat16-fp4_cuda2r_20260917_024519.txt
server_dit_benchmark,20260917_024519,SR650a V4,6787P,RTX PRO 6000,stabilityai/stable-diffusion-3.5-medium,cuda,bfloat16,fp4,fp4,interactive,30,30,4,0,FAIL,met SLA but not steady state (p95 drift x1.32),,,1.17978,70.787,0.81,,,64.77,,,,,,,10750.0,17480.0,18740.0,11240.0,2680.0,100.0,0,1.00,20,2.8,94.7,,,909.2,,server_dit_stabilityai_stable-diffusion-3.5-medium_bfloat16-fp4_cuda2r_20260917_024519.txt
server_dit_benchmark,20260917_024519,SR650a V4,6787P,RTX PRO 6000,stabilityai/stable-diffusion-3.5-medium,cuda,bfloat16,fp4,fp4,interactive,30,30,5,0,FAIL,met SLA but not steady state (p95 drift x1.63),,,1.23847,74.308,0.85,,,63.26,,,,,,,17170.0,28000.0,29610.0,17590.0,3160.0,99.0,0,1.00,31,2.8,94.9,,,891.3,,server_dit_stabilityai_stable-diffusion-3.5-medium_bfloat16-fp4_cuda2r_20260917_024519.txt
server_dit_benchmark,20260917_030855,SR650a V4,6787P,RTX PRO 6000,stabilityai/stable-diffusion-3.5-large,cuda,bfloat16,disabled,bf16,interactive,30,30,1,0,PASS,ok,,,0.20948,12.569,0.50,,,12.08,,,,,,,5160.0,11580.0,14290.0,6430.0,5570.0,100.0,0,1.00,5,1.2,50.9,,,1101.4,,server_dit_stabilityai_stable-diffusion-3.5-large_bfloat16_cuda2r_20260917_030855.txt
server_dit_benchmark,20260917_030855,SR650a V4,6787P,RTX PRO 6000,stabilityai/stable-diffusion-3.5-large,cuda,bfloat16,disabled,bf16,interactive,30,30,2,0,PASS,ok,,,0.29327,17.596,0.70,,,16.87,,,,,,,11260.0,21680.0,25510.0,11810.0,7070.0,100.0,0,1.00,7,1.9,82.8,,,1270.1,,server_dit_stabilityai_stable-diffusion-3.5-large_bfloat16_cuda2r_20260917_030855.txt
server_dit_benchmark,20260917_030855,SR650a V4,6787P,RTX PRO 6000,stabilityai/stable-diffusion-3.5-large,cuda,bfloat16,disabled,bf16,interactive,30,30,3,1,PASS,ok,,,0.30785,18.471,0.73,,,17.69,,,,,,,18560.0,28760.0,32750.0,17020.0,7580.0,97.0,0,1.00,10,2.1,92.0,,,1286.8,,server_dit_stabilityai_stable-diffusion-3.5-large_bfloat16_cuda2r_20260917_030855.txt
server_dit_benchmark,20260917_030855,SR650a V4,6787P,RTX PRO 6000,stabilityai/stable-diffusion-3.5-large,cuda,bfloat16,disabled,bf16,interactive,30,30,4,0,FAIL,stopped early: 13 scored misses already put p95 over the SLA,,,0.32317,19.390,0.77,,,17.54,,,,,,,25000.0,39490.0,40790.0,26180.0,8280.0,74.0,0,1.00,11,2.3,98.4,,,907.4,,server_dit_stabilityai_stable-diffusion-3.5-large_bfloat16_cuda2r_20260917_030855.txt
server_dit_benchmark,20260917_030855,SR650a V4,6787P,RTX PRO 6000,stabilityai/stable-diffusion-3.5-large,cuda,bfloat16,disabled,bf16,interactive,30,30,5,0,FAIL,stopped early: 13 scored misses already put p95 over the SLA,,,0.35612,21.367,0.85,,,17.52,,,,,,,26400.0,42320.0,45800.0,27880.0,10990.0,69.0,0,1.00,15,2.3,98.1,,,915.2,,server_dit_stabilityai_stable-diffusion-3.5-large_bfloat16_cuda2r_20260917_030855.txt
server_dit_benchmark,20260917_035747,SR650a V4,6787P,RTX PRO 6000,stabilityai/stable-diffusion-3.5-large,cuda,bfloat16,fp8,fp8,interactive,30,30,1,0,PASS,ok,,,0.29590,17.754,0.50,,,17.06,,,,,,,3970.0,8360.0,10170.0,4810.0,3940.0,100.0,0,1.00,4,1.3,52.3,,,1214.7,,server_dit_stabilityai_stable-diffusion-3.5-large_bfloat16-fp8_cuda2r_20260917_035747.txt
server_dit_benchmark,20260917_035747,SR650a V4,6787P,RTX PRO 6000,stabilityai/stable-diffusion-3.5-large,cuda,bfloat16,fp8,fp8,interactive,30,30,2,0,PASS,ok,,,0.41427,24.856,0.70,,,23.81,,,,,,,10950.0,18490.0,21640.0,10490.0,5000.0,100.0,0,1.00,8,2.1,87.8,,,1418.3,,server_dit_stabilityai_stable-diffusion-3.5-large_bfloat16-fp8_cuda2r_20260917_035747.txt
server_dit_benchmark,20260917_035747,SR650a V4,6787P,RTX PRO 6000,stabilityai/stable-diffusion-3.5-large,cuda,bfloat16,fp8,fp8,interactive,30,30,3,1,PASS,ok,,,0.43487,26.092,0.73,,,24.98,,,,,,,15140.0,23610.0,25880.0,14000.0,5360.0,100.0,0,1.00,10,2.3,94.1,,,1450.4,,server_dit_stabilityai_stable-diffusion-3.5-large_bfloat16-fp8_cuda2r_20260917_035747.txt
server_dit_benchmark,20260917_035747,SR650a V4,6787P,RTX PRO 6000,stabilityai/stable-diffusion-3.5-large,cuda,bfloat16,fp8,fp8,interactive,30,30,4,0,FAIL,stopped early: 12 scored misses already put p95 over the SLA,,,0.45650,27.390,0.77,,,24.83,,,,,,,24180.0,31080.0,32290.0,23210.0,5860.0,86.2,0,1.00,13,2.3,96.6,,,907.7,,server_dit_stabilityai_stable-diffusion-3.5-large_bfloat16-fp8_cuda2r_20260917_035747.txt
server_dit_benchmark,20260917_035747,SR650a V4,6787P,RTX PRO 6000,stabilityai/stable-diffusion-3.5-large,cuda,bfloat16,fp8,fp8,interactive,30,30,5,0,FAIL,stopped early: 13 scored misses already put p95 over the SLA,,,0.50305,30.183,0.85,,,24.36,,,,,,,21390.0,37370.0,39520.0,24100.0,7780.0,74.0,0,1.00,16,2.4,96.9,,,915.8,,server_dit_stabilityai_stable-diffusion-3.5-large_bfloat16-fp8_cuda2r_20260917_035747.txt
server_dit_benchmark,20260917_043730,SR650a V4,6787P,RTX PRO 6000,stabilityai/stable-diffusion-3.5-large,cuda,bfloat16,fp4,fp4,interactive,30,30,1,0,PASS,ok,,,0.35952,21.571,0.50,,,20.72,,,,,,,3240.0,6800.0,8300.0,3970.0,3250.0,100.0,0,1.00,4,1.4,53.1,,,1299.7,,server_dit_stabilityai_stable-diffusion-3.5-large_bfloat16-fp4_cuda2r_20260917_043730.txt
server_dit_benchmark,20260917_043730,SR650a V4,6787P,RTX PRO 6000,stabilityai/stable-diffusion-3.5-large,cuda,bfloat16,fp4,fp4,interactive,30,30,2,0,PASS,ok,,,0.50333,30.200,0.70,,,28.93,,,,,,,8500.0,14620.0,17140.0,8370.0,4120.0,100.0,0,1.00,8,2.2,86.4,,,1531.4,,server_dit_stabilityai_stable-diffusion-3.5-large_bfloat16-fp4_cuda2r_20260917_043730.txt
server_dit_benchmark,20260917_043730,SR650a V4,6787P,RTX PRO 6000,stabilityai/stable-diffusion-3.5-large,cuda,bfloat16,fp4,fp4,interactive,30,30,3,1,PASS,ok,,,0.55465,33.279,0.77,,,31.18,,,,,,,17940.0,28010.0,30220.0,18720.0,4820.0,98.0,0,1.00,15,2.4,96.7,,,910.2,,server_dit_stabilityai_stable-diffusion-3.5-large_bfloat16-fp4_cuda2r_20260917_043730.txt
server_dit_benchmark,20260917_043730,SR650a V4,6787P,RTX PRO 6000,stabilityai/stable-diffusion-3.5-large,cuda,bfloat16,fp4,fp4,interactive,30,30,4,0,FAIL,stopped early: 12 scored misses already put p95 over the SLA,,,0.58223,34.934,0.81,,,30.87,,,,,,,24480.0,30870.0,32150.0,23470.0,5430.0,91.5,0,1.00,20,2.4,96.5,,,910.5,,server_dit_stabilityai_stable-diffusion-3.5-large_bfloat16-fp4_cuda2r_20260917_043730.txt
server_dit_benchmark,20260917_043730,SR650a V4,6787P,RTX PRO 6000,stabilityai/stable-diffusion-3.5-large,cuda,bfloat16,fp4,fp4,interactive,30,30,5,0,FAIL,stopped early: 13 scored misses already put p95 over the SLA,,,0.61120,36.672,0.85,,,30.65,,,,,,,23910.0,32770.0,34590.0,22820.0,6400.0,82.4,0,1.00,18,2.4,96.7,,,920.0,,server_dit_stabilityai_stable-diffusion-3.5-large_bfloat16-fp4_cuda2r_20260917_043730.txt
server_dit_benchmark,20260917_063124,SR650a V4,6787P,RTX PRO 6000,Efficient-Large-Model/Sana_600M_1024px_diffusers,cpu,bfloat16,disabled,bf16,interactive,30,30,1,0,PASS,ok,,,0.14995,8.997,0.50,,,10.30,,,,,,,12850.0,20930.0,22280.0,14680.0,13920.0,100.0,0,1.00,4,88.7,,,,1350.0,,server_dit_Efficient-Large-Model_Sana_600M_1024px_diffusers_bfloat16_cpu4r_20260917_063124.txt
server_dit_benchmark,20260917_063124,SR650a V4,6787P,RTX PRO 6000,Efficient-Large-Model/Sana_600M_1024px_diffusers,cpu,bfloat16,disabled,bf16,interactive,30,30,2,0,PASS,ok,,,0.20992,12.595,0.70,,,13.72,,,,,,,17480.0,25870.0,29800.0,17980.0,15730.0,98.0,0,1.00,6,120.4,,,,1698.0,,server_dit_Efficient-Large-Model_Sana_600M_1024px_diffusers_bfloat16_cpu4r_20260917_063124.txt
server_dit_benchmark,20260917_063124,SR650a V4,6787P,RTX PRO 6000,Efficient-Large-Model/Sana_600M_1024px_diffusers,cpu,bfloat16,disabled,bf16,interactive,30,30,3,1,PASS,ok,,,0.25492,15.295,0.85,,,15.75,,,,,,,22720.0,29320.0,32820.0,21360.0,21020.0,98.0,0,1.00,7,138.0,,,,533.4,,server_dit_Efficient-Large-Model_Sana_600M_1024px_diffusers_bfloat16_cpu4r_20260917_063124.txt
server_dit_benchmark,20260917_063124,SR650a V4,6787P,RTX PRO 6000,Efficient-Large-Model/Sana_600M_1024px_diffusers,cpu,bfloat16,disabled,bf16,interactive,30,30,4,0,FAIL,stopped early: 4 scored misses already put p95 over the SLA,,,0.26548,15.929,0.89,,,15.70,,,,,,,23220.0,30250.0,33820.0,22610.0,24380.0,91.5,0,1.00,7,139.8,,,,1987.5,,server_dit_Efficient-Large-Model_Sana_600M_1024px_diffusers_bfloat16_cpu4r_20260917_063124.txt
server_dit_benchmark,20260917_063124,SR650a V4,6787P,RTX PRO 6000,Efficient-Large-Model/Sana_600M_1024px_diffusers,cpu,bfloat16,disabled,bf16,interactive,30,30,5,0,FAIL,stopped early: 5 scored misses already put p95 over the SLA,,,0.27648,16.589,0.92,,,16.23,,,,,,,24800.0,30530.0,35850.0,23480.0,31170.0,89.6,0,1.00,7,144.3,,,,544.1,,server_dit_Efficient-Large-Model_Sana_600M_1024px_diffusers_bfloat16_cpu4r_20260917_063124.txt
server_dit_benchmark,20260917_063124,SR650a V4,6787P,RTX PRO 6000,Efficient-Large-Model/Sana_600M_1024px_diffusers,cpu,bfloat16,disabled,bf16,interactive,30,30,6,0,FAIL,stopped early: 5 scored misses already put p95 over the SLA,,,0.29990,17.994,1.00,,,12.86,,,,,,,29120.0,33450.0,33950.0,28730.0,inf,66.7,0,1.00,8,137.3,,,,532.4,,server_dit_Efficient-Large-Model_Sana_600M_1024px_diffusers_bfloat16_cpu4r_20260917_063124.txt
