level_rpm,index,measured,status,replica,batch_size,latency_s,harness_lag_s,queue_wait_s,service_s,ipc_s,text_encode_s,denoise_s,decode_s,jpeg_s,error
142.8771,0,0,ok,0,1,0.4203,0.0013,0.0000,0.4176,0.0013,0.0551,0.2773,0.0817,0.0035,
142.8771,1,0,ok,1,1,0.4206,0.0017,0.0000,0.4170,0.0018,0.0522,0.2795,0.0818,0.0034,
142.8771,2,0,ok,0,1,0.6949,0.0005,0.2742,0.4196,0.0006,0.0564,0.2775,0.0818,0.0039,
142.8771,3,0,ok,1,1,0.6002,0.0006,0.1788,0.4200,0.0007,0.0559,0.2794,0.0817,0.0029,
142.8771,4,0,ok,0,1,0.4472,0.0013,0.0275,0.4179,0.0005,0.0546,0.2775,0.0817,0.0040,
142.8771,5,0,ok,1,1,0.4208,0.0012,0.0000,0.4184,0.0011,0.0531,0.2795,0.0817,0.0041,
142.8771,6,0,ok,0,1,0.4175,0.0012,0.0000,0.4158,0.0005,0.0536,0.2772,0.0816,0.0034,
142.8771,7,0,ok,1,1,0.4174,0.0002,0.0000,0.4160,0.0011,0.0520,0.2786,0.0818,0.0036,
142.8771,8,0,ok,0,1,0.5655,0.0006,0.1486,0.4159,0.0004,0.0541,0.2772,0.0815,0.0032,
142.8771,9,0,ok,1,1,0.5925,0.0020,0.1725,0.4172,0.0008,0.0532,0.2787,0.0816,0.0037,
142.8771,10,1,ok,0,1,0.8684,0.0006,0.4486,0.4188,0.0004,0.0546,0.2783,0.0819,0.0040,
142.8771,11,1,ok,1,1,0.6132,0.0007,0.1926,0.4189,0.0010,0.0547,0.2785,0.0818,0.0038,
142.8771,12,1,ok,0,1,0.9811,0.0005,0.5610,0.4192,0.0004,0.0542,0.2773,0.0844,0.0032,
142.8771,13,1,ok,1,1,0.9269,0.0006,0.5082,0.4169,0.0011,0.0536,0.2786,0.0816,0.0031,
142.8771,14,1,ok,0,1,0.8645,0.0015,0.4458,0.4169,0.0003,0.0541,0.2773,0.0816,0.0039,
142.8771,15,1,ok,1,1,0.5736,0.0009,0.1547,0.4170,0.0010,0.0535,0.2786,0.0817,0.0033,
142.8771,16,1,ok,0,1,0.8546,0.0015,0.4278,0.4250,0.0003,0.0542,0.2777,0.0891,0.0040,
142.8771,17,1,ok,1,1,0.5142,0.0006,0.0947,0.4171,0.0018,0.0530,0.2787,0.0816,0.0037,
142.8771,18,1,ok,0,1,0.4181,0.0003,0.0000,0.4157,0.0020,0.0533,0.2768,0.0816,0.0039,
142.8771,19,1,ok,1,1,0.4178,0.0008,0.0000,0.4166,0.0004,0.0523,0.2786,0.0817,0.0040,
142.8771,20,1,ok,0,1,0.4200,0.0011,0.0000,0.4183,0.0006,0.0536,0.2796,0.0819,0.0032,
142.8771,21,1,ok,1,1,0.4201,0.0002,0.0000,0.4179,0.0020,0.0548,0.2784,0.0819,0.0027,
142.8771,22,1,ok,0,1,0.4196,0.0021,0.0000,0.4169,0.0005,0.0547,0.2776,0.0816,0.0030,
142.8771,23,1,ok,1,1,0.5924,0.0004,0.1741,0.4159,0.0020,0.0528,0.2783,0.0816,0.0032,
142.8771,24,1,ok,0,1,0.4216,0.0020,0.0000,0.4191,0.0005,0.0570,0.2774,0.0817,0.0029,
142.8771,25,1,ok,1,1,0.4176,0.0010,0.0000,0.4151,0.0015,0.0519,0.2779,0.0817,0.0035,
142.8771,26,1,ok,0,1,0.6274,0.0005,0.2079,0.4186,0.0004,0.0546,0.2777,0.0828,0.0035,
142.8771,27,1,ok,1,1,0.7520,0.0009,0.3331,0.4162,0.0018,0.0527,0.2782,0.0816,0.0037,
142.8771,28,1,ok,0,1,0.4174,0.0005,0.0000,0.4163,0.0006,0.0535,0.2775,0.0816,0.0035,
142.8771,29,1,ok,1,1,0.4197,0.0014,0.0000,0.4172,0.0011,0.0525,0.2795,0.0817,0.0034,
142.8771,30,1,ok,0,1,0.4193,0.0009,0.0000,0.4179,0.0005,0.0537,0.2788,0.0817,0.0036,
142.8771,31,1,ok,1,1,0.4241,0.0011,0.0000,0.4209,0.0021,0.0551,0.2805,0.0819,0.0034,
142.8771,32,1,ok,0,1,0.4181,0.0010,0.0000,0.4165,0.0005,0.0533,0.2778,0.0817,0.0037,
142.8771,33,1,ok,1,1,0.4196,0.0018,0.0000,0.4171,0.0006,0.0527,0.2793,0.0817,0.0033,
142.8771,34,1,ok,0,1,0.4180,0.0006,0.0000,0.4169,0.0006,0.0536,0.2781,0.0818,0.0033,
142.8771,35,1,ok,1,1,0.4184,0.0020,0.0000,0.4159,0.0005,0.0521,0.2782,0.0817,0.0038,
142.8771,36,1,ok,0,1,0.4175,0.0003,0.0000,0.4167,0.0005,0.0537,0.2780,0.0817,0.0032,
142.8771,37,1,ok,1,1,0.4173,0.0012,0.0000,0.4156,0.0005,0.0522,0.2781,0.0817,0.0036,
142.8771,38,1,ok,0,1,0.4181,0.0011,0.0000,0.4165,0.0004,0.0534,0.2776,0.0818,0.0036,
142.8771,39,1,ok,1,1,0.4167,0.0010,0.0000,0.4152,0.0004,0.0523,0.2779,0.0818,0.0032,
142.8771,40,1,ok,0,1,0.4169,0.0008,0.0000,0.4155,0.0005,0.0535,0.2771,0.0817,0.0032,
142.8771,41,1,ok,1,1,0.4181,0.0004,0.0000,0.4172,0.0004,0.0525,0.2794,0.0818,0.0034,
142.8771,42,1,ok,0,1,0.7087,0.0011,0.2875,0.4197,0.0004,0.0568,0.2773,0.0820,0.0035,
142.8771,43,1,ok,1,1,0.5839,0.0018,0.1642,0.4176,0.0003,0.0533,0.2793,0.0818,0.0031,
142.8771,44,1,ok,0,1,0.9470,0.0010,0.5293,0.4163,0.0004,0.0536,0.2777,0.0819,0.0031,
142.8771,45,1,ok,1,1,0.8567,0.0011,0.4366,0.4187,0.0003,0.0536,0.2792,0.0818,0.0040,
142.8771,46,1,ok,0,1,1.2080,0.0003,0.7908,0.4166,0.0003,0.0547,0.2771,0.0816,0.0030,
142.8771,47,1,ok,1,1,1.0936,0.0007,0.6745,0.4181,0.0003,0.0532,0.2794,0.0818,0.0036,
142.8771,48,1,ok,0,1,1.0641,0.0007,0.6465,0.4166,0.0003,0.0540,0.2772,0.0816,0.0038,
142.8771,49,1,ok,1,1,0.8973,0.0004,0.4786,0.4180,0.0003,0.0534,0.2795,0.0817,0.0034,
142.8771,50,1,ok,0,1,1.0968,0.0018,0.6776,0.4171,0.0003,0.0540,0.2770,0.0816,0.0044,
142.8771,51,1,ok,1,1,1.0243,0.0002,0.6042,0.4196,0.0003,0.0536,0.2804,0.0821,0.0034,
142.8771,52,1,ok,0,1,1.2844,0.0010,0.8666,0.4164,0.0004,0.0538,0.2772,0.0816,0.0037,
142.8771,53,1,ok,1,1,0.4172,0.0006,0.0000,0.4162,0.0004,0.0523,0.2785,0.0818,0.0035,
142.8771,54,1,ok,0,1,0.4164,0.0009,0.0000,0.4151,0.0005,0.0530,0.2773,0.0817,0.0030,
142.8771,55,1,ok,1,1,0.4169,0.0009,0.0000,0.4155,0.0005,0.0521,0.2782,0.0817,0.0033,
142.8771,56,1,ok,0,1,0.4162,0.0003,0.0000,0.4154,0.0004,0.0531,0.2777,0.0817,0.0029,
142.8771,57,1,ok,1,1,0.4169,0.0009,0.0000,0.4156,0.0004,0.0523,0.2782,0.0817,0.0033,
142.8771,58,1,ok,0,1,0.4186,0.0002,0.0000,0.4179,0.0005,0.0538,0.2785,0.0817,0.0039,
142.8771,59,1,ok,1,1,0.5578,0.0013,0.1404,0.4156,0.0005,0.0530,0.2780,0.0815,0.0030,
142.8771,60,1,ok,0,1,0.4200,0.0022,0.0000,0.4168,0.0010,0.0533,0.2786,0.0817,0.0031,
142.8771,61,1,ok,1,1,0.4184,0.0002,0.0000,0.4177,0.0005,0.0526,0.2797,0.0818,0.0036,
142.8771,62,1,ok,0,1,0.4231,0.0007,0.0000,0.4216,0.0007,0.0574,0.2788,0.0817,0.0036,
142.8771,63,1,ok,1,1,0.4177,0.0006,0.0000,0.4166,0.0005,0.0526,0.2790,0.0816,0.0033,
142.8771,64,1,ok,0,1,0.4213,0.0010,0.0000,0.4180,0.0023,0.0542,0.2786,0.0818,0.0033,
142.8771,65,1,ok,1,1,0.4181,0.0014,0.0000,0.4161,0.0005,0.0523,0.2789,0.0818,0.0031,
142.8771,66,1,ok,0,1,0.4178,0.0005,0.0000,0.4149,0.0024,0.0529,0.2769,0.0817,0.0035,
142.8771,67,1,ok,1,1,0.7127,0.0013,0.2938,0.4172,0.0004,0.0533,0.2787,0.0817,0.0035,
142.8771,68,1,ok,0,1,0.6619,0.0004,0.2445,0.4155,0.0015,0.0533,0.2771,0.0816,0.0035,
142.8771,69,1,ok,1,1,0.8405,0.0008,0.4219,0.4175,0.0003,0.0532,0.2788,0.0817,0.0038,
142.8771,70,1,ok,0,1,0.8495,0.0009,0.4307,0.4159,0.0021,0.0538,0.2771,0.0816,0.0034,
142.8771,71,1,ok,1,1,0.4179,0.0009,0.0001,0.4163,0.0006,0.0522,0.2785,0.0818,0.0039,
142.8771,72,1,ok,0,1,0.4156,0.0007,0.0000,0.4144,0.0006,0.0527,0.2770,0.0816,0.0030,
142.8771,73,1,ok,1,1,0.4237,0.0004,0.0000,0.4221,0.0013,0.0565,0.2799,0.0821,0.0035,
142.8771,74,1,ok,0,1,0.4169,0.0005,0.0000,0.4159,0.0005,0.0531,0.2774,0.0817,0.0036,
142.8771,75,1,ok,1,1,0.4198,0.0004,0.0000,0.4169,0.0024,0.0527,0.2791,0.0818,0.0033,
142.8771,76,1,ok,0,1,0.4188,0.0016,0.0000,0.4166,0.0006,0.0536,0.2783,0.0817,0.0030,
142.8771,77,1,ok,1,1,0.4190,0.0013,0.0000,0.4163,0.0014,0.0521,0.2788,0.0818,0.0036,
142.8771,78,1,ok,0,1,0.4497,0.0005,0.0313,0.4175,0.0004,0.0542,0.2784,0.0818,0.0031,
142.8771,79,1,ok,1,1,0.5898,0.0011,0.1697,0.4168,0.0022,0.0528,0.2789,0.0818,0.0033,
142.8771,80,1,ok,0,1,0.4188,0.0009,0.0000,0.4175,0.0004,0.0533,0.2785,0.0818,0.0039,
142.8771,81,1,ok,1,1,0.5347,0.0012,0.1146,0.4171,0.0019,0.0528,0.2789,0.0818,0.0037,
142.8771,82,1,ok,0,1,0.4166,0.0012,0.0000,0.4149,0.0004,0.0533,0.2769,0.0816,0.0031,
142.8771,83,1,ok,1,1,0.4180,0.0014,0.0000,0.4155,0.0011,0.0522,0.2785,0.0817,0.0032,
142.8771,84,1,ok,0,1,0.4169,0.0009,0.0000,0.4155,0.0005,0.0528,0.2773,0.0817,0.0037,
142.8771,85,1,ok,1,1,0.5178,0.0022,0.0977,0.4163,0.0016,0.0527,0.2784,0.0817,0.0035,
142.8771,86,1,ok,0,1,0.4178,0.0018,0.0000,0.4154,0.0006,0.0530,0.2772,0.0817,0.0034,
142.8771,87,1,ok,1,1,0.4182,0.0003,0.0000,0.4168,0.0011,0.0525,0.2788,0.0817,0.0038,
142.8771,88,1,ok,0,1,0.4955,0.0005,0.0781,0.4165,0.0004,0.0542,0.2772,0.0815,0.0035,
142.8771,89,1,ok,1,1,0.7759,0.0009,0.3570,0.4164,0.0015,0.0526,0.2787,0.0817,0.0033,
142.8771,90,1,ok,0,1,0.8421,0.0003,0.4261,0.4153,0.0004,0.0539,0.2772,0.0815,0.0027,
142.8771,91,1,ok,1,1,0.7305,0.0008,0.3117,0.4174,0.0006,0.0528,0.2785,0.0818,0.0042,
142.8771,92,1,ok,0,1,0.4181,0.0013,0.0000,0.4162,0.0005,0.0532,0.2781,0.0816,0.0033,
142.8771,93,1,ok,1,1,0.4196,0.0009,0.0000,0.4166,0.0021,0.0526,0.2788,0.0817,0.0034,
142.8771,94,1,ok,0,1,0.5782,0.0006,0.1596,0.4175,0.0005,0.0545,0.2781,0.0816,0.0032,
142.8771,95,1,ok,1,1,0.6092,0.0006,0.1896,0.4168,0.0022,0.0528,0.2789,0.0818,0.0033,
142.8771,96,1,ok,0,1,0.4173,0.0007,0.0000,0.4160,0.0005,0.0530,0.2772,0.0817,0.0041,
142.8771,97,1,ok,1,1,0.4194,0.0010,0.0000,0.4168,0.0016,0.0525,0.2796,0.0817,0.0029,
142.8771,98,1,ok,0,1,0.4173,0.0017,0.0000,0.4150,0.0005,0.0530,0.2773,0.0816,0.0029,
142.8771,99,1,ok,1,1,0.4225,0.0018,0.0000,0.4186,0.0021,0.0532,0.2798,0.0819,0.0037,
142.8771,100,1,ok,0,1,0.4177,0.0002,0.0000,0.4162,0.0012,0.0535,0.2779,0.0816,0.0031,
142.8771,101,1,ok,1,1,0.4199,0.0014,0.0000,0.4174,0.0011,0.0524,0.2800,0.0819,0.0032,
142.8771,102,1,ok,0,1,0.4181,0.0003,0.0000,0.4172,0.0005,0.0536,0.2786,0.0818,0.0033,
142.8771,103,1,ok,1,1,0.4218,0.0015,0.0000,0.4185,0.0018,0.0532,0.2800,0.0818,0.0033,
142.8771,104,1,ok,0,1,0.4177,0.0016,0.0000,0.4156,0.0004,0.0532,0.2773,0.0816,0.0034,
142.8771,105,1,ok,1,1,0.4184,0.0017,0.0000,0.4156,0.0011,0.0523,0.2782,0.0817,0.0033,
142.8771,106,1,ok,0,1,0.4170,0.0003,0.0000,0.4163,0.0005,0.0537,0.2775,0.0816,0.0034,
142.8771,107,1,ok,1,1,0.5471,0.0011,0.1280,0.4167,0.0012,0.0529,0.2782,0.0818,0.0038,
142.8771,108,1,ok,0,1,0.4164,0.0008,0.0000,0.4152,0.0004,0.0531,0.2776,0.0817,0.0028,
142.8771,109,1,ok,1,1,0.4189,0.0008,0.0000,0.4165,0.0015,0.0521,0.2784,0.0817,0.0042,
142.8771,110,1,ok,0,1,0.4188,0.0005,0.0000,0.4177,0.0006,0.0535,0.2790,0.0817,0.0034,
142.8771,111,1,ok,1,1,0.4193,0.0005,0.0000,0.4164,0.0024,0.0525,0.2786,0.0818,0.0034,
142.8771,112,1,ok,0,1,0.4192,0.0010,0.0000,0.4178,0.0004,0.0541,0.2784,0.0816,0.0036,
142.8771,113,1,ok,1,1,0.4622,0.0006,0.0445,0.4165,0.0006,0.0524,0.2787,0.0817,0.0037,
142.8771,114,1,ok,0,1,0.4197,0.0013,0.0000,0.4178,0.0005,0.0536,0.2785,0.0820,0.0037,
142.8771,115,1,ok,1,1,0.4220,0.0008,0.0000,0.4190,0.0023,0.0550,0.2786,0.0818,0.0035,
142.8771,116,1,ok,0,1,0.4208,0.0012,0.0000,0.4190,0.0005,0.0550,0.2786,0.0818,0.0036,
142.8771,117,1,ok,1,1,0.4204,0.0012,0.0000,0.4179,0.0013,0.0530,0.2795,0.0818,0.0034,
142.8771,118,1,ok,0,1,0.4209,0.0015,0.0000,0.4188,0.0005,0.0539,0.2775,0.0844,0.0031,
142.8771,119,1,ok,1,1,0.4195,0.0005,0.0000,0.4175,0.0014,0.0532,0.2797,0.0818,0.0028,
142.8771,120,1,ok,0,1,0.4171,0.0011,0.0000,0.4155,0.0005,0.0532,0.2773,0.0817,0.0033,
142.8771,121,1,ok,1,1,0.4221,0.0011,0.0000,0.4189,0.0021,0.0544,0.2794,0.0818,0.0032,
142.8771,122,1,ok,0,1,0.4258,0.0013,0.0000,0.4240,0.0005,0.0531,0.2773,0.0896,0.0040,
142.8771,123,1,ok,1,1,0.4215,0.0015,0.0000,0.4177,0.0023,0.0529,0.2799,0.0819,0.0029,
142.8771,124,1,ok,0,1,0.5235,0.0012,0.1070,0.4149,0.0004,0.0537,0.2766,0.0815,0.0031,
142.8771,125,1,ok,1,1,0.6767,0.0009,0.2558,0.4183,0.0017,0.0530,0.2799,0.0820,0.0034,
142.8771,126,1,ok,0,1,0.7687,0.0008,0.3499,0.4176,0.0004,0.0542,0.2780,0.0818,0.0035,
142.8771,127,1,ok,1,1,0.4181,0.0008,0.0000,0.4158,0.0015,0.0521,0.2782,0.0818,0.0037,
142.8771,128,1,ok,0,1,0.4189,0.0009,0.0000,0.4175,0.0005,0.0542,0.2778,0.0817,0.0037,
142.8771,129,1,ok,1,1,0.4189,0.0012,0.0000,0.4159,0.0018,0.0522,0.2784,0.0818,0.0034,
142.8771,130,1,ok,0,1,0.4189,0.0012,0.0000,0.4171,0.0005,0.0538,0.2778,0.0818,0.0036,
142.8771,131,1,ok,1,1,0.6575,0.0004,0.2392,0.4157,0.0023,0.0523,0.2784,0.0817,0.0031,
142.8771,132,1,ok,0,1,0.4163,0.0004,0.0000,0.4153,0.0005,0.0535,0.2770,0.0816,0.0031,
142.8771,133,1,ok,1,1,0.4189,0.0011,0.0000,0.4163,0.0015,0.0523,0.2788,0.0818,0.0033,
142.8771,134,1,ok,0,1,0.4170,0.0008,0.0000,0.4157,0.0005,0.0532,0.2768,0.0829,0.0028,
142.8771,135,1,ok,1,1,0.5208,0.0009,0.1010,0.4175,0.0014,0.0531,0.2788,0.0818,0.0039,
142.8771,136,1,ok,0,1,0.5241,0.0009,0.1065,0.4163,0.0004,0.0547,0.2769,0.0815,0.0031,
142.8771,137,1,ok,1,1,0.4204,0.0009,0.0000,0.4171,0.0023,0.0525,0.2796,0.0818,0.0032,
142.8771,138,1,ok,0,1,0.4158,0.0011,0.0000,0.4143,0.0005,0.0531,0.2767,0.0817,0.0027,
142.8771,139,1,ok,1,1,0.4180,0.0006,0.0000,0.4159,0.0015,0.0523,0.2786,0.0818,0.0030,
142.8771,140,1,ok,0,1,0.5039,0.0012,0.0861,0.4162,0.0004,0.0542,0.2765,0.0816,0.0039,
142.8771,141,1,ok,1,1,0.4200,0.0005,0.0000,0.4179,0.0016,0.0541,0.2788,0.0818,0.0032,
142.8771,142,1,ok,0,1,0.4561,0.0006,0.0389,0.4163,0.0004,0.0541,0.2776,0.0816,0.0029,
142.8771,143,1,ok,1,1,0.4201,0.0020,0.0000,0.4164,0.0016,0.0525,0.2789,0.0819,0.0031,
142.8771,144,1,ok,0,1,0.4175,0.0004,0.0000,0.4165,0.0005,0.0535,0.2778,0.0817,0.0035,
142.8771,145,1,ok,1,1,0.5080,0.0008,0.0883,0.4172,0.0018,0.0529,0.2790,0.0818,0.0034,
142.8771,146,1,ok,0,1,0.4164,0.0003,0.0000,0.4157,0.0004,0.0533,0.2778,0.0817,0.0029,
142.8771,147,1,ok,1,1,0.4208,0.0018,0.0000,0.4183,0.0007,0.0528,0.2794,0.0819,0.0042,
142.8771,148,1,ok,0,1,0.4168,0.0008,0.0000,0.4155,0.0004,0.0535,0.2770,0.0816,0.0033,
142.8771,149,1,ok,1,1,0.5877,0.0003,0.1694,0.4172,0.0009,0.0528,0.2793,0.0819,0.0031,
142.8771,150,1,ok,0,1,0.4196,0.0018,0.0001,0.4172,0.0005,0.0531,0.2778,0.0823,0.0039,
142.8771,151,1,ok,1,1,0.4222,0.0010,0.0000,0.4188,0.0024,0.0544,0.2792,0.0818,0.0033,
142.8771,152,1,ok,0,1,0.4172,0.0002,0.0000,0.4165,0.0005,0.0540,0.2765,0.0817,0.0043,
142.8771,153,1,ok,1,1,0.4211,0.0003,0.0000,0.4189,0.0019,0.0529,0.2802,0.0820,0.0037,
142.8771,154,1,ok,0,1,0.4722,0.0009,0.0561,0.4149,0.0004,0.0543,0.2760,0.0816,0.0029,
142.8771,155,1,ok,1,1,0.6810,0.0003,0.2597,0.4187,0.0023,0.0533,0.2800,0.0819,0.0033,
142.8771,156,1,ok,0,1,0.6114,0.0004,0.1917,0.4190,0.0004,0.0579,0.2765,0.0816,0.0030,
142.8771,157,1,ok,1,1,0.5551,0.0008,0.1343,0.4184,0.0016,0.0533,0.2801,0.0819,0.0031,
142.8771,158,1,ok,0,1,0.5455,0.0012,0.1277,0.4161,0.0005,0.0546,0.2767,0.0816,0.0032,
142.8771,159,1,ok,1,1,0.7607,0.0010,0.3398,0.4196,0.0003,0.0537,0.2804,0.0820,0.0035,
142.8771,160,1,ok,0,1,0.8261,0.0008,0.4094,0.4155,0.0005,0.0543,0.2765,0.0819,0.0028,
142.8771,161,1,ok,1,1,0.7320,0.0017,0.3093,0.4207,0.0003,0.0537,0.2805,0.0821,0.0043,
142.8771,162,1,ok,0,1,0.7160,0.0008,0.2974,0.4175,0.0004,0.0556,0.2768,0.0817,0.0034,
142.8771,163,1,ok,1,1,0.4181,0.0012,0.0000,0.4166,0.0004,0.0524,0.2789,0.0818,0.0033,
142.8771,164,1,ok,0,1,0.4181,0.0002,0.0000,0.4173,0.0006,0.0537,0.2784,0.0818,0.0033,
142.8771,165,1,ok,1,1,0.4202,0.0006,0.0000,0.4185,0.0011,0.0549,0.2791,0.0819,0.0026,
142.8771,166,1,ok,0,1,0.6948,0.0009,0.2722,0.4213,0.0004,0.0549,0.2786,0.0843,0.0035,
142.8771,167,1,ok,1,1,0.4207,0.0012,0.0000,0.4180,0.0015,0.0539,0.2791,0.0819,0.0031,
142.8771,168,1,ok,0,1,0.5468,0.0003,0.1290,0.4172,0.0004,0.0539,0.2783,0.0817,0.0032,
142.8771,169,1,ok,1,1,0.6780,0.0008,0.2591,0.4178,0.0003,0.0530,0.2791,0.0818,0.0039,
142.8771,170,1,ok,0,1,0.4317,0.0025,0.0000,0.4272,0.0019,0.0549,0.2786,0.0895,0.0041,
142.8771,171,1,ok,1,1,0.4186,0.0009,0.0000,0.4171,0.0006,0.0526,0.2793,0.0819,0.0032,
142.8771,172,1,ok,0,1,0.4195,0.0008,0.0000,0.4180,0.0007,0.0548,0.2782,0.0817,0.0032,
142.8771,173,1,ok,1,1,0.4192,0.0011,0.0000,0.4176,0.0004,0.0524,0.2796,0.0819,0.0037,
142.8771,174,1,ok,0,1,0.4238,0.0008,0.0000,0.4210,0.0020,0.0571,0.2785,0.0822,0.0031,
142.8771,175,1,ok,1,1,0.4201,0.0004,0.0000,0.4193,0.0005,0.0529,0.2804,0.0821,0.0038,
142.8771,176,1,ok,0,1,0.7133,0.0009,0.2914,0.4202,0.0008,0.0560,0.2783,0.0818,0.0041,
142.8771,177,1,ok,1,1,0.5602,0.0014,0.1391,0.4194,0.0004,0.0537,0.2804,0.0820,0.0031,
142.8771,178,1,ok,0,1,0.6651,0.0004,0.2447,0.4180,0.0020,0.0548,0.2783,0.0817,0.0032,
142.8771,179,1,ok,1,1,0.4854,0.0010,0.0636,0.4204,0.0004,0.0539,0.2806,0.0821,0.0038,
142.8771,180,1,ok,0,1,0.4174,0.0002,0.0000,0.4168,0.0004,0.0537,0.2775,0.0818,0.0037,
142.8771,181,1,ok,1,1,0.4188,0.0007,0.0000,0.4176,0.0004,0.0525,0.2799,0.0820,0.0032,
142.8771,182,1,ok,0,1,0.4207,0.0014,0.0000,0.4170,0.0022,0.0545,0.2774,0.0817,0.0034,
142.8771,183,1,ok,1,1,0.4191,0.0003,0.0000,0.4183,0.0006,0.0527,0.2799,0.0820,0.0037,
142.8771,184,1,ok,0,1,0.5788,0.0004,0.1605,0.4176,0.0003,0.0540,0.2775,0.0829,0.0031,
142.8771,185,1,ok,1,1,0.4479,0.0010,0.0277,0.4188,0.0004,0.0531,0.2799,0.0820,0.0038,
142.8771,186,1,ok,0,1,0.4181,0.0007,0.0000,0.4157,0.0017,0.0532,0.2774,0.0818,0.0032,
142.8771,187,1,ok,1,1,0.4183,0.0011,0.0000,0.4167,0.0005,0.0522,0.2790,0.0819,0.0035,
142.8771,188,1,ok,0,1,0.6260,0.0008,0.2086,0.4161,0.0004,0.0537,0.2773,0.0817,0.0033,
142.8771,189,1,ok,1,1,0.4972,0.0007,0.0790,0.4171,0.0004,0.0531,0.2791,0.0819,0.0030,
142.8771,190,1,ok,0,1,0.5633,0.0009,0.1450,0.4171,0.0004,0.0547,0.2772,0.0817,0.0035,
142.8771,191,1,ok,1,1,0.5477,0.0022,0.1278,0.4174,0.0004,0.0533,0.2792,0.0819,0.0029,
142.8771,192,1,ok,0,1,0.7224,0.0004,0.3051,0.4165,0.0003,0.0540,0.2772,0.0817,0.0035,
142.8771,193,1,ok,1,1,0.4178,0.0007,0.0000,0.4166,0.0004,0.0519,0.2788,0.0820,0.0038,
142.8771,194,1,ok,0,1,0.4173,0.0004,0.0000,0.4164,0.0004,0.0545,0.2769,0.0818,0.0032,
142.8771,195,1,ok,1,1,0.4189,0.0021,0.0000,0.4163,0.0005,0.0525,0.2785,0.0819,0.0033,
142.8771,196,1,ok,0,1,0.4193,0.0011,0.0000,0.4178,0.0004,0.0541,0.2785,0.0819,0.0033,
142.8771,197,1,ok,1,1,0.4793,0.0005,0.0610,0.4174,0.0004,0.0528,0.2785,0.0819,0.0042,
142.8771,198,1,ok,0,1,0.4182,0.0011,0.0000,0.4166,0.0005,0.0534,0.2778,0.0818,0.0034,
142.8771,199,1,ok,1,1,0.4199,0.0014,0.0000,0.4180,0.0005,0.0525,0.2798,0.0820,0.0036,
142.8771,200,1,ok,0,1,0.4181,0.0014,0.0000,0.4162,0.0004,0.0531,0.2773,0.0817,0.0040,
142.8771,201,1,ok,1,1,0.4199,0.0015,0.0000,0.4179,0.0005,0.0526,0.2795,0.0819,0.0038,
142.8771,202,1,ok,0,1,0.4195,0.0014,0.0000,0.4176,0.0005,0.0534,0.2783,0.0822,0.0036,
142.8771,203,1,ok,1,1,0.4165,0.0003,0.0000,0.4158,0.0005,0.0520,0.2788,0.0818,0.0031,
142.8771,204,1,ok,0,1,0.4812,0.0005,0.0634,0.4167,0.0005,0.0546,0.2770,0.0817,0.0034,
142.8771,205,1,ok,1,1,0.4547,0.0002,0.0362,0.4179,0.0004,0.0532,0.2787,0.0820,0.0041,
142.8771,206,1,ok,0,1,0.5822,0.0005,0.1644,0.4169,0.0004,0.0540,0.2772,0.0818,0.0038,
142.8771,207,1,ok,1,1,0.6318,0.0003,0.2138,0.4173,0.0004,0.0532,0.2787,0.0819,0.0036,
142.8771,208,1,ok,0,1,0.7737,0.0009,0.3559,0.4166,0.0003,0.0540,0.2768,0.0816,0.0041,
142.8771,209,1,ok,1,1,0.4190,0.0012,0.0001,0.4160,0.0017,0.0520,0.2785,0.0817,0.0038,
200.0279,0,0,ok,0,1,0.4206,0.0013,0.0000,0.4153,0.0039,0.0528,0.2773,0.0817,0.0034,
200.0279,1,0,ok,1,1,0.4171,0.0011,0.0000,0.4155,0.0004,0.0518,0.2783,0.0819,0.0034,
200.0279,2,0,ok,0,1,0.7355,0.0009,0.3157,0.4158,0.0032,0.0530,0.2772,0.0817,0.0039,
200.0279,3,0,ok,1,1,0.6612,0.0003,0.2446,0.4161,0.0003,0.0531,0.2782,0.0818,0.0029,
200.0279,4,0,ok,0,1,0.6767,0.0011,0.2586,0.4166,0.0004,0.0536,0.2773,0.0817,0.0040,
200.0279,5,0,ok,1,1,0.4200,0.0007,0.0000,0.4179,0.0014,0.0522,0.2796,0.0820,0.0041,
200.0279,6,0,ok,0,1,0.4174,0.0013,0.0000,0.4156,0.0005,0.0530,0.2774,0.0818,0.0034,
200.0279,7,0,ok,1,1,0.4187,0.0014,0.0000,0.4162,0.0010,0.0520,0.2787,0.0819,0.0036,
200.0279,8,0,ok,0,1,0.6420,0.0004,0.2254,0.4159,0.0004,0.0537,0.2772,0.0817,0.0032,
200.0279,9,0,ok,1,1,0.6641,0.0014,0.2438,0.4175,0.0014,0.0532,0.2788,0.0819,0.0036,
200.0279,10,1,ok,0,1,0.9767,0.0006,0.5584,0.4174,0.0004,0.0541,0.2775,0.0818,0.0040,
200.0279,11,1,ok,1,1,0.7970,0.0003,0.3787,0.4170,0.0009,0.0524,0.2789,0.0820,0.0038,
200.0279,12,1,ok,0,1,1.1740,0.0004,0.7571,0.4161,0.0004,0.0536,0.2775,0.0818,0.0032,
200.0279,13,1,ok,1,1,1.1404,0.0020,0.7204,0.4162,0.0017,0.0528,0.2785,0.0819,0.0031,
200.0279,14,1,ok,0,1,1.2100,0.0008,0.7919,0.4169,0.0003,0.0540,0.2773,0.0817,0.0039,
200.0279,15,1,ok,1,1,1.0084,0.0011,0.5884,0.4169,0.0021,0.0528,0.2790,0.0818,0.0033,
200.0279,16,1,ok,0,1,1.3169,0.0005,0.8986,0.4174,0.0004,0.0541,0.2775,0.0817,0.0040,
200.0279,17,1,ok,1,1,1.0848,0.0012,0.6657,0.4164,0.0016,0.0526,0.2782,0.0819,0.0036,
200.0279,18,1,ok,0,1,0.9696,0.0010,0.5517,0.4165,0.0004,0.0535,0.2774,0.0817,0.0038,
200.0279,19,1,ok,1,1,1.0045,0.0002,0.5855,0.4157,0.0031,0.0521,0.2780,0.0818,0.0038,
200.0279,20,1,ok,0,1,0.8924,0.0005,0.4756,0.4160,0.0003,0.0536,0.2775,0.0817,0.0031,
200.0279,21,1,ok,1,1,0.5697,0.0013,0.1523,0.4157,0.0005,0.0529,0.2782,0.0819,0.0027,
200.0279,22,1,ok,0,1,0.8253,0.0002,0.4081,0.4166,0.0003,0.0542,0.2777,0.0818,0.0029,
200.0279,23,1,ok,1,1,0.8109,0.0005,0.3938,0.4163,0.0003,0.0532,0.2779,0.0820,0.0032,
200.0279,24,1,ok,0,1,0.4177,0.0009,0.0000,0.4163,0.0004,0.0532,0.2783,0.0819,0.0029,
200.0279,25,1,ok,1,1,0.4164,0.0002,0.0000,0.4157,0.0004,0.0520,0.2782,0.0819,0.0035,
200.0279,26,1,ok,0,1,0.6838,0.0003,0.2651,0.4181,0.0003,0.0544,0.2784,0.0818,0.0035,
200.0279,27,1,ok,1,1,0.7734,0.0009,0.3558,0.4164,0.0003,0.0531,0.2777,0.0819,0.0037,
200.0279,28,1,ok,0,1,0.5080,0.0020,0.0873,0.4185,0.0003,0.0548,0.2783,0.0819,0.0034,
200.0279,29,1,ok,1,1,0.4159,0.0008,0.0000,0.4146,0.0004,0.0518,0.2776,0.0818,0.0034,
200.0279,30,1,ok,0,1,0.4178,0.0004,0.0000,0.4170,0.0004,0.0533,0.2782,0.0820,0.0036,
200.0279,31,1,ok,1,1,0.4188,0.0005,0.0000,0.4177,0.0005,0.0525,0.2799,0.0820,0.0034,
200.0279,32,1,ok,0,1,0.4175,0.0003,0.0000,0.4168,0.0004,0.0531,0.2781,0.0819,0.0037,
200.0279,33,1,ok,1,1,0.4188,0.0017,0.0000,0.4167,0.0004,0.0526,0.2788,0.0819,0.0033,
200.0279,34,1,ok,0,1,0.4180,0.0003,0.0000,0.4173,0.0004,0.0535,0.2784,0.0820,0.0033,
200.0279,35,1,ok,1,1,0.4530,0.0009,0.0344,0.4174,0.0004,0.0532,0.2784,0.0819,0.0038,
200.0279,36,1,ok,0,1,0.4160,0.0009,0.0000,0.4147,0.0005,0.0529,0.2768,0.0818,0.0032,
200.0279,37,1,ok,1,1,0.4183,0.0012,0.0000,0.4166,0.0005,0.0522,0.2787,0.0819,0.0036,
200.0279,38,1,ok,0,1,0.4167,0.0011,0.0000,0.4151,0.0004,0.0527,0.2769,0.0818,0.0036,
200.0279,39,1,ok,1,1,0.4163,0.0003,0.0000,0.4155,0.0005,0.0523,0.2781,0.0819,0.0032,
200.0279,40,1,ok,0,1,0.4180,0.0019,0.0000,0.4157,0.0004,0.0533,0.2773,0.0819,0.0032,
200.0279,41,1,ok,1,1,0.4535,0.0021,0.0345,0.4166,0.0004,0.0533,0.2780,0.0819,0.0034,
200.0279,42,1,ok,0,1,0.7433,0.0011,0.3252,0.4166,0.0003,0.0539,0.2774,0.0818,0.0035,
200.0279,43,1,ok,1,1,0.6898,0.0009,0.2726,0.4160,0.0003,0.0531,0.2779,0.0819,0.0031,
200.0279,44,1,ok,0,1,1.0322,0.0011,0.6148,0.4161,0.0003,0.0540,0.2772,0.0818,0.0030,
200.0279,45,1,ok,1,1,1.0033,0.0007,0.5846,0.4175,0.0004,0.0536,0.2779,0.0820,0.0040,
200.0279,46,1,ok,0,1,1.3378,0.0009,0.9199,0.4167,0.0003,0.0544,0.2773,0.0819,0.0030,
200.0279,47,1,ok,1,1,1.2901,0.0010,0.8726,0.4162,0.0003,0.0527,0.2779,0.0819,0.0036,
200.0279,48,1,ok,0,1,1.3551,0.0009,0.9363,0.4176,0.0003,0.0544,0.2776,0.0818,0.0038,
200.0279,49,1,ok,1,1,1.2679,0.0009,0.8502,0.4164,0.0004,0.0531,0.2780,0.0819,0.0034,
200.0279,50,1,ok,0,1,1.4980,0.0003,1.0800,0.4173,0.0003,0.0538,0.2773,0.0818,0.0044,
200.0279,51,1,ok,1,1,1.4758,0.0020,1.0567,0.4168,0.0003,0.0535,0.2779,0.0819,0.0034,
200.0279,52,1,ok,0,1,1.7515,0.0010,1.3333,0.4169,0.0003,0.0540,0.2774,0.0818,0.0037,
200.0279,53,1,ok,1,1,0.9723,0.0006,0.5544,0.4170,0.0004,0.0534,0.2781,0.0820,0.0035,
200.0279,54,1,ok,0,1,1.0272,0.0010,0.6097,0.4162,0.0003,0.0537,0.2775,0.0818,0.0031,
200.0279,55,1,ok,1,1,0.7937,0.0002,0.3771,0.4160,0.0003,0.0528,0.2778,0.0820,0.0033,
200.0279,56,1,ok,0,1,1.1057,0.0010,0.6881,0.4162,0.0003,0.0541,0.2774,0.0818,0.0029,
200.0279,57,1,ok,1,1,0.7624,0.0015,0.3441,0.4164,0.0003,0.0533,0.2779,0.0820,0.0033,
200.0279,58,1,ok,0,1,1.0784,0.0011,0.6593,0.4177,0.0003,0.0547,0.2773,0.0818,0.0038,
200.0279,59,1,ok,1,1,0.9821,0.0022,0.5635,0.4160,0.0003,0.0532,0.2779,0.0819,0.0030,
200.0279,60,1,ok,0,1,0.4174,0.0003,0.0000,0.4167,0.0004,0.0531,0.2785,0.0819,0.0031,
200.0279,61,1,ok,1,1,0.4199,0.0013,0.0000,0.4182,0.0004,0.0528,0.2797,0.0822,0.0035,
200.0279,62,1,ok,0,1,0.4195,0.0021,0.0000,0.4170,0.0004,0.0531,0.2782,0.0821,0.0036,
200.0279,63,1,ok,1,1,0.4181,0.0010,0.0000,0.4167,0.0005,0.0527,0.2786,0.0821,0.0033,
200.0279,64,1,ok,0,1,0.4179,0.0002,0.0000,0.4172,0.0004,0.0536,0.2783,0.0819,0.0033,
200.0279,65,1,ok,1,1,0.4166,0.0003,0.0000,0.4157,0.0005,0.0522,0.2784,0.0820,0.0030,
200.0279,66,1,ok,0,1,0.4183,0.0005,0.0000,0.4173,0.0004,0.0532,0.2785,0.0820,0.0035,
200.0279,67,1,ok,1,1,0.7462,0.0012,0.3275,0.4171,0.0004,0.0532,0.2783,0.0820,0.0035,
200.0279,68,1,ok,0,1,0.7131,0.0008,0.2940,0.4180,0.0003,0.0542,0.2783,0.0820,0.0035,
200.0279,69,1,ok,1,1,0.9570,0.0005,0.5385,0.4176,0.0003,0.0535,0.2783,0.0821,0.0037,
200.0279,70,1,ok,0,1,0.9671,0.0015,0.5470,0.4182,0.0003,0.0544,0.2784,0.0820,0.0034,
200.0279,71,1,ok,1,1,0.4446,0.0013,0.0258,0.4172,0.0004,0.0530,0.2782,0.0821,0.0039,
200.0279,72,1,ok,0,1,0.4163,0.0009,0.0000,0.4149,0.0004,0.0530,0.2770,0.0819,0.0030,
200.0279,73,1,ok,1,1,0.4169,0.0009,0.0000,0.4155,0.0004,0.0520,0.2780,0.0820,0.0034,
200.0279,74,1,ok,0,1,0.4163,0.0005,0.0000,0.4155,0.0004,0.0526,0.2773,0.0819,0.0036,
200.0279,75,1,ok,1,1,0.4165,0.0004,0.0000,0.4156,0.0004,0.0523,0.2780,0.0821,0.0033,
200.0279,76,1,ok,0,1,0.4174,0.0012,0.0000,0.4158,0.0004,0.0534,0.2775,0.0819,0.0030,
200.0279,77,1,ok,1,1,0.4173,0.0003,0.0000,0.4165,0.0004,0.0522,0.2785,0.0821,0.0036,
200.0279,78,1,ok,0,1,0.5575,0.0003,0.1406,0.4163,0.0003,0.0539,0.2775,0.0818,0.0031,
200.0279,79,1,ok,1,1,0.6572,0.0005,0.2395,0.4168,0.0003,0.0530,0.2783,0.0821,0.0033,
200.0279,80,1,ok,0,1,0.6432,0.0010,0.2244,0.4174,0.0003,0.0541,0.2775,0.0818,0.0039,
200.0279,81,1,ok,1,1,0.7363,0.0008,0.3178,0.4175,0.0003,0.0533,0.2783,0.0821,0.0037,
200.0279,82,1,ok,0,1,0.7050,0.0007,0.2875,0.4164,0.0003,0.0539,0.2775,0.0819,0.0031,
200.0279,83,1,ok,1,1,0.4186,0.0009,0.0000,0.4171,0.0004,0.0524,0.2793,0.0821,0.0032,
200.0279,84,1,ok,0,1,0.4181,0.0001,0.0000,0.4176,0.0004,0.0535,0.2783,0.0820,0.0037,
200.0279,85,1,ok,1,1,0.6103,0.0011,0.1903,0.4185,0.0004,0.0537,0.2791,0.0821,0.0035,
200.0279,86,1,ok,0,1,0.4182,0.0019,0.0000,0.4158,0.0004,0.0530,0.2775,0.0819,0.0034,
200.0279,87,1,ok,1,1,0.4192,0.0007,0.0000,0.4181,0.0004,0.0526,0.2794,0.0822,0.0038,
200.0279,88,1,ok,0,1,0.5935,0.0003,0.1757,0.4173,0.0003,0.0543,0.2776,0.0819,0.0035,
200.0279,89,1,ok,1,1,0.7949,0.0009,0.3752,0.4184,0.0004,0.0534,0.2794,0.0822,0.0034,
200.0279,90,1,ok,0,1,0.9606,0.0002,0.5440,0.4161,0.0003,0.0539,0.2776,0.0819,0.0026,
200.0279,91,1,ok,1,1,0.8837,0.0008,0.4631,0.4194,0.0003,0.0535,0.2793,0.0823,0.0043,
200.0279,92,1,ok,0,1,0.6107,0.0010,0.1923,0.4170,0.0003,0.0544,0.2775,0.0819,0.0033,
200.0279,93,1,ok,1,1,0.6669,0.0008,0.2472,0.4185,0.0003,0.0535,0.2793,0.0823,0.0034,
200.0279,94,1,ok,0,1,0.8442,0.0002,0.4262,0.4175,0.0003,0.0546,0.2778,0.0819,0.0032,
200.0279,95,1,ok,1,1,0.9215,0.0002,0.5028,0.4181,0.0003,0.0534,0.2792,0.0822,0.0032,
200.0279,96,1,ok,0,1,0.4194,0.0009,0.0000,0.4181,0.0004,0.0532,0.2787,0.0820,0.0041,
200.0279,97,1,ok,1,1,0.4156,0.0005,0.0000,0.4147,0.0004,0.0520,0.2777,0.0821,0.0029,
200.0279,98,1,ok,0,1,0.4185,0.0017,0.0000,0.4164,0.0004,0.0527,0.2785,0.0823,0.0029,
200.0279,99,1,ok,1,1,0.4174,0.0004,0.0000,0.4164,0.0005,0.0526,0.2781,0.0821,0.0037,
200.0279,100,1,ok,0,1,0.4175,0.0002,0.0000,0.4169,0.0004,0.0539,0.2779,0.0820,0.0030,
200.0279,101,1,ok,1,1,0.4477,0.0012,0.0301,0.4161,0.0004,0.0531,0.2778,0.0821,0.0031,
200.0279,102,1,ok,0,1,0.4172,0.0009,0.0000,0.4159,0.0004,0.0529,0.2776,0.0820,0.0032,
200.0279,103,1,ok,1,1,0.4170,0.0006,0.0000,0.4158,0.0005,0.0521,0.2782,0.0822,0.0033,
200.0279,104,1,ok,0,1,0.5139,0.0008,0.0923,0.4204,0.0003,0.0542,0.2782,0.0845,0.0035,
200.0279,105,1,ok,1,1,0.4341,0.0003,0.0163,0.4171,0.0003,0.0533,0.2783,0.0821,0.0033,
200.0279,106,1,ok,0,1,0.5892,0.0003,0.1708,0.4177,0.0004,0.0541,0.2780,0.0820,0.0035,
200.0279,107,1,ok,1,1,0.6450,0.0001,0.2273,0.4172,0.0003,0.0531,0.2782,0.0821,0.0037,
200.0279,108,1,ok,0,1,0.6540,0.0010,0.2357,0.4170,0.0003,0.0541,0.2781,0.0820,0.0028,
200.0279,109,1,ok,1,1,0.4195,0.0010,0.0000,0.4180,0.0005,0.0525,0.2790,0.0822,0.0042,
200.0279,110,1,ok,0,1,0.4275,0.0011,0.0000,0.4259,0.0005,0.0534,0.2793,0.0896,0.0035,
200.0279,111,1,ok,1,1,0.4187,0.0006,0.0000,0.4176,0.0004,0.0527,0.2791,0.0823,0.0034,
200.0279,112,1,ok,0,1,0.5468,0.0017,0.1258,0.4189,0.0003,0.0545,0.2787,0.0821,0.0036,
200.0279,113,1,ok,1,1,0.5703,0.0009,0.1506,0.4185,0.0004,0.0534,0.2791,0.0822,0.0037,
200.0279,114,1,ok,0,1,0.4173,0.0004,0.0000,0.4166,0.0004,0.0530,0.2777,0.0822,0.0036,
200.0279,115,1,ok,1,1,0.4168,0.0005,0.0000,0.4159,0.0004,0.0522,0.2779,0.0821,0.0035,
200.0279,116,1,ok,0,1,0.4199,0.0005,0.0000,0.4190,0.0004,0.0552,0.2780,0.0822,0.0036,
200.0279,117,1,ok,1,1,0.4217,0.0004,0.0045,0.4163,0.0004,0.0533,0.2776,0.0821,0.0033,
200.0279,118,1,ok,0,1,0.4181,0.0010,0.0000,0.4168,0.0004,0.0534,0.2781,0.0821,0.0031,
200.0279,119,1,ok,1,1,0.5062,0.0004,0.0899,0.4156,0.0003,0.0529,0.2776,0.0822,0.0028,
200.0279,120,1,ok,0,1,0.4186,0.0003,0.0000,0.4179,0.0004,0.0534,0.2791,0.0821,0.0033,
200.0279,121,1,ok,1,1,0.4164,0.0007,0.0000,0.4153,0.0004,0.0520,0.2779,0.0821,0.0032,
200.0279,122,1,ok,0,1,0.4205,0.0013,0.0000,0.4187,0.0005,0.0537,0.2788,0.0822,0.0040,
200.0279,123,1,ok,1,1,0.4170,0.0010,0.0000,0.4155,0.0005,0.0523,0.2781,0.0822,0.0028,
200.0279,124,1,ok,0,1,0.6131,0.0008,0.1928,0.4191,0.0003,0.0548,0.2791,0.0821,0.0031,
200.0279,125,1,ok,1,1,0.7167,0.0017,0.2976,0.4171,0.0003,0.0533,0.2783,0.0821,0.0033,
200.0279,126,1,ok,0,1,0.9100,0.0009,0.4888,0.4201,0.0003,0.0546,0.2788,0.0833,0.0034,
200.0279,127,1,ok,1,1,0.4181,0.0002,0.0000,0.4175,0.0004,0.0524,0.2790,0.0823,0.0038,
200.0279,128,1,ok,0,1,0.4189,0.0006,0.0000,0.4178,0.0005,0.0535,0.2786,0.0821,0.0037,
200.0279,129,1,ok,1,1,0.4176,0.0007,0.0000,0.4164,0.0004,0.0526,0.2782,0.0822,0.0035,
200.0279,130,1,ok,0,1,0.4182,0.0009,0.0000,0.4170,0.0004,0.0534,0.2778,0.0821,0.0036,
200.0279,131,1,ok,1,1,0.7063,0.0002,0.2893,0.4165,0.0004,0.0530,0.2781,0.0822,0.0031,
200.0279,132,1,ok,0,1,0.4169,0.0006,0.0000,0.4158,0.0004,0.0530,0.2776,0.0821,0.0031,
200.0279,133,1,ok,1,1,0.4174,0.0006,0.0000,0.4163,0.0005,0.0522,0.2784,0.0822,0.0033,
200.0279,134,1,ok,0,1,0.4165,0.0010,0.0000,0.4151,0.0004,0.0528,0.2775,0.0819,0.0028,
200.0279,135,1,ok,1,1,0.6093,0.0007,0.1902,0.4180,0.0004,0.0534,0.2785,0.0822,0.0038,
200.0279,136,1,ok,0,1,0.6130,0.0003,0.1950,0.4173,0.0003,0.0545,0.2773,0.0823,0.0032,
200.0279,137,1,ok,1,1,0.5762,0.0009,0.1581,0.4169,0.0003,0.0532,0.2783,0.0823,0.0031,
200.0279,138,1,ok,0,1,0.4192,0.0010,0.0000,0.4178,0.0004,0.0543,0.2785,0.0822,0.0027,
200.0279,139,1,ok,1,1,0.5168,0.0010,0.0985,0.4169,0.0004,0.0532,0.2785,0.0822,0.0030,
200.0279,140,1,ok,0,1,0.6043,0.0004,0.1842,0.4194,0.0003,0.0548,0.2786,0.0821,0.0039,
200.0279,141,1,ok,1,1,0.5019,0.0004,0.0836,0.4175,0.0004,0.0536,0.2786,0.0822,0.0031,
200.0279,142,1,ok,0,1,0.6910,0.0018,0.2707,0.4182,0.0003,0.0545,0.2786,0.0821,0.0030,
200.0279,143,1,ok,1,1,0.4181,0.0012,0.0000,0.4165,0.0004,0.0523,0.2787,0.0823,0.0031,
200.0279,144,1,ok,0,1,0.4195,0.0017,0.0000,0.4174,0.0004,0.0532,0.2786,0.0822,0.0034,
200.0279,145,1,ok,1,1,0.6000,0.0005,0.1812,0.4180,0.0003,0.0534,0.2789,0.0823,0.0034,
200.0279,146,1,ok,0,1,0.5337,0.0005,0.1152,0.4178,0.0003,0.0543,0.2785,0.0821,0.0029,
200.0279,147,1,ok,1,1,0.4215,0.0021,0.0000,0.4190,0.0004,0.0528,0.2795,0.0825,0.0042,
200.0279,148,1,ok,0,1,0.4948,0.0009,0.0728,0.4208,0.0003,0.0549,0.2798,0.0827,0.0033,
200.0279,149,1,ok,1,1,0.6610,0.0009,0.2412,0.4185,0.0004,0.0532,0.2798,0.0824,0.0031,
200.0279,150,1,ok,0,1,0.4220,0.0014,0.0001,0.4195,0.0011,0.0556,0.2779,0.0820,0.0039,
200.0279,151,1,ok,1,1,0.4197,0.0014,0.0000,0.4163,0.0021,0.0522,0.2786,0.0822,0.0033,
200.0279,152,1,ok,0,1,0.4194,0.0008,0.0000,0.4181,0.0005,0.0531,0.2785,0.0821,0.0044,
200.0279,153,1,ok,1,1,0.4471,0.0006,0.0276,0.4175,0.0015,0.0531,0.2785,0.0822,0.0036,
200.0279,154,1,ok,0,1,0.5800,0.0007,0.1613,0.4176,0.0004,0.0541,0.2784,0.0822,0.0029,
200.0279,155,1,ok,1,1,0.7511,0.0006,0.3316,0.4170,0.0020,0.0527,0.2787,0.0823,0.0033,
200.0279,156,1,ok,0,1,0.7985,0.0002,0.3798,0.4182,0.0003,0.0548,0.2784,0.0820,0.0030,
200.0279,157,1,ok,1,1,0.7811,0.0004,0.3608,0.4162,0.0038,0.0522,0.2786,0.0822,0.0031,
200.0279,158,1,ok,0,1,0.8725,0.0011,0.4528,0.4183,0.0003,0.0545,0.2784,0.0821,0.0032,
200.0279,159,1,ok,1,1,1.0471,0.0009,0.6272,0.4175,0.0015,0.0530,0.2788,0.0822,0.0035,
200.0279,160,1,ok,0,1,1.1939,0.0010,0.7748,0.4177,0.0003,0.0547,0.2782,0.0820,0.0028,
200.0279,161,1,ok,1,1,1.1449,0.0003,0.7255,0.4180,0.0010,0.0527,0.2788,0.0823,0.0043,
200.0279,162,1,ok,0,1,1.2353,0.0003,0.8165,0.4182,0.0004,0.0543,0.2784,0.0821,0.0034,
200.0279,163,1,ok,1,1,0.7785,0.0015,0.3580,0.4170,0.0020,0.0527,0.2787,0.0822,0.0033,
200.0279,164,1,ok,0,1,0.4186,0.0012,0.0000,0.4169,0.0005,0.0530,0.2778,0.0827,0.0033,
200.0279,165,1,ok,1,1,0.5856,0.0003,0.1671,0.4168,0.0013,0.0531,0.2789,0.0822,0.0026,
200.0279,166,1,ok,0,1,0.7339,0.0010,0.3140,0.4186,0.0004,0.0552,0.2778,0.0821,0.0034,
200.0279,167,1,ok,1,1,0.5913,0.0006,0.1718,0.4172,0.0016,0.0530,0.2788,0.0823,0.0031,
200.0279,168,1,ok,0,1,0.7473,0.0014,0.3286,0.4170,0.0003,0.0540,0.2777,0.0821,0.0032,
200.0279,169,1,ok,1,1,0.8949,0.0010,0.4754,0.4177,0.0008,0.0529,0.2785,0.0824,0.0039,
200.0279,170,1,ok,0,1,0.4191,0.0017,0.0000,0.4170,0.0004,0.0531,0.2775,0.0822,0.0041,
200.0279,171,1,ok,1,1,0.4234,0.0010,0.0000,0.4208,0.0016,0.0564,0.2788,0.0823,0.0032,
200.0279,172,1,ok,0,1,0.4205,0.0004,0.0000,0.4197,0.0004,0.0539,0.2777,0.0846,0.0034,
200.0279,173,1,ok,1,1,0.4198,0.0012,0.0000,0.4173,0.0013,0.0524,0.2788,0.0823,0.0037,
200.0279,174,1,ok,0,1,0.4169,0.0007,0.0000,0.4157,0.0004,0.0530,0.2775,0.0821,0.0031,
200.0279,175,1,ok,1,1,0.4192,0.0006,0.0000,0.4173,0.0013,0.0521,0.2791,0.0823,0.0038,
200.0279,176,1,ok,0,1,0.7410,0.0002,0.3228,0.4177,0.0003,0.0542,0.2773,0.0821,0.0041,
200.0279,177,1,ok,1,1,0.6394,0.0003,0.2192,0.4179,0.0020,0.0532,0.2792,0.0823,0.0031,
200.0279,178,1,ok,0,1,0.8322,0.0008,0.4058,0.4253,0.0003,0.0541,0.2780,0.0899,0.0033,
200.0279,179,1,ok,1,1,0.7045,0.0009,0.2845,0.4181,0.0009,0.0526,0.2792,0.0824,0.0038,
200.0279,180,1,ok,0,1,0.6694,0.0010,0.2508,0.4172,0.0003,0.0536,0.2776,0.0822,0.0038,
200.0279,181,1,ok,1,1,0.4192,0.0003,0.0000,0.4177,0.0011,0.0526,0.2795,0.0824,0.0031,
200.0279,182,1,ok,0,1,0.4188,0.0026,0.0000,0.4158,0.0004,0.0530,0.2772,0.0821,0.0035,
200.0279,183,1,ok,1,1,0.4227,0.0009,0.0000,0.4210,0.0007,0.0558,0.2792,0.0823,0.0037,
200.0279,184,1,ok,0,1,0.6520,0.0007,0.2325,0.4184,0.0004,0.0542,0.2787,0.0823,0.0032,
200.0279,185,1,ok,1,1,0.5629,0.0006,0.1432,0.4187,0.0004,0.0531,0.2793,0.0824,0.0038,
200.0279,186,1,ok,0,1,0.4196,0.0008,0.0000,0.4184,0.0004,0.0541,0.2786,0.0823,0.0033,
200.0279,187,1,ok,1,1,0.4198,0.0003,0.0000,0.4190,0.0004,0.0526,0.2803,0.0825,0.0035,
200.0279,188,1,ok,0,1,0.6897,0.0004,0.2702,0.4187,0.0004,0.0543,0.2788,0.0821,0.0035,
200.0279,189,1,ok,1,1,0.5980,0.0011,0.1768,0.4198,0.0003,0.0539,0.2804,0.0824,0.0030,
200.0279,190,1,ok,0,1,0.7660,0.0009,0.3458,0.4189,0.0004,0.0546,0.2786,0.0821,0.0035,
200.0279,191,1,ok,1,1,0.7554,0.0008,0.3349,0.4193,0.0003,0.0536,0.2804,0.0824,0.0030,
200.0279,192,1,ok,0,1,1.0007,0.0008,0.5810,0.4185,0.0003,0.0545,0.2783,0.0822,0.0035,
200.0279,193,1,ok,1,1,0.4193,0.0003,0.0000,0.4186,0.0004,0.0523,0.2799,0.0825,0.0038,
200.0279,194,1,ok,0,1,0.4737,0.0010,0.0540,0.4184,0.0003,0.0545,0.2785,0.0822,0.0032,
200.0279,195,1,ok,1,1,0.4190,0.0004,0.0000,0.4182,0.0005,0.0526,0.2797,0.0825,0.0033,
200.0279,196,1,ok,0,1,0.4183,0.0011,0.0000,0.4168,0.0004,0.0535,0.2778,0.0821,0.0033,
200.0279,197,1,ok,1,1,0.5837,0.0007,0.1630,0.4196,0.0003,0.0532,0.2798,0.0825,0.0041,
200.0279,198,1,ok,0,1,0.4186,0.0009,0.0000,0.4172,0.0005,0.0530,0.2774,0.0832,0.0034,
200.0279,199,1,ok,1,1,0.4177,0.0005,0.0000,0.4167,0.0004,0.0521,0.2787,0.0823,0.0036,
200.0279,200,1,ok,0,1,0.4174,0.0006,0.0000,0.4164,0.0004,0.0530,0.2772,0.0820,0.0041,
200.0279,201,1,ok,1,1,0.4189,0.0014,0.0000,0.4170,0.0004,0.0525,0.2784,0.0823,0.0038,
200.0279,202,1,ok,0,1,0.4199,0.0007,0.0000,0.4187,0.0005,0.0540,0.2789,0.0821,0.0036,
200.0279,203,1,ok,1,1,0.4163,0.0004,0.0000,0.4155,0.0004,0.0518,0.2783,0.0823,0.0030,
200.0279,204,1,ok,0,1,0.5856,0.0003,0.1656,0.4193,0.0004,0.0545,0.2791,0.0823,0.0034,
200.0279,205,1,ok,1,1,0.5633,0.0013,0.1434,0.4182,0.0003,0.0534,0.2785,0.0823,0.0041,
200.0279,206,1,ok,0,1,0.7795,0.0012,0.3586,0.4194,0.0004,0.0544,0.2789,0.0822,0.0038,
200.0279,207,1,ok,1,1,0.8090,0.0002,0.3912,0.4173,0.0003,0.0530,0.2784,0.0823,0.0036,
200.0279,208,1,ok,0,1,1.0389,0.0006,0.6179,0.4201,0.0003,0.0548,0.2789,0.0822,0.0042,
200.0279,209,1,ok,1,1,0.4219,0.0019,0.0000,0.4183,0.0016,0.0526,0.2795,0.0824,0.0038,
242.8910,0,0,ok,0,1,0.4196,0.0013,0.0000,0.4173,0.0010,0.0533,0.2780,0.0823,0.0036,
242.8910,1,0,ok,1,1,0.4183,0.0003,0.0000,0.4175,0.0005,0.0522,0.2793,0.0825,0.0034,
242.8910,2,0,ok,0,1,0.7541,0.0011,0.3328,0.4196,0.0005,0.0551,0.2783,0.0822,0.0040,
242.8910,3,0,ok,1,1,0.6965,0.0009,0.2756,0.4184,0.0016,0.0534,0.2796,0.0824,0.0029,
242.8910,4,0,ok,0,1,0.7813,0.0020,0.3602,0.4186,0.0004,0.0544,0.2780,0.0821,0.0040,
242.8910,5,0,ok,1,1,0.5076,0.0006,0.0875,0.4192,0.0003,0.0529,0.2795,0.0826,0.0041,
242.8910,6,0,ok,0,1,0.4177,0.0005,0.0000,0.4167,0.0004,0.0531,0.2781,0.0821,0.0034,
242.8910,7,0,ok,1,1,0.4204,0.0002,0.0000,0.4184,0.0018,0.0527,0.2797,0.0824,0.0036,
242.8910,8,0,ok,0,1,0.6778,0.0011,0.2587,0.4176,0.0004,0.0542,0.2780,0.0822,0.0032,
242.8910,9,0,ok,1,1,0.6976,0.0009,0.2767,0.4188,0.0012,0.0531,0.2796,0.0824,0.0037,
242.8910,10,1,ok,0,1,1.0289,0.0011,0.6084,0.4190,0.0004,0.0548,0.2780,0.0823,0.0040,
242.8910,11,1,ok,1,1,0.8828,0.0005,0.4622,0.4190,0.0010,0.0530,0.2797,0.0825,0.0038,
242.8910,12,1,ok,0,1,1.2661,0.0010,0.8474,0.4173,0.0004,0.0538,0.2781,0.0822,0.0032,
242.8910,13,1,ok,1,1,1.2404,0.0006,0.8208,0.4181,0.0010,0.0530,0.2796,0.0824,0.0031,
242.8910,14,1,ok,0,1,1.3727,0.0007,0.9514,0.4203,0.0004,0.0543,0.2792,0.0829,0.0039,
242.8910,15,1,ok,1,1,1.2076,0.0008,0.7859,0.4191,0.0018,0.0536,0.2797,0.0825,0.0032,
242.8910,16,1,ok,0,1,1.5366,0.0005,1.1163,0.4195,0.0003,0.0551,0.2780,0.0823,0.0040,
242.8910,17,1,ok,1,1,1.3454,0.0010,0.9253,0.4184,0.0007,0.0525,0.2797,0.0825,0.0036,
242.8910,18,1,ok,0,1,1.3254,0.0013,0.9059,0.4178,0.0003,0.0538,0.2780,0.0822,0.0039,
242.8910,19,1,ok,1,1,1.3551,0.0009,0.9334,0.4193,0.0016,0.0530,0.2798,0.0826,0.0038,
242.8910,20,1,ok,0,1,1.3368,0.0006,0.9183,0.4175,0.0003,0.0539,0.2782,0.0822,0.0031,
242.8910,21,1,ok,1,1,1.0744,0.0007,0.6537,0.4177,0.0023,0.0530,0.2795,0.0824,0.0027,
242.8910,22,1,ok,0,1,1.3561,0.0013,0.9369,0.4176,0.0003,0.0548,0.2776,0.0822,0.0029,
242.8910,23,1,ok,1,1,1.3499,0.0007,0.9293,0.4183,0.0017,0.0529,0.2797,0.0825,0.0032,
242.8910,24,1,ok,0,1,0.9536,0.0009,0.5350,0.4174,0.0003,0.0543,0.2779,0.0823,0.0029,
242.8910,25,1,ok,1,1,0.8920,0.0007,0.4694,0.4185,0.0035,0.0526,0.2798,0.0826,0.0035,
242.8910,26,1,ok,0,1,1.2471,0.0008,0.8274,0.4185,0.0004,0.0545,0.2783,0.0823,0.0034,
242.8910,27,1,ok,1,1,1.2630,0.0010,0.8419,0.4190,0.0011,0.0531,0.2796,0.0827,0.0037,
242.8910,28,1,ok,0,1,1.1761,0.0007,0.7567,0.4183,0.0003,0.0543,0.2784,0.0822,0.0034,
242.8910,29,1,ok,1,1,0.9907,0.0004,0.5694,0.4188,0.0021,0.0529,0.2798,0.0826,0.0034,
242.8910,30,1,ok,0,1,0.9592,0.0006,0.5402,0.4179,0.0004,0.0540,0.2780,0.0824,0.0035,
242.8910,31,1,ok,1,1,0.6810,0.0012,0.2598,0.4187,0.0014,0.0528,0.2798,0.0828,0.0033,
242.8910,32,1,ok,0,1,0.8647,0.0006,0.4456,0.4182,0.0003,0.0541,0.2781,0.0823,0.0036,
242.8910,33,1,ok,1,1,0.4182,0.0006,0.0000,0.4171,0.0004,0.0522,0.2788,0.0827,0.0033,
242.8910,34,1,ok,0,1,0.4179,0.0004,0.0000,0.4170,0.0004,0.0534,0.2780,0.0823,0.0033,
242.8910,35,1,ok,1,1,0.5208,0.0004,0.1019,0.4181,0.0004,0.0530,0.2788,0.0825,0.0038,
242.8910,36,1,ok,0,1,0.4202,0.0010,0.0000,0.4186,0.0005,0.0536,0.2794,0.0824,0.0032,
242.8910,37,1,ok,1,1,0.4183,0.0011,0.0000,0.4168,0.0004,0.0520,0.2786,0.0825,0.0036,
242.8910,38,1,ok,0,1,0.4192,0.0009,0.0000,0.4178,0.0004,0.0534,0.2785,0.0823,0.0036,
242.8910,39,1,ok,1,1,0.4171,0.0005,0.0000,0.4161,0.0004,0.0522,0.2783,0.0824,0.0032,
242.8910,40,1,ok,0,1,0.4179,0.0004,0.0000,0.4169,0.0004,0.0535,0.2780,0.0823,0.0032,
242.8910,41,1,ok,1,1,0.5220,0.0011,0.1032,0.4174,0.0003,0.0530,0.2786,0.0824,0.0034,
242.8910,42,1,ok,0,1,0.7607,0.0003,0.3420,0.4179,0.0004,0.0543,0.2780,0.0822,0.0035,
242.8910,43,1,ok,1,1,0.7913,0.0002,0.3735,0.4172,0.0003,0.0528,0.2785,0.0828,0.0031,
242.8910,44,1,ok,0,1,1.0738,0.0008,0.6549,0.4177,0.0003,0.0541,0.2783,0.0823,0.0031,
242.8910,45,1,ok,1,1,1.1246,0.0005,0.7047,0.4190,0.0003,0.0532,0.2788,0.0830,0.0040,
242.8910,46,1,ok,0,1,1.4010,0.0013,0.9807,0.4186,0.0004,0.0546,0.2784,0.0824,0.0031,
242.8910,47,1,ok,1,1,1.4363,0.0010,1.0168,0.4181,0.0003,0.0527,0.2787,0.0832,0.0036,
242.8910,48,1,ok,0,1,1.4903,0.0008,1.0704,0.4188,0.0003,0.0542,0.2782,0.0825,0.0038,
242.8910,49,1,ok,1,1,1.4945,0.0008,1.0739,0.4195,0.0003,0.0528,0.2793,0.0840,0.0034,
242.8910,50,1,ok,0,1,1.6835,0.0008,1.2632,0.4192,0.0003,0.0539,0.2785,0.0825,0.0043,
242.8910,51,1,ok,1,1,1.7426,0.0010,1.3213,0.4201,0.0003,0.0532,0.2792,0.0843,0.0034,
242.8910,52,1,ok,0,1,1.9675,0.0002,1.5486,0.4184,0.0003,0.0541,0.2782,0.0824,0.0038,
242.8910,53,1,ok,1,1,1.4042,0.0012,0.9831,0.4196,0.0003,0.0528,0.2791,0.0841,0.0035,
242.8910,54,1,ok,0,1,1.4458,0.0005,1.0275,0.4175,0.0003,0.0539,0.2782,0.0823,0.0031,
242.8910,55,1,ok,1,1,1.3327,0.0008,0.9134,0.4182,0.0003,0.0529,0.2788,0.0831,0.0033,
242.8910,56,1,ok,0,1,1.5856,0.0006,1.1668,0.4179,0.0003,0.0543,0.2784,0.0824,0.0029,
242.8910,57,1,ok,1,1,1.3840,0.0015,0.9622,0.4201,0.0003,0.0530,0.2795,0.0843,0.0032,
242.8910,58,1,ok,0,1,1.6386,0.0013,1.2176,0.4193,0.0004,0.0548,0.2783,0.0824,0.0038,
242.8910,59,1,ok,1,1,1.6423,0.0006,1.2215,0.4199,0.0003,0.0530,0.2794,0.0846,0.0030,
242.8910,60,1,ok,0,1,0.8129,0.0002,0.3945,0.4179,0.0003,0.0538,0.2784,0.0825,0.0031,
242.8910,61,1,ok,1,1,0.6838,0.0009,0.2629,0.4196,0.0003,0.0529,0.2789,0.0843,0.0035,
242.8910,62,1,ok,0,1,0.7784,0.0014,0.3580,0.4186,0.0003,0.0543,0.2783,0.0824,0.0036,
242.8910,63,1,ok,1,1,0.6214,0.0002,0.1975,0.4235,0.0003,0.0529,0.2814,0.0859,0.0033,
242.8910,64,1,ok,0,1,0.4551,0.0009,0.0352,0.4186,0.0003,0.0544,0.2783,0.0824,0.0034,
242.8910,65,1,ok,1,1,0.4215,0.0020,0.0000,0.4191,0.0004,0.0522,0.2800,0.0838,0.0030,
242.8910,66,1,ok,0,1,0.4402,0.0010,0.0203,0.4185,0.0004,0.0542,0.2785,0.0824,0.0035,
242.8910,67,1,ok,1,1,0.7727,0.0010,0.3482,0.4231,0.0003,0.0535,0.2809,0.0852,0.0035,
242.8910,68,1,ok,0,1,0.7572,0.0009,0.3376,0.4184,0.0003,0.0540,0.2784,0.0825,0.0035,
242.8910,69,1,ok,1,1,1.0291,0.0011,0.6010,0.4267,0.0003,0.0533,0.2833,0.0863,0.0037,
242.8910,70,1,ok,0,1,1.0412,0.0007,0.6210,0.4192,0.0003,0.0546,0.2786,0.0825,0.0035,
242.8910,71,1,ok,1,1,0.6862,0.0007,0.2626,0.4226,0.0003,0.0533,0.2807,0.0847,0.0039,
242.8910,72,1,ok,0,1,0.4175,0.0008,0.0000,0.4162,0.0004,0.0527,0.2781,0.0824,0.0030,
242.8910,73,1,ok,1,1,0.5024,0.0011,0.0754,0.4256,0.0003,0.0529,0.2832,0.0860,0.0034,
242.8910,74,1,ok,0,1,0.4795,0.0006,0.0604,0.4182,0.0003,0.0540,0.2780,0.0825,0.0036,
242.8910,75,1,ok,1,1,0.5385,0.0008,0.1140,0.4233,0.0003,0.0537,0.2813,0.0851,0.0033,
242.8910,76,1,ok,0,1,0.4183,0.0010,0.0000,0.4168,0.0004,0.0531,0.2782,0.0825,0.0030,
242.8910,77,1,ok,1,1,0.4211,0.0006,0.0000,0.4201,0.0004,0.0519,0.2796,0.0850,0.0036,
242.8910,78,1,ok,0,1,0.6092,0.0009,0.1897,0.4183,0.0003,0.0540,0.2780,0.0832,0.0031,
242.8910,79,1,ok,1,1,0.6963,0.0011,0.2741,0.4208,0.0003,0.0528,0.2800,0.0847,0.0033,
242.8910,80,1,ok,0,1,0.7557,0.0004,0.3353,0.4197,0.0003,0.0540,0.2785,0.0833,0.0039,
242.8910,81,1,ok,1,1,0.8398,0.0005,0.4169,0.4221,0.0003,0.0531,0.2800,0.0853,0.0037,
242.8910,82,1,ok,0,1,0.8830,0.0008,0.4626,0.4192,0.0004,0.0542,0.2787,0.0832,0.0031,
242.8910,83,1,ok,1,1,0.4870,0.0002,0.0591,0.4273,0.0003,0.0528,0.2841,0.0872,0.0032,
242.8910,84,1,ok,0,1,0.6137,0.0016,0.1920,0.4197,0.0004,0.0538,0.2786,0.0835,0.0037,
242.8910,85,1,ok,1,1,0.7319,0.0007,0.2992,0.4317,0.0003,0.0529,0.2870,0.0883,0.0035,
242.8910,86,1,ok,0,1,0.4193,0.0011,0.0000,0.4177,0.0005,0.0531,0.2787,0.0825,0.0034,
242.8910,87,1,ok,1,1,0.4209,0.0015,0.0000,0.4190,0.0004,0.0522,0.2794,0.0836,0.0038,
242.8910,88,1,ok,0,1,0.6396,0.0011,0.2187,0.4194,0.0003,0.0541,0.2787,0.0830,0.0035,
242.8910,89,1,ok,1,1,0.8070,0.0003,0.3851,0.4213,0.0003,0.0526,0.2802,0.0850,0.0034,
242.8910,90,1,ok,0,1,1.0180,0.0008,0.5982,0.4187,0.0003,0.0539,0.2787,0.0834,0.0027,
242.8910,91,1,ok,1,1,0.9589,0.0016,0.5328,0.4242,0.0003,0.0529,0.2809,0.0861,0.0042,
242.8910,92,1,ok,0,1,0.8059,0.0003,0.3859,0.4194,0.0004,0.0542,0.2787,0.0833,0.0033,
242.8910,93,1,ok,1,1,0.8617,0.0011,0.4344,0.4259,0.0003,0.0527,0.2833,0.0866,0.0034,
242.8910,94,1,ok,0,1,1.0738,0.0010,0.6533,0.4192,0.0003,0.0544,0.2784,0.0832,0.0032,
242.8910,95,1,ok,1,1,1.1571,0.0014,0.7253,0.4300,0.0003,0.0525,0.2859,0.0883,0.0032,
242.8910,96,1,ok,0,1,0.4218,0.0009,0.0000,0.4204,0.0005,0.0531,0.2796,0.0836,0.0040,
242.8910,97,1,ok,1,1,0.4230,0.0013,0.0000,0.4213,0.0004,0.0518,0.2807,0.0858,0.0029,
242.8910,98,1,ok,0,1,0.4178,0.0004,0.0000,0.4170,0.0004,0.0528,0.2783,0.0828,0.0029,
242.8910,99,1,ok,1,1,0.4240,0.0009,0.0000,0.4226,0.0004,0.0530,0.2810,0.0848,0.0037,
242.8910,100,1,ok,0,1,0.4201,0.0003,0.0000,0.4193,0.0004,0.0532,0.2795,0.0835,0.0030,
242.8910,101,1,ok,0,1,0.5258,0.0007,0.1043,0.4205,0.0003,0.0546,0.2796,0.0831,0.0031,
242.8910,102,1,ok,1,1,0.4212,0.0005,0.0000,0.4202,0.0004,0.0520,0.2802,0.0847,0.0033,
242.8910,103,1,ok,0,1,0.4763,0.0007,0.0521,0.4232,0.0004,0.0542,0.2808,0.0848,0.0032,
242.8910,104,1,ok,1,1,0.5812,0.0003,0.1540,0.4266,0.0003,0.0530,0.2836,0.0865,0.0035,
242.8910,105,1,ok,0,1,0.5688,0.0005,0.1461,0.4218,0.0004,0.0549,0.2796,0.0842,0.0032,
242.8910,106,1,ok,1,1,0.7563,0.0004,0.2985,0.4570,0.0003,0.0519,0.3086,0.0930,0.0035,
242.8910,107,1,ok,0,1,0.8205,0.0007,0.3980,0.4215,0.0003,0.0543,0.2799,0.0836,0.0037,
242.8910,108,1,ok,1,1,0.9129,0.0007,0.4653,0.4466,0.0003,0.0532,0.2997,0.0909,0.0028,
242.8910,109,1,ok,0,1,0.4222,0.0008,0.0000,0.4210,0.0004,0.0534,0.2799,0.0837,0.0041,
242.8910,110,1,ok,1,1,0.4397,0.0010,0.0000,0.4382,0.0004,0.0515,0.2938,0.0894,0.0034,
242.8910,111,1,ok,0,1,0.4201,0.0008,0.0000,0.4189,0.0004,0.0530,0.2780,0.0844,0.0033,
242.8910,112,1,ok,1,1,0.6307,0.0006,0.1921,0.4377,0.0003,0.0528,0.2922,0.0889,0.0037,
242.8910,113,1,ok,0,1,0.6202,0.0011,0.1989,0.4198,0.0003,0.0538,0.2785,0.0839,0.0036,
242.8910,114,1,ok,1,1,0.4325,0.0011,0.0000,0.4310,0.0004,0.0518,0.2869,0.0886,0.0037,
242.8910,115,1,ok,0,1,0.4196,0.0007,0.0000,0.4184,0.0005,0.0529,0.2782,0.0838,0.0034,
242.8910,116,1,ok,1,1,0.4293,0.0014,0.0000,0.4275,0.0004,0.0526,0.2842,0.0871,0.0037,
242.8910,117,1,ok,0,1,0.5017,0.0002,0.0802,0.4210,0.0004,0.0541,0.2791,0.0845,0.0033,
242.8910,118,1,ok,1,1,0.4255,0.0008,0.0000,0.4242,0.0004,0.0524,0.2826,0.0860,0.0032,
242.8910,119,1,ok,0,1,0.6527,0.0011,0.2278,0.4236,0.0004,0.0535,0.2812,0.0860,0.0028,
242.8910,120,1,ok,1,1,0.4847,0.0010,0.0284,0.4550,0.0003,0.0523,0.3056,0.0938,0.0033,
242.8910,121,1,ok,0,1,0.5282,0.0012,0.1049,0.4218,0.0003,0.0540,0.2798,0.0849,0.0031,
242.8910,122,1,ok,1,1,0.4230,0.0009,0.0000,0.4217,0.0004,0.0522,0.2803,0.0852,0.0040,
242.8910,123,1,ok,0,1,0.4228,0.0002,0.0000,0.4221,0.0004,0.0530,0.2808,0.0855,0.0028,
242.8910,124,1,ok,1,1,0.6629,0.0001,0.2361,0.4264,0.0003,0.0531,0.2835,0.0867,0.0031,
242.8910,125,1,ok,0,1,0.7540,0.0006,0.3253,0.4278,0.0004,0.0540,0.2844,0.0860,0.0033,
242.8910,126,1,ok,1,1,0.9914,0.0009,0.5604,0.4298,0.0003,0.0531,0.2860,0.0872,0.0035,
242.8910,127,1,ok,0,1,0.5203,0.0008,0.0946,0.4246,0.0003,0.0539,0.2810,0.0861,0.0036,
242.8910,128,1,ok,1,1,0.4276,0.0003,0.0000,0.4269,0.0004,0.0520,0.2841,0.0871,0.0037,
242.8910,129,1,ok,0,1,0.4229,0.0016,0.0000,0.4208,0.0005,0.0537,0.2796,0.0841,0.0034,
242.8910,130,1,ok,1,1,0.4258,0.0011,0.0000,0.4243,0.0004,0.0522,0.2819,0.0864,0.0037,
242.8910,131,1,ok,0,1,0.7438,0.0006,0.3169,0.4260,0.0004,0.0538,0.2830,0.0861,0.0031,
242.8910,132,1,ok,1,1,0.4255,0.0006,0.0000,0.4245,0.0004,0.0521,0.2824,0.0868,0.0032,
242.8910,133,1,ok,0,1,0.4236,0.0005,0.0000,0.4226,0.0005,0.0534,0.2805,0.0853,0.0033,
242.8910,134,1,ok,1,1,0.4221,0.0006,0.0000,0.4211,0.0004,0.0523,0.2811,0.0847,0.0029,
242.8910,135,1,ok,0,1,0.6610,0.0005,0.2366,0.4236,0.0004,0.0544,0.2805,0.0847,0.0039,
242.8910,136,1,ok,1,1,0.6980,0.0019,0.2381,0.4577,0.0004,0.0526,0.3064,0.0954,0.0033,
242.8910,137,1,ok,0,1,0.7161,0.0012,0.2889,0.4256,0.0003,0.0537,0.2819,0.0868,0.0031,
242.8910,138,1,ok,1,1,0.4567,0.0004,0.0000,0.4558,0.0004,0.0514,0.3053,0.0963,0.0028,
242.8910,139,1,ok,0,1,0.7532,0.0007,0.3228,0.4293,0.0003,0.0540,0.2851,0.0872,0.0030,
242.8910,140,1,ok,1,1,0.7384,0.0006,0.2628,0.4747,0.0003,0.0529,0.3212,0.0965,0.0041,
242.8910,141,1,ok,0,1,0.8284,0.0003,0.3965,0.4312,0.0004,0.0543,0.2861,0.0876,0.0032,
242.8910,142,1,ok,1,1,0.9431,0.0004,0.4648,0.4776,0.0003,0.0527,0.3240,0.0979,0.0030,
242.8910,143,1,ok,0,1,0.6702,0.0008,0.2429,0.4262,0.0003,0.0542,0.2830,0.0859,0.0031,
242.8910,144,1,ok,1,1,0.7766,0.0011,0.2975,0.4776,0.0003,0.0529,0.3232,0.0980,0.0035,
242.8910,145,1,ok,0,1,0.9025,0.0004,0.4751,0.4266,0.0004,0.0542,0.2830,0.0861,0.0034,
242.8910,146,1,ok,1,1,1.0082,0.0018,0.5245,0.4816,0.0003,0.0525,0.3268,0.0991,0.0030,
242.8910,147,1,ok,0,1,0.8147,0.0009,0.3868,0.4267,0.0004,0.0545,0.2818,0.0863,0.0041,
242.8910,148,1,ok,1,1,1.1293,0.0005,0.6288,0.4996,0.0003,0.0527,0.3389,0.1045,0.0034,
242.8910,149,1,ok,0,1,1.1530,0.0004,0.6665,0.4857,0.0003,0.0522,0.3353,0.0952,0.0030,
242.8910,150,1,ok,1,1,0.4557,0.0010,0.0000,0.4542,0.0004,0.0507,0.3055,0.0941,0.0039,
242.8910,151,1,ok,0,1,0.4232,0.0012,0.0000,0.4215,0.0004,0.0526,0.2800,0.0857,0.0032,
242.8910,152,1,ok,1,1,0.5153,0.0021,0.0519,0.4610,0.0003,0.0521,0.3087,0.0959,0.0043,
242.8910,153,1,ok,0,1,0.5228,0.0003,0.1004,0.4217,0.0004,0.0542,0.2790,0.0849,0.0035,
242.8910,154,1,ok,1,1,0.7737,0.0006,0.3028,0.4700,0.0003,0.0521,0.3169,0.0981,0.0029,
242.8910,155,1,ok,0,1,0.8509,0.0009,0.4272,0.4225,0.0003,0.0536,0.2803,0.0854,0.0032,
242.8910,156,1,ok,1,1,1.0888,0.0004,0.6086,0.4796,0.0003,0.0521,0.3243,0.1001,0.0030,
242.8910,157,1,ok,0,1,0.9596,0.0006,0.5292,0.4295,0.0003,0.0536,0.2850,0.0878,0.0030,
242.8910,158,1,ok,1,1,1.2874,0.0002,0.8049,0.4821,0.0003,0.0524,0.3269,0.0995,0.0033,
242.8910,159,1,ok,0,1,1.2708,0.0011,0.8324,0.4369,0.0003,0.0538,0.2904,0.0893,0.0034,
242.8910,160,1,ok,1,1,1.6907,0.0020,1.2057,0.4826,0.0004,0.0520,0.3280,0.0998,0.0028,
242.8910,161,1,ok,0,1,1.4656,0.0004,1.0059,0.4591,0.0003,0.0528,0.3076,0.0945,0.0041,
242.8910,162,1,ok,1,1,1.8596,0.0003,1.3799,0.4791,0.0003,0.0522,0.3222,0.1012,0.0035,
242.8910,163,1,ok,0,1,1.2894,0.0005,0.8184,0.4702,0.0004,0.0526,0.3194,0.0948,0.0033,
242.8910,164,1,ok,1,1,1.2737,0.0008,0.7912,0.4814,0.0003,0.0520,0.3258,0.1002,0.0034,
242.8910,165,1,ok,0,1,1.2526,0.0018,0.7845,0.4660,0.0004,0.0549,0.3148,0.0936,0.0027,
242.8910,166,1,ok,0,1,1.6511,0.0008,1.1847,0.4652,0.0003,0.0532,0.3139,0.0945,0.0035,
242.8910,167,1,ok,1,1,1.4013,0.0006,0.9147,0.4857,0.0003,0.0520,0.3277,0.1030,0.0031,
242.8910,168,1,ok,0,1,1.7866,0.0012,1.3172,0.4678,0.0004,0.0528,0.3170,0.0947,0.0033,
242.8910,169,1,ok,1,1,1.7997,0.0003,1.3064,0.4927,0.0003,0.0524,0.3339,0.1025,0.0038,
242.8910,170,1,ok,0,1,1.5406,0.0008,1.0736,0.4658,0.0003,0.0537,0.3128,0.0952,0.0041,
242.8910,171,1,ok,1,1,1.3976,0.0006,0.9128,0.4838,0.0003,0.0518,0.3281,0.1008,0.0031,
242.8910,172,1,ok,0,1,1.6350,0.0008,1.1726,0.4613,0.0003,0.0522,0.3116,0.0942,0.0032,
242.8910,173,1,ok,1,1,1.3546,0.0004,0.8599,0.4941,0.0003,0.0523,0.3347,0.1033,0.0037,
242.8910,174,1,ok,0,1,1.3105,0.0003,0.8484,0.4614,0.0004,0.0531,0.3107,0.0946,0.0030,
242.8910,175,1,ok,1,1,1.3791,0.0013,0.8942,0.4833,0.0003,0.0519,0.3280,0.0996,0.0038,
242.8910,176,1,ok,0,1,1.6970,0.0002,1.2330,0.4635,0.0003,0.0537,0.3107,0.0950,0.0041,
242.8910,177,1,ok,1,1,1.6960,0.0011,1.2135,0.4811,0.0003,0.0522,0.3241,0.1017,0.0031,
242.8910,178,1,ok,0,1,1.8895,0.0002,1.4214,0.4676,0.0003,0.0527,0.3107,0.1009,0.0032,
242.8910,179,1,ok,1,1,1.9018,0.0002,1.4042,0.4970,0.0003,0.0521,0.3367,0.1044,0.0038,
242.8910,180,1,ok,0,1,1.8914,0.0011,1.4104,0.4795,0.0003,0.0514,0.3266,0.0978,0.0037,
242.8910,181,1,ok,1,1,1.7923,0.0008,1.3021,0.4892,0.0003,0.0518,0.3329,0.1013,0.0031,
242.8910,182,1,ok,0,1,1.0634,0.0008,0.5902,0.4721,0.0004,0.0534,0.3207,0.0946,0.0033,
242.8910,183,1,ok,1,1,1.2395,0.0003,0.7423,0.4965,0.0003,0.0519,0.3350,0.1059,0.0036,
242.8910,184,1,ok,0,1,1.3754,0.0004,0.9101,0.4646,0.0004,0.0531,0.3132,0.0951,0.0031,
242.8910,185,1,ok,1,1,1.5057,0.0002,1.0097,0.4955,0.0003,0.0525,0.3350,0.1042,0.0038,
242.8910,186,1,ok,0,1,1.2489,0.0004,0.7840,0.4641,0.0004,0.0539,0.3127,0.0942,0.0032,
242.8910,187,1,ok,1,1,1.4353,0.0010,0.9455,0.4885,0.0003,0.0519,0.3317,0.1014,0.0034,
242.8910,188,1,ok,0,1,1.5975,0.0020,1.1241,0.4711,0.0003,0.0537,0.3174,0.0967,0.0033,
242.8910,189,1,ok,1,1,1.7310,0.0012,1.2349,0.4946,0.0003,0.0522,0.3358,0.1036,0.0030,
242.8910,190,1,ok,0,1,1.7936,0.0006,1.3145,0.4781,0.0004,0.0523,0.3234,0.0989,0.0035,
242.8910,191,1,ok,1,1,2.0070,0.0011,1.5139,0.4917,0.0003,0.0523,0.3335,0.1029,0.0029,
242.8910,192,1,ok,0,1,2.1191,0.0016,1.6403,0.4768,0.0003,0.0526,0.3257,0.0949,0.0036,
242.8910,193,1,ok,1,1,1.7966,0.0014,1.3005,0.4945,0.0003,0.0522,0.3341,0.1045,0.0037,
242.8910,194,1,ok,0,1,1.8048,0.0015,1.3388,0.4642,0.0003,0.0534,0.3138,0.0937,0.0032,
242.8910,195,1,ok,1,1,1.6712,0.0009,1.1630,0.5069,0.0003,0.0517,0.3437,0.1083,0.0033,
242.8910,196,1,ok,0,1,1.5870,0.0009,1.1184,0.4674,0.0004,0.0532,0.3139,0.0970,0.0033,
242.8910,197,1,ok,1,1,1.9691,0.0002,1.4607,0.5078,0.0003,0.0522,0.3428,0.1087,0.0041,
242.8910,198,1,ok,0,1,0.4265,0.0003,0.0000,0.4257,0.0005,0.0527,0.2822,0.0873,0.0035,
242.8910,199,1,ok,1,1,0.4245,0.0010,0.0000,0.4230,0.0004,0.0519,0.2816,0.0859,0.0035,
242.8910,200,1,ok,0,1,0.4232,0.0010,0.0000,0.4217,0.0004,0.0535,0.2793,0.0848,0.0041,
242.8910,201,1,ok,1,1,0.4259,0.0011,0.0000,0.4243,0.0004,0.0520,0.2826,0.0859,0.0038,
242.8910,202,1,ok,0,1,0.4226,0.0005,0.0000,0.4215,0.0005,0.0532,0.2801,0.0846,0.0036,
242.8910,203,1,ok,1,1,0.4325,0.0008,0.0000,0.4313,0.0004,0.0522,0.2881,0.0879,0.0031,
242.8910,204,1,ok,0,1,0.6934,0.0010,0.2125,0.4795,0.0004,0.0518,0.3254,0.0987,0.0036,
242.8910,205,1,ok,1,1,0.6706,0.0017,0.2072,0.4613,0.0003,0.0555,0.3059,0.0959,0.0041,
242.8910,206,1,ok,0,1,0.9738,0.0003,0.5070,0.4661,0.0003,0.0535,0.3148,0.0940,0.0038,
242.8910,207,1,ok,1,1,1.0200,0.0005,0.5285,0.4907,0.0003,0.0520,0.3302,0.1049,0.0036,
242.8910,208,1,ok,0,1,1.3112,0.0009,0.8403,0.4695,0.0004,0.0531,0.3147,0.0975,0.0041,
242.8910,209,1,ok,1,1,0.4286,0.0017,0.0000,0.4263,0.0006,0.0528,0.2833,0.0863,0.0038,
285.7541,0,0,ok,0,1,0.4221,0.0004,0.0000,0.4213,0.0005,0.0530,0.2794,0.0853,0.0035,
285.7541,1,0,ok,1,1,0.4273,0.0003,0.0000,0.4253,0.0017,0.0561,0.2812,0.0846,0.0034,
285.7541,2,0,ok,0,1,0.7743,0.0028,0.3465,0.4246,0.0004,0.0544,0.2808,0.0854,0.0039,
285.7541,3,0,ok,1,1,0.7757,0.0010,0.3058,0.4670,0.0020,0.0515,0.3127,0.0999,0.0029,
285.7541,4,0,ok,0,1,0.9078,0.0004,0.4408,0.4662,0.0004,0.0519,0.3139,0.0964,0.0040,
285.7541,5,0,ok,1,1,0.7617,0.0011,0.2576,0.5019,0.0011,0.0515,0.3355,0.1108,0.0041,
285.7541,6,0,ok,0,1,0.6879,0.0004,0.2027,0.4845,0.0004,0.0528,0.3263,0.1020,0.0033,
285.7541,7,0,ok,1,1,0.7879,0.0004,0.2745,0.5110,0.0019,0.0519,0.3438,0.1117,0.0036,
285.7541,8,0,ok,0,1,1.0532,0.0005,0.5532,0.4990,0.0004,0.0532,0.3417,0.1009,0.0031,
285.7541,9,0,ok,1,1,1.1785,0.0003,0.6661,0.5110,0.0010,0.0520,0.3458,0.1095,0.0037,
285.7541,10,1,ok,0,1,1.4892,0.0016,0.9934,0.4938,0.0003,0.0533,0.3343,0.1022,0.0040,
285.7541,11,1,ok,1,1,1.4969,0.0011,0.9778,0.5167,0.0013,0.0525,0.3502,0.1102,0.0038,
285.7541,12,1,ok,0,1,1.8201,0.0032,1.3326,0.4840,0.0003,0.0527,0.3275,0.1006,0.0032,
285.7541,13,1,ok,1,1,1.9756,0.0008,1.4439,0.5295,0.0015,0.0520,0.3575,0.1168,0.0031,
285.7541,14,1,ok,0,1,2.0421,0.0008,1.5525,0.4886,0.0003,0.0540,0.3317,0.0990,0.0039,
285.7541,15,1,ok,1,1,2.1038,0.0012,1.5888,0.5135,0.0003,0.0521,0.3477,0.1104,0.0033,
285.7541,16,1,ok,0,1,2.3037,0.0009,1.8237,0.4787,0.0004,0.0521,0.3240,0.0985,0.0040,
285.7541,17,1,ok,1,1,2.3788,0.0003,1.8644,0.5123,0.0018,0.0525,0.3472,0.1090,0.0037,
285.7541,18,1,ok,0,1,2.2685,0.0010,1.7678,0.4993,0.0004,0.0519,0.3414,0.1020,0.0039,
285.7541,19,1,ok,1,1,2.5454,0.0008,2.0287,0.5152,0.0008,0.0522,0.3481,0.1111,0.0038,
285.7541,20,1,ok,0,1,2.4020,0.0010,1.9220,0.4786,0.0004,0.0542,0.3252,0.0959,0.0032,
285.7541,21,1,ok,1,1,2.4578,0.0011,1.9487,0.5061,0.0019,0.0518,0.3426,0.1089,0.0027,
285.7541,22,1,ok,0,1,2.5416,0.0019,2.0612,0.4781,0.0004,0.0529,0.3254,0.0968,0.0029,
285.7541,23,1,ok,1,1,2.8430,0.0006,2.3344,0.5062,0.0018,0.0526,0.3454,0.1050,0.0032,
285.7541,24,1,ok,0,1,2.3174,0.0004,1.8440,0.4727,0.0004,0.0533,0.3197,0.0967,0.0029,
285.7541,25,1,ok,1,1,2.6161,0.0004,2.0947,0.5192,0.0018,0.0514,0.3506,0.1137,0.0035,
285.7541,26,1,ok,0,1,2.6864,0.0011,2.2097,0.4752,0.0003,0.0540,0.3203,0.0975,0.0034,
285.7541,27,1,ok,1,1,3.0743,0.0023,2.5720,0.4967,0.0033,0.0516,0.3376,0.1038,0.0037,
285.7541,28,1,ok,0,1,2.7475,0.0007,2.2694,0.4770,0.0003,0.0527,0.3230,0.0979,0.0034,
285.7541,29,1,ok,1,1,2.9970,0.0003,2.4848,0.5098,0.0021,0.0518,0.3451,0.1095,0.0034,
285.7541,30,1,ok,0,1,2.6855,0.0006,2.2071,0.4775,0.0004,0.0530,0.3187,0.1022,0.0035,
285.7541,31,1,ok,1,1,2.8938,0.0010,2.3758,0.5152,0.0018,0.0521,0.3461,0.1137,0.0033,
285.7541,32,1,ok,0,1,2.7472,0.0005,2.2490,0.4974,0.0003,0.0529,0.3364,0.1043,0.0038,
285.7541,33,1,ok,1,1,2.5073,0.0004,1.9728,0.5311,0.0030,0.0517,0.3590,0.1172,0.0033,
285.7541,34,1,ok,0,1,2.3764,0.0007,1.8873,0.4881,0.0003,0.0532,0.3331,0.0986,0.0033,
285.7541,35,1,ok,0,1,2.6972,0.0003,2.2075,0.4890,0.0003,0.0526,0.3314,0.1013,0.0037,
285.7541,36,1,ok,1,1,2.3824,0.0005,1.8670,0.5136,0.0013,0.0529,0.3466,0.1108,0.0033,
285.7541,37,1,ok,0,1,2.6223,0.0004,2.1231,0.4984,0.0004,0.0532,0.3379,0.1037,0.0036,
285.7541,38,1,ok,1,1,2.2736,0.0011,1.7635,0.5080,0.0010,0.0521,0.3447,0.1076,0.0037,
285.7541,39,1,ok,0,1,2.5258,0.0006,2.0255,0.4993,0.0004,0.0533,0.3383,0.1044,0.0032,
285.7541,40,1,ok,1,1,2.3397,0.0012,1.8356,0.5014,0.0016,0.0524,0.3408,0.1049,0.0033,
285.7541,41,1,ok,0,1,2.7760,0.0014,2.2585,0.5157,0.0004,0.0530,0.3507,0.1086,0.0034,
285.7541,42,1,ok,1,1,2.7856,0.0003,2.2753,0.5086,0.0013,0.0523,0.3449,0.1078,0.0036,
285.7541,43,1,ok,0,1,3.1625,0.0017,2.6483,0.5122,0.0004,0.0533,0.3504,0.1054,0.0031,
285.7541,44,1,ok,1,1,3.1974,0.0004,2.6960,0.4995,0.0015,0.0520,0.3381,0.1062,0.0031,
285.7541,45,1,ok,0,1,3.5890,0.0009,3.0886,0.4992,0.0004,0.0530,0.3366,0.1057,0.0039,
285.7541,46,1,ok,1,1,3.6256,0.0006,3.1188,0.5059,0.0003,0.0517,0.3430,0.1080,0.0031,
285.7541,47,1,ok,0,1,3.9934,0.0010,3.4973,0.4948,0.0004,0.0521,0.3351,0.1040,0.0035,
285.7541,48,1,ok,1,1,3.8516,0.0013,3.3439,0.5057,0.0007,0.0534,0.3401,0.1083,0.0039,
285.7541,49,1,ok,0,1,4.1837,0.0011,3.6849,0.4966,0.0010,0.0534,0.3361,0.1038,0.0033,
285.7541,50,1,ok,1,1,4.1813,0.0002,3.6590,0.5216,0.0004,0.0517,0.3511,0.1144,0.0044,
285.7541,51,1,ok,0,1,4.5433,0.0010,4.0363,0.5040,0.0020,0.0529,0.3418,0.1059,0.0033,
285.7541,52,1,ok,1,1,4.5857,0.0003,4.0664,0.5185,0.0004,0.0523,0.3507,0.1116,0.0039,
285.7541,53,1,ok,0,1,4.4187,0.0019,3.8968,0.5194,0.0006,0.0523,0.3479,0.1156,0.0036,
285.7541,54,1,ok,1,1,4.2943,0.0010,3.7861,0.5069,0.0003,0.0528,0.3441,0.1067,0.0031,
285.7541,55,1,ok,0,1,4.4922,0.0007,4.0015,0.4881,0.0019,0.0527,0.3309,0.1013,0.0032,
285.7541,56,1,ok,1,1,4.5617,0.0020,4.0556,0.5036,0.0004,0.0522,0.3415,0.1069,0.0030,
285.7541,57,1,ok,0,1,4.6725,0.0056,4.1730,0.4918,0.0021,0.0526,0.3336,0.1024,0.0032,
285.7541,58,1,ok,1,1,4.7604,0.0003,4.2497,0.5100,0.0005,0.0526,0.3432,0.1103,0.0039,
285.7541,59,1,ok,0,1,5.0269,0.0003,4.5346,0.4906,0.0014,0.0520,0.3327,0.1029,0.0029,
285.7541,60,1,ok,1,1,4.2289,0.0014,3.7017,0.5255,0.0004,0.0522,0.3552,0.1148,0.0032,
285.7541,61,1,ok,0,1,4.3642,0.0015,3.8538,0.5083,0.0007,0.0528,0.3474,0.1046,0.0034,
285.7541,62,1,ok,1,1,4.3538,0.0008,3.8427,0.5100,0.0004,0.0523,0.3445,0.1095,0.0037,
285.7541,63,1,ok,0,1,4.4570,0.0020,3.9490,0.5038,0.0022,0.0534,0.3415,0.1056,0.0032,
285.7541,64,1,ok,1,1,4.2301,0.0012,3.7217,0.5067,0.0003,0.0524,0.3444,0.1065,0.0034,
285.7541,65,1,ok,0,1,4.2673,0.0004,3.7539,0.5121,0.0009,0.0527,0.3488,0.1076,0.0030,
285.7541,66,1,ok,1,1,4.3817,0.0010,3.8603,0.5198,0.0005,0.0522,0.3500,0.1140,0.0036,
285.7541,67,1,ok,0,1,4.7098,0.0003,4.2055,0.5026,0.0014,0.0537,0.3436,0.1019,0.0034,
285.7541,68,1,ok,1,1,4.8055,0.0009,4.2944,0.5098,0.0004,0.0522,0.3449,0.1091,0.0036,
285.7541,69,1,ok,0,1,5.0638,0.0006,4.5643,0.4979,0.0011,0.0526,0.3373,0.1043,0.0036,
285.7541,70,1,ok,1,1,5.1974,0.0011,4.6893,0.5067,0.0004,0.0523,0.3457,0.1051,0.0035,
285.7541,71,1,ok,0,1,4.9039,0.0007,4.4122,0.4901,0.0009,0.0529,0.3324,0.1008,0.0039,
285.7541,72,1,ok,1,1,4.6605,0.0002,4.1572,0.5028,0.0004,0.0527,0.3416,0.1053,0.0032,
285.7541,73,1,ok,0,1,4.8946,0.0017,4.3839,0.5069,0.0020,0.0523,0.3460,0.1052,0.0033,
285.7541,74,1,ok,1,1,4.8729,0.0013,4.3561,0.5151,0.0004,0.0521,0.3473,0.1120,0.0037,
285.7541,75,1,ok,0,1,5.0692,0.0007,4.5644,0.5027,0.0013,0.0521,0.3420,0.1054,0.0032,
285.7541,76,1,ok,1,1,4.7629,0.0011,4.2495,0.5119,0.0003,0.0526,0.3487,0.1076,0.0030,
285.7541,77,1,ok,0,1,4.9367,0.0021,4.4217,0.5115,0.0015,0.0525,0.3494,0.1061,0.0035,
285.7541,78,1,ok,1,1,5.0812,0.0007,4.5687,0.5115,0.0004,0.0527,0.3453,0.1103,0.0031,
285.7541,79,1,ok,0,1,5.3116,0.0013,4.8113,0.4969,0.0021,0.0525,0.3369,0.1042,0.0032,
285.7541,80,1,ok,1,1,5.3691,0.0006,4.8481,0.5201,0.0004,0.0520,0.3495,0.1147,0.0040,
285.7541,81,1,ok,0,1,5.5736,0.0007,5.0739,0.4970,0.0020,0.0522,0.3393,0.1019,0.0036,
285.7541,82,1,ok,1,1,5.6267,0.0003,5.1204,0.5057,0.0003,0.0522,0.3429,0.1073,0.0032,
285.7541,83,1,ok,0,1,5.3932,0.0004,4.9098,0.4810,0.0021,0.0552,0.3248,0.0978,0.0031,
285.7541,84,1,ok,1,1,5.5597,0.0009,5.0398,0.5186,0.0004,0.0527,0.3513,0.1108,0.0038,
285.7541,85,1,ok,0,1,5.7232,0.0021,5.2321,0.4886,0.0004,0.0532,0.3305,0.1014,0.0034,
285.7541,86,1,ok,1,1,4.7617,0.0003,4.2463,0.5147,0.0004,0.0521,0.3504,0.1087,0.0035,
285.7541,87,1,ok,0,1,5.0741,0.0010,4.3115,0.7613,0.0004,0.3825,0.2862,0.0888,0.0037,
285.7541,88,1,ok,1,1,5.1025,0.0009,4.5912,0.5101,0.0004,0.0522,0.3437,0.1105,0.0036,
285.7541,89,1,ok,0,1,5.4886,0.0009,5.0430,0.4443,0.0003,0.0530,0.2961,0.0919,0.0033,
285.7541,90,1,ok,1,1,5.5848,0.0007,5.0673,0.5164,0.0004,0.0527,0.3499,0.1110,0.0028,
285.7541,91,1,ok,0,1,5.7535,0.0017,5.2553,0.4963,0.0004,0.0512,0.3359,0.1051,0.0040,
285.7541,92,1,ok,1,1,5.5791,0.0004,5.0473,0.5310,0.0003,0.0529,0.3551,0.1196,0.0033,
285.7541,93,1,ok,0,1,5.8121,0.0004,5.3082,0.5031,0.0003,0.0540,0.3408,0.1049,0.0033,
285.7541,94,1,ok,1,1,5.9729,0.0008,5.4493,0.5224,0.0004,0.0527,0.3519,0.1145,0.0033,
285.7541,95,1,ok,0,1,6.2008,0.0011,5.6963,0.5031,0.0003,0.0528,0.3415,0.1056,0.0031,
285.7541,96,1,ok,1,1,5.2126,0.0013,4.7049,0.5061,0.0004,0.0523,0.3417,0.1080,0.0042,
285.7541,97,1,ok,0,1,5.3852,0.0004,4.8765,0.5080,0.0003,0.0529,0.3453,0.1069,0.0028,
285.7541,98,1,ok,1,1,4.8222,0.0012,4.3093,0.5113,0.0003,0.0521,0.3459,0.1102,0.0030,
285.7541,99,1,ok,0,1,4.7357,0.0009,4.2263,0.5081,0.0003,0.0533,0.3449,0.1064,0.0035,
285.7541,100,1,ok,1,1,4.9119,0.0006,4.4051,0.5058,0.0004,0.0525,0.3439,0.1063,0.0031,
285.7541,101,1,ok,0,1,4.9617,0.0003,4.4651,0.4959,0.0004,0.0527,0.3375,0.1026,0.0030,
285.7541,102,1,ok,1,1,4.9136,0.0033,4.4004,0.5095,0.0003,0.0525,0.3455,0.1081,0.0033,
285.7541,103,1,ok,0,1,5.0674,0.0011,4.5585,0.5074,0.0003,0.0525,0.3439,0.1078,0.0032,
285.7541,104,1,ok,1,1,5.1930,0.0011,4.6856,0.5059,0.0003,0.0525,0.3429,0.1070,0.0035,
285.7541,105,1,ok,0,1,5.2953,0.0004,4.7867,0.5078,0.0003,0.0527,0.3439,0.1080,0.0032,
285.7541,106,1,ok,1,1,5.4532,0.0007,4.9524,0.4997,0.0004,0.0523,0.3378,0.1061,0.0035,
285.7541,107,1,ok,0,1,5.6628,0.0002,5.1505,0.5117,0.0004,0.0528,0.3466,0.1086,0.0037,
285.7541,108,1,ok,1,1,5.7128,0.0005,5.2060,0.5059,0.0004,0.0524,0.3414,0.1093,0.0028,
285.7541,109,1,ok,0,1,5.4082,0.0006,4.8896,0.5177,0.0004,0.0548,0.3511,0.1078,0.0040,
285.7541,110,1,ok,1,1,5.1475,0.0007,4.6283,0.5181,0.0004,0.0526,0.3499,0.1121,0.0034,
285.7541,111,1,ok,0,1,5.4199,0.0011,4.9049,0.5136,0.0004,0.0524,0.3489,0.1089,0.0033,
285.7541,112,1,ok,1,1,5.4553,0.0006,4.9370,0.5174,0.0004,0.0525,0.3503,0.1109,0.0037,
285.7541,113,1,ok,0,1,5.7488,0.0004,5.2325,0.5155,0.0004,0.0528,0.3487,0.1105,0.0036,
285.7541,114,1,ok,1,1,5.4109,0.0007,4.9015,0.5084,0.0004,0.0527,0.3450,0.1069,0.0037,
285.7541,115,1,ok,0,1,5.3283,0.0011,4.8066,0.5202,0.0004,0.0527,0.3538,0.1103,0.0034,
285.7541,116,1,ok,1,1,5.4156,0.0008,4.9065,0.5080,0.0003,0.0523,0.3441,0.1079,0.0037,
285.7541,117,1,ok,0,1,5.5505,0.0006,5.0393,0.5102,0.0003,0.0532,0.3472,0.1065,0.0033,
285.7541,118,1,ok,1,1,5.5156,0.0011,5.0035,0.5107,0.0004,0.0517,0.3431,0.1128,0.0032,
285.7541,119,1,ok,0,1,5.8227,0.0004,5.3181,0.5039,0.0003,0.0525,0.3424,0.1062,0.0028,
285.7541,120,1,ok,1,1,5.7062,0.0011,5.1779,0.5268,0.0004,0.0527,0.3537,0.1171,0.0033,
285.7541,121,1,ok,0,1,5.8614,0.0003,5.3579,0.5030,0.0003,0.0532,0.3425,0.1042,0.0031,
285.7541,122,1,ok,1,1,5.7398,0.0022,5.2246,0.5127,0.0004,0.0524,0.3463,0.1099,0.0039,
285.7541,123,1,ok,0,1,5.8891,0.0011,5.3850,0.5026,0.0003,0.0530,0.3405,0.1063,0.0028,
285.7541,124,1,ok,1,1,6.1042,0.0010,5.5800,0.5228,0.0004,0.0522,0.3522,0.1152,0.0031,
285.7541,125,1,ok,0,1,6.3248,0.0009,5.8058,0.5178,0.0003,0.0523,0.3516,0.1107,0.0033,
285.7541,126,1,ok,1,1,6.5407,0.0009,6.0169,0.5225,0.0004,0.0527,0.3534,0.1129,0.0035,
285.7541,127,1,ok,0,1,6.2791,0.0009,5.7641,0.5138,0.0003,0.0528,0.3472,0.1102,0.0036,
285.7541,128,1,ok,1,1,6.0562,0.0012,5.5409,0.5138,0.0004,0.0524,0.3480,0.1096,0.0038,
285.7541,129,1,ok,0,1,5.9814,0.0005,5.4616,0.5190,0.0004,0.0528,0.3528,0.1101,0.0034,
285.7541,130,1,ok,1,1,6.1162,0.0019,5.6030,0.5109,0.0004,0.0521,0.3452,0.1099,0.0037,
285.7541,131,1,ok,0,1,6.4035,0.0005,5.8912,0.5115,0.0004,0.0526,0.3490,0.1067,0.0031,
285.7541,132,1,ok,1,1,6.1827,0.0010,5.6610,0.5203,0.0003,0.0526,0.3508,0.1138,0.0032,
285.7541,133,1,ok,0,1,5.8548,0.0009,5.3443,0.5092,0.0003,0.0531,0.3462,0.1067,0.0033,
285.7541,134,1,ok,1,1,6.0810,0.0012,5.5460,0.5333,0.0004,0.0521,0.3584,0.1199,0.0029,
285.7541,135,1,ok,0,1,6.2100,0.0007,5.6955,0.5134,0.0003,0.0530,0.3460,0.1107,0.0037,
285.7541,136,1,ok,1,1,6.4426,0.0008,5.9254,0.5159,0.0004,0.0531,0.3498,0.1098,0.0033,
285.7541,137,1,ok,0,1,6.4090,0.0009,5.8939,0.5139,0.0003,0.0523,0.3513,0.1072,0.0031,
285.7541,138,1,ok,1,1,6.3474,0.0008,5.8368,0.5094,0.0003,0.0526,0.3455,0.1085,0.0028,
285.7541,139,1,ok,0,1,6.5949,0.0011,6.0743,0.5192,0.0003,0.0524,0.3527,0.1112,0.0029,
285.7541,140,1,ok,1,1,6.7001,0.0005,6.1826,0.5166,0.0004,0.0526,0.3497,0.1103,0.0040,
285.7541,141,1,ok,0,1,6.8075,0.0013,6.2907,0.5152,0.0003,0.0531,0.3504,0.1086,0.0031,
285.7541,142,1,ok,1,1,6.9737,0.0007,6.4672,0.5054,0.0004,0.0516,0.3415,0.1092,0.0030,
285.7541,143,1,ok,0,1,6.8220,0.0005,6.3100,0.5112,0.0003,0.0530,0.3499,0.1053,0.0031,
285.7541,144,1,ok,1,1,6.9411,0.0012,6.4246,0.5149,0.0004,0.0528,0.3486,0.1099,0.0035,
285.7541,145,1,ok,0,1,7.1556,0.0006,6.6559,0.4988,0.0003,0.0530,0.3388,0.1036,0.0033,
285.7541,146,1,ok,1,1,7.2386,0.0012,6.7272,0.5098,0.0004,0.0518,0.3443,0.1106,0.0030,
285.7541,147,1,ok,0,1,7.2111,0.0007,6.7173,0.4928,0.0003,0.0527,0.3344,0.1017,0.0040,
285.7541,148,1,ok,1,1,7.4445,0.0007,6.9160,0.5275,0.0004,0.0526,0.3552,0.1163,0.0033,
285.7541,149,1,ok,0,1,7.5689,0.0006,7.0849,0.4830,0.0003,0.0526,0.3286,0.0987,0.0030,
285.7541,150,1,ok,1,1,6.7634,0.0022,6.2450,0.5158,0.0004,0.0523,0.3469,0.1126,0.0039,
285.7541,151,1,ok,0,1,6.7456,0.0011,6.2285,0.5156,0.0003,0.0521,0.3495,0.1108,0.0032,
285.7541,152,1,ok,1,1,6.9441,0.0003,6.4217,0.5217,0.0004,0.0521,0.3511,0.1142,0.0044,
285.7541,153,1,ok,0,1,6.9971,0.0008,6.4707,0.5254,0.0003,0.0525,0.3568,0.1124,0.0036,
285.7541,154,1,ok,1,1,7.2810,0.0008,6.7632,0.5167,0.0004,0.0518,0.3485,0.1134,0.0029,
285.7541,155,1,ok,0,1,7.4286,0.0002,6.9164,0.5117,0.0003,0.0523,0.3480,0.1081,0.0032,
285.7541,156,1,ok,1,1,7.6702,0.0018,7.1392,0.5289,0.0004,0.0527,0.3553,0.1179,0.0031,
285.7541,157,1,ok,0,1,7.6714,0.0007,7.1549,0.5155,0.0003,0.0529,0.3474,0.1122,0.0030,
285.7541,158,1,ok,1,1,7.9672,0.0004,7.4286,0.5379,0.0004,0.0524,0.3604,0.1217,0.0033,
285.7541,159,1,ok,0,1,8.0832,0.0013,7.5630,0.5186,0.0003,0.0528,0.3527,0.1098,0.0034,
285.7541,160,1,ok,1,1,8.4399,0.0010,7.8986,0.5400,0.0004,0.0526,0.3633,0.1212,0.0028,
285.7541,161,1,ok,0,1,8.3700,0.0005,7.8579,0.5113,0.0003,0.0528,0.3460,0.1082,0.0042,
285.7541,162,1,ok,1,1,8.7163,0.0010,8.1749,0.5400,0.0003,0.0528,0.3641,0.1195,0.0035,
285.7541,163,1,ok,0,1,8.3232,0.0010,7.8192,0.5027,0.0003,0.0524,0.3437,0.1033,0.0033,
285.7541,164,1,ok,1,1,8.3461,0.0004,7.8084,0.5369,0.0004,0.0525,0.3599,0.1211,0.0034,
285.7541,165,1,ok,0,1,8.3824,0.0011,7.8944,0.4866,0.0003,0.0531,0.3311,0.0998,0.0025,
285.7541,166,1,ok,1,1,8.7944,0.0011,8.2724,0.5205,0.0004,0.0525,0.3516,0.1130,0.0035,
285.7541,167,1,ok,0,1,8.5872,0.0004,8.0928,0.4937,0.0003,0.0529,0.3346,0.1032,0.0030,
285.7541,168,1,ok,1,1,9.0301,0.0009,8.5108,0.5181,0.0004,0.0524,0.3501,0.1123,0.0033,
285.7541,169,1,ok,0,1,9.0129,0.0003,8.5066,0.5058,0.0003,0.0526,0.3418,0.1076,0.0038,
285.7541,170,1,ok,1,1,8.9339,0.0004,8.4243,0.5087,0.0004,0.0522,0.3433,0.1090,0.0042,
285.7541,171,1,ok,0,1,8.7776,0.0011,8.2585,0.5177,0.0003,0.0526,0.3531,0.1088,0.0031,
285.7541,172,1,ok,1,1,9.1307,0.0020,8.6198,0.5085,0.0004,0.0522,0.3447,0.1082,0.0033,
285.7541,173,1,ok,0,1,8.8290,0.0021,8.3187,0.5078,0.0003,0.0529,0.3444,0.1069,0.0035,
285.7541,174,1,ok,1,1,8.9772,0.0007,8.4616,0.5145,0.0004,0.0520,0.3466,0.1127,0.0032,
285.7541,175,1,ok,0,1,8.9462,0.0005,8.4382,0.5072,0.0003,0.0526,0.3439,0.1069,0.0037,
285.7541,176,1,ok,1,1,9.4404,0.0002,8.9113,0.5278,0.0012,0.0525,0.3538,0.1173,0.0042,
285.7541,177,1,ok,0,1,9.3021,0.0010,8.8054,0.4954,0.0004,0.0525,0.3362,0.1035,0.0030,
285.7541,178,1,ok,0,1,9.7050,0.0006,9.1859,0.5181,0.0004,0.0518,0.3513,0.1116,0.0032,
285.7541,179,1,ok,1,1,9.5882,0.0011,9.0731,0.5127,0.0013,0.0520,0.3464,0.1105,0.0038,
285.7541,180,1,ok,0,1,9.8116,0.0008,9.2979,0.5126,0.0004,0.0526,0.3497,0.1066,0.0037,
285.7541,181,1,ok,1,1,9.6030,0.0005,9.0786,0.5224,0.0016,0.0521,0.3516,0.1156,0.0031,
285.7541,182,1,ok,0,1,9.2195,0.0010,8.7052,0.5128,0.0004,0.0527,0.3476,0.1091,0.0034,
285.7541,183,1,ok,1,1,9.2248,0.0004,8.7104,0.5130,0.0010,0.0516,0.3464,0.1112,0.0037,
285.7541,184,1,ok,0,1,9.6107,0.0003,9.0892,0.5208,0.0004,0.0524,0.3502,0.1151,0.0031,
285.7541,185,1,ok,1,1,9.5456,0.0006,9.0290,0.5154,0.0006,0.0521,0.3477,0.1118,0.0038,
285.7541,186,1,ok,0,1,9.6227,0.0003,9.1081,0.5140,0.0004,0.0524,0.3495,0.1089,0.0032,
285.7541,187,1,ok,1,1,9.6103,0.0004,9.0698,0.5388,0.0012,0.0523,0.3604,0.1226,0.0035,
285.7541,188,1,ok,0,1,10.0259,0.0003,9.5181,0.5071,0.0004,0.0530,0.3452,0.1055,0.0033,
285.7541,189,1,ok,1,1,9.9804,0.0005,9.4405,0.5389,0.0006,0.0520,0.3609,0.1230,0.0030,
285.7541,190,1,ok,0,1,10.2923,0.0003,9.7855,0.5061,0.0004,0.0524,0.3432,0.1070,0.0035,
285.7541,191,1,ok,1,1,10.3343,0.0009,9.7959,0.5364,0.0011,0.0523,0.3646,0.1165,0.0030,
285.7541,192,1,ok,0,1,10.6688,0.0009,10.1625,0.5050,0.0003,0.0526,0.3438,0.1051,0.0035,
285.7541,193,1,ok,1,1,10.2629,0.0005,9.7344,0.5266,0.0013,0.0530,0.3548,0.1151,0.0038,
285.7541,194,1,ok,0,1,10.5237,0.0008,10.0060,0.5165,0.0004,0.0522,0.3521,0.1089,0.0032,
285.7541,195,1,ok,1,1,10.2561,0.0007,9.7244,0.5292,0.0018,0.0519,0.3558,0.1181,0.0033,
285.7541,196,1,ok,0,1,10.4566,0.0003,9.9407,0.5152,0.0004,0.0533,0.3490,0.1096,0.0033,
285.7541,197,1,ok,1,1,10.6054,0.0005,10.0769,0.5266,0.0014,0.0524,0.3553,0.1147,0.0041,
285.7541,198,1,ok,0,1,9.4378,0.0004,8.9252,0.5118,0.0004,0.0531,0.3496,0.1056,0.0034,
285.7541,199,1,ok,1,1,9.2166,0.0007,8.7049,0.5091,0.0019,0.0532,0.3444,0.1080,0.0036,
285.7541,200,1,ok,0,1,8.8346,0.0014,8.3273,0.5054,0.0004,0.0526,0.3427,0.1061,0.0040,
285.7541,201,1,ok,1,1,8.4635,0.0018,7.9377,0.5223,0.0016,0.0519,0.3508,0.1158,0.0038,
285.7541,202,1,ok,0,1,8.4071,0.0012,7.8891,0.5164,0.0004,0.0524,0.3512,0.1090,0.0037,
285.7541,203,1,ok,1,1,8.5529,0.0002,8.0286,0.5226,0.0015,0.0519,0.3528,0.1148,0.0030,
285.7541,204,1,ok,0,1,8.7373,0.0009,8.2285,0.5076,0.0004,0.0522,0.3444,0.1075,0.0034,
285.7541,205,1,ok,1,1,8.9007,0.0003,8.3626,0.5365,0.0013,0.0527,0.3611,0.1187,0.0040,
285.7541,206,1,ok,0,1,9.0909,0.0002,8.5789,0.5114,0.0004,0.0530,0.3451,0.1094,0.0038,
285.7541,207,1,ok,1,1,9.3074,0.0017,8.7787,0.5264,0.0006,0.0521,0.3546,0.1161,0.0036,
285.7541,208,1,ok,0,1,9.4934,0.0008,8.9774,0.5148,0.0004,0.0526,0.3493,0.1088,0.0041,
285.7541,209,1,ok,1,1,8.8483,0.0016,8.3196,0.5264,0.0007,0.0525,0.3542,0.1159,0.0037,
342.9050,0,0,ok,0,1,0.4296,0.0011,0.0000,0.4273,0.0011,0.0528,0.2837,0.0873,0.0035,
342.9050,1,0,ok,1,1,0.4302,0.0010,0.0000,0.4287,0.0005,0.0524,0.2854,0.0874,0.0034,
342.9050,2,0,ok,0,1,0.8159,0.0028,0.3660,0.4466,0.0004,0.0536,0.2931,0.0960,0.0039,
342.9050,3,0,ok,1,1,0.8227,0.0008,0.3290,0.4916,0.0013,0.0512,0.3272,0.1102,0.0029,
342.9050,4,0,ok,0,1,1.0718,0.0008,0.5376,0.5330,0.0004,0.0512,0.3621,0.1157,0.0040,
342.9050,5,0,ok,1,1,0.9127,0.0011,0.3907,0.5196,0.0013,0.0522,0.3497,0.1135,0.0041,
342.9050,6,0,ok,0,1,1.0022,0.0022,0.4823,0.5174,0.0004,0.0526,0.3537,0.1076,0.0033,
342.9050,7,0,ok,1,1,1.0401,0.0004,0.5067,0.5314,0.0015,0.0524,0.3571,0.1183,0.0036,
342.9050,8,0,ok,0,1,1.3966,0.0007,0.8897,0.5058,0.0004,0.0534,0.3434,0.1059,0.0031,
342.9050,9,0,ok,1,1,1.4729,0.0006,0.9383,0.5321,0.0019,0.0523,0.3574,0.1188,0.0036,
342.9050,10,1,ok,0,1,1.8640,0.0005,1.3476,0.5155,0.0004,0.0530,0.3505,0.1080,0.0039,
342.9050,11,1,ok,1,1,1.8176,0.0006,1.3060,0.5098,0.0012,0.0523,0.3451,0.1086,0.0038,
342.9050,12,1,ok,0,1,2.2497,0.0010,1.7351,0.5132,0.0004,0.0530,0.3481,0.1089,0.0032,
342.9050,13,1,ok,1,1,2.2851,0.0003,1.7738,0.5091,0.0018,0.0520,0.3457,0.1083,0.0031,
342.9050,14,1,ok,0,1,2.5359,0.0011,2.0262,0.5082,0.0004,0.0530,0.3441,0.1072,0.0039,
342.9050,15,1,ok,1,1,2.4717,0.0010,1.9627,0.5061,0.0019,0.0517,0.3411,0.1100,0.0033,
342.9050,16,1,ok,0,1,2.8725,0.0005,2.3540,0.5176,0.0004,0.0524,0.3516,0.1096,0.0040,
342.9050,17,1,ok,1,1,2.7945,0.0001,2.2723,0.5212,0.0009,0.0521,0.3524,0.1131,0.0036,
342.9050,18,1,ok,0,1,2.9507,0.0006,2.4262,0.5235,0.0004,0.0529,0.3557,0.1111,0.0038,
342.9050,19,1,ok,1,1,3.0312,0.0006,2.5027,0.5275,0.0004,0.0528,0.3544,0.1165,0.0038,
342.9050,20,1,ok,0,1,3.1713,0.0022,2.6607,0.5080,0.0004,0.0528,0.3466,0.1055,0.0031,
342.9050,21,1,ok,1,1,3.0507,0.0010,2.5338,0.5156,0.0003,0.0520,0.3469,0.1138,0.0027,
342.9050,22,1,ok,0,1,3.3951,0.0014,2.8875,0.5058,0.0004,0.0529,0.3436,0.1063,0.0029,
342.9050,23,1,ok,1,1,3.4935,0.0010,2.9474,0.5447,0.0004,0.0522,0.3672,0.1221,0.0032,
342.9050,24,1,ok,0,1,3.3213,0.0004,2.8137,0.5067,0.0004,0.0536,0.3443,0.1059,0.0028,
342.9050,25,1,ok,1,1,3.4062,0.0018,2.8685,0.5356,0.0003,0.0526,0.3601,0.1193,0.0035,
342.9050,26,1,ok,0,1,3.7546,0.0009,3.2316,0.5218,0.0004,0.0531,0.3557,0.1095,0.0034,
342.9050,27,1,ok,1,1,3.9052,0.0002,3.3712,0.5334,0.0003,0.0525,0.3623,0.1150,0.0037,
342.9050,28,1,ok,0,1,3.9268,0.0007,3.4071,0.5186,0.0004,0.0528,0.3525,0.1099,0.0034,
342.9050,29,1,ok,1,1,3.9451,0.0010,3.4132,0.5306,0.0003,0.0525,0.3556,0.1191,0.0034,
342.9050,30,1,ok,0,1,3.9933,0.0007,3.4762,0.5161,0.0004,0.0531,0.3492,0.1103,0.0035,
342.9050,31,1,ok,1,1,3.9492,0.0010,3.4272,0.5207,0.0003,0.0526,0.3513,0.1133,0.0034,
342.9050,32,1,ok,0,1,4.1473,0.0019,3.6281,0.5169,0.0004,0.0548,0.3507,0.1077,0.0036,
342.9050,33,1,ok,1,1,3.7030,0.0006,3.1814,0.5207,0.0003,0.0522,0.3514,0.1138,0.0033,
342.9050,34,1,ok,0,1,3.9366,0.0005,3.4308,0.5049,0.0004,0.0530,0.3426,0.1060,0.0033,
342.9050,35,1,ok,1,1,4.0049,0.0003,3.4790,0.5253,0.0003,0.0521,0.3527,0.1167,0.0038,
342.9050,36,1,ok,0,1,3.9828,0.0013,3.4854,0.4958,0.0004,0.0531,0.3377,0.1018,0.0032,
342.9050,37,1,ok,1,1,4.0536,0.0020,3.5249,0.5265,0.0003,0.0527,0.3537,0.1164,0.0036,
342.9050,38,1,ok,0,1,3.9761,0.0007,3.4673,0.5077,0.0004,0.0535,0.3436,0.1071,0.0035,
342.9050,39,1,ok,1,1,4.0786,0.0010,3.5558,0.5215,0.0004,0.0528,0.3543,0.1111,0.0032,
342.9050,40,1,ok,0,1,4.1193,0.0009,3.6111,0.5068,0.0004,0.0528,0.3460,0.1048,0.0032,
342.9050,41,1,ok,1,1,4.3732,0.0009,3.8562,0.5157,0.0003,0.0518,0.3472,0.1133,0.0034,
342.9050,42,1,ok,0,1,4.5769,0.0013,4.0645,0.5107,0.0004,0.0530,0.3460,0.1082,0.0034,
342.9050,43,1,ok,1,1,4.7942,0.0016,4.2665,0.5258,0.0003,0.0526,0.3542,0.1159,0.0031,
342.9050,44,1,ok,0,1,5.0174,0.0012,4.5014,0.5144,0.0004,0.0529,0.3482,0.1103,0.0031,
342.9050,45,1,ok,1,1,5.2516,0.0010,4.7323,0.5180,0.0003,0.0525,0.3478,0.1137,0.0040,
342.9050,46,1,ok,0,1,5.4705,0.0017,4.9507,0.5176,0.0004,0.0530,0.3536,0.1079,0.0030,
342.9050,47,1,ok,1,1,5.6890,0.0010,5.1750,0.5126,0.0003,0.0523,0.3461,0.1106,0.0036,
342.9050,48,1,ok,0,1,5.7566,0.0006,5.2363,0.5194,0.0004,0.0531,0.3531,0.1095,0.0038,
342.9050,49,1,ok,1,1,5.9505,0.0003,5.4326,0.5173,0.0003,0.0526,0.3499,0.1114,0.0034,
342.9050,50,1,ok,0,1,6.1211,0.0002,5.5962,0.5244,0.0004,0.0529,0.3554,0.1117,0.0042,
342.9050,51,1,ok,1,1,6.3527,0.0002,5.8283,0.5239,0.0003,0.0527,0.3527,0.1150,0.0034,
342.9050,52,1,ok,0,1,6.5412,0.0010,6.0246,0.5153,0.0003,0.0523,0.3499,0.1094,0.0037,
342.9050,53,1,ok,1,1,6.3477,0.0009,5.8146,0.5319,0.0003,0.0526,0.3581,0.1176,0.0035,
342.9050,54,1,ok,0,1,6.3804,0.0005,5.8752,0.5043,0.0003,0.0532,0.3427,0.1053,0.0030,
342.9050,55,1,ok,1,1,6.5398,0.0004,6.0002,0.5388,0.0003,0.0526,0.3619,0.1210,0.0033,
342.9050,56,1,ok,0,1,6.6847,0.0007,6.1825,0.5011,0.0004,0.0534,0.3396,0.1053,0.0029,
342.9050,57,1,ok,1,1,6.8154,0.0007,6.2778,0.5366,0.0003,0.0526,0.3639,0.1169,0.0033,
342.9050,58,1,ok,0,1,6.9327,0.0006,6.4244,0.5073,0.0004,0.0530,0.3446,0.1059,0.0038,
342.9050,59,1,ok,1,1,7.2144,0.0003,6.7004,0.5134,0.0003,0.0526,0.3470,0.1107,0.0030,
342.9050,60,1,ok,0,1,6.5653,0.0003,6.0513,0.5134,0.0004,0.0525,0.3470,0.1107,0.0031,
342.9050,61,1,ok,1,1,6.7462,0.0002,6.2377,0.5079,0.0003,0.0528,0.3448,0.1067,0.0035,
342.9050,62,1,ok,0,1,6.7604,0.0023,6.2418,0.5159,0.0004,0.0529,0.3511,0.1083,0.0036,
342.9050,63,1,ok,1,1,6.9032,0.0003,6.4015,0.5011,0.0003,0.0526,0.3400,0.1053,0.0033,
342.9050,64,1,ok,0,1,6.7454,0.0010,6.2336,0.5104,0.0003,0.0529,0.3454,0.1087,0.0033,
342.9050,65,1,ok,1,1,6.8209,0.0009,6.3168,0.5028,0.0005,0.0522,0.3395,0.1079,0.0031,
342.9050,66,1,ok,0,1,6.9453,0.0005,6.4376,0.5067,0.0004,0.0532,0.3436,0.1065,0.0034,
342.9050,67,1,ok,1,1,7.2908,0.0009,6.7688,0.5207,0.0004,0.0527,0.3521,0.1124,0.0035,
342.9050,68,1,ok,0,1,7.3855,0.0004,6.8728,0.5118,0.0004,0.0528,0.3497,0.1058,0.0035,
342.9050,69,1,ok,1,1,7.7083,0.0010,7.1689,0.5380,0.0003,0.0523,0.3628,0.1191,0.0038,
342.9050,70,1,ok,0,1,7.7939,0.0007,7.2888,0.5040,0.0004,0.0534,0.3421,0.1051,0.0034,
342.9050,71,1,ok,1,1,7.6984,0.0006,7.1652,0.5322,0.0004,0.0527,0.3599,0.1157,0.0039,
342.9050,72,1,ok,0,1,7.4325,0.0010,6.9261,0.5051,0.0004,0.0532,0.3423,0.1065,0.0030,
342.9050,73,1,ok,1,1,7.7730,0.0007,7.2658,0.5061,0.0003,0.0523,0.3426,0.1078,0.0034,
342.9050,74,1,ok,0,1,7.6833,0.0006,7.1794,0.5030,0.0004,0.0536,0.3416,0.1042,0.0036,
342.9050,75,1,ok,1,1,8.0091,0.0020,7.4965,0.5104,0.0003,0.0524,0.3460,0.1086,0.0033,
342.9050,76,1,ok,0,1,7.6556,0.0013,7.1636,0.4904,0.0004,0.0529,0.3333,0.1012,0.0030,
342.9050,77,1,ok,1,1,7.9795,0.0012,7.4701,0.5079,0.0003,0.0521,0.3435,0.1087,0.0036,
342.9050,78,1,ok,0,1,7.9849,0.0005,7.4938,0.4902,0.0004,0.0537,0.3327,0.1007,0.0031,
342.9050,79,1,ok,1,1,8.3972,0.0011,7.8751,0.5207,0.0003,0.0528,0.3525,0.1120,0.0033,
342.9050,80,1,ok,0,1,8.2935,0.0010,7.7901,0.5020,0.0003,0.0528,0.3394,0.1058,0.0038,
342.9050,81,1,ok,1,1,8.7353,0.0008,8.1988,0.5353,0.0003,0.0526,0.3599,0.1191,0.0037,
342.9050,82,1,ok,0,1,8.6011,0.0003,8.0861,0.5143,0.0003,0.0526,0.3486,0.1100,0.0031,
342.9050,83,1,ok,1,1,8.6983,0.0006,8.1819,0.5155,0.0003,0.0525,0.3491,0.1106,0.0032,
342.9050,84,1,ok,0,1,8.6236,0.0005,8.1122,0.5105,0.0004,0.0531,0.3466,0.1071,0.0037,
342.9050,85,1,ok,1,1,9.0647,0.0004,8.5653,0.4987,0.0003,0.0525,0.3386,0.1040,0.0035,
342.9050,86,1,ok,0,1,8.0353,0.0007,7.5285,0.5057,0.0003,0.0532,0.3421,0.1069,0.0034,
342.9050,87,1,ok,1,1,8.3931,0.0003,7.8888,0.5037,0.0003,0.0523,0.3416,0.1059,0.0037,
342.9050,88,1,ok,0,1,8.3901,0.0008,7.8932,0.4958,0.0004,0.0534,0.3367,0.1021,0.0035,
342.9050,89,1,ok,1,1,8.8714,0.0005,8.3675,0.5032,0.0003,0.0520,0.3409,0.1069,0.0034,
342.9050,90,1,ok,0,1,8.8517,0.0003,8.3611,0.4900,0.0004,0.0533,0.3325,0.1014,0.0027,
342.9050,91,1,ok,1,1,9.1920,0.0007,8.6777,0.5134,0.0003,0.0526,0.3470,0.1095,0.0042,
342.9050,92,1,ok,0,1,8.9004,0.0007,8.4034,0.4959,0.0004,0.0530,0.3354,0.1042,0.0032,
342.9050,93,1,ok,0,1,9.3068,0.0009,8.8035,0.5020,0.0004,0.0530,0.3394,0.1063,0.0033,
342.9050,94,1,ok,1,1,9.3163,0.0006,8.8092,0.5062,0.0003,0.0520,0.3395,0.1114,0.0033,
342.9050,95,1,ok,0,1,9.7302,0.0002,9.2110,0.5186,0.0004,0.0523,0.3532,0.1098,0.0032,
342.9050,96,1,ok,1,1,8.7889,0.0013,8.2594,0.5279,0.0003,0.0527,0.3557,0.1152,0.0042,
342.9050,97,1,ok,0,1,9.1358,0.0008,8.6261,0.5086,0.0004,0.0534,0.3459,0.1064,0.0028,
342.9050,98,1,ok,1,1,8.5677,0.0004,8.0368,0.5302,0.0003,0.0528,0.3588,0.1156,0.0030,
342.9050,99,1,ok,0,1,8.6702,0.0006,8.1702,0.4990,0.0004,0.0532,0.3384,0.1039,0.0035,
342.9050,100,1,ok,1,1,8.7332,0.0007,8.2199,0.5122,0.0003,0.0528,0.3470,0.1093,0.0031,
342.9050,101,1,ok,0,1,8.9451,0.0003,8.4447,0.4997,0.0003,0.0525,0.3390,0.1051,0.0030,
342.9050,102,1,ok,1,1,8.8310,0.0013,8.3084,0.5210,0.0003,0.0524,0.3510,0.1143,0.0033,
342.9050,103,1,ok,0,1,9.1201,0.0004,8.6097,0.5097,0.0003,0.0527,0.3446,0.1091,0.0032,
342.9050,104,1,ok,1,1,9.1558,0.0004,8.6416,0.5136,0.0003,0.0525,0.3469,0.1106,0.0035,
342.9050,105,1,ok,0,1,9.3896,0.0010,8.8856,0.5027,0.0004,0.0527,0.3427,0.1041,0.0032,
342.9050,106,1,ok,1,1,9.4741,0.0004,8.9555,0.5178,0.0003,0.0525,0.3496,0.1122,0.0035,
342.9050,107,1,ok,0,1,9.7580,0.0008,9.2683,0.4885,0.0004,0.0527,0.3314,0.1008,0.0037,
342.9050,108,1,ok,1,1,9.8034,0.0008,9.2676,0.5347,0.0003,0.0525,0.3624,0.1169,0.0028,
342.9050,109,1,ok,0,1,9.6028,0.0004,9.1137,0.4884,0.0003,0.0528,0.3313,0.1002,0.0040,
342.9050,110,1,ok,1,1,9.4257,0.0015,8.8988,0.5251,0.0003,0.0528,0.3564,0.1125,0.0034,
342.9050,111,1,ok,0,1,9.6704,0.0012,9.1831,0.4857,0.0004,0.0523,0.3296,0.1004,0.0033,
342.9050,112,1,ok,1,1,9.7692,0.0008,9.2499,0.5181,0.0003,0.0527,0.3513,0.1104,0.0037,
342.9050,113,1,ok,0,1,10.0161,0.0005,9.5140,0.5012,0.0003,0.0519,0.3407,0.1050,0.0035,
342.9050,114,1,ok,1,1,9.8215,0.0006,9.3077,0.5129,0.0003,0.0525,0.3468,0.1098,0.0037,
342.9050,115,1,ok,0,1,9.7356,0.0019,9.2299,0.5033,0.0004,0.0525,0.3417,0.1057,0.0034,
342.9050,116,1,ok,1,1,9.9223,0.0011,9.4007,0.5202,0.0003,0.0522,0.3485,0.1157,0.0037,
342.9050,117,1,ok,0,1,10.0050,0.0010,9.4943,0.5092,0.0004,0.0528,0.3451,0.1081,0.0033,
342.9050,118,1,ok,1,1,10.0801,0.0010,9.5787,0.5001,0.0003,0.0524,0.3407,0.1037,0.0032,
342.9050,119,1,ok,0,1,10.3151,0.0011,9.8106,0.5031,0.0004,0.0526,0.3438,0.1039,0.0027,
342.9050,120,1,ok,1,1,10.2983,0.0010,9.7986,0.4984,0.0003,0.0527,0.3370,0.1053,0.0033,
342.9050,121,1,ok,0,1,10.4319,0.0009,9.9270,0.5036,0.0004,0.0529,0.3412,0.1063,0.0031,
342.9050,122,1,ok,1,1,10.4032,0.0004,9.8984,0.5041,0.0003,0.0524,0.3408,0.1069,0.0039,
342.9050,123,1,ok,0,1,10.5419,0.0019,10.0339,0.5057,0.0004,0.0532,0.3428,0.1070,0.0027,
342.9050,124,1,ok,1,1,10.7710,0.0018,10.2690,0.4998,0.0003,0.0522,0.3413,0.1032,0.0031,
342.9050,125,1,ok,0,1,10.9798,0.0008,10.4725,0.5061,0.0004,0.0533,0.3420,0.1076,0.0033,
342.9050,126,1,ok,1,1,11.1968,0.0005,10.6986,0.4967,0.0010,0.0524,0.3356,0.1052,0.0035,
342.9050,127,1,ok,0,1,11.0171,0.0021,10.5112,0.5033,0.0005,0.0531,0.3421,0.1045,0.0036,
342.9050,128,1,ok,1,1,10.8791,0.0014,10.3632,0.5138,0.0007,0.0523,0.3456,0.1122,0.0037,
342.9050,129,1,ok,0,1,10.8338,0.0004,10.3358,0.4970,0.0005,0.0521,0.3398,0.1017,0.0034,
342.9050,130,1,ok,1,1,11.0241,0.0002,10.5028,0.5195,0.0015,0.0521,0.3496,0.1142,0.0037,
342.9050,131,1,ok,0,1,11.2534,0.0009,10.7581,0.4939,0.0004,0.0527,0.3370,0.1012,0.0031,
342.9050,132,1,ok,1,1,11.1515,0.0006,10.6450,0.5043,0.0017,0.0519,0.3418,0.1074,0.0032,
342.9050,133,1,ok,0,1,10.8551,0.0012,10.3703,0.4832,0.0004,0.0535,0.3281,0.0984,0.0032,
342.9050,134,1,ok,1,1,11.1321,0.0006,10.6214,0.5085,0.0016,0.0522,0.3435,0.1098,0.0029,
342.9050,135,1,ok,0,1,11.2256,0.0004,10.7226,0.5021,0.0004,0.0522,0.3396,0.1066,0.0037,
342.9050,136,1,ok,1,1,11.5151,0.0020,11.0011,0.5116,0.0004,0.0521,0.3464,0.1099,0.0033,
342.9050,137,1,ok,0,1,11.4646,0.0003,10.9625,0.5014,0.0004,0.0528,0.3399,0.1056,0.0031,
342.9050,138,1,ok,1,1,11.5379,0.0007,11.0102,0.5253,0.0017,0.0525,0.3567,0.1133,0.0028,
342.9050,139,1,ok,0,1,11.6950,0.0008,11.1858,0.5079,0.0004,0.0530,0.3439,0.1081,0.0029,
342.9050,140,1,ok,1,1,11.9300,0.0011,11.3999,0.5280,0.0010,0.0525,0.3548,0.1166,0.0040,
342.9050,141,1,ok,0,1,11.9523,0.0003,11.4422,0.5094,0.0004,0.0531,0.3456,0.1075,0.0031,
342.9050,142,1,ok,1,1,12.2555,0.0006,11.7359,0.5175,0.0015,0.0521,0.3492,0.1132,0.0030,
342.9050,143,1,ok,0,1,12.0380,0.0008,11.5373,0.4995,0.0004,0.0527,0.3410,0.1027,0.0031,
342.9050,144,1,ok,1,1,12.2940,0.0011,11.7978,0.4948,0.0003,0.0522,0.3361,0.1029,0.0035,
342.9050,145,1,ok,0,1,12.3818,0.0006,11.8996,0.4811,0.0005,0.0537,0.3262,0.0979,0.0033,
342.9050,146,1,ok,1,1,12.6167,0.0012,12.1156,0.4982,0.0017,0.0524,0.3388,0.1040,0.0030,
342.9050,147,1,ok,0,1,12.4967,0.0004,12.0167,0.4791,0.0004,0.0524,0.3231,0.0996,0.0040,
342.9050,148,1,ok,1,1,12.8453,0.0002,12.3481,0.4957,0.0012,0.0520,0.3370,0.1033,0.0033,
342.9050,149,1,ok,0,1,12.8784,0.0006,12.3914,0.4859,0.0004,0.0526,0.3348,0.0954,0.0030,
342.9050,150,1,ok,1,1,12.3465,0.0009,11.8466,0.4987,0.0003,0.0518,0.3391,0.1038,0.0040,
342.9050,151,1,ok,0,1,12.2321,0.0005,11.7618,0.4675,0.0022,0.0534,0.3139,0.0969,0.0032,
342.9050,152,1,ok,1,1,12.5641,0.0009,12.0612,0.5010,0.0010,0.0522,0.3382,0.1062,0.0043,
342.9050,153,1,ok,0,1,12.4935,0.0006,12.0030,0.4895,0.0004,0.0520,0.3336,0.1002,0.0036,
342.9050,154,1,ok,1,1,12.9205,0.0002,12.4138,0.5062,0.0004,0.0518,0.3445,0.1069,0.0029,
342.9050,155,1,ok,0,1,12.9171,0.0008,12.4257,0.4902,0.0004,0.0528,0.3319,0.1023,0.0032,
342.9050,156,1,ok,1,1,13.3142,0.0006,12.8032,0.5093,0.0010,0.0526,0.3440,0.1097,0.0030,
342.9050,157,1,ok,0,1,13.1890,0.0004,12.6892,0.4990,0.0004,0.0532,0.3395,0.1032,0.0030,
342.9050,158,1,ok,1,1,13.6231,0.0008,13.1123,0.5095,0.0005,0.0527,0.3427,0.1108,0.0033,
342.9050,159,1,ok,0,1,13.5901,0.0004,13.0993,0.4900,0.0004,0.0532,0.3331,0.1002,0.0034,
342.9050,160,1,ok,1,1,14.0808,0.0017,13.5651,0.5136,0.0005,0.0521,0.3478,0.1108,0.0029,
342.9050,161,1,ok,0,1,13.8951,0.0004,13.4023,0.4920,0.0004,0.0530,0.3329,0.1019,0.0041,
342.9050,162,1,ok,0,1,14.3428,0.0002,13.8494,0.4927,0.0005,0.0524,0.3340,0.1028,0.0034,
342.9050,163,1,ok,1,1,13.9646,0.0021,13.4461,0.5160,0.0003,0.0521,0.3491,0.1114,0.0033,
342.9050,164,1,ok,0,1,14.0869,0.0012,13.5854,0.4999,0.0004,0.0529,0.3391,0.1045,0.0033,
342.9050,165,1,ok,1,1,14.1104,0.0005,13.6077,0.5018,0.0005,0.0530,0.3430,0.1032,0.0026,
342.9050,166,1,ok,0,1,14.5355,0.0011,14.0254,0.5087,0.0004,0.0530,0.3442,0.1081,0.0034,
342.9050,167,1,ok,1,1,14.3904,0.0008,13.8687,0.5205,0.0004,0.0520,0.3507,0.1147,0.0031,
342.9050,168,1,ok,0,1,14.8161,0.0007,14.2992,0.5158,0.0004,0.0527,0.3522,0.1078,0.0032,
342.9050,169,1,ok,1,1,14.8412,0.0010,14.3224,0.5174,0.0004,0.0527,0.3488,0.1120,0.0039,
342.9050,170,1,ok,0,1,14.8130,0.0003,14.3113,0.5010,0.0004,0.0531,0.3403,0.1036,0.0040,
342.9050,171,1,ok,1,1,14.7197,0.0013,14.2121,0.5059,0.0004,0.0527,0.3440,0.1061,0.0032,
342.9050,172,1,ok,0,1,15.0534,0.0006,14.5524,0.5001,0.0003,0.0523,0.3420,0.1025,0.0032,
342.9050,173,1,ok,1,1,14.8364,0.0012,14.3379,0.4969,0.0004,0.0524,0.3371,0.1037,0.0037,
342.9050,174,1,ok,0,1,14.9919,0.0010,14.4955,0.4951,0.0004,0.0530,0.3351,0.1039,0.0031,
342.9050,175,1,ok,1,1,15.0111,0.0011,14.5100,0.4995,0.0004,0.0524,0.3376,0.1057,0.0038,
342.9050,176,1,ok,0,1,15.4376,0.0004,14.9367,0.5001,0.0003,0.0534,0.3374,0.1052,0.0041,
342.9050,177,1,ok,1,1,15.4082,0.0011,14.8935,0.5133,0.0004,0.0524,0.3454,0.1124,0.0031,
342.9050,178,1,ok,0,1,15.7393,0.0009,15.2417,0.4964,0.0003,0.0530,0.3383,0.1019,0.0032,
342.9050,179,1,ok,1,1,15.7179,0.0002,15.2015,0.5158,0.0004,0.0525,0.3491,0.1103,0.0038,
342.9050,180,1,ok,0,1,15.9156,0.0007,15.4000,0.5146,0.0003,0.0533,0.3468,0.1108,0.0037,
342.9050,181,1,ok,1,1,15.8190,0.0012,15.2925,0.5249,0.0004,0.0523,0.3543,0.1150,0.0032,
342.9050,182,1,ok,0,1,15.5024,0.0008,14.9937,0.5075,0.0003,0.0530,0.3491,0.1020,0.0034,
342.9050,183,1,ok,1,1,15.6055,0.0018,15.0737,0.5297,0.0004,0.0529,0.3568,0.1163,0.0037,
342.9050,184,1,ok,0,1,15.9063,0.0006,15.3935,0.5119,0.0003,0.0527,0.3488,0.1073,0.0031,
342.9050,185,1,ok,1,1,15.9493,0.0013,15.4416,0.5060,0.0004,0.0524,0.3433,0.1066,0.0038,
342.9050,186,1,ok,0,1,15.9948,0.0004,15.4873,0.5068,0.0003,0.0535,0.3426,0.1074,0.0032,
342.9050,187,1,ok,1,1,16.0638,0.0005,15.5526,0.5103,0.0004,0.0521,0.3475,0.1072,0.0035,
342.9050,188,1,ok,0,1,16.4135,0.0011,15.9067,0.5053,0.0003,0.0531,0.3434,0.1054,0.0033,
342.9050,189,1,ok,1,1,16.4271,0.0022,15.9205,0.5040,0.0004,0.0524,0.3419,0.1067,0.0030,
342.9050,190,1,ok,0,1,16.7197,0.0003,16.2131,0.5060,0.0003,0.0528,0.3414,0.1082,0.0035,
342.9050,191,1,ok,1,1,16.7831,0.0003,16.2737,0.5087,0.0004,0.0525,0.3431,0.1101,0.0030,
342.9050,192,1,ok,0,1,17.1234,0.0002,16.6122,0.5107,0.0003,0.0535,0.3490,0.1048,0.0035,
342.9050,193,1,ok,1,1,16.8052,0.0011,16.2825,0.5212,0.0004,0.0523,0.3523,0.1128,0.0038,
342.9050,194,1,ok,0,1,17.0722,0.0009,16.5708,0.5001,0.0003,0.0527,0.3409,0.1033,0.0032,
342.9050,195,1,ok,1,1,16.8636,0.0046,16.3525,0.5061,0.0004,0.0528,0.3442,0.1058,0.0033,
342.9050,196,1,ok,0,1,17.0693,0.0010,16.5856,0.4823,0.0003,0.0533,0.3269,0.0989,0.0033,
342.9050,197,1,ok,1,1,17.2167,0.0021,16.7126,0.5017,0.0004,0.0524,0.3397,0.1054,0.0041,
342.9050,198,1,ok,0,1,16.2740,0.0008,15.7927,0.4802,0.0003,0.0527,0.3257,0.0984,0.0034,
342.9050,199,1,ok,1,1,16.1312,0.0009,15.6327,0.4973,0.0004,0.0520,0.3370,0.1046,0.0035,
342.9050,200,1,ok,0,1,15.8618,0.0008,15.3490,0.5117,0.0003,0.0514,0.3464,0.1100,0.0039,
342.9050,201,1,ok,1,1,15.5619,0.0007,15.0663,0.4945,0.0004,0.0524,0.3352,0.1031,0.0038,
342.9050,202,1,ok,0,1,15.5834,0.0011,15.0738,0.5081,0.0003,0.0525,0.3469,0.1051,0.0036,
342.9050,203,1,ok,1,1,15.6961,0.0020,15.1976,0.4960,0.0004,0.0522,0.3347,0.1061,0.0030,
342.9050,204,1,ok,0,1,15.9236,0.0009,15.4343,0.4880,0.0003,0.0528,0.3324,0.0994,0.0035,
342.9050,205,1,ok,1,1,16.0630,0.0010,15.5367,0.5249,0.0004,0.0525,0.3533,0.1150,0.0040,
342.9050,206,1,ok,0,1,16.2767,0.0006,15.7913,0.4845,0.0004,0.0527,0.3295,0.0985,0.0038,
342.9050,207,1,ok,1,1,16.4819,0.0011,15.9616,0.5188,0.0004,0.0525,0.3492,0.1134,0.0037,
342.9050,208,1,ok,0,1,16.6858,0.0010,16.1818,0.5027,0.0003,0.0523,0.3410,0.1053,0.0041,
342.9050,209,1,ok,1,1,16.1856,0.0016,15.6584,0.5252,0.0004,0.0521,0.3518,0.1175,0.0037,
313.0280,0,0,ok,0,1,0.4262,0.0007,0.0000,0.4249,0.0006,0.0533,0.2819,0.0861,0.0035,
313.0280,1,0,ok,1,1,0.4273,0.0012,0.0000,0.4257,0.0005,0.0523,0.2835,0.0864,0.0034,
313.0280,2,0,ok,0,1,0.8383,0.0008,0.3590,0.4782,0.0004,0.0522,0.3228,0.0993,0.0039,
313.0280,3,0,ok,1,1,0.8110,0.0005,0.3168,0.4934,0.0003,0.0512,0.3285,0.1107,0.0029,
313.0280,4,0,ok,0,1,1.0470,0.0012,0.5331,0.5123,0.0004,0.0517,0.3469,0.1097,0.0040,
313.0280,5,0,ok,1,1,0.8608,0.0005,0.3384,0.5215,0.0003,0.0526,0.3512,0.1137,0.0041,
313.0280,6,0,ok,0,1,0.9130,0.0003,0.4033,0.5090,0.0004,0.0531,0.3469,0.1056,0.0033,
313.0280,7,0,ok,1,1,0.9489,0.0020,0.4145,0.5320,0.0004,0.0522,0.3588,0.1174,0.0036,
313.0280,8,0,ok,0,1,1.2780,0.0021,0.7884,0.4871,0.0004,0.0528,0.3330,0.0981,0.0031,
313.0280,9,0,ok,1,1,1.3366,0.0004,0.8376,0.4982,0.0003,0.0528,0.3389,0.1028,0.0037,
313.0280,10,1,ok,0,1,1.7092,0.0003,1.2246,0.4839,0.0004,0.0533,0.3269,0.0997,0.0040,
313.0280,11,1,ok,1,1,1.6482,0.0006,1.1538,0.4935,0.0003,0.0520,0.3325,0.1053,0.0038,
313.0280,12,1,ok,0,1,2.0729,0.0005,1.5686,0.5034,0.0004,0.0524,0.3454,0.1024,0.0032,
313.0280,13,1,ok,1,1,2.1149,0.0002,1.6004,0.5139,0.0003,0.0520,0.3464,0.1125,0.0031,
313.0280,14,1,ok,0,1,2.3264,0.0009,1.8283,0.4968,0.0004,0.0532,0.3378,0.1018,0.0039,
313.0280,15,1,ok,1,1,2.2901,0.0004,1.7625,0.5270,0.0003,0.0529,0.3539,0.1169,0.0032,
313.0280,16,1,ok,0,1,2.6134,0.0008,2.1270,0.4852,0.0004,0.0532,0.3291,0.0989,0.0040,
313.0280,17,1,ok,1,1,2.5876,0.0007,2.0711,0.5155,0.0003,0.0530,0.3528,0.1060,0.0036,
313.0280,18,1,ok,0,1,2.6361,0.0005,2.1246,0.5107,0.0004,0.0520,0.3463,0.1085,0.0039,
313.0280,19,1,ok,1,1,2.7726,0.0004,2.2683,0.5036,0.0003,0.0520,0.3412,0.1067,0.0038,
313.0280,20,1,ok,0,1,2.8357,0.0005,2.3203,0.5146,0.0003,0.0527,0.3506,0.1082,0.0031,
313.0280,21,1,ok,1,1,2.7276,0.0003,2.2286,0.4984,0.0003,0.0526,0.3388,0.1043,0.0027,
313.0280,22,1,ok,0,1,3.0317,0.0007,2.5257,0.5050,0.0004,0.0536,0.3435,0.1050,0.0029,
313.0280,23,1,ok,1,1,3.1193,0.0007,2.6148,0.5035,0.0003,0.0528,0.3387,0.1088,0.0032,
313.0280,24,1,ok,0,1,2.9123,0.0008,2.3945,0.5166,0.0004,0.0532,0.3512,0.1094,0.0028,
313.0280,25,1,ok,1,1,2.9430,0.0003,2.4362,0.5061,0.0003,0.0519,0.3417,0.1089,0.0035,
313.0280,26,1,ok,0,1,3.3328,0.0008,2.8142,0.5174,0.0004,0.0538,0.3521,0.1081,0.0034,
313.0280,27,1,ok,1,1,3.4178,0.0005,2.9044,0.5126,0.0004,0.0526,0.3464,0.1099,0.0036,
313.0280,28,1,ok,0,1,3.4555,0.0003,2.9525,0.5024,0.0004,0.0535,0.3404,0.1051,0.0034,
313.0280,29,1,ok,1,1,3.3781,0.0005,2.8794,0.4978,0.0003,0.0521,0.3375,0.1048,0.0035,
313.0280,30,1,ok,0,1,3.4638,0.0010,2.9616,0.5008,0.0004,0.0537,0.3397,0.1039,0.0035,
313.0280,31,1,ok,1,1,3.3316,0.0003,2.8116,0.5194,0.0003,0.0518,0.3515,0.1128,0.0033,
313.0280,32,1,ok,0,1,3.5659,0.0012,3.0646,0.4997,0.0004,0.0533,0.3389,0.1039,0.0037,
313.0280,33,1,ok,1,1,3.0015,0.0003,2.4910,0.5100,0.0003,0.0526,0.3452,0.1089,0.0033,
313.0280,34,1,ok,0,1,3.2769,0.0003,2.7813,0.4950,0.0004,0.0533,0.3346,0.1038,0.0033,
313.0280,35,1,ok,1,1,3.2751,0.0007,2.7557,0.5184,0.0004,0.0526,0.3495,0.1124,0.0038,
313.0280,36,1,ok,0,1,3.2728,0.0011,2.7829,0.4884,0.0004,0.0533,0.3334,0.0984,0.0032,
313.0280,37,1,ok,1,1,3.2532,0.0007,2.7508,0.5014,0.0003,0.0523,0.3388,0.1068,0.0036,
313.0280,38,1,ok,0,1,3.2090,0.0008,2.7081,0.4997,0.0004,0.0525,0.3391,0.1045,0.0035,
313.0280,39,1,ok,1,1,3.2109,0.0009,2.7080,0.5017,0.0003,0.0526,0.3419,0.1039,0.0032,
313.0280,40,1,ok,0,1,3.3125,0.0007,2.8095,0.5019,0.0004,0.0527,0.3404,0.1056,0.0032,
313.0280,41,1,ok,1,1,3.4710,0.0018,2.9664,0.5025,0.0003,0.0523,0.3405,0.1063,0.0034,
313.0280,42,1,ok,0,1,3.7490,0.0004,3.2535,0.4947,0.0004,0.0534,0.3363,0.1016,0.0034,
313.0280,43,1,ok,1,1,3.8671,0.0011,3.3549,0.5108,0.0003,0.0523,0.3457,0.1097,0.0031,
313.0280,44,1,ok,0,1,4.1718,0.0002,3.6674,0.5038,0.0004,0.0529,0.3452,0.1026,0.0031,
313.0280,45,1,ok,1,1,4.3218,0.0006,3.7998,0.5208,0.0006,0.0523,0.3491,0.1155,0.0039,
313.0280,46,1,ok,0,1,4.6001,0.0003,4.1003,0.4990,0.0004,0.0535,0.3390,0.1034,0.0031,
313.0280,47,1,ok,1,1,4.7450,0.0010,4.2380,0.5054,0.0007,0.0521,0.3425,0.1072,0.0036,
313.0280,48,1,ok,0,1,4.8458,0.0007,4.3434,0.5013,0.0004,0.0534,0.3405,0.1035,0.0038,
313.0280,49,1,ok,1,1,4.9820,0.0019,4.4627,0.5170,0.0005,0.0521,0.3473,0.1142,0.0034,
313.0280,50,1,ok,0,1,5.1597,0.0005,4.6697,0.4890,0.0004,0.0531,0.3322,0.0994,0.0042,
313.0280,51,1,ok,1,1,5.3940,0.0006,4.8477,0.5452,0.0004,0.0527,0.3701,0.1191,0.0034,
313.0280,52,1,ok,0,1,5.5503,0.0012,5.0539,0.4949,0.0003,0.0525,0.3362,0.1025,0.0037,
313.0280,53,1,ok,1,1,5.3324,0.0007,4.8049,0.5264,0.0004,0.0526,0.3568,0.1135,0.0035,
313.0280,54,1,ok,0,1,5.3138,0.0006,4.8207,0.4922,0.0003,0.0530,0.3353,0.1008,0.0030,
313.0280,55,1,ok,1,1,5.4539,0.0008,4.9514,0.5012,0.0004,0.0522,0.3400,0.1057,0.0033,
313.0280,56,1,ok,0,1,5.5896,0.0020,5.0958,0.4915,0.0003,0.0536,0.3340,0.1009,0.0029,
313.0280,57,1,ok,1,1,5.6659,0.0008,5.1667,0.4980,0.0004,0.0523,0.3362,0.1063,0.0033,
313.0280,58,1,ok,0,1,5.8082,0.0007,5.3044,0.5029,0.0003,0.0534,0.3404,0.1051,0.0038,
313.0280,59,1,ok,1,1,6.0413,0.0004,5.5399,0.5007,0.0004,0.0522,0.3392,0.1062,0.0030,
313.0280,60,1,ok,0,1,5.3492,0.0003,4.8427,0.5059,0.0004,0.0531,0.3418,0.1078,0.0031,
313.0280,61,1,ok,1,1,5.4761,0.0005,4.9713,0.5040,0.0004,0.0521,0.3415,0.1068,0.0035,
313.0280,62,1,ok,0,1,5.5025,0.0007,4.9967,0.5047,0.0003,0.0531,0.3437,0.1043,0.0036,
313.0280,63,1,ok,1,1,5.6120,0.0019,5.0969,0.5128,0.0004,0.0525,0.3454,0.1116,0.0033,
313.0280,64,1,ok,0,1,5.4396,0.0009,4.9257,0.5127,0.0003,0.0528,0.3467,0.1098,0.0033,
313.0280,65,1,ok,1,1,5.5000,0.0007,4.9698,0.5291,0.0004,0.0517,0.3558,0.1186,0.0030,
313.0280,66,1,ok,0,1,5.6173,0.0010,5.1019,0.5141,0.0003,0.0533,0.3510,0.1062,0.0035,
313.0280,67,1,ok,1,1,5.9592,0.0009,5.4430,0.5149,0.0004,0.0532,0.3505,0.1078,0.0034,
313.0280,68,1,ok,0,1,6.0450,0.0014,5.5370,0.5062,0.0003,0.0532,0.3429,0.1065,0.0035,
313.0280,69,1,ok,1,1,6.3340,0.0008,5.8260,0.5068,0.0004,0.0525,0.3434,0.1072,0.0037,
313.0280,70,1,ok,0,1,6.4463,0.0011,5.9388,0.5062,0.0003,0.0532,0.3462,0.1033,0.0034,
313.0280,71,1,ok,1,1,6.2470,0.0012,5.7386,0.5067,0.0004,0.0523,0.3446,0.1060,0.0039,
313.0280,72,1,ok,0,1,5.9815,0.0012,5.4956,0.4843,0.0003,0.0532,0.3294,0.0987,0.0030,
313.0280,73,1,ok,1,1,6.2780,0.0020,5.7719,0.5038,0.0004,0.0520,0.3408,0.1075,0.0034,
313.0280,74,1,ok,0,1,6.1890,0.0008,5.7041,0.4839,0.0003,0.0533,0.3286,0.0983,0.0036,
313.0280,75,1,ok,1,1,6.4876,0.0005,5.9768,0.5099,0.0004,0.0521,0.3437,0.1108,0.0033,
313.0280,76,1,ok,0,1,6.0986,0.0013,5.6197,0.4773,0.0003,0.0534,0.3246,0.0963,0.0030,
313.0280,77,1,ok,1,1,6.4221,0.0004,5.8980,0.5233,0.0004,0.0524,0.3524,0.1149,0.0036,
313.0280,78,1,ok,0,1,6.3977,0.0016,5.9203,0.4754,0.0003,0.0535,0.3222,0.0966,0.0030,
313.0280,79,1,ok,1,1,6.8241,0.0005,6.3084,0.5149,0.0004,0.0528,0.3476,0.1111,0.0033,
313.0280,80,1,ok,0,1,6.6791,0.0008,6.1847,0.4934,0.0003,0.0526,0.3342,0.1026,0.0039,
313.0280,81,1,ok,1,1,7.1358,0.0008,6.6070,0.5277,0.0004,0.0525,0.3552,0.1163,0.0037,
313.0280,82,1,ok,0,1,6.9637,0.0009,6.4514,0.5111,0.0003,0.0530,0.3459,0.1090,0.0031,
313.0280,83,1,ok,0,1,7.0438,0.0009,6.5256,0.5170,0.0003,0.0536,0.3530,0.1072,0.0031,
313.0280,84,1,ok,1,1,6.9492,0.0008,6.4317,0.5164,0.0003,0.0523,0.3491,0.1112,0.0039,
313.0280,85,1,ok,0,1,7.4045,0.0005,6.8981,0.5055,0.0004,0.0535,0.3415,0.1071,0.0034,
313.0280,86,1,ok,1,1,6.2584,0.0006,5.7498,0.5077,0.0003,0.0523,0.3448,0.1071,0.0035,
313.0280,87,1,ok,0,1,6.6239,0.0005,6.1161,0.5069,0.0003,0.0533,0.3440,0.1060,0.0037,
313.0280,88,1,ok,1,1,6.6207,0.0014,6.1022,0.5167,0.0003,0.0520,0.3474,0.1137,0.0036,
313.0280,89,1,ok,0,1,7.1118,0.0003,6.5961,0.5151,0.0003,0.0527,0.3488,0.1104,0.0033,
313.0280,90,1,ok,1,1,7.0953,0.0002,6.5891,0.5057,0.0003,0.0519,0.3421,0.1090,0.0027,
313.0280,91,1,ok,0,1,7.4192,0.0010,6.8993,0.5185,0.0003,0.0530,0.3536,0.1079,0.0041,
313.0280,92,1,ok,1,1,7.1185,0.0006,6.6044,0.5132,0.0003,0.0528,0.3469,0.1101,0.0033,
313.0280,93,1,ok,0,1,7.5207,0.0007,7.0123,0.5073,0.0003,0.0531,0.3453,0.1055,0.0033,
313.0280,94,1,ok,1,1,7.5157,0.0003,7.0005,0.5146,0.0004,0.0525,0.3461,0.1128,0.0032,
313.0280,95,1,ok,0,1,7.9120,0.0004,7.4157,0.4956,0.0003,0.0533,0.3385,0.1007,0.0031,
313.0280,96,1,ok,1,1,6.8765,0.0008,6.3585,0.5167,0.0004,0.0526,0.3508,0.1090,0.0041,
313.0280,97,1,ok,0,1,7.1921,0.0008,6.7026,0.4883,0.0003,0.0533,0.3319,0.1002,0.0029,
313.0280,98,1,ok,1,1,6.5796,0.0003,6.0527,0.5263,0.0004,0.0517,0.3569,0.1146,0.0030,
313.0280,99,1,ok,0,1,6.6173,0.0009,6.1342,0.4819,0.0003,0.0534,0.3286,0.0963,0.0036,
313.0280,100,1,ok,1,1,6.7180,0.0008,6.1987,0.5182,0.0004,0.0526,0.3489,0.1135,0.0031,
313.0280,101,1,ok,0,1,6.8686,0.0010,6.3695,0.4977,0.0003,0.0535,0.3362,0.1049,0.0031,
313.0280,102,1,ok,1,1,6.7686,0.0009,6.2531,0.5142,0.0004,0.0520,0.3471,0.1117,0.0033,
313.0280,103,1,ok,0,1,7.0087,0.0005,6.5011,0.5068,0.0003,0.0530,0.3436,0.1070,0.0032,
313.0280,104,1,ok,1,1,7.0791,0.0012,6.5604,0.5171,0.0004,0.0524,0.3507,0.1105,0.0035,
313.0280,105,1,ok,0,1,7.2607,0.0011,6.7517,0.5074,0.0003,0.0532,0.3449,0.1061,0.0032,
313.0280,106,1,ok,1,1,7.3705,0.0006,6.8595,0.5101,0.0004,0.0526,0.3466,0.1075,0.0034,
313.0280,107,1,ok,0,1,7.6345,0.0005,7.1281,0.5055,0.0004,0.0529,0.3431,0.1059,0.0037,
313.0280,108,1,ok,1,1,7.6395,0.0005,7.1448,0.4938,0.0004,0.0522,0.3346,0.1043,0.0028,
313.0280,109,1,ok,0,1,7.4315,0.0009,6.9283,0.5020,0.0003,0.0532,0.3394,0.1053,0.0041,
313.0280,110,1,ok,1,1,7.1672,0.0020,6.6482,0.5167,0.0004,0.0521,0.3493,0.1118,0.0034,
313.0280,111,1,ok,0,1,7.4793,0.0005,6.9725,0.5059,0.0003,0.0526,0.3423,0.1076,0.0033,
313.0280,112,1,ok,1,1,7.4889,0.0007,6.9749,0.5130,0.0004,0.0527,0.3478,0.1088,0.0037,
313.0280,113,1,ok,0,1,7.8138,0.0011,7.3074,0.5050,0.0003,0.0535,0.3442,0.1036,0.0036,
313.0280,114,1,ok,1,1,7.5012,0.0022,6.9817,0.5169,0.0003,0.0523,0.3486,0.1123,0.0038,
313.0280,115,1,ok,0,1,7.4439,0.0003,6.9544,0.4888,0.0004,0.0528,0.3360,0.0965,0.0034,
313.0280,116,1,ok,1,1,7.5460,0.0006,7.0409,0.5042,0.0004,0.0518,0.3414,0.1072,0.0036,
313.0280,117,1,ok,0,1,7.6629,0.0006,7.1801,0.4818,0.0003,0.0535,0.3269,0.0981,0.0033,
313.0280,118,1,ok,1,1,7.6817,0.0002,7.1706,0.5105,0.0004,0.0523,0.3430,0.1121,0.0032,
313.0280,119,1,ok,0,1,7.9347,0.0005,7.4506,0.4833,0.0003,0.0535,0.3290,0.0980,0.0028,
313.0280,120,1,ok,1,1,7.8922,0.0004,7.3739,0.5175,0.0004,0.0521,0.3487,0.1133,0.0033,
313.0280,121,1,ok,0,1,7.9979,0.0011,7.5095,0.4870,0.0003,0.0531,0.3306,0.1002,0.0031,
313.0280,122,1,ok,1,1,7.9618,0.0005,7.4541,0.5067,0.0004,0.0526,0.3454,0.1048,0.0039,
313.0280,123,1,ok,0,1,8.0726,0.0009,7.5632,0.5082,0.0003,0.0526,0.3447,0.1081,0.0028,
313.0280,124,1,ok,1,1,8.3143,0.0008,7.8160,0.4971,0.0004,0.0523,0.3371,0.1046,0.0031,
313.0280,125,1,ok,0,1,8.5126,0.0009,7.9965,0.5149,0.0004,0.0534,0.3506,0.1076,0.0033,
313.0280,126,1,ok,1,1,8.7345,0.0002,8.2352,0.4987,0.0004,0.0523,0.3373,0.1057,0.0035,
313.0280,127,1,ok,0,1,8.5088,0.0023,7.9993,0.5069,0.0003,0.0535,0.3439,0.1059,0.0036,
313.0280,128,1,ok,1,1,8.3224,0.0003,7.8226,0.4991,0.0004,0.0520,0.3389,0.1044,0.0037,
313.0280,129,1,ok,0,1,8.2781,0.0010,7.7619,0.5149,0.0003,0.0530,0.3508,0.1076,0.0034,
313.0280,130,1,ok,1,1,8.4069,0.0009,7.9096,0.4961,0.0004,0.0521,0.3352,0.1049,0.0037,
313.0280,131,1,ok,0,1,8.7008,0.0006,8.1957,0.5042,0.0004,0.0537,0.3439,0.1035,0.0031,
313.0280,132,1,ok,1,1,8.5179,0.0015,7.9907,0.5253,0.0004,0.0517,0.3547,0.1157,0.0032,
313.0280,133,1,ok,0,1,8.2440,0.0012,7.7335,0.5090,0.0003,0.0532,0.3486,0.1038,0.0033,
313.0280,134,1,ok,1,1,8.4434,0.0003,7.9375,0.5052,0.0003,0.0521,0.3419,0.1082,0.0029,
313.0280,135,1,ok,0,1,8.6041,0.0010,8.0983,0.5045,0.0003,0.0528,0.3410,0.1069,0.0037,
313.0280,136,1,ok,1,1,8.8183,0.0014,8.3007,0.5158,0.0004,0.0529,0.3482,0.1115,0.0032,
313.0280,137,1,ok,0,1,8.8184,0.0012,8.3152,0.5017,0.0003,0.0536,0.3404,0.1046,0.0031,
313.0280,138,1,ok,1,1,8.7714,0.0013,8.2647,0.5050,0.0004,0.0518,0.3419,0.1085,0.0028,
313.0280,139,1,ok,0,1,9.0102,0.0002,8.5136,0.4961,0.0003,0.0536,0.3372,0.1023,0.0029,
313.0280,140,1,ok,1,1,9.1325,0.0004,8.6211,0.5106,0.0004,0.0529,0.3455,0.1082,0.0040,
313.0280,141,1,ok,0,1,9.2231,0.0008,8.7328,0.4891,0.0003,0.0535,0.3333,0.0992,0.0031,
313.0280,142,1,ok,1,1,9.4311,0.0019,8.9186,0.5102,0.0004,0.0519,0.3460,0.1093,0.0029,
313.0280,143,1,ok,0,1,9.2802,0.0003,8.7691,0.5105,0.0003,0.0526,0.3480,0.1068,0.0031,
313.0280,144,1,ok,1,1,9.4451,0.0011,8.9299,0.5138,0.0003,0.0529,0.3455,0.1118,0.0035,
313.0280,145,1,ok,0,1,9.6337,0.0006,9.1286,0.5042,0.0003,0.0533,0.3418,0.1058,0.0033,
313.0280,146,1,ok,1,1,9.7609,0.0009,9.2500,0.5097,0.0003,0.0522,0.3441,0.1103,0.0030,
313.0280,147,1,ok,0,1,9.7261,0.0011,9.2331,0.4915,0.0003,0.0535,0.3341,0.0998,0.0041,
313.0280,148,1,ok,1,1,9.9693,0.0002,9.4668,0.5019,0.0004,0.0528,0.3426,0.1032,0.0033,
313.0280,149,1,ok,0,1,10.1100,0.0018,9.6096,0.4982,0.0003,0.0521,0.3390,0.1040,0.0030,
313.0280,150,1,ok,1,1,9.3816,0.0006,8.8757,0.5044,0.0009,0.0520,0.3407,0.1077,0.0039,
313.0280,151,1,ok,0,1,9.3860,0.0008,8.8867,0.4981,0.0004,0.0531,0.3389,0.1029,0.0032,
313.0280,152,1,ok,1,1,9.5762,0.0009,9.0690,0.5059,0.0004,0.0521,0.3410,0.1084,0.0043,
313.0280,153,1,ok,0,1,9.6311,0.0004,9.1354,0.4950,0.0003,0.0530,0.3370,0.1014,0.0035,
313.0280,154,1,ok,1,1,9.9301,0.0008,9.4110,0.5180,0.0003,0.0524,0.3490,0.1136,0.0029,
313.0280,155,1,ok,0,1,10.0557,0.0002,9.5574,0.4978,0.0003,0.0533,0.3382,0.1031,0.0032,
313.0280,156,1,ok,1,1,10.3337,0.0011,9.8011,0.5311,0.0004,0.0530,0.3589,0.1162,0.0030,
313.0280,157,1,ok,0,1,10.3158,0.0010,9.8055,0.5090,0.0003,0.0531,0.3434,0.1093,0.0030,
313.0280,158,1,ok,1,1,10.6374,0.0010,10.1124,0.5235,0.0004,0.0525,0.3529,0.1148,0.0033,
313.0280,159,1,ok,0,1,10.7292,0.0006,10.2173,0.5109,0.0003,0.0531,0.3452,0.1092,0.0034,
313.0280,160,1,ok,1,1,11.0862,0.0006,10.5749,0.5102,0.0004,0.0522,0.3457,0.1094,0.0028,
313.0280,161,1,ok,0,1,11.0421,0.0010,10.5229,0.5178,0.0003,0.0535,0.3525,0.1076,0.0042,
313.0280,162,1,ok,1,1,11.3531,0.0003,10.8449,0.5075,0.0004,0.0524,0.3441,0.1075,0.0035,
313.0280,163,1,ok,0,1,11.0551,0.0008,10.5395,0.5145,0.0003,0.0527,0.3509,0.1076,0.0033,
313.0280,164,1,ok,1,1,11.0326,0.0018,10.5230,0.5075,0.0004,0.0520,0.3427,0.1094,0.0034,
313.0280,165,1,ok,0,1,11.1688,0.0018,10.6628,0.5039,0.0003,0.0536,0.3418,0.1059,0.0025,
313.0280,166,1,ok,1,1,11.4804,0.0009,10.9656,0.5136,0.0004,0.0528,0.3476,0.1097,0.0035,
313.0280,167,1,ok,0,1,11.4152,0.0009,10.9040,0.5100,0.0003,0.0536,0.3476,0.1058,0.0030,
313.0280,168,1,ok,1,1,11.7250,0.0008,11.2215,0.5023,0.0004,0.0521,0.3397,0.1072,0.0032,
313.0280,169,1,ok,0,1,11.8403,0.0002,11.3416,0.4982,0.0003,0.0533,0.3378,0.1033,0.0038,
313.0280,170,1,ok,1,1,11.6812,0.0013,11.1711,0.5085,0.0004,0.0522,0.3447,0.1074,0.0042,
313.0280,171,1,ok,0,1,11.6498,0.0004,11.1522,0.4968,0.0003,0.0523,0.3375,0.1039,0.0031,
313.0280,172,1,ok,1,1,11.9048,0.0008,11.3956,0.5081,0.0004,0.0519,0.3462,0.1066,0.0033,
313.0280,173,1,ok,0,1,11.7356,0.0013,11.2316,0.5025,0.0003,0.0536,0.3413,0.1040,0.0035,
313.0280,174,1,ok,1,1,11.7963,0.0010,11.2937,0.5012,0.0004,0.0521,0.3399,0.1061,0.0031,
313.0280,175,1,ok,0,1,11.8839,0.0007,11.3787,0.5042,0.0003,0.0530,0.3422,0.1053,0.0037,
313.0280,176,1,ok,1,1,12.2551,0.0018,11.7345,0.5184,0.0004,0.0520,0.3476,0.1145,0.0042,
313.0280,177,1,ok,0,1,12.2571,0.0010,11.7553,0.5005,0.0003,0.0531,0.3401,0.1042,0.0030,
313.0280,178,1,ok,1,1,12.5464,0.0006,12.0409,0.5045,0.0004,0.0520,0.3411,0.1081,0.0033,
313.0280,179,1,ok,0,1,12.5336,0.0007,12.0301,0.5024,0.0003,0.0534,0.3392,0.1061,0.0037,
313.0280,180,1,ok,1,1,12.7012,0.0007,12.1748,0.5254,0.0004,0.0523,0.3513,0.1179,0.0038,
313.0280,181,1,ok,0,1,12.5739,0.0006,12.0682,0.5048,0.0003,0.0532,0.3419,0.1066,0.0031,
313.0280,182,1,ok,1,1,12.2275,0.0008,11.6914,0.5349,0.0004,0.0523,0.3649,0.1142,0.0034,
313.0280,183,1,ok,0,1,12.2580,0.0011,11.7583,0.4981,0.0004,0.0532,0.3380,0.1033,0.0036,
313.0280,184,1,ok,1,1,12.6305,0.0005,12.1084,0.5212,0.0004,0.0524,0.3529,0.1127,0.0032,
313.0280,185,1,ok,0,1,12.5878,0.0002,12.0795,0.5077,0.0003,0.0533,0.3440,0.1068,0.0037,
313.0280,186,1,ok,1,1,12.6965,0.0020,12.1699,0.5242,0.0004,0.0530,0.3527,0.1153,0.0033,
313.0280,187,1,ok,0,1,12.6614,0.0003,12.1536,0.5072,0.0003,0.0529,0.3432,0.1077,0.0034,
313.0280,188,1,ok,1,1,13.1233,0.0011,12.6002,0.5217,0.0004,0.0527,0.3551,0.1104,0.0034,
313.0280,189,1,ok,0,1,13.0081,0.0016,12.5052,0.5009,0.0004,0.0535,0.3401,0.1044,0.0029,
313.0280,190,1,ok,0,1,13.4079,0.0017,12.9014,0.5044,0.0004,0.0535,0.3418,0.1057,0.0035,
313.0280,191,1,ok,1,1,13.3655,0.0003,12.8414,0.5235,0.0004,0.0521,0.3528,0.1156,0.0029,
313.0280,192,1,ok,0,1,13.8045,0.0003,13.2900,0.5137,0.0006,0.0526,0.3504,0.1072,0.0035,
313.0280,193,1,ok,1,1,13.3243,0.0012,12.8171,0.5056,0.0004,0.0523,0.3417,0.1078,0.0038,
313.0280,194,1,ok,0,1,13.7059,0.0002,13.2000,0.5053,0.0003,0.0528,0.3425,0.1067,0.0032,
313.0280,195,1,ok,1,1,13.3440,0.0008,12.8326,0.5103,0.0003,0.0522,0.3459,0.1088,0.0033,
313.0280,196,1,ok,0,1,13.6784,0.0008,13.1732,0.5041,0.0003,0.0532,0.3415,0.1061,0.0033,
313.0280,197,1,ok,1,1,13.6768,0.0010,13.1798,0.4956,0.0004,0.0527,0.3358,0.1030,0.0041,
313.0280,198,1,ok,0,1,12.7856,0.0007,12.2801,0.5045,0.0003,0.0529,0.3434,0.1047,0.0035,
313.0280,199,1,ok,1,1,12.4575,0.0013,11.9413,0.5145,0.0004,0.0516,0.3463,0.1130,0.0035,
313.0280,200,1,ok,0,1,12.2582,0.0005,11.7727,0.4845,0.0004,0.0531,0.3289,0.0985,0.0040,
313.0280,201,1,ok,1,1,11.8137,0.0008,11.2909,0.5216,0.0004,0.0522,0.3530,0.1126,0.0038,
313.0280,202,1,ok,0,1,11.8898,0.0004,11.3958,0.4933,0.0003,0.0526,0.3341,0.1029,0.0036,
313.0280,203,1,ok,1,1,11.9330,0.0007,11.4161,0.5158,0.0004,0.0527,0.3496,0.1105,0.0030,
313.0280,204,1,ok,0,1,12.2190,0.0011,11.7264,0.4912,0.0003,0.0525,0.3345,0.1007,0.0034,
313.0280,205,1,ok,1,1,12.2759,0.0011,11.7584,0.5160,0.0004,0.0528,0.3506,0.1085,0.0040,
313.0280,206,1,ok,0,1,12.5767,0.0009,12.0738,0.5015,0.0005,0.0527,0.3393,0.1057,0.0038,
313.0280,207,1,ok,1,1,12.6642,0.0004,12.1656,0.4978,0.0003,0.0519,0.3385,0.1038,0.0036,
313.0280,208,1,ok,0,1,12.9896,0.0003,12.4735,0.5155,0.0004,0.0527,0.3512,0.1075,0.0041,
313.0280,209,1,ok,1,1,12.2655,0.0009,11.7631,0.5012,0.0004,0.0522,0.3385,0.1068,0.0037,
327.6261,0,0,ok,0,1,0.4278,0.0024,0.0000,0.4248,0.0006,0.0534,0.2824,0.0855,0.0035,
327.6261,1,0,ok,1,1,0.4257,0.0010,0.0000,0.4242,0.0005,0.0519,0.2822,0.0866,0.0034,
327.6261,2,0,ok,0,1,0.8101,0.0004,0.3639,0.4454,0.0004,0.0536,0.2975,0.0904,0.0039,
327.6261,3,0,ok,1,1,0.8377,0.0003,0.3203,0.5168,0.0003,0.0506,0.3475,0.1158,0.0029,
327.6261,4,0,ok,0,1,1.0065,0.0004,0.5192,0.4865,0.0004,0.0523,0.3314,0.0989,0.0040,
327.6261,5,0,ok,1,1,0.9013,0.0008,0.3859,0.5142,0.0004,0.0524,0.3461,0.1116,0.0041,
327.6261,6,0,ok,0,1,0.8771,0.0010,0.3908,0.4849,0.0004,0.0531,0.3279,0.1005,0.0034,
327.6261,7,0,ok,1,1,1.0083,0.0005,0.4762,0.5313,0.0003,0.0511,0.3586,0.1181,0.0036,
327.6261,8,0,ok,0,1,1.2455,0.0004,0.7598,0.4850,0.0004,0.0536,0.3300,0.0983,0.0031,
327.6261,9,0,ok,1,1,1.4317,0.0009,0.9015,0.5289,0.0003,0.0518,0.3580,0.1154,0.0037,
327.6261,10,1,ok,0,1,1.7044,0.0009,1.1939,0.5092,0.0004,0.0528,0.3461,0.1063,0.0040,
327.6261,11,1,ok,1,1,1.7722,0.0012,1.2564,0.5143,0.0004,0.0526,0.3492,0.1087,0.0038,
327.6261,12,1,ok,0,1,2.0771,0.0004,1.5702,0.5061,0.0004,0.0530,0.3436,0.1063,0.0032,
327.6261,13,1,ok,1,1,2.2324,0.0009,1.7258,0.5054,0.0003,0.0518,0.3440,0.1065,0.0031,
327.6261,14,1,ok,0,1,2.3488,0.0002,1.8441,0.5042,0.0003,0.0538,0.3413,0.1052,0.0039,
327.6261,15,1,ok,1,1,2.3948,0.0013,1.8948,0.4984,0.0003,0.0523,0.3369,0.1059,0.0032,
327.6261,16,1,ok,0,1,2.6650,0.0008,2.1582,0.5055,0.0004,0.0530,0.3423,0.1061,0.0040,
327.6261,17,1,ok,1,1,2.6909,0.0003,2.1860,0.5044,0.0003,0.0522,0.3397,0.1088,0.0036,
327.6261,18,1,ok,0,1,2.7046,0.0006,2.1978,0.5058,0.0004,0.0533,0.3414,0.1072,0.0039,
327.6261,19,1,ok,1,1,2.8865,0.0006,2.3855,0.5000,0.0004,0.0520,0.3366,0.1076,0.0038,
327.6261,20,1,ok,0,1,2.9146,0.0008,2.4025,0.5110,0.0004,0.0532,0.3494,0.1052,0.0031,
327.6261,21,1,ok,1,1,2.8698,0.0012,2.3658,0.5025,0.0003,0.0516,0.3407,0.1075,0.0027,
327.6261,22,1,ok,0,1,3.1115,0.0003,2.6189,0.4920,0.0003,0.0538,0.3341,0.1012,0.0029,
327.6261,23,1,ok,1,1,3.2544,0.0004,2.7623,0.4913,0.0004,0.0525,0.3327,0.1030,0.0031,
327.6261,24,1,ok,0,1,3.0144,0.0002,2.5032,0.5106,0.0003,0.0533,0.3477,0.1067,0.0029,
327.6261,25,1,ok,1,1,3.1109,0.0002,2.6019,0.5085,0.0003,0.0518,0.3409,0.1122,0.0035,
327.6261,26,1,ok,0,1,3.4357,0.0015,2.9199,0.5139,0.0004,0.0536,0.3496,0.1072,0.0035,
327.6261,27,1,ok,1,1,3.5925,0.0020,3.0724,0.5178,0.0003,0.0518,0.3482,0.1142,0.0037,
327.6261,28,1,ok,0,1,3.5879,0.0004,3.0722,0.5149,0.0004,0.0532,0.3501,0.1082,0.0034,
327.6261,29,1,ok,1,1,3.5852,0.0003,3.0783,0.5063,0.0003,0.0519,0.3427,0.1082,0.0034,
327.6261,30,1,ok,0,1,3.6328,0.0011,3.1158,0.5154,0.0004,0.0533,0.3500,0.1086,0.0035,
327.6261,31,1,ok,1,1,3.5490,0.0023,3.0420,0.5044,0.0003,0.0522,0.3420,0.1069,0.0033,
327.6261,32,1,ok,0,1,3.7661,0.0004,3.2521,0.5132,0.0004,0.0531,0.3507,0.1058,0.0036,
327.6261,33,1,ok,1,1,3.2399,0.0017,2.7443,0.4936,0.0003,0.0523,0.3369,0.1012,0.0033,
327.6261,34,1,ok,0,1,3.5154,0.0006,3.0161,0.4983,0.0004,0.0535,0.3383,0.1032,0.0033,
327.6261,35,1,ok,1,1,3.5139,0.0011,3.0046,0.5078,0.0003,0.0523,0.3360,0.1157,0.0038,
327.6261,36,1,ok,0,1,3.5292,0.0011,3.0434,0.4843,0.0004,0.0532,0.3292,0.0986,0.0032,
327.6261,37,1,ok,1,1,3.5211,0.0005,3.0131,0.5071,0.0004,0.0515,0.3439,0.1082,0.0035,
327.6261,38,1,ok,0,1,3.4810,0.0013,2.9891,0.4903,0.0004,0.0533,0.3326,0.1008,0.0035,
327.6261,39,1,ok,1,1,3.5126,0.0002,3.0008,0.5112,0.0004,0.0519,0.3434,0.1127,0.0032,
327.6261,40,1,ok,0,1,3.6082,0.0003,3.0997,0.5078,0.0004,0.0527,0.3455,0.1064,0.0032,
327.6261,41,1,ok,1,1,3.8009,0.0019,3.2789,0.5198,0.0003,0.0526,0.3499,0.1139,0.0034,
327.6261,42,1,ok,0,1,4.0695,0.0006,3.5516,0.5168,0.0004,0.0531,0.3465,0.1137,0.0034,
327.6261,43,1,ok,1,1,4.2253,0.0010,3.6900,0.5340,0.0003,0.0522,0.3634,0.1152,0.0031,
327.6261,44,1,ok,0,1,4.5077,0.0009,3.9908,0.5157,0.0004,0.0526,0.3516,0.1083,0.0031,
327.6261,45,1,ok,1,1,4.6937,0.0005,4.1610,0.5319,0.0003,0.0524,0.3582,0.1172,0.0040,
327.6261,46,1,ok,0,1,4.9581,0.0011,4.4386,0.5181,0.0004,0.0532,0.3541,0.1076,0.0030,
327.6261,47,1,ok,1,1,5.1308,0.0006,4.6140,0.5159,0.0003,0.0519,0.3470,0.1134,0.0036,
327.6261,48,1,ok,0,1,5.2183,0.0010,4.7126,0.5043,0.0004,0.0532,0.3407,0.1065,0.0038,
327.6261,49,1,ok,1,1,5.3851,0.0010,4.8617,0.5220,0.0004,0.0522,0.3504,0.1160,0.0034,
327.6261,50,1,ok,0,1,5.5496,0.0016,5.0489,0.4987,0.0004,0.0527,0.3392,0.1025,0.0042,
327.6261,51,1,ok,1,1,5.7701,0.0007,5.2567,0.5124,0.0003,0.0524,0.3473,0.1094,0.0034,
327.6261,52,1,ok,0,1,5.9528,0.0010,5.4487,0.5028,0.0004,0.0521,0.3403,0.1066,0.0037,
327.6261,53,1,ok,1,1,5.7192,0.0003,5.2077,0.5109,0.0003,0.0523,0.3444,0.1106,0.0036,
327.6261,54,1,ok,0,1,5.7664,0.0018,5.2545,0.5097,0.0004,0.0531,0.3464,0.1071,0.0030,
327.6261,55,1,ok,1,1,5.8588,0.0011,5.3549,0.5025,0.0003,0.0518,0.3403,0.1070,0.0033,
327.6261,56,1,ok,0,1,6.0658,0.0008,5.5592,0.5055,0.0004,0.0529,0.3460,0.1036,0.0029,
327.6261,57,1,ok,1,1,6.0875,0.0011,5.5841,0.5019,0.0003,0.0524,0.3400,0.1063,0.0033,
327.6261,58,1,ok,0,1,6.3072,0.0006,5.7934,0.5129,0.0004,0.0536,0.3454,0.1099,0.0038,
327.6261,59,1,ok,1,1,6.4697,0.0015,5.9659,0.5019,0.0003,0.0526,0.3406,0.1057,0.0030,
327.6261,60,1,ok,0,1,5.9013,0.0008,5.3841,0.5160,0.0004,0.0527,0.3536,0.1065,0.0031,
327.6261,61,1,ok,1,1,5.9584,0.0011,5.4466,0.5103,0.0003,0.0523,0.3438,0.1107,0.0035,
327.6261,62,1,ok,0,1,6.0597,0.0009,5.5642,0.4942,0.0003,0.0539,0.3367,0.1000,0.0035,
327.6261,63,1,ok,1,1,6.1048,0.0010,5.5970,0.5065,0.0003,0.0517,0.3421,0.1094,0.0033,
327.6261,64,1,ok,0,1,6.0024,0.0010,5.5085,0.4925,0.0004,0.0531,0.3340,0.1020,0.0035,
327.6261,65,1,ok,1,1,6.0083,0.0003,5.4915,0.5161,0.0003,0.0522,0.3495,0.1113,0.0030,
327.6261,66,1,ok,0,1,6.1784,0.0011,5.6797,0.4972,0.0004,0.0530,0.3393,0.1013,0.0036,
327.6261,67,1,ok,1,1,6.4669,0.0003,5.9544,0.5119,0.0003,0.0523,0.3439,0.1122,0.0035,
327.6261,68,1,ok,0,1,6.5895,0.0010,6.1020,0.4861,0.0004,0.0536,0.3291,0.1000,0.0035,
327.6261,69,1,ok,1,1,6.8667,0.0011,6.3394,0.5259,0.0004,0.0534,0.3511,0.1177,0.0037,
327.6261,70,1,ok,0,1,6.9964,0.0008,6.4883,0.5069,0.0004,0.0523,0.3435,0.1076,0.0034,
327.6261,71,1,ok,1,1,6.8109,0.0004,6.2986,0.5115,0.0004,0.0527,0.3462,0.1088,0.0039,
327.6261,72,1,ok,0,1,6.5951,0.0003,6.0889,0.5055,0.0004,0.0536,0.3438,0.1050,0.0030,
327.6261,73,1,ok,1,1,6.8800,0.0008,6.3581,0.5207,0.0004,0.0517,0.3509,0.1147,0.0034,
327.6261,74,1,ok,0,1,6.8407,0.0009,6.3299,0.5095,0.0004,0.0534,0.3485,0.1041,0.0036,
327.6261,75,1,ok,1,1,7.1141,0.0017,6.5909,0.5211,0.0003,0.0524,0.3517,0.1137,0.0033,
327.6261,76,1,ok,0,1,6.8107,0.0009,6.2971,0.5123,0.0004,0.0531,0.3473,0.1090,0.0030,
327.6261,77,1,ok,1,1,7.0554,0.0012,6.5499,0.5040,0.0003,0.0525,0.3440,0.1038,0.0036,
327.6261,78,1,ok,0,1,7.1387,0.0010,6.6409,0.4964,0.0004,0.0537,0.3381,0.1014,0.0031,
327.6261,79,1,ok,1,1,7.4392,0.0003,6.9469,0.4916,0.0003,0.0519,0.3314,0.1050,0.0033,
327.6261,80,1,ok,0,1,7.4201,0.0002,6.9356,0.4839,0.0003,0.0534,0.3271,0.0995,0.0039,
327.6261,81,1,ok,1,1,7.7314,0.0006,7.2319,0.4987,0.0003,0.0523,0.3379,0.1048,0.0037,
327.6261,82,1,ok,0,1,7.7040,0.0021,7.2013,0.5003,0.0003,0.0525,0.3411,0.1035,0.0031,
327.6261,83,1,ok,1,1,7.6613,0.0002,7.1526,0.5082,0.0003,0.0521,0.3429,0.1100,0.0032,
327.6261,84,1,ok,0,1,7.6892,0.0002,7.1927,0.4959,0.0003,0.0530,0.3372,0.1020,0.0037,
327.6261,85,1,ok,1,1,8.0295,0.0010,7.5216,0.5065,0.0003,0.0518,0.3427,0.1085,0.0035,
327.6261,86,1,ok,0,1,7.0330,0.0011,6.5427,0.4887,0.0005,0.0536,0.3308,0.1009,0.0034,
327.6261,87,1,ok,1,1,7.3126,0.0009,6.7981,0.5132,0.0003,0.0522,0.3463,0.1110,0.0037,
327.6261,88,1,ok,0,1,7.3687,0.0006,6.8845,0.4831,0.0004,0.0533,0.3285,0.0978,0.0035,
327.6261,89,1,ok,1,1,7.7952,0.0019,7.2844,0.5086,0.0003,0.0518,0.3434,0.1100,0.0033,
327.6261,90,1,ok,0,1,7.8247,0.0007,7.3378,0.4858,0.0003,0.0531,0.3306,0.0994,0.0027,
327.6261,91,1,ok,1,1,8.1130,0.0013,7.5918,0.5195,0.0003,0.0524,0.3466,0.1163,0.0042,
327.6261,92,1,ok,0,1,7.8595,0.0002,7.3560,0.5029,0.0004,0.0533,0.3386,0.1076,0.0033,
327.6261,93,1,ok,1,1,8.2590,0.0010,7.7240,0.5337,0.0003,0.0523,0.3622,0.1158,0.0034,
327.6261,94,1,ok,0,1,8.2493,0.0011,7.7459,0.5019,0.0003,0.0534,0.3399,0.1054,0.0032,
327.6261,95,1,ok,1,1,8.6742,0.0008,8.1581,0.5150,0.0003,0.0525,0.3463,0.1129,0.0032,
327.6261,96,1,ok,0,1,7.6403,0.0002,7.1442,0.4953,0.0005,0.0529,0.3363,0.1021,0.0040,
327.6261,97,1,ok,0,1,7.9975,0.0005,7.5018,0.4948,0.0004,0.0529,0.3366,0.1024,0.0029,
327.6261,98,1,ok,1,1,7.3902,0.0008,6.8698,0.5193,0.0003,0.0518,0.3482,0.1162,0.0030,
327.6261,99,1,ok,0,1,7.4880,0.0010,6.9866,0.5000,0.0004,0.0539,0.3396,0.1029,0.0035,
327.6261,100,1,ok,1,1,7.5429,0.0010,7.0260,0.5156,0.0003,0.0528,0.3484,0.1113,0.0031,
327.6261,101,1,ok,0,1,7.7492,0.0004,7.2519,0.4966,0.0004,0.0534,0.3369,0.1032,0.0030,
327.6261,102,1,ok,1,1,7.6244,0.0005,7.0992,0.5244,0.0003,0.0523,0.3584,0.1104,0.0033,
327.6261,103,1,ok,0,1,7.9045,0.0005,7.3981,0.5055,0.0004,0.0535,0.3430,0.1057,0.0032,
327.6261,104,1,ok,1,1,7.9223,0.0008,7.4258,0.4954,0.0003,0.0523,0.3349,0.1046,0.0035,
327.6261,105,1,ok,0,1,8.1574,0.0006,7.6595,0.4970,0.0003,0.0546,0.3377,0.1014,0.0032,
327.6261,106,1,ok,1,1,8.2188,0.0010,7.7120,0.5055,0.0003,0.0516,0.3415,0.1089,0.0034,
327.6261,107,1,ok,0,1,8.5271,0.0020,8.0293,0.4955,0.0003,0.0538,0.3369,0.1012,0.0037,
327.6261,108,1,ok,1,1,8.5013,0.0011,8.0025,0.4974,0.0003,0.0521,0.3364,0.1061,0.0028,
327.6261,109,1,ok,0,1,8.3475,0.0007,7.8526,0.4938,0.0004,0.0536,0.3348,0.1014,0.0040,
327.6261,110,1,ok,1,1,8.0568,0.0008,7.5553,0.5004,0.0003,0.0520,0.3377,0.1073,0.0034,
327.6261,111,1,ok,0,1,8.3909,0.0013,7.9081,0.4812,0.0004,0.0530,0.3245,0.1003,0.0033,
327.6261,112,1,ok,1,1,8.3738,0.0004,7.8733,0.4997,0.0004,0.0519,0.3394,0.1048,0.0036,
327.6261,113,1,ok,0,1,8.7353,0.0015,8.2262,0.5071,0.0004,0.0527,0.3425,0.1084,0.0036,
327.6261,114,1,ok,1,1,8.3939,0.0021,7.8893,0.5022,0.0003,0.0520,0.3415,0.1051,0.0037,
327.6261,115,1,ok,0,1,8.4394,0.0002,7.9143,0.5245,0.0004,0.0531,0.3559,0.1120,0.0034,
327.6261,116,1,ok,1,1,8.4552,0.0004,7.9542,0.5003,0.0003,0.0517,0.3387,0.1061,0.0036,
327.6261,117,1,ok,0,1,8.7071,0.0011,8.1868,0.5188,0.0004,0.0536,0.3521,0.1098,0.0033,
327.6261,118,1,ok,1,1,8.5981,0.0008,8.0958,0.5011,0.0003,0.0515,0.3384,0.1080,0.0032,
327.6261,119,1,ok,0,1,9.0243,0.0006,8.5042,0.5191,0.0004,0.0532,0.3560,0.1072,0.0028,
327.6261,120,1,ok,1,1,8.8227,0.0007,8.3038,0.5179,0.0004,0.0526,0.3485,0.1135,0.0033,
327.6261,121,1,ok,0,1,9.1240,0.0019,8.6171,0.5046,0.0004,0.0538,0.3423,0.1052,0.0031,
327.6261,122,1,ok,1,1,8.9046,0.0007,8.4039,0.4996,0.0004,0.0524,0.3375,0.1056,0.0039,
327.6261,123,1,ok,0,1,9.2255,0.0006,8.7089,0.5157,0.0003,0.0532,0.3505,0.1092,0.0028,
327.6261,124,1,ok,1,1,9.2691,0.0005,8.7656,0.5027,0.0003,0.0515,0.3392,0.1088,0.0031,
327.6261,125,1,ok,0,1,9.6677,0.0019,9.1517,0.5136,0.0004,0.0536,0.3477,0.1089,0.0033,
327.6261,126,1,ok,1,1,9.7157,0.0004,9.1933,0.5217,0.0003,0.0521,0.3498,0.1162,0.0034,
327.6261,127,1,ok,0,1,9.6962,0.0009,9.1785,0.5164,0.0004,0.0533,0.3494,0.1101,0.0036,
327.6261,128,1,ok,1,1,9.3830,0.0005,8.8442,0.5380,0.0003,0.0522,0.3628,0.1192,0.0037,
327.6261,129,1,ok,0,1,9.4918,0.0003,8.9832,0.5079,0.0004,0.0536,0.3457,0.1052,0.0034,
327.6261,130,1,ok,1,1,9.5105,0.0011,8.9883,0.5207,0.0003,0.0522,0.3544,0.1104,0.0036,
327.6261,131,1,ok,0,1,9.9210,0.0004,9.4132,0.5070,0.0004,0.0536,0.3424,0.1079,0.0031,
327.6261,132,1,ok,1,1,9.6338,0.0021,9.1122,0.5192,0.0003,0.0528,0.3510,0.1122,0.0031,
327.6261,133,1,ok,0,1,9.5127,0.0012,8.9967,0.5144,0.0004,0.0530,0.3506,0.1075,0.0033,
327.6261,134,1,ok,1,1,9.5992,0.0009,9.0787,0.5193,0.0003,0.0523,0.3534,0.1107,0.0029,
327.6261,135,1,ok,0,1,9.8829,0.0002,9.3742,0.5080,0.0004,0.0537,0.3444,0.1062,0.0037,
327.6261,136,1,ok,1,1,9.9877,0.0012,9.4630,0.5232,0.0003,0.0527,0.3539,0.1133,0.0033,
327.6261,137,1,ok,0,1,10.1141,0.0010,9.6069,0.5058,0.0004,0.0534,0.3424,0.1069,0.0031,
327.6261,138,1,ok,1,1,9.9854,0.0009,9.4592,0.5250,0.0003,0.0530,0.3531,0.1162,0.0028,
327.6261,139,1,ok,0,1,10.3309,0.0008,9.8223,0.5075,0.0004,0.0533,0.3471,0.1041,0.0029,
327.6261,140,1,ok,1,1,10.3605,0.0020,9.8402,0.5180,0.0003,0.0530,0.3483,0.1127,0.0040,
327.6261,141,1,ok,0,1,10.5796,0.0002,10.0665,0.5126,0.0004,0.0536,0.3449,0.1109,0.0031,
327.6261,142,1,ok,1,1,10.6786,0.0009,10.1570,0.5204,0.0003,0.0516,0.3529,0.1129,0.0030,
327.6261,143,1,ok,0,1,10.6647,0.0016,10.1445,0.5182,0.0004,0.0534,0.3546,0.1072,0.0031,
327.6261,144,1,ok,1,1,10.7145,0.0007,10.2001,0.5135,0.0003,0.0529,0.3473,0.1098,0.0035,
327.6261,145,1,ok,0,1,11.0238,0.0002,10.5201,0.5031,0.0004,0.0534,0.3423,0.1041,0.0033,
327.6261,146,1,ok,1,1,11.0505,0.0015,10.5275,0.5212,0.0003,0.0524,0.3482,0.1175,0.0030,
327.6261,147,1,ok,0,1,11.1517,0.0005,10.6417,0.5091,0.0003,0.0534,0.3470,0.1047,0.0040,
327.6261,148,1,ok,1,1,11.3022,0.0010,10.7687,0.5322,0.0003,0.0528,0.3618,0.1142,0.0033,
327.6261,149,1,ok,0,1,11.5403,0.0007,11.0414,0.4978,0.0003,0.0528,0.3364,0.1054,0.0030,
327.6261,150,1,ok,1,1,10.7721,0.0002,10.2577,0.5139,0.0003,0.0521,0.3456,0.1123,0.0039,
327.6261,151,1,ok,0,1,10.8845,0.0004,10.3719,0.5119,0.0004,0.0530,0.3469,0.1089,0.0032,
327.6261,152,1,ok,1,1,10.9977,0.0010,10.4734,0.5230,0.0003,0.0520,0.3521,0.1145,0.0043,
327.6261,153,1,ok,0,1,11.1600,0.0013,10.6442,0.5141,0.0004,0.0551,0.3488,0.1066,0.0036,
327.6261,154,1,ok,1,1,11.3438,0.0010,10.8396,0.5020,0.0012,0.0518,0.3429,0.1043,0.0029,
327.6261,155,1,ok,0,1,11.5945,0.0005,11.0893,0.5042,0.0005,0.0534,0.3426,0.1049,0.0032,
327.6261,156,1,ok,1,1,11.7217,0.0011,11.2205,0.4996,0.0005,0.0521,0.3390,0.1054,0.0030,
327.6261,157,1,ok,0,1,11.8478,0.0008,11.3556,0.4909,0.0004,0.0538,0.3333,0.1008,0.0030,
327.6261,158,1,ok,1,1,12.0112,0.0010,11.5103,0.4978,0.0021,0.0518,0.3365,0.1062,0.0033,
327.6261,159,1,ok,0,1,12.2400,0.0006,11.7537,0.4852,0.0004,0.0539,0.3295,0.0984,0.0034,
327.6261,160,1,ok,1,1,12.4513,0.0006,11.9516,0.4976,0.0015,0.0513,0.3377,0.1058,0.0028,
327.6261,161,1,ok,0,1,12.5359,0.0009,12.0430,0.4916,0.0004,0.0533,0.3315,0.1025,0.0042,
327.6261,162,1,ok,1,1,12.7314,0.0005,12.2207,0.5099,0.0004,0.0515,0.3438,0.1111,0.0035,
327.6261,163,1,ok,0,1,12.5456,0.0010,12.0555,0.4888,0.0004,0.0526,0.3353,0.0975,0.0033,
327.6261,164,1,ok,1,1,12.4625,0.0009,11.9391,0.5222,0.0003,0.0522,0.3514,0.1152,0.0034,
327.6261,165,1,ok,0,1,12.6650,0.0008,12.1718,0.4920,0.0004,0.0536,0.3330,0.1028,0.0026,
327.6261,166,1,ok,1,1,12.9202,0.0002,12.3991,0.5205,0.0003,0.0523,0.3504,0.1144,0.0034,
327.6261,167,1,ok,0,1,12.9178,0.0014,12.4114,0.5046,0.0004,0.0537,0.3417,0.1062,0.0030,
327.6261,168,1,ok,1,1,13.1960,0.0005,12.6731,0.5221,0.0003,0.0525,0.3533,0.1130,0.0032,
327.6261,169,1,ok,0,1,13.3596,0.0016,12.8461,0.5116,0.0004,0.0537,0.3487,0.1054,0.0038,
327.6261,170,1,ok,1,1,13.1796,0.0007,12.6673,0.5113,0.0003,0.0552,0.3429,0.1090,0.0042,
327.6261,171,1,ok,0,1,13.1970,0.0010,12.7016,0.4940,0.0004,0.0533,0.3349,0.1027,0.0031,
327.6261,172,1,ok,1,1,13.4042,0.0005,12.9069,0.4965,0.0003,0.0522,0.3383,0.1026,0.0034,
327.6261,173,1,ok,0,1,13.3042,0.0008,12.7978,0.5052,0.0004,0.0530,0.3437,0.1050,0.0036,
327.6261,174,1,ok,1,1,13.3221,0.0007,12.8206,0.5005,0.0004,0.0523,0.3392,0.1058,0.0032,
327.6261,175,1,ok,0,1,13.4683,0.0002,12.9636,0.5042,0.0003,0.0525,0.3414,0.1066,0.0037,
327.6261,176,1,ok,1,1,13.7681,0.0006,13.2641,0.5029,0.0003,0.0525,0.3395,0.1066,0.0043,
327.6261,177,1,ok,0,1,13.8488,0.0015,13.3448,0.5020,0.0004,0.0535,0.3410,0.1044,0.0031,
327.6261,178,1,ok,1,1,14.0765,0.0008,13.5630,0.5123,0.0003,0.0516,0.3461,0.1113,0.0033,
327.6261,179,1,ok,0,1,14.1373,0.0001,13.6325,0.5043,0.0004,0.0534,0.3416,0.1055,0.0037,
327.6261,180,1,ok,1,1,14.2254,0.0010,13.7211,0.5030,0.0003,0.0523,0.3395,0.1074,0.0037,
327.6261,181,1,ok,0,1,14.1915,0.0004,13.6928,0.4979,0.0004,0.0531,0.3383,0.1033,0.0031,
327.6261,182,1,ok,1,1,13.7799,0.0010,13.2603,0.5183,0.0003,0.0519,0.3478,0.1151,0.0034,
327.6261,183,1,ok,0,1,13.9135,0.0003,13.4130,0.4998,0.0004,0.0539,0.3395,0.1028,0.0036,
327.6261,184,1,ok,1,1,14.1624,0.0011,13.6655,0.4955,0.0003,0.0527,0.3367,0.1029,0.0032,
327.6261,185,1,ok,0,1,14.2484,0.0003,13.7429,0.5048,0.0004,0.0532,0.3417,0.1061,0.0037,
327.6261,186,1,ok,1,1,14.2210,0.0006,13.7237,0.4964,0.0003,0.0520,0.3330,0.1081,0.0033,
327.6261,187,1,ok,0,1,14.3537,0.0014,13.8325,0.5195,0.0003,0.0525,0.3524,0.1113,0.0034,
327.6261,188,1,ok,1,1,14.6450,0.0009,14.1291,0.5147,0.0003,0.0522,0.3467,0.1124,0.0034,
327.6261,189,1,ok,0,1,14.7144,0.0011,14.2050,0.5079,0.0004,0.0536,0.3474,0.1039,0.0030,
327.6261,190,1,ok,1,1,14.9598,0.0015,14.4341,0.5239,0.0003,0.0520,0.3515,0.1168,0.0036,
327.6261,191,1,ok,0,1,15.0651,0.0019,14.5523,0.5105,0.0004,0.0533,0.3483,0.1060,0.0028,
327.6261,192,1,ok,1,1,15.3677,0.0002,14.8472,0.5200,0.0003,0.0530,0.3535,0.1099,0.0036,
327.6261,193,1,ok,0,1,15.0533,0.0008,14.5415,0.5107,0.0004,0.0535,0.3478,0.1057,0.0037,
327.6261,194,1,ok,1,1,15.3068,0.0005,14.7898,0.5162,0.0003,0.0520,0.3480,0.1129,0.0032,
327.6261,195,1,ok,0,1,15.0844,0.0011,14.5831,0.4997,0.0004,0.0534,0.3376,0.1054,0.0032,
327.6261,196,1,ok,1,1,15.3236,0.0009,14.7977,0.5247,0.0003,0.0528,0.3532,0.1154,0.0034,
327.6261,197,1,ok,0,1,15.4301,0.0015,14.9270,0.5012,0.0004,0.0536,0.3376,0.1060,0.0040,
327.6261,198,1,ok,1,1,14.5147,0.0014,13.9868,0.5262,0.0003,0.0520,0.3559,0.1147,0.0035,
327.6261,199,1,ok,0,1,14.2647,0.0008,13.7723,0.4913,0.0003,0.0534,0.3349,0.0995,0.0034,
327.6261,200,1,ok,1,1,14.0689,0.0005,13.5469,0.5211,0.0003,0.0524,0.3493,0.1153,0.0041,
327.6261,201,1,ok,0,1,13.6448,0.0012,13.1496,0.4936,0.0003,0.0533,0.3336,0.1030,0.0037,
327.6261,202,1,ok,1,1,13.7674,0.0007,13.2446,0.5217,0.0003,0.0520,0.3551,0.1109,0.0038,
327.6261,203,1,ok,0,1,13.7542,0.0005,13.2651,0.4882,0.0003,0.0537,0.3318,0.0997,0.0030,
327.6261,204,1,ok,1,1,14.1396,0.0010,13.6113,0.5270,0.0003,0.0533,0.3572,0.1128,0.0036,
327.6261,205,1,ok,0,1,14.0994,0.0011,13.5873,0.5107,0.0003,0.0526,0.3445,0.1095,0.0041,
327.6261,206,1,ok,1,1,14.5245,0.0003,14.0014,0.5225,0.0003,0.0521,0.3559,0.1106,0.0039,
327.6261,207,1,ok,0,1,14.5047,0.0004,13.9942,0.5098,0.0003,0.0532,0.3485,0.1046,0.0035,
327.6261,208,1,ok,0,1,14.9283,0.0013,14.4162,0.5105,0.0003,0.0532,0.3436,0.1097,0.0041,
327.6261,209,1,ok,1,1,14.1562,0.0018,13.6515,0.5025,0.0003,0.0520,0.3408,0.1061,0.0037,
