level_rpm,index,measured,status,replica,batch_size,latency_s,harness_lag_s,queue_wait_s,service_s,ipc_s,text_encode_s,denoise_s,decode_s,jpeg_s,error
71.7119,0,0,ok,0,1,0.4208,0.0027,0.0000,0.4170,0.0010,0.0514,0.2796,0.0825,0.0035,
71.7119,1,0,ok,0,1,0.8178,0.0013,0.3983,0.4176,0.0006,0.0528,0.2788,0.0826,0.0034,
71.7119,2,0,ok,0,1,0.9687,0.0007,0.5480,0.4196,0.0004,0.0530,0.2789,0.0824,0.0053,
71.7119,3,0,ok,0,1,1.1745,0.0006,0.7568,0.4167,0.0004,0.0523,0.2791,0.0824,0.0029,
71.7119,4,0,ok,0,1,0.4773,0.0012,0.0575,0.4183,0.0004,0.0529,0.2789,0.0823,0.0040,
71.7119,5,0,ok,0,1,0.4202,0.0012,0.0000,0.4184,0.0006,0.0523,0.2792,0.0828,0.0041,
71.7119,6,0,ok,0,1,0.4173,0.0015,0.0000,0.4153,0.0005,0.0518,0.2779,0.0822,0.0034,
71.7119,7,0,ok,0,1,0.7587,0.0007,0.3405,0.4170,0.0004,0.0527,0.2779,0.0829,0.0035,
71.7119,8,0,ok,0,1,0.7202,0.0020,0.2982,0.4196,0.0004,0.0557,0.2781,0.0825,0.0032,
71.7119,9,0,ok,0,1,1.1120,0.0008,0.6940,0.4167,0.0004,0.0528,0.2780,0.0823,0.0035,
71.7119,10,1,ok,0,1,1.3231,0.0008,0.9048,0.4172,0.0004,0.0524,0.2783,0.0825,0.0040,
71.7119,11,1,ok,0,1,1.1516,0.0008,0.7334,0.4170,0.0004,0.0529,0.2781,0.0822,0.0037,
71.7119,12,1,ok,0,1,1.5456,0.0005,1.1287,0.4160,0.0004,0.0524,0.2782,0.0822,0.0032,
71.7119,13,1,ok,0,1,1.7765,0.0013,1.3588,0.4160,0.0004,0.0527,0.2780,0.0823,0.0030,
71.7119,14,1,ok,0,1,1.3162,0.0007,0.8977,0.4175,0.0004,0.0531,0.2781,0.0823,0.0039,
71.7119,15,1,ok,0,1,1.0749,0.0007,0.6569,0.4170,0.0004,0.0524,0.2786,0.0827,0.0032,
71.7119,16,1,ok,0,1,1.2843,0.0016,0.8650,0.4174,0.0003,0.0529,0.2780,0.0824,0.0040,
71.7119,17,1,ok,0,1,0.9572,0.0012,0.5386,0.4170,0.0004,0.0528,0.2781,0.0825,0.0036,
71.7119,18,1,ok,0,1,0.4170,0.0008,0.0000,0.4156,0.0006,0.0515,0.2777,0.0824,0.0039,
71.7119,19,1,ok,0,1,0.8282,0.0005,0.4110,0.4163,0.0004,0.0522,0.2778,0.0824,0.0038,
71.7119,20,1,ok,0,1,0.4194,0.0007,0.0000,0.4182,0.0004,0.0516,0.2798,0.0837,0.0031,
71.7119,21,1,ok,0,1,0.4192,0.0011,0.0000,0.4176,0.0005,0.0534,0.2789,0.0825,0.0027,
71.7119,22,1,ok,0,1,0.4892,0.0017,0.0695,0.4176,0.0004,0.0532,0.2789,0.0825,0.0030,
71.7119,23,1,ok,0,1,0.7665,0.0020,0.3457,0.4184,0.0004,0.0534,0.2789,0.0829,0.0031,
71.7119,24,1,ok,0,1,0.4171,0.0009,0.0000,0.4157,0.0005,0.0519,0.2786,0.0823,0.0029,
71.7119,25,1,ok,0,1,0.4923,0.0011,0.0726,0.4182,0.0004,0.0536,0.2787,0.0824,0.0034,
71.7119,26,1,ok,0,1,0.8292,0.0005,0.4103,0.4179,0.0004,0.0531,0.2787,0.0825,0.0036,
71.7119,27,1,ok,0,1,1.1622,0.0006,0.7435,0.4178,0.0003,0.0528,0.2787,0.0825,0.0038,
71.7119,28,1,ok,0,1,0.4176,0.0015,0.0000,0.4156,0.0005,0.0516,0.2779,0.0825,0.0036,
71.7119,29,1,ok,0,1,0.4180,0.0007,0.0000,0.4168,0.0006,0.0519,0.2775,0.0840,0.0033,
71.7119,30,1,ok,0,1,0.4173,0.0013,0.0000,0.4155,0.0005,0.0515,0.2778,0.0826,0.0036,
71.7119,31,1,ok,0,1,0.4168,0.0016,0.0000,0.4148,0.0005,0.0515,0.2776,0.0823,0.0033,
71.7119,32,1,ok,0,1,0.4170,0.0013,0.0000,0.4153,0.0004,0.0517,0.2775,0.0824,0.0036,
71.7119,33,1,ok,0,1,0.4182,0.0005,0.0000,0.4172,0.0005,0.0530,0.2783,0.0825,0.0033,
71.7119,34,1,ok,0,1,0.4406,0.0011,0.0191,0.4200,0.0004,0.0527,0.2787,0.0851,0.0033,
71.7119,35,1,ok,0,1,0.4175,0.0011,0.0000,0.4160,0.0005,0.0522,0.2777,0.0823,0.0037,
71.7119,36,1,ok,0,1,0.4165,0.0012,0.0000,0.4147,0.0006,0.0517,0.2774,0.0824,0.0032,
71.7119,37,1,ok,0,1,0.4157,0.0008,0.0000,0.4144,0.0005,0.0515,0.2771,0.0823,0.0035,
71.7119,38,1,ok,0,1,0.4185,0.0009,0.0000,0.4171,0.0005,0.0522,0.2789,0.0823,0.0036,
71.7119,39,1,ok,0,1,0.4253,0.0005,0.0000,0.4242,0.0005,0.0519,0.2787,0.0905,0.0032,
71.7119,40,1,ok,0,1,0.4164,0.0009,0.0000,0.4150,0.0005,0.0517,0.2777,0.0823,0.0032,
71.7119,41,1,ok,0,1,0.7943,0.0010,0.3762,0.4167,0.0003,0.0532,0.2779,0.0823,0.0033,
71.7119,42,1,ok,0,1,0.9945,0.0009,0.5770,0.4162,0.0004,0.0525,0.2779,0.0822,0.0036,
71.7119,43,1,ok,0,1,1.1249,0.0003,0.7084,0.4159,0.0004,0.0525,0.2779,0.0823,0.0031,
71.7119,44,1,ok,0,1,1.4726,0.0008,1.0545,0.4169,0.0003,0.0531,0.2779,0.0827,0.0031,
71.7119,45,1,ok,0,1,1.6683,0.0004,1.2505,0.4170,0.0004,0.0527,0.2780,0.0823,0.0039,
71.7119,46,1,ok,0,1,1.9954,0.0009,1.5783,0.4159,0.0003,0.0524,0.2780,0.0824,0.0031,
71.7119,47,1,ok,0,1,2.1403,0.0009,1.7219,0.4171,0.0003,0.0533,0.2781,0.0822,0.0035,
71.7119,48,1,ok,0,1,1.7124,0.0009,1.2946,0.4165,0.0003,0.0525,0.2779,0.0824,0.0038,
71.7119,49,1,ok,0,1,1.7511,0.0013,1.3314,0.4181,0.0004,0.0543,0.2780,0.0824,0.0033,
71.7119,50,1,ok,0,1,1.7829,0.0008,1.3635,0.4182,0.0003,0.0533,0.2780,0.0823,0.0045,
71.7119,51,1,ok,0,1,2.0032,0.0011,1.5851,0.4166,0.0003,0.0523,0.2782,0.0827,0.0033,
71.7119,52,1,ok,0,1,2.1608,0.0007,1.7427,0.4171,0.0004,0.0526,0.2782,0.0825,0.0038,
71.7119,53,1,ok,0,1,0.4173,0.0006,0.0000,0.4163,0.0004,0.0521,0.2778,0.0828,0.0035,
71.7119,54,1,ok,0,1,0.4208,0.0012,0.0000,0.4190,0.0005,0.0540,0.2793,0.0825,0.0031,
71.7119,55,1,ok,0,1,0.4171,0.0004,0.0000,0.4161,0.0005,0.0520,0.2784,0.0824,0.0033,
71.7119,56,1,ok,0,1,0.6781,0.0008,0.2593,0.4176,0.0004,0.0532,0.2787,0.0828,0.0029,
71.7119,57,1,ok,0,1,0.4179,0.0019,0.0000,0.4156,0.0005,0.0516,0.2781,0.0826,0.0032,
71.7119,58,1,ok,0,1,0.6883,0.0009,0.2677,0.4192,0.0004,0.0525,0.2796,0.0832,0.0039,
71.7119,59,1,ok,0,1,0.7083,0.0008,0.2882,0.4188,0.0004,0.0534,0.2789,0.0836,0.0029,
71.7119,60,1,ok,0,1,0.4169,0.0017,0.0000,0.4146,0.0005,0.0511,0.2778,0.0825,0.0031,
71.7119,61,1,ok,0,1,0.4161,0.0007,0.0000,0.4149,0.0005,0.0515,0.2777,0.0823,0.0034,
71.7119,62,1,ok,0,1,0.4168,0.0004,0.0000,0.4159,0.0004,0.0518,0.2781,0.0823,0.0036,
71.7119,63,1,ok,0,1,0.4178,0.0008,0.0000,0.4165,0.0005,0.0518,0.2790,0.0824,0.0033,
71.7119,64,1,ok,0,1,0.4193,0.0019,0.0000,0.4168,0.0005,0.0519,0.2790,0.0824,0.0034,
71.7119,65,1,ok,0,1,0.4160,0.0006,0.0000,0.4149,0.0005,0.0521,0.2774,0.0823,0.0031,
71.7119,66,1,ok,0,1,0.6143,0.0004,0.1980,0.4155,0.0004,0.0524,0.2773,0.0823,0.0035,
71.7119,67,1,ok,0,1,1.0029,0.0003,0.5867,0.4156,0.0004,0.0524,0.2774,0.0824,0.0034,
71.7119,68,1,ok,0,1,1.1019,0.0003,0.6855,0.4157,0.0004,0.0525,0.2775,0.0822,0.0035,
71.7119,69,1,ok,0,1,1.2573,0.0009,0.8402,0.4158,0.0004,0.0523,0.2774,0.0824,0.0036,
71.7119,70,1,ok,0,1,1.4748,0.0013,1.0578,0.4154,0.0003,0.0523,0.2774,0.0824,0.0034,
71.7119,71,1,ok,0,1,0.4179,0.0015,0.0000,0.4159,0.0004,0.0519,0.2776,0.0825,0.0039,
71.7119,72,1,ok,0,1,0.4168,0.0015,0.0000,0.4147,0.0005,0.0514,0.2778,0.0824,0.0031,
71.7119,73,1,ok,0,1,0.5174,0.0009,0.0997,0.4164,0.0004,0.0527,0.2780,0.0823,0.0034,
71.7119,74,1,ok,0,1,0.4190,0.0015,0.0000,0.4170,0.0004,0.0520,0.2789,0.0824,0.0037,
71.7119,75,1,ok,0,1,0.4176,0.0008,0.0000,0.4164,0.0004,0.0519,0.2789,0.0823,0.0033,
71.7119,76,1,ok,0,1,0.4178,0.0016,0.0000,0.4156,0.0006,0.0515,0.2787,0.0822,0.0030,
71.7119,77,1,ok,0,1,0.4161,0.0003,0.0000,0.4154,0.0004,0.0519,0.2774,0.0825,0.0035,
71.7119,78,1,ok,0,1,0.5741,0.0015,0.1572,0.4150,0.0004,0.0522,0.2773,0.0823,0.0031,
71.7119,79,1,ok,0,1,0.7530,0.0011,0.3360,0.4155,0.0004,0.0524,0.2774,0.0824,0.0032,
71.7119,80,1,ok,0,1,0.4806,0.0012,0.0623,0.4167,0.0004,0.0528,0.2774,0.0825,0.0039,
71.7119,81,1,ok,0,1,0.6426,0.0008,0.2247,0.4167,0.0003,0.0522,0.2775,0.0833,0.0036,
71.7119,82,1,ok,0,1,0.4162,0.0008,0.0000,0.4149,0.0005,0.0512,0.2777,0.0827,0.0031,
71.7119,83,1,ok,0,1,0.4169,0.0014,0.0000,0.4150,0.0005,0.0516,0.2779,0.0824,0.0031,
71.7119,84,1,ok,0,1,0.4176,0.0005,0.0000,0.4167,0.0004,0.0515,0.2787,0.0826,0.0038,
71.7119,85,1,ok,0,1,0.6280,0.0018,0.2087,0.4171,0.0004,0.0526,0.2787,0.0824,0.0035,
71.7119,86,1,ok,0,1,0.4163,0.0005,0.0000,0.4153,0.0005,0.0519,0.2775,0.0822,0.0037,
71.7119,87,1,ok,0,1,0.4170,0.0006,0.0000,0.4159,0.0005,0.0517,0.2781,0.0824,0.0037,
71.7119,88,1,ok,0,1,0.7540,0.0011,0.3361,0.4164,0.0004,0.0524,0.2781,0.0823,0.0035,
71.7119,89,1,ok,0,1,1.1305,0.0009,0.7127,0.4165,0.0004,0.0530,0.2779,0.0824,0.0033,
71.7119,90,1,ok,0,1,1.4492,0.0011,1.0323,0.4154,0.0004,0.0525,0.2780,0.0823,0.0026,
71.7119,91,1,ok,0,1,1.0407,0.0007,0.6224,0.4173,0.0003,0.0529,0.2780,0.0823,0.0041,
71.7119,92,1,ok,0,1,0.4183,0.0021,0.0000,0.4157,0.0005,0.0518,0.2782,0.0823,0.0033,
71.7119,93,1,ok,0,1,0.4180,0.0006,0.0000,0.4170,0.0005,0.0518,0.2791,0.0826,0.0034,
71.7119,94,1,ok,0,1,0.7813,0.0009,0.3623,0.4178,0.0004,0.0527,0.2792,0.0827,0.0032,
71.7119,95,1,ok,0,1,0.7980,0.0002,0.3789,0.4186,0.0003,0.0534,0.2792,0.0827,0.0032,
71.7119,96,1,ok,0,1,0.4173,0.0010,0.0000,0.4158,0.0005,0.0515,0.2779,0.0823,0.0041,
71.7119,97,1,ok,0,1,0.4158,0.0005,0.0000,0.4148,0.0005,0.0516,0.2781,0.0822,0.0029,
71.7119,98,1,ok,0,1,0.4177,0.0014,0.0000,0.4158,0.0005,0.0522,0.2783,0.0823,0.0029,
71.7119,99,1,ok,0,1,0.4181,0.0006,0.0000,0.4169,0.0006,0.0519,0.2791,0.0823,0.0035,
71.7119,100,1,ok,0,1,0.8260,0.0012,0.4073,0.4171,0.0004,0.0527,0.2791,0.0822,0.0030,
71.7119,101,1,ok,0,1,0.4177,0.0003,0.0000,0.4168,0.0005,0.0523,0.2790,0.0825,0.0031,
71.7119,102,1,ok,0,1,0.4173,0.0006,0.0000,0.4162,0.0005,0.0518,0.2787,0.0824,0.0033,
71.7119,103,1,ok,0,1,0.4162,0.0005,0.0000,0.4151,0.0005,0.0517,0.2779,0.0822,0.0033,
71.7119,104,1,ok,0,1,0.5732,0.0013,0.1552,0.4163,0.0004,0.0527,0.2780,0.0822,0.0034,
71.7119,105,1,ok,0,1,0.4166,0.0015,0.0000,0.4146,0.0005,0.0514,0.2775,0.0823,0.0032,
71.7119,106,1,ok,0,1,0.7339,0.0009,0.3168,0.4159,0.0004,0.0524,0.2777,0.0823,0.0034,
71.7119,107,1,ok,0,1,0.6747,0.0007,0.2559,0.4178,0.0003,0.0537,0.2779,0.0825,0.0037,
71.7119,108,1,ok,0,1,0.5846,0.0011,0.1677,0.4155,0.0003,0.0525,0.2779,0.0824,0.0027,
71.7119,109,1,ok,0,1,0.4171,0.0011,0.0000,0.4155,0.0005,0.0515,0.2775,0.0823,0.0042,
71.7119,110,1,ok,0,1,0.4187,0.0013,0.0000,0.4169,0.0005,0.0525,0.2786,0.0824,0.0034,
71.7119,111,1,ok,0,1,0.5808,0.0010,0.1619,0.4175,0.0003,0.0531,0.2787,0.0824,0.0034,
71.7119,112,1,ok,0,1,0.4186,0.0010,0.0000,0.4171,0.0004,0.0525,0.2787,0.0824,0.0036,
71.7119,113,1,ok,0,1,0.6723,0.0008,0.2531,0.4180,0.0004,0.0532,0.2787,0.0824,0.0037,
71.7119,114,1,ok,0,1,0.4174,0.0005,0.0000,0.4163,0.0005,0.0519,0.2784,0.0823,0.0036,
71.7119,115,1,ok,0,1,0.4171,0.0015,0.0001,0.4151,0.0005,0.0517,0.2776,0.0822,0.0035,
71.7119,116,1,ok,0,1,0.5394,0.0006,0.1200,0.4185,0.0003,0.0527,0.2788,0.0834,0.0036,
71.7119,117,1,ok,0,1,0.4168,0.0006,0.0000,0.4157,0.0005,0.0527,0.2774,0.0823,0.0033,
71.7119,118,1,ok,0,1,0.4153,0.0007,0.0000,0.4140,0.0005,0.0514,0.2772,0.0823,0.0031,
71.7119,119,1,ok,0,1,0.6922,0.0013,0.2752,0.4153,0.0004,0.0530,0.2775,0.0821,0.0028,
71.7119,120,1,ok,0,1,0.4175,0.0011,0.0000,0.4158,0.0005,0.0517,0.2785,0.0823,0.0033,
71.7119,121,1,ok,0,1,0.4163,0.0013,0.0000,0.4145,0.0005,0.0515,0.2774,0.0824,0.0031,
71.7119,122,1,ok,0,1,0.4166,0.0008,0.0000,0.4153,0.0005,0.0519,0.2772,0.0822,0.0039,
71.7119,123,1,ok,0,1,0.4147,0.0006,0.0000,0.4137,0.0004,0.0515,0.2771,0.0822,0.0028,
71.7119,124,1,ok,0,1,0.8300,0.0001,0.4141,0.4154,0.0004,0.0529,0.2772,0.0822,0.0031,
71.7119,125,1,ok,0,1,0.9187,0.0009,0.5013,0.4162,0.0003,0.0533,0.2773,0.0823,0.0033,
71.7119,126,1,ok,0,1,1.3182,0.0006,0.9017,0.4155,0.0004,0.0525,0.2774,0.0822,0.0034,
71.7119,127,1,ok,0,1,0.4189,0.0011,0.0000,0.4173,0.0005,0.0523,0.2789,0.0823,0.0037,
71.7119,128,1,ok,0,1,0.4166,0.0015,0.0000,0.4146,0.0005,0.0516,0.2771,0.0822,0.0037,
71.7119,129,1,ok,0,1,0.4185,0.0011,0.0000,0.4169,0.0004,0.0521,0.2789,0.0823,0.0035,
71.7119,130,1,ok,0,1,0.5291,0.0012,0.1099,0.4176,0.0004,0.0530,0.2788,0.0822,0.0036,
71.7119,131,1,ok,0,1,0.8973,0.0004,0.4788,0.4178,0.0004,0.0535,0.2789,0.0822,0.0031,
71.7119,132,1,ok,0,1,0.4169,0.0012,0.0000,0.4151,0.0005,0.0517,0.2780,0.0822,0.0031,
71.7119,133,1,ok,0,1,0.4158,0.0004,0.0000,0.4149,0.0005,0.0516,0.2777,0.0822,0.0033,
71.7119,134,1,ok,0,1,0.7570,0.0008,0.3401,0.4158,0.0004,0.0529,0.2777,0.0823,0.0029,
71.7119,135,1,ok,0,1,0.6191,0.0004,0.1997,0.4186,0.0004,0.0530,0.2781,0.0837,0.0038,
71.7119,136,1,ok,0,1,0.9748,0.0006,0.5585,0.4153,0.0004,0.0520,0.2778,0.0822,0.0032,
71.7119,137,1,ok,0,1,0.4176,0.0021,0.0000,0.4150,0.0005,0.0520,0.2775,0.0823,0.0031,
71.7119,138,1,ok,0,1,0.4178,0.0010,0.0000,0.4163,0.0005,0.0522,0.2790,0.0823,0.0027,
71.7119,139,1,ok,0,1,0.7212,0.0003,0.3025,0.4180,0.0004,0.0535,0.2791,0.0824,0.0030,
71.7119,140,1,ok,0,1,0.6011,0.0016,0.1800,0.4191,0.0004,0.0536,0.2791,0.0824,0.0040,
71.7119,141,1,ok,0,1,0.4178,0.0016,0.0000,0.4157,0.0004,0.0518,0.2784,0.0823,0.0032,
71.7119,142,1,ok,0,1,0.5768,0.0004,0.1597,0.4162,0.0004,0.0526,0.2784,0.0823,0.0030,
71.7119,143,1,ok,0,1,0.4172,0.0014,0.0000,0.4153,0.0005,0.0522,0.2778,0.0822,0.0031,
71.7119,144,1,ok,0,1,0.4160,0.0011,0.0000,0.4145,0.0004,0.0512,0.2776,0.0822,0.0034,
71.7119,145,1,ok,0,1,0.6337,0.0005,0.2164,0.4164,0.0004,0.0523,0.2785,0.0823,0.0033,
71.7119,146,1,ok,0,1,0.4159,0.0004,0.0000,0.4150,0.0004,0.0518,0.2779,0.0823,0.0029,
71.7119,147,1,ok,0,1,0.4179,0.0014,0.0000,0.4160,0.0005,0.0516,0.2779,0.0824,0.0041,
71.7119,148,1,ok,0,1,0.6460,0.0020,0.2280,0.4156,0.0004,0.0521,0.2780,0.0822,0.0033,
71.7119,149,1,ok,0,1,0.7505,0.0007,0.3327,0.4166,0.0004,0.0529,0.2781,0.0823,0.0033,
71.7119,150,1,ok,0,1,0.4203,0.0015,0.0000,0.4182,0.0006,0.0516,0.2786,0.0838,0.0042,
71.7119,151,1,ok,0,1,0.4179,0.0009,0.0000,0.4164,0.0006,0.0518,0.2788,0.0823,0.0034,
71.7119,152,1,ok,0,1,0.4168,0.0009,0.0000,0.4155,0.0005,0.0517,0.2772,0.0822,0.0043,
71.7119,153,1,ok,0,1,0.4164,0.0013,0.0000,0.4146,0.0005,0.0513,0.2775,0.0823,0.0036,
71.7119,154,1,ok,0,1,0.7249,0.0007,0.3079,0.4160,0.0004,0.0522,0.2775,0.0834,0.0028,
71.7119,155,1,ok,0,1,0.9290,0.0012,0.5108,0.4167,0.0004,0.0537,0.2775,0.0823,0.0032,
71.7119,156,1,ok,0,1,0.9991,0.0009,0.5829,0.4150,0.0004,0.0523,0.2775,0.0821,0.0030,
71.7119,157,1,ok,0,1,0.6724,0.0006,0.2560,0.4155,0.0003,0.0526,0.2775,0.0822,0.0031,
71.7119,158,1,ok,0,1,0.8699,0.0011,0.4525,0.4159,0.0004,0.0529,0.2775,0.0823,0.0032,
71.7119,159,1,ok,0,1,1.0781,0.0010,0.6608,0.4160,0.0004,0.0524,0.2777,0.0824,0.0034,
71.7119,160,1,ok,0,1,1.4317,0.0005,1.0160,0.4148,0.0003,0.0522,0.2776,0.0822,0.0028,
71.7119,161,1,ok,0,1,1.0146,0.0012,0.5961,0.4170,0.0004,0.0529,0.2776,0.0823,0.0042,
71.7119,162,1,ok,0,1,1.2126,0.0018,0.7953,0.4151,0.0003,0.0519,0.2775,0.0823,0.0034,
71.7119,163,1,ok,0,1,0.4167,0.0013,0.0000,0.4149,0.0005,0.0515,0.2778,0.0823,0.0033,
71.7119,164,1,ok,0,1,0.4271,0.0024,0.0000,0.4241,0.0005,0.0520,0.2788,0.0898,0.0034,
71.7119,165,1,ok,0,1,0.7823,0.0012,0.3644,0.4163,0.0004,0.0528,0.2786,0.0823,0.0025,
71.7119,166,1,ok,0,1,0.9727,0.0011,0.5537,0.4175,0.0004,0.0531,0.2787,0.0823,0.0034,
71.7119,167,1,ok,0,1,0.4655,0.0014,0.0463,0.4175,0.0003,0.0533,0.2787,0.0824,0.0031,
71.7119,168,1,ok,0,1,0.6813,0.0003,0.2635,0.4171,0.0004,0.0526,0.2787,0.0826,0.0032,
71.7119,169,1,ok,0,1,0.9806,0.0018,0.5608,0.4176,0.0004,0.0528,0.2787,0.0823,0.0038,
71.7119,170,1,ok,0,1,0.4188,0.0007,0.0000,0.4176,0.0005,0.0522,0.2788,0.0824,0.0041,
71.7119,171,1,ok,0,1,0.4159,0.0010,0.0000,0.4144,0.0004,0.0513,0.2774,0.0824,0.0031,
71.7119,172,1,ok,0,1,0.4179,0.0007,0.0000,0.4167,0.0004,0.0516,0.2789,0.0828,0.0033,
71.7119,173,1,ok,0,1,0.4169,0.0014,0.0000,0.4150,0.0005,0.0518,0.2773,0.0822,0.0036,
71.7119,174,1,ok,0,1,0.4177,0.0006,0.0000,0.4166,0.0005,0.0524,0.2782,0.0829,0.0031,
71.7119,175,1,ok,0,1,0.6577,0.0012,0.2397,0.4164,0.0004,0.0526,0.2777,0.0823,0.0037,
71.7119,176,1,ok,0,1,0.9898,0.0011,0.5713,0.4170,0.0003,0.0529,0.2777,0.0823,0.0041,
71.7119,177,1,ok,0,1,0.9336,0.0013,0.5166,0.4153,0.0003,0.0522,0.2776,0.0823,0.0031,
71.7119,178,1,ok,0,1,0.8890,0.0013,0.4714,0.4160,0.0003,0.0526,0.2778,0.0823,0.0032,
71.7119,179,1,ok,0,1,0.7799,0.0003,0.3621,0.4170,0.0004,0.0530,0.2777,0.0825,0.0038,
71.7119,180,1,ok,0,1,0.4167,0.0008,0.0000,0.4154,0.0004,0.0512,0.2779,0.0825,0.0038,
71.7119,181,1,ok,0,1,0.4176,0.0012,0.0000,0.4160,0.0004,0.0517,0.2787,0.0824,0.0031,
71.7119,182,1,ok,0,1,0.4174,0.0017,0.0000,0.4151,0.0005,0.0517,0.2776,0.0824,0.0034,
71.7119,183,1,ok,0,1,0.7468,0.0004,0.3303,0.4156,0.0005,0.0522,0.2776,0.0823,0.0036,
71.7119,184,1,ok,0,1,0.7312,0.0010,0.3148,0.4151,0.0004,0.0520,0.2777,0.0823,0.0031,
71.7119,185,1,ok,0,1,0.8014,0.0002,0.3842,0.4167,0.0003,0.0530,0.2778,0.0822,0.0037,
71.7119,186,1,ok,0,1,0.4168,0.0014,0.0000,0.4148,0.0005,0.0513,0.2779,0.0823,0.0032,
71.7119,187,1,ok,0,1,0.5945,0.0017,0.1759,0.4164,0.0005,0.0527,0.2780,0.0823,0.0034,
71.7119,188,1,ok,0,1,0.8349,0.0013,0.4167,0.4166,0.0003,0.0529,0.2780,0.0822,0.0033,
71.7119,189,1,ok,0,1,0.7532,0.0012,0.3356,0.4160,0.0004,0.0527,0.2781,0.0822,0.0029,
71.7119,190,1,ok,0,1,0.7118,0.0007,0.2940,0.4167,0.0004,0.0526,0.2782,0.0824,0.0035,
71.7119,191,1,ok,0,1,0.8550,0.0009,0.4377,0.4160,0.0003,0.0529,0.2780,0.0823,0.0028,
71.7119,192,1,ok,0,1,1.0324,0.0005,0.6141,0.4175,0.0003,0.0527,0.2781,0.0832,0.0035,
71.7119,193,1,ok,0,1,0.4183,0.0016,0.0000,0.4161,0.0005,0.0517,0.2782,0.0824,0.0037,
71.7119,194,1,ok,0,1,0.4190,0.0017,0.0000,0.4168,0.0004,0.0521,0.2790,0.0824,0.0032,
71.7119,195,1,ok,0,1,0.4167,0.0005,0.0000,0.4157,0.0005,0.0518,0.2782,0.0823,0.0033,
71.7119,196,1,ok,0,1,0.4177,0.0004,0.0000,0.4168,0.0005,0.0518,0.2791,0.0825,0.0033,
71.7119,197,1,ok,0,1,0.7934,0.0002,0.3741,0.4188,0.0004,0.0531,0.2791,0.0824,0.0041,
71.7119,198,1,ok,0,1,0.4169,0.0011,0.0000,0.4153,0.0005,0.0516,0.2779,0.0823,0.0035,
71.7119,199,1,ok,0,1,0.4165,0.0005,0.0000,0.4155,0.0005,0.0516,0.2780,0.0823,0.0035,
71.7119,200,1,ok,0,1,0.4182,0.0011,0.0000,0.4164,0.0007,0.0519,0.2782,0.0822,0.0040,
71.7119,201,1,ok,0,1,0.4187,0.0008,0.0000,0.4173,0.0005,0.0521,0.2791,0.0823,0.0038,
71.7119,202,1,ok,0,1,0.4195,0.0021,0.0000,0.4169,0.0005,0.0521,0.2787,0.0823,0.0038,
71.7119,203,1,ok,0,1,0.6849,0.0004,0.2670,0.4171,0.0004,0.0531,0.2787,0.0822,0.0030,
71.7119,204,1,ok,0,1,0.5466,0.0006,0.1280,0.4176,0.0004,0.0529,0.2789,0.0822,0.0035,
71.7119,205,1,ok,0,1,0.7639,0.0007,0.3447,0.4181,0.0004,0.0529,0.2788,0.0823,0.0041,
71.7119,206,1,ok,0,1,0.7537,0.0009,0.3342,0.4182,0.0004,0.0531,0.2789,0.0824,0.0038,
71.7119,207,1,ok,0,1,1.1213,0.0004,0.7027,0.4178,0.0004,0.0528,0.2791,0.0824,0.0035,
71.7119,208,1,ok,0,1,1.1413,0.0002,0.7225,0.4182,0.0004,0.0528,0.2789,0.0823,0.0041,
71.7119,209,1,ok,0,1,0.4198,0.0025,0.0000,0.4168,0.0005,0.0523,0.2785,0.0821,0.0037,
100.3966,0,0,ok,0,1,0.4164,0.0010,0.0000,0.4149,0.0005,0.0515,0.2777,0.0821,0.0035,
100.3966,1,0,ok,0,1,0.8177,0.0012,0.4001,0.4159,0.0004,0.0526,0.2778,0.0821,0.0034,
100.3966,2,0,ok,0,1,1.0426,0.0012,0.6242,0.4167,0.0004,0.0528,0.2778,0.0821,0.0039,
100.3966,3,0,ok,0,1,1.3072,0.0016,0.8901,0.4152,0.0003,0.0524,0.2779,0.0820,0.0029,
100.3966,4,0,ok,0,1,0.9275,0.0011,0.5092,0.4169,0.0004,0.0528,0.2778,0.0822,0.0040,
100.3966,5,0,ok,0,1,0.6700,0.0008,0.2519,0.4169,0.0004,0.0528,0.2779,0.0822,0.0041,
100.3966,6,0,ok,0,1,0.4169,0.0018,0.0000,0.4147,0.0004,0.0515,0.2776,0.0822,0.0034,
100.3966,7,0,ok,0,1,0.7787,0.0007,0.3619,0.4157,0.0004,0.0525,0.2775,0.0821,0.0035,
100.3966,8,0,ok,0,1,0.8674,0.0006,0.4506,0.4158,0.0004,0.0527,0.2777,0.0822,0.0032,
100.3966,9,0,ok,0,1,1.2658,0.0017,0.8476,0.4161,0.0004,0.0525,0.2778,0.0822,0.0036,
100.3966,10,1,ok,0,1,1.5351,0.0008,1.1175,0.4163,0.0004,0.0523,0.2777,0.0823,0.0040,
100.3966,11,1,ok,0,1,1.5311,0.0003,1.1140,0.4163,0.0003,0.0526,0.2778,0.0822,0.0037,
100.3966,12,1,ok,0,1,1.9310,0.0004,1.5146,0.4156,0.0004,0.0521,0.2781,0.0822,0.0032,
100.3966,13,1,ok,0,1,2.2146,0.0011,1.7973,0.4157,0.0003,0.0527,0.2778,0.0822,0.0030,
100.3966,14,1,ok,0,1,2.0046,0.0012,1.5862,0.4168,0.0004,0.0528,0.2777,0.0824,0.0039,
100.3966,15,1,ok,0,1,1.9499,0.0005,1.5336,0.4155,0.0004,0.0523,0.2779,0.0822,0.0032,
100.3966,16,1,ok,0,1,2.2181,0.0009,1.8003,0.4166,0.0004,0.0524,0.2778,0.0823,0.0040,
100.3966,17,1,ok,0,1,2.1029,0.0008,1.6856,0.4162,0.0004,0.0524,0.2779,0.0823,0.0035,
100.3966,18,1,ok,0,1,1.5289,0.0011,1.1111,0.4163,0.0003,0.0523,0.2779,0.0823,0.0039,
100.3966,19,1,ok,0,1,1.9416,0.0003,1.5247,0.4162,0.0004,0.0523,0.2779,0.0822,0.0037,
100.3966,20,1,ok,0,1,1.3783,0.0017,0.9604,0.4159,0.0003,0.0525,0.2779,0.0823,0.0031,
100.3966,21,1,ok,0,1,1.0785,0.0011,0.6614,0.4156,0.0004,0.0528,0.2778,0.0823,0.0027,
100.3966,22,1,ok,0,1,1.2463,0.0010,0.8290,0.4160,0.0003,0.0526,0.2779,0.0825,0.0029,
100.3966,23,1,ok,0,1,1.5625,0.0012,1.1441,0.4169,0.0003,0.0531,0.2780,0.0827,0.0031,
100.3966,24,1,ok,0,1,0.4153,0.0006,0.0000,0.4142,0.0004,0.0512,0.2777,0.0824,0.0029,
100.3966,25,1,ok,0,1,0.5873,0.0008,0.1693,0.4169,0.0004,0.0529,0.2778,0.0828,0.0034,
100.3966,26,1,ok,0,1,0.9466,0.0007,0.5284,0.4171,0.0004,0.0527,0.2779,0.0830,0.0035,
100.3966,27,1,ok,0,1,1.3036,0.0002,0.8856,0.4174,0.0004,0.0526,0.2779,0.0833,0.0036,
100.3966,28,1,ok,0,1,0.5980,0.0005,0.1792,0.4179,0.0003,0.0525,0.2782,0.0837,0.0034,
100.3966,29,1,ok,0,1,0.4628,0.0011,0.0437,0.4177,0.0004,0.0528,0.2780,0.0836,0.0033,
100.3966,30,1,ok,0,1,0.4185,0.0010,0.0000,0.4170,0.0005,0.0519,0.2789,0.0826,0.0036,
100.3966,31,1,ok,0,1,0.4190,0.0011,0.0000,0.4174,0.0005,0.0521,0.2791,0.0828,0.0033,
100.3966,32,1,ok,0,1,0.4213,0.0010,0.0000,0.4199,0.0004,0.0525,0.2795,0.0841,0.0037,
100.3966,33,1,ok,0,1,0.4170,0.0002,0.0000,0.4163,0.0005,0.0519,0.2786,0.0824,0.0033,
100.3966,34,1,ok,0,1,0.5506,0.0014,0.1313,0.4175,0.0004,0.0528,0.2788,0.0825,0.0034,
100.3966,35,1,ok,0,1,0.4901,0.0024,0.0683,0.4190,0.0004,0.0533,0.2788,0.0831,0.0037,
100.3966,36,1,ok,0,1,0.4165,0.0009,0.0000,0.4151,0.0004,0.0515,0.2778,0.0825,0.0032,
100.3966,37,1,ok,0,1,0.4164,0.0009,0.0000,0.4150,0.0004,0.0516,0.2775,0.0823,0.0035,
100.3966,38,1,ok,0,1,0.4165,0.0010,0.0000,0.4150,0.0005,0.0516,0.2774,0.0824,0.0035,
100.3966,39,1,ok,0,1,0.4178,0.0011,0.0000,0.4163,0.0004,0.0519,0.2787,0.0825,0.0031,
100.3966,40,1,ok,0,1,0.4160,0.0006,0.0000,0.4149,0.0005,0.0514,0.2779,0.0824,0.0032,
100.3966,41,1,ok,0,1,0.8051,0.0008,0.3872,0.4168,0.0004,0.0532,0.2778,0.0824,0.0033,
100.3966,42,1,ok,0,1,1.0680,0.0005,0.6500,0.4171,0.0004,0.0527,0.2779,0.0830,0.0034,
100.3966,43,1,ok,0,1,1.2823,0.0007,0.8632,0.4181,0.0004,0.0528,0.2781,0.0840,0.0031,
100.3966,44,1,ok,0,1,1.6511,0.0007,1.2319,0.4181,0.0003,0.0530,0.2782,0.0838,0.0031,
100.3966,45,1,ok,0,1,1.9115,0.0007,1.4920,0.4184,0.0003,0.0530,0.2783,0.0832,0.0039,
100.3966,46,1,ok,0,1,2.2657,0.0002,1.8477,0.4175,0.0004,0.0524,0.2784,0.0836,0.0031,
100.3966,47,1,ok,0,1,2.4908,0.0003,2.0708,0.4194,0.0004,0.0531,0.2786,0.0841,0.0035,
100.3966,48,1,ok,0,1,2.3077,0.0014,1.8860,0.4199,0.0004,0.0524,0.2791,0.0846,0.0038,
100.3966,49,1,ok,0,1,2.4564,0.0016,2.0349,0.4196,0.0004,0.0524,0.2789,0.0848,0.0033,
100.3966,50,1,ok,0,1,2.6027,0.0006,2.1794,0.4223,0.0003,0.0529,0.2799,0.0852,0.0042,
100.3966,51,1,ok,0,1,2.8844,0.0002,2.4620,0.4218,0.0004,0.0523,0.2807,0.0854,0.0033,
100.3966,52,1,ok,0,1,3.1206,0.0008,2.6979,0.4215,0.0003,0.0525,0.2798,0.0854,0.0038,
100.3966,53,1,ok,0,1,1.8939,0.0005,1.4712,0.4218,0.0004,0.0526,0.2803,0.0854,0.0035,
100.3966,54,1,ok,0,1,1.6934,0.0006,1.2693,0.4232,0.0003,0.0522,0.2820,0.0859,0.0031,
100.3966,55,1,ok,0,1,1.5610,0.0007,1.1313,0.4287,0.0004,0.0526,0.2858,0.0871,0.0032,
100.3966,56,1,ok,0,1,1.8719,0.0007,1.4481,0.4226,0.0004,0.0527,0.2809,0.0860,0.0029,
100.3966,57,1,ok,0,1,1.5138,0.0011,1.0903,0.4222,0.0003,0.0527,0.2804,0.0858,0.0032,
100.3966,58,1,ok,0,1,1.8297,0.0007,1.4065,0.4222,0.0003,0.0528,0.2801,0.0854,0.0039,
100.3966,59,1,ok,0,1,1.9704,0.0008,1.5438,0.4255,0.0003,0.0526,0.2834,0.0865,0.0030,
100.3966,60,1,ok,0,1,0.4196,0.0010,0.0000,0.4181,0.0004,0.0517,0.2784,0.0849,0.0032,
100.3966,61,1,ok,0,1,0.4184,0.0004,0.0000,0.4176,0.0004,0.0513,0.2786,0.0843,0.0034,
100.3966,62,1,ok,0,1,0.4234,0.0011,0.0000,0.4218,0.0005,0.0522,0.2809,0.0850,0.0036,
100.3966,63,1,ok,0,1,0.4213,0.0021,0.0000,0.4187,0.0004,0.0518,0.2793,0.0844,0.0032,
100.3966,64,1,ok,0,1,0.4189,0.0012,0.0000,0.4172,0.0005,0.0514,0.2785,0.0838,0.0034,
100.3966,65,1,ok,0,1,0.4206,0.0024,0.0000,0.4177,0.0005,0.0520,0.2784,0.0843,0.0030,
100.3966,66,1,ok,0,1,0.6875,0.0006,0.2646,0.4220,0.0004,0.0525,0.2804,0.0855,0.0035,
100.3966,67,1,ok,0,1,1.0886,0.0002,0.6678,0.4202,0.0004,0.0527,0.2788,0.0852,0.0034,
100.3966,68,1,ok,0,1,1.2854,0.0010,0.8610,0.4229,0.0004,0.0529,0.2810,0.0856,0.0034,
100.3966,69,1,ok,0,1,1.5276,0.0003,1.0989,0.4281,0.0003,0.0524,0.2849,0.0872,0.0036,
100.3966,70,1,ok,0,1,1.8112,0.0020,1.3841,0.4248,0.0003,0.0523,0.2827,0.0864,0.0034,
100.3966,71,1,ok,0,1,0.5258,0.0006,0.0995,0.4253,0.0004,0.0527,0.2821,0.0866,0.0038,
100.3966,72,1,ok,0,1,0.4218,0.0015,0.0000,0.4198,0.0005,0.0521,0.2800,0.0845,0.0031,
100.3966,73,1,ok,0,1,0.6173,0.0011,0.1948,0.4209,0.0004,0.0533,0.2803,0.0840,0.0034,
100.3966,74,1,ok,0,1,0.4435,0.0007,0.0000,0.4424,0.0004,0.0512,0.2965,0.0911,0.0036,
100.3966,75,1,ok,0,1,0.5900,0.0012,0.1414,0.4470,0.0004,0.0521,0.3003,0.0914,0.0032,
100.3966,76,1,ok,0,1,0.4204,0.0011,0.0000,0.4188,0.0005,0.0517,0.2791,0.0850,0.0030,
100.3966,77,1,ok,0,1,0.4776,0.0007,0.0527,0.4238,0.0004,0.0531,0.2817,0.0854,0.0035,
100.3966,78,1,ok,0,1,0.7245,0.0009,0.2928,0.4305,0.0004,0.0522,0.2871,0.0881,0.0031,
100.3966,79,1,ok,0,1,0.9905,0.0009,0.5544,0.4349,0.0003,0.0526,0.2890,0.0902,0.0032,
100.3966,80,1,ok,0,1,0.9553,0.0015,0.4966,0.4569,0.0004,0.0519,0.3089,0.0921,0.0039,
100.3966,81,1,ok,0,1,1.2267,0.0009,0.7722,0.4532,0.0004,0.0518,0.3060,0.0917,0.0036,
100.3966,82,1,ok,0,1,1.1532,0.0013,0.7003,0.4512,0.0003,0.0516,0.3037,0.0925,0.0032,
100.3966,83,1,ok,0,1,0.4205,0.0013,0.0000,0.4187,0.0004,0.0517,0.2790,0.0848,0.0031,
100.3966,84,1,ok,0,1,0.5413,0.0012,0.1146,0.4252,0.0004,0.0521,0.2830,0.0863,0.0037,
100.3966,85,1,ok,0,1,0.8181,0.0010,0.3923,0.4244,0.0004,0.0524,0.2823,0.0862,0.0034,
100.3966,86,1,ok,0,1,0.4182,0.0007,0.0000,0.4170,0.0005,0.0516,0.2782,0.0838,0.0034,
100.3966,87,1,ok,0,1,0.4249,0.0007,0.0000,0.4239,0.0003,0.0508,0.2825,0.0870,0.0037,
100.3966,88,1,ok,0,1,0.8046,0.0009,0.3670,0.4363,0.0004,0.0516,0.2920,0.0892,0.0035,
100.3966,89,1,ok,0,1,1.2137,0.0004,0.7754,0.4375,0.0004,0.0521,0.2933,0.0888,0.0033,
100.3966,90,1,ok,0,1,1.5838,0.0011,1.1431,0.4391,0.0004,0.0519,0.2944,0.0901,0.0026,
100.3966,91,1,ok,0,1,1.4415,0.0012,0.9925,0.4475,0.0004,0.0519,0.3008,0.0906,0.0041,
100.3966,92,1,ok,0,1,0.9451,0.0011,0.5018,0.4418,0.0004,0.0517,0.2963,0.0905,0.0033,
100.3966,93,1,ok,0,1,1.0585,0.0007,0.6166,0.4408,0.0004,0.0520,0.2961,0.0893,0.0034,
100.3966,94,1,ok,0,1,1.4613,0.0007,1.0186,0.4417,0.0003,0.0515,0.2952,0.0917,0.0032,
100.3966,95,1,ok,0,1,1.6226,0.0010,1.1730,0.4482,0.0004,0.0521,0.3012,0.0918,0.0031,
100.3966,96,1,ok,0,1,0.4219,0.0015,0.0000,0.4194,0.0010,0.0514,0.2793,0.0845,0.0041,
100.3966,97,1,ok,0,1,0.4207,0.0010,0.0000,0.4193,0.0004,0.0512,0.2803,0.0850,0.0029,
100.3966,98,1,ok,0,1,0.4214,0.0013,0.0000,0.4196,0.0005,0.0521,0.2800,0.0846,0.0029,
100.3966,99,1,ok,0,1,0.4212,0.0010,0.0000,0.4197,0.0004,0.0519,0.2797,0.0845,0.0036,
100.3966,100,1,ok,0,1,0.8362,0.0003,0.4140,0.4215,0.0004,0.0526,0.2809,0.0850,0.0030,
100.3966,101,1,ok,0,1,0.4951,0.0006,0.0732,0.4209,0.0004,0.0535,0.2801,0.0843,0.0031,
100.3966,102,1,ok,0,1,0.4210,0.0003,0.0000,0.4202,0.0005,0.0512,0.2800,0.0858,0.0032,
100.3966,103,1,ok,0,1,0.4197,0.0010,0.0000,0.4182,0.0004,0.0514,0.2787,0.0848,0.0032,
100.3966,104,1,ok,0,1,0.6541,0.0009,0.2333,0.4195,0.0004,0.0528,0.2784,0.0849,0.0034,
100.3966,105,1,ok,0,1,0.4638,0.0007,0.0412,0.4215,0.0004,0.0525,0.2799,0.0860,0.0032,
100.3966,106,1,ok,0,1,0.8321,0.0004,0.3927,0.4386,0.0004,0.0519,0.2931,0.0903,0.0033,
100.3966,107,1,ok,0,1,0.9383,0.0009,0.4903,0.4468,0.0003,0.0524,0.2995,0.0912,0.0037,
100.3966,108,1,ok,0,1,1.0229,0.0013,0.5756,0.4456,0.0003,0.0518,0.2998,0.0913,0.0027,
100.3966,109,1,ok,0,1,0.4220,0.0012,0.0000,0.4203,0.0004,0.0514,0.2797,0.0851,0.0041,
100.3966,110,1,ok,0,1,0.4199,0.0021,0.0000,0.4174,0.0004,0.0517,0.2782,0.0839,0.0034,
100.3966,111,1,ok,0,1,0.6566,0.0019,0.2354,0.4189,0.0004,0.0522,0.2789,0.0844,0.0034,
100.3966,112,1,ok,0,1,0.6617,0.0007,0.2410,0.4197,0.0004,0.0522,0.2790,0.0848,0.0036,
100.3966,113,1,ok,0,1,0.9649,0.0003,0.5437,0.4205,0.0004,0.0526,0.2790,0.0851,0.0036,
100.3966,114,1,ok,0,1,0.4205,0.0009,0.0000,0.4192,0.0004,0.0511,0.2795,0.0849,0.0037,
100.3966,115,1,ok,0,1,0.4212,0.0009,0.0000,0.4198,0.0005,0.0517,0.2801,0.0845,0.0034,
100.3966,116,1,ok,0,1,0.6325,0.0005,0.2089,0.4226,0.0005,0.0527,0.2810,0.0853,0.0036,
100.3966,117,1,ok,0,1,0.4487,0.0003,0.0234,0.4246,0.0004,0.0526,0.2826,0.0860,0.0033,
100.3966,118,1,ok,0,1,0.4204,0.0008,0.0000,0.4191,0.0004,0.0515,0.2799,0.0845,0.0032,
100.3966,119,1,ok,0,1,0.7731,0.0010,0.3203,0.4515,0.0004,0.0520,0.3040,0.0927,0.0028,
100.3966,120,1,ok,0,1,0.4215,0.0022,0.0000,0.4188,0.0004,0.0511,0.2794,0.0850,0.0033,
100.3966,121,1,ok,0,1,0.4207,0.0004,0.0000,0.4196,0.0007,0.0513,0.2800,0.0852,0.0031,
100.3966,122,1,ok,0,1,0.4216,0.0013,0.0000,0.4198,0.0005,0.0515,0.2791,0.0853,0.0039,
100.3966,123,1,ok,0,1,0.4209,0.0011,0.0000,0.4193,0.0004,0.0517,0.2801,0.0848,0.0028,
100.3966,124,1,ok,0,1,0.8496,0.0008,0.4198,0.4286,0.0004,0.0526,0.2856,0.0872,0.0031,
100.3966,125,1,ok,0,1,1.0559,0.0011,0.6144,0.4401,0.0004,0.0528,0.2929,0.0911,0.0033,
100.3966,126,1,ok,0,1,1.4947,0.0005,1.0437,0.4503,0.0003,0.0520,0.3013,0.0935,0.0034,
100.3966,127,1,ok,0,1,0.4212,0.0013,0.0000,0.4194,0.0004,0.0514,0.2795,0.0849,0.0036,
100.3966,128,1,ok,0,1,0.4238,0.0015,0.0000,0.4219,0.0004,0.0517,0.2809,0.0856,0.0037,
100.3966,129,1,ok,0,1,0.4217,0.0008,0.0000,0.4204,0.0004,0.0517,0.2798,0.0854,0.0034,
100.3966,130,1,ok,0,1,0.6245,0.0006,0.2015,0.4221,0.0003,0.0525,0.2805,0.0854,0.0036,
100.3966,131,1,ok,0,1,1.0337,0.0020,0.5868,0.4446,0.0003,0.0521,0.2978,0.0916,0.0031,
100.3966,132,1,ok,0,1,0.4204,0.0008,0.0000,0.4191,0.0005,0.0515,0.2799,0.0844,0.0032,
100.3966,133,1,ok,0,1,0.4214,0.0010,0.0000,0.4199,0.0004,0.0517,0.2800,0.0848,0.0033,
100.3966,134,1,ok,0,1,0.7895,0.0008,0.3671,0.4213,0.0003,0.0529,0.2804,0.0850,0.0028,
100.3966,135,1,ok,0,1,0.8429,0.0004,0.3914,0.4508,0.0003,0.0517,0.3037,0.0915,0.0038,
100.3966,136,1,ok,0,1,1.2598,0.0006,0.7995,0.4594,0.0003,0.0516,0.3112,0.0934,0.0032,
100.3966,137,1,ok,0,1,0.8624,0.0009,0.4045,0.4566,0.0004,0.0525,0.3083,0.0926,0.0031,
100.3966,138,1,ok,0,1,0.4526,0.0010,0.0000,0.4513,0.0003,0.0504,0.3060,0.0921,0.0028,
100.3966,139,1,ok,0,1,0.8185,0.0011,0.3694,0.4477,0.0003,0.0524,0.2996,0.0927,0.0029,
100.3966,140,1,ok,0,1,0.8933,0.0003,0.4328,0.4599,0.0003,0.0526,0.3099,0.0935,0.0039,
100.3966,141,1,ok,0,1,0.8789,0.0003,0.4161,0.4621,0.0004,0.0519,0.3129,0.0942,0.0031,
100.3966,142,1,ok,0,1,1.1727,0.0007,0.6942,0.4775,0.0003,0.0517,0.3245,0.0983,0.0029,
100.3966,143,1,ok,0,1,0.4217,0.0003,0.0000,0.4210,0.0004,0.0518,0.2806,0.0854,0.0032,
100.3966,144,1,ok,0,1,0.5486,0.0010,0.0919,0.4554,0.0003,0.0512,0.3073,0.0932,0.0036,
100.3966,145,1,ok,0,1,0.8759,0.0009,0.4055,0.4692,0.0004,0.0516,0.3180,0.0960,0.0034,
100.3966,146,1,ok,0,1,0.8975,0.0004,0.4123,0.4844,0.0003,0.0517,0.3297,0.1001,0.0029,
100.3966,147,1,ok,0,1,0.5910,0.0010,0.1142,0.4755,0.0003,0.0523,0.3225,0.0966,0.0041,
100.3966,148,1,ok,0,1,0.9318,0.0012,0.4556,0.4748,0.0003,0.0514,0.3232,0.0968,0.0033,
100.3966,149,1,ok,0,1,1.1985,0.0012,0.7074,0.4896,0.0003,0.0520,0.3331,0.1015,0.0030,
100.3966,150,1,ok,0,1,0.4219,0.0012,0.0000,0.4202,0.0005,0.0516,0.2796,0.0851,0.0039,
100.3966,151,1,ok,0,1,0.4256,0.0020,0.0000,0.4232,0.0004,0.0520,0.2818,0.0861,0.0032,
100.3966,152,1,ok,0,1,0.5088,0.0010,0.0801,0.4273,0.0003,0.0532,0.2838,0.0860,0.0042,
100.3966,153,1,ok,0,1,0.4980,0.0011,0.0720,0.4245,0.0004,0.0527,0.2826,0.0856,0.0036,
100.3966,154,1,ok,0,1,0.8497,0.0003,0.4206,0.4285,0.0003,0.0526,0.2857,0.0873,0.0029,
100.3966,155,1,ok,0,1,1.1853,0.0005,0.6972,0.4872,0.0004,0.0514,0.3317,0.1009,0.0032,
100.3966,156,1,ok,0,1,1.4268,0.0012,0.9375,0.4877,0.0003,0.0523,0.3335,0.0989,0.0030,
100.3966,157,1,ok,0,1,1.3814,0.0010,0.8954,0.4846,0.0004,0.0521,0.3319,0.0975,0.0030,
100.3966,158,1,ok,0,1,1.6937,0.0010,1.2241,0.4683,0.0003,0.0527,0.3168,0.0955,0.0032,
100.3966,159,1,ok,0,1,2.0165,0.0006,1.5445,0.4712,0.0003,0.0524,0.3197,0.0957,0.0034,
100.3966,160,1,ok,0,1,2.4350,0.0007,1.9719,0.4621,0.0003,0.0521,0.3138,0.0934,0.0028,
100.3966,161,1,ok,0,1,2.3114,0.0008,1.8382,0.4721,0.0003,0.0524,0.3195,0.0959,0.0042,
100.3966,162,1,ok,0,1,2.6363,0.0007,2.1554,0.4799,0.0003,0.0512,0.3264,0.0990,0.0034,
100.3966,163,1,ok,0,1,1.6970,0.0011,1.2257,0.4698,0.0003,0.0525,0.3184,0.0954,0.0033,
100.3966,164,1,ok,0,1,0.9982,0.0008,0.5228,0.4744,0.0004,0.0524,0.3229,0.0957,0.0033,
100.3966,165,1,ok,0,1,1.4283,0.0010,0.9533,0.4736,0.0003,0.0521,0.3214,0.0976,0.0025,
100.3966,166,1,ok,0,1,1.7420,0.0004,1.2655,0.4758,0.0003,0.0525,0.3239,0.0959,0.0034,
100.3966,167,1,ok,0,1,1.5546,0.0006,1.0806,0.4730,0.0003,0.0528,0.3208,0.0963,0.0031,
100.3966,168,1,ok,0,1,1.8804,0.0013,1.4093,0.4695,0.0003,0.0520,0.3184,0.0958,0.0032,
100.3966,169,1,ok,0,1,2.2778,0.0007,1.7949,0.4819,0.0004,0.0522,0.3263,0.0995,0.0038,
100.3966,170,1,ok,0,1,1.1145,0.0009,0.6386,0.4746,0.0004,0.0523,0.3208,0.0973,0.0041,
100.3966,171,1,ok,0,1,1.0853,0.0020,0.6067,0.4763,0.0003,0.0522,0.3223,0.0987,0.0032,
100.3966,172,1,ok,0,1,1.1947,0.0007,0.7022,0.4915,0.0003,0.0519,0.3345,0.1017,0.0033,
100.3966,173,1,ok,0,1,0.7579,0.0007,0.2764,0.4805,0.0003,0.0525,0.3271,0.0973,0.0036,
100.3966,174,1,ok,0,1,0.4209,0.0006,0.0000,0.4198,0.0004,0.0519,0.2801,0.0847,0.0031,
100.3966,175,1,ok,0,1,0.7548,0.0007,0.2940,0.4598,0.0003,0.0519,0.3081,0.0961,0.0037,
100.3966,176,1,ok,0,1,1.1781,0.0009,0.6930,0.4839,0.0003,0.0520,0.3289,0.0990,0.0041,
100.3966,177,1,ok,0,1,1.3405,0.0019,0.8392,0.4991,0.0003,0.0515,0.3389,0.1056,0.0030,
100.3966,178,1,ok,0,1,1.5080,0.0012,1.0101,0.4964,0.0004,0.0524,0.3384,0.1023,0.0032,
100.3966,179,1,ok,0,1,1.6324,0.0020,1.1299,0.5001,0.0004,0.0526,0.3396,0.1041,0.0037,
100.3966,180,1,ok,0,1,1.5926,0.0010,0.8509,0.7403,0.0004,0.3674,0.2814,0.0876,0.0038,
100.3966,181,1,ok,0,1,1.3791,0.0012,0.9226,0.4548,0.0004,0.0513,0.3054,0.0949,0.0032,
100.3966,182,1,ok,0,1,0.4290,0.0008,0.0000,0.4276,0.0005,0.0513,0.2851,0.0877,0.0034,
100.3966,183,1,ok,0,1,0.8010,0.0002,0.3669,0.4336,0.0003,0.0525,0.2886,0.0888,0.0036,
100.3966,184,1,ok,0,1,0.9454,0.0007,0.4925,0.4519,0.0003,0.0514,0.3035,0.0938,0.0032,
100.3966,185,1,ok,0,1,1.1737,0.0009,0.6968,0.4757,0.0003,0.0517,0.3215,0.0987,0.0038,
100.3966,186,1,ok,0,1,0.4756,0.0016,0.0000,0.4735,0.0005,0.0542,0.3181,0.0978,0.0033,
100.3966,187,1,ok,0,1,0.7767,0.0012,0.3036,0.4716,0.0003,0.0517,0.3191,0.0973,0.0034,
100.3966,188,1,ok,0,1,1.1395,0.0003,0.6503,0.4886,0.0003,0.0514,0.3323,0.1014,0.0035,
100.3966,189,1,ok,0,1,1.2731,0.0012,0.7825,0.4891,0.0003,0.0512,0.3337,0.1011,0.0030,
100.3966,190,1,ok,0,1,1.4386,0.0006,0.9451,0.4926,0.0004,0.0515,0.3352,0.1023,0.0036,
100.3966,191,1,ok,0,1,1.7275,0.0007,1.2428,0.4837,0.0003,0.0514,0.3304,0.0990,0.0029,
100.3966,192,1,ok,0,1,2.0405,0.0012,1.5545,0.4845,0.0003,0.0516,0.3305,0.0988,0.0035,
100.3966,193,1,ok,0,1,0.9896,0.0020,0.5041,0.4831,0.0003,0.0515,0.3285,0.0993,0.0037,
100.3966,194,1,ok,0,1,1.1247,0.0010,0.6387,0.4847,0.0003,0.0512,0.3307,0.0995,0.0032,
100.3966,195,1,ok,0,1,0.4472,0.0011,0.0000,0.4456,0.0004,0.0504,0.3001,0.0918,0.0033,
100.3966,196,1,ok,0,1,0.4735,0.0007,0.0000,0.4724,0.0004,0.0492,0.3201,0.0997,0.0034,
100.3966,197,1,ok,0,1,0.9505,0.0009,0.4416,0.5076,0.0003,0.0512,0.3439,0.1085,0.0041,
100.3966,198,1,ok,0,1,0.4222,0.0015,0.0000,0.4202,0.0005,0.0520,0.2796,0.0849,0.0036,
100.3966,199,1,ok,0,1,0.4220,0.0015,0.0000,0.4200,0.0005,0.0516,0.2796,0.0851,0.0036,
100.3966,200,1,ok,0,1,0.4204,0.0010,0.0000,0.4190,0.0004,0.0517,0.2793,0.0838,0.0041,
100.3966,201,1,ok,0,1,0.4211,0.0017,0.0000,0.4189,0.0005,0.0519,0.2793,0.0839,0.0037,
100.3966,202,1,ok,0,1,0.4207,0.0014,0.0000,0.4188,0.0004,0.0514,0.2788,0.0849,0.0037,
100.3966,203,1,ok,0,1,0.7309,0.0010,0.3110,0.4185,0.0003,0.0524,0.2791,0.0839,0.0030,
100.3966,204,1,ok,0,1,0.7552,0.0009,0.3326,0.4213,0.0003,0.0528,0.2801,0.0849,0.0035,
100.3966,205,1,ok,0,1,1.0349,0.0015,0.6100,0.4231,0.0003,0.0524,0.2806,0.0859,0.0041,
100.3966,206,1,ok,0,1,1.1514,0.0008,0.7277,0.4225,0.0004,0.0520,0.2809,0.0857,0.0038,
100.3966,207,1,ok,0,1,1.5380,0.0018,1.1135,0.4224,0.0003,0.0525,0.2807,0.0856,0.0035,
100.3966,208,1,ok,0,1,1.6762,0.0006,1.2527,0.4226,0.0003,0.0521,0.2801,0.0862,0.0041,
100.3966,209,1,ok,0,1,0.4196,0.0013,0.0000,0.4178,0.0005,0.0514,0.2785,0.0842,0.0037,
121.9102,0,0,ok,0,1,0.4194,0.0014,0.0000,0.4175,0.0005,0.0513,0.2783,0.0844,0.0035,
121.9102,1,0,ok,0,1,0.8280,0.0002,0.4068,0.4207,0.0004,0.0521,0.2798,0.0855,0.0034,
121.9102,2,0,ok,0,1,1.0922,0.0011,0.6686,0.4222,0.0003,0.0522,0.2799,0.0861,0.0039,
121.9102,3,0,ok,0,1,1.3937,0.0010,0.9669,0.4254,0.0003,0.0521,0.2839,0.0866,0.0029,
121.9102,4,0,ok,0,1,1.1660,0.0004,0.7370,0.4283,0.0003,0.0522,0.2847,0.0874,0.0040,
121.9102,5,0,ok,0,1,1.0423,0.0003,0.6100,0.4317,0.0003,0.0519,0.2866,0.0891,0.0040,
121.9102,6,0,ok,0,1,0.4277,0.0003,0.0000,0.4270,0.0004,0.0517,0.2848,0.0871,0.0034,
121.9102,7,0,ok,0,1,0.8116,0.0007,0.3822,0.4283,0.0004,0.0526,0.2855,0.0867,0.0035,
121.9102,8,0,ok,0,1,0.9690,0.0004,0.5415,0.4268,0.0003,0.0522,0.2850,0.0864,0.0032,
121.9102,9,0,ok,0,1,1.3901,0.0007,0.9535,0.4356,0.0003,0.0526,0.2908,0.0886,0.0036,
121.9102,10,1,ok,0,1,1.7050,0.0011,1.2675,0.4360,0.0003,0.0521,0.2913,0.0886,0.0040,
121.9102,11,1,ok,0,1,1.8334,0.0011,1.3574,0.4745,0.0004,0.0505,0.3229,0.0972,0.0037,
121.9102,12,1,ok,0,1,2.2899,0.0001,1.8200,0.4694,0.0003,0.0521,0.3198,0.0942,0.0033,
121.9102,13,1,ok,0,1,2.6379,0.0010,2.1798,0.4567,0.0003,0.0521,0.3072,0.0943,0.0030,
121.9102,14,1,ok,0,1,2.5801,0.0008,2.1206,0.4584,0.0003,0.0520,0.3057,0.0967,0.0039,
121.9102,15,1,ok,0,1,2.6443,0.0002,2.1924,0.4514,0.0003,0.0522,0.3030,0.0930,0.0032,
121.9102,16,1,ok,0,1,2.9843,0.0009,2.5209,0.4622,0.0003,0.0521,0.3098,0.0962,0.0041,
121.9102,17,1,ok,0,1,3.0268,0.0012,2.5452,0.4800,0.0004,0.0514,0.3247,0.1004,0.0036,
121.9102,18,1,ok,0,1,2.6934,0.0007,2.2102,0.4821,0.0003,0.0518,0.3270,0.0995,0.0039,
121.9102,19,1,ok,0,1,3.1950,0.0006,2.6896,0.5044,0.0003,0.0510,0.3446,0.1050,0.0038,
121.9102,20,1,ok,0,1,2.8809,0.0014,2.3870,0.4923,0.0003,0.0514,0.3355,0.1022,0.0032,
121.9102,21,1,ok,0,1,2.7836,0.0009,2.2905,0.4918,0.0004,0.0524,0.3378,0.0988,0.0027,
121.9102,22,1,ok,0,1,3.0546,0.0006,2.5783,0.4754,0.0003,0.0521,0.3244,0.0960,0.0030,
121.9102,23,1,ok,0,1,3.4338,0.0006,2.9708,0.4620,0.0004,0.0522,0.3112,0.0954,0.0031,
121.9102,24,1,ok,0,1,2.3527,0.0011,1.8816,0.4696,0.0004,0.0518,0.3186,0.0962,0.0029,
121.9102,25,1,ok,0,1,2.6254,0.0004,2.1503,0.4743,0.0003,0.0519,0.3218,0.0970,0.0035,
121.9102,26,1,ok,0,1,3.0638,0.0006,2.5769,0.4859,0.0004,0.0518,0.3295,0.1010,0.0035,
121.9102,27,1,ok,0,1,3.5076,0.0007,3.0130,0.4935,0.0003,0.0520,0.3360,0.1018,0.0036,
121.9102,28,1,ok,0,1,3.0722,0.0006,2.5815,0.4897,0.0004,0.0518,0.3340,0.1004,0.0035,
121.9102,29,1,ok,0,1,3.0939,0.0008,2.6158,0.4770,0.0003,0.0518,0.3245,0.0974,0.0034,
121.9102,30,1,ok,0,1,2.7757,0.0011,2.2828,0.4914,0.0003,0.0513,0.3367,0.0998,0.0036,
121.9102,31,1,ok,0,1,2.6105,0.0009,2.1308,0.4785,0.0003,0.0519,0.3254,0.0978,0.0033,
121.9102,32,1,ok,0,1,2.7144,0.0010,2.2314,0.4817,0.0004,0.0517,0.3259,0.1004,0.0037,
121.9102,33,1,ok,0,1,1.4167,0.0010,0.9336,0.4817,0.0004,0.0522,0.3294,0.0968,0.0032,
121.9102,34,1,ok,0,1,1.6742,0.0003,1.1823,0.4913,0.0003,0.0515,0.3339,0.1025,0.0034,
121.9102,35,1,ok,0,1,1.7709,0.0006,1.2784,0.4916,0.0003,0.0517,0.3336,0.1025,0.0037,
121.9102,36,1,ok,0,1,1.3996,0.0003,0.9003,0.4987,0.0003,0.0514,0.3407,0.1033,0.0032,
121.9102,37,1,ok,0,1,1.4103,0.0005,0.9247,0.4846,0.0003,0.0522,0.3296,0.0993,0.0035,
121.9102,38,1,ok,0,1,0.9176,0.0008,0.4358,0.4807,0.0003,0.0516,0.3266,0.0989,0.0036,
121.9102,39,1,ok,0,1,0.9804,0.0005,0.4932,0.4863,0.0003,0.0517,0.3305,0.1009,0.0031,
121.9102,40,1,ok,0,1,0.8748,0.0009,0.3793,0.4941,0.0003,0.0517,0.3363,0.1029,0.0032,
121.9102,41,1,ok,0,1,1.3455,0.0010,0.8507,0.4935,0.0003,0.0517,0.3364,0.1021,0.0033,
121.9102,42,1,ok,0,1,1.7110,0.0010,1.2172,0.4925,0.0003,0.0521,0.3361,0.1008,0.0035,
121.9102,43,1,ok,0,1,2.0426,0.0011,1.5418,0.4993,0.0004,0.0516,0.3403,0.1043,0.0031,
121.9102,44,1,ok,0,1,2.4925,0.0003,2.0014,0.4906,0.0003,0.0520,0.3359,0.0996,0.0031,
121.9102,45,1,ok,0,1,2.8412,0.0007,2.3615,0.4787,0.0004,0.0522,0.3244,0.0982,0.0039,
121.9102,46,1,ok,0,1,3.2711,0.0014,2.7874,0.4819,0.0003,0.0513,0.3273,0.1002,0.0031,
121.9102,47,1,ok,0,1,3.6017,0.0004,3.1105,0.4906,0.0003,0.0514,0.3335,0.1021,0.0036,
121.9102,48,1,ok,0,1,3.6004,0.0007,3.1041,0.4953,0.0003,0.0515,0.3365,0.1035,0.0039,
121.9102,49,1,ok,0,1,3.8713,0.0009,3.3762,0.4938,0.0004,0.0516,0.3370,0.1019,0.0033,
121.9102,50,1,ok,0,1,4.1369,0.0006,3.6431,0.4928,0.0003,0.0513,0.3364,0.1008,0.0043,
121.9102,51,1,ok,0,1,4.5098,0.0011,4.0201,0.4882,0.0003,0.0518,0.3319,0.1011,0.0034,
121.9102,52,1,ok,0,1,4.8435,0.0006,4.3563,0.4863,0.0003,0.0512,0.3304,0.1009,0.0038,
121.9102,53,1,ok,0,1,3.9750,0.0007,3.4849,0.4891,0.0003,0.0517,0.3330,0.1008,0.0035,
121.9102,54,1,ok,0,1,3.9459,0.0009,3.4602,0.4845,0.0003,0.0516,0.3293,0.1005,0.0031,
121.9102,55,1,ok,0,1,3.9751,0.0019,3.4817,0.4912,0.0003,0.0513,0.3354,0.1013,0.0033,
121.9102,56,1,ok,0,1,4.3733,0.0009,3.8818,0.4903,0.0003,0.0517,0.3353,0.1003,0.0029,
121.9102,57,1,ok,0,1,4.2198,0.0009,3.7296,0.4890,0.0003,0.0519,0.3328,0.1010,0.0032,
121.9102,58,1,ok,0,1,4.6257,0.0013,4.1307,0.4933,0.0003,0.0514,0.3351,0.1029,0.0039,
121.9102,59,1,ok,0,1,4.8861,0.0003,4.3905,0.4949,0.0004,0.0516,0.3375,0.1028,0.0030,
121.9102,60,1,ok,0,1,3.1394,0.0007,2.6418,0.4965,0.0004,0.0515,0.3366,0.1052,0.0032,
121.9102,61,1,ok,0,1,3.1309,0.0008,2.6358,0.4940,0.0003,0.0515,0.3378,0.1012,0.0035,
121.9102,62,1,ok,0,1,3.2353,0.0006,2.7297,0.5047,0.0003,0.0518,0.3436,0.1057,0.0036,
121.9102,63,1,ok,0,1,3.1694,0.0010,2.6664,0.5016,0.0003,0.0511,0.3435,0.1037,0.0032,
121.9102,64,1,ok,0,1,2.7462,0.0005,2.2581,0.4873,0.0004,0.0518,0.3319,0.1002,0.0034,
121.9102,65,1,ok,0,1,2.5019,0.0017,2.0082,0.4916,0.0004,0.0519,0.3356,0.1011,0.0030,
121.9102,66,1,ok,0,1,2.8600,0.0011,2.3728,0.4857,0.0003,0.0518,0.3306,0.0997,0.0035,
121.9102,67,1,ok,0,1,3.3387,0.0002,2.8437,0.4944,0.0004,0.0515,0.3365,0.1030,0.0034,
121.9102,68,1,ok,0,1,3.6596,0.0010,3.1513,0.5071,0.0003,0.0511,0.3453,0.1071,0.0035,
121.9102,69,1,ok,0,1,4.0139,0.0009,3.5054,0.5072,0.0004,0.0519,0.3437,0.1079,0.0037,
121.9102,70,1,ok,0,1,4.4148,0.0009,3.8964,0.5171,0.0004,0.0519,0.3522,0.1095,0.0035,
121.9102,71,1,ok,0,1,3.5235,0.0003,3.0054,0.5174,0.0004,0.0519,0.3514,0.1104,0.0038,
121.9102,72,1,ok,0,1,3.0107,0.0006,2.4940,0.5156,0.0004,0.0519,0.3541,0.1066,0.0030,
121.9102,73,1,ok,0,1,3.3329,0.0010,2.8238,0.5079,0.0004,0.0522,0.3468,0.1054,0.0034,
121.9102,74,1,ok,0,1,3.3052,0.0023,2.8063,0.4963,0.0004,0.0521,0.3378,0.1027,0.0036,
121.9102,75,1,ok,0,1,3.5572,0.0007,3.0567,0.4995,0.0004,0.0516,0.3414,0.1033,0.0032,
121.9102,76,1,ok,0,1,2.8361,0.0003,2.3462,0.4892,0.0003,0.0518,0.3326,0.1018,0.0030,
121.9102,77,1,ok,0,1,3.0180,0.0043,2.5295,0.4837,0.0003,0.0519,0.3284,0.0999,0.0035,
121.9102,78,1,ok,0,1,3.3474,0.0006,2.8660,0.4805,0.0003,0.0521,0.3263,0.0990,0.0031,
121.9102,79,1,ok,0,1,3.6981,0.0004,3.2076,0.4898,0.0003,0.0521,0.3328,0.1016,0.0032,
121.9102,80,1,ok,0,1,3.7849,0.0006,3.2920,0.4920,0.0003,0.0533,0.3326,0.1021,0.0039,
121.9102,81,1,ok,0,1,4.1353,0.0008,3.6341,0.5001,0.0003,0.0520,0.3391,0.1054,0.0036,
121.9102,82,1,ok,0,1,4.2054,0.0005,3.7025,0.5021,0.0003,0.0519,0.3431,0.1039,0.0031,
121.9102,83,1,ok,0,1,3.5819,0.0014,3.0813,0.4988,0.0003,0.0518,0.3419,0.1020,0.0031,
121.9102,84,1,ok,0,1,3.8198,0.0018,3.3291,0.4884,0.0003,0.0522,0.3332,0.0993,0.0038,
121.9102,85,1,ok,0,1,4.1913,0.0012,3.6967,0.4930,0.0004,0.0512,0.3356,0.1028,0.0035,
121.9102,86,1,ok,0,1,1.7270,0.0011,1.2340,0.4916,0.0003,0.0520,0.3351,0.1011,0.0034,
121.9102,87,1,ok,0,1,1.8746,0.0005,1.3759,0.4979,0.0003,0.0517,0.3380,0.1044,0.0037,
121.9102,88,1,ok,0,1,2.3251,0.0008,1.8270,0.4970,0.0003,0.0513,0.3383,0.1038,0.0035,
121.9102,89,1,ok,0,1,2.8023,0.0001,2.3012,0.5006,0.0004,0.0515,0.3411,0.1046,0.0033,
121.9102,90,1,ok,0,1,3.2377,0.0011,2.7441,0.4921,0.0004,0.0519,0.3365,0.1010,0.0027,
121.9102,91,1,ok,0,1,3.2485,0.0007,2.7510,0.4964,0.0003,0.0523,0.3379,0.1021,0.0041,
121.9102,92,1,ok,0,1,2.9775,0.0009,2.4746,0.5017,0.0004,0.0513,0.3405,0.1065,0.0033,
121.9102,93,1,ok,0,1,3.2090,0.0013,2.7063,0.5011,0.0003,0.0521,0.3419,0.1037,0.0034,
121.9102,94,1,ok,0,1,3.6691,0.0001,3.1766,0.4920,0.0004,0.0518,0.3344,0.1026,0.0032,
121.9102,95,1,ok,0,1,3.9284,0.0003,3.4323,0.4955,0.0003,0.0520,0.3374,0.1029,0.0032,
121.9102,96,1,ok,0,1,1.6956,0.0006,1.1952,0.4994,0.0003,0.0518,0.3392,0.1043,0.0041,
121.9102,97,1,ok,0,1,1.8175,0.0003,1.3246,0.4922,0.0003,0.0515,0.3358,0.1020,0.0029,
121.9102,98,1,ok,0,1,0.5687,0.0007,0.0730,0.4946,0.0004,0.0521,0.3377,0.1018,0.0030,
121.9102,99,1,ok,0,1,0.4267,0.0009,0.0000,0.4252,0.0005,0.0517,0.2829,0.0870,0.0036,
121.9102,100,1,ok,0,1,0.9184,0.0005,0.4205,0.4970,0.0004,0.0495,0.3382,0.1062,0.0031,
121.9102,101,1,ok,0,1,0.7871,0.0017,0.2890,0.4960,0.0004,0.0511,0.3376,0.1043,0.0031,
121.9102,102,1,ok,0,1,0.7184,0.0008,0.2228,0.4944,0.0004,0.0521,0.3360,0.1029,0.0033,
121.9102,103,1,ok,0,1,0.8437,0.0011,0.3384,0.5039,0.0004,0.0516,0.3412,0.1078,0.0032,
121.9102,104,1,ok,0,1,1.2101,0.0006,0.6904,0.5187,0.0004,0.0513,0.3528,0.1112,0.0034,
121.9102,105,1,ok,0,1,1.2194,0.0012,0.7048,0.5130,0.0004,0.0519,0.3509,0.1069,0.0033,
121.9102,106,1,ok,0,1,1.6562,0.0011,1.1600,0.4947,0.0004,0.0522,0.3373,0.1017,0.0034,
121.9102,107,1,ok,0,1,1.8701,0.0012,1.3743,0.4943,0.0004,0.0513,0.3351,0.1041,0.0037,
121.9102,108,1,ok,0,1,2.0682,0.0010,1.5716,0.4953,0.0004,0.0515,0.3376,0.1035,0.0027,
121.9102,109,1,ok,0,1,1.0630,0.0011,0.5537,0.5079,0.0004,0.0519,0.3450,0.1068,0.0041,
121.9102,110,1,ok,0,1,0.5465,0.0008,0.0355,0.5099,0.0004,0.0506,0.3474,0.1085,0.0034,
121.9102,111,1,ok,0,1,0.9086,0.0011,0.3950,0.5121,0.0004,0.0521,0.3499,0.1068,0.0034,
121.9102,112,1,ok,0,1,1.0718,0.0008,0.5661,0.5045,0.0004,0.0510,0.3431,0.1068,0.0036,
121.9102,113,1,ok,0,1,1.4635,0.0007,0.9742,0.4882,0.0004,0.0518,0.3354,0.0974,0.0036,
121.9102,114,1,ok,0,1,0.7498,0.0008,0.2631,0.4855,0.0004,0.0512,0.3302,0.1005,0.0036,
121.9102,115,1,ok,0,1,0.4517,0.0012,0.0000,0.4500,0.0005,0.0504,0.3026,0.0935,0.0035,
121.9102,116,1,ok,0,1,0.7490,0.0022,0.2751,0.4714,0.0004,0.0517,0.3186,0.0974,0.0036,
121.9102,117,1,ok,0,1,0.7416,0.0013,0.2463,0.4936,0.0004,0.0508,0.3370,0.1025,0.0033,
121.9102,118,1,ok,0,1,0.7648,0.0010,0.2784,0.4850,0.0004,0.0519,0.3312,0.0988,0.0031,
121.9102,119,1,ok,0,1,1.1991,0.0006,0.6826,0.5156,0.0004,0.0504,0.3508,0.1115,0.0028,
121.9102,120,1,ok,0,1,1.0073,0.0009,0.4907,0.5154,0.0004,0.0522,0.3481,0.1117,0.0033,
121.9102,121,1,ok,0,1,1.1399,0.0010,0.6249,0.5136,0.0004,0.0513,0.3514,0.1078,0.0031,
121.9102,122,1,ok,0,1,0.8924,0.0010,0.3967,0.4943,0.0004,0.0517,0.3364,0.1021,0.0040,
121.9102,123,1,ok,0,1,1.0102,0.0006,0.5199,0.4894,0.0004,0.0515,0.3345,0.1006,0.0028,
121.9102,124,1,ok,0,1,1.5054,0.0003,1.0096,0.4951,0.0004,0.0519,0.3375,0.1027,0.0031,
121.9102,125,1,ok,0,1,1.8096,0.0010,1.3115,0.4966,0.0005,0.0516,0.3376,0.1041,0.0033,
121.9102,126,1,ok,0,1,2.2865,0.0015,1.7985,0.4861,0.0004,0.0517,0.3306,0.1003,0.0034,
121.9102,127,1,ok,0,1,1.4836,0.0006,0.9834,0.4992,0.0004,0.0516,0.3391,0.1047,0.0036,
121.9102,128,1,ok,0,1,0.9490,0.0020,0.4432,0.5034,0.0003,0.0516,0.3420,0.1061,0.0037,
121.9102,129,1,ok,0,1,0.5866,0.0010,0.0711,0.5142,0.0004,0.0515,0.3507,0.1086,0.0034,
121.9102,130,1,ok,0,1,0.9089,0.0006,0.4051,0.5028,0.0004,0.0520,0.3372,0.1098,0.0037,
121.9102,131,1,ok,0,1,1.3690,0.0004,0.8791,0.4891,0.0004,0.0514,0.3336,0.1010,0.0031,
121.9102,132,1,ok,0,1,0.8167,0.0004,0.3331,0.4828,0.0004,0.0518,0.3291,0.0988,0.0031,
121.9102,133,1,ok,0,1,0.4265,0.0014,0.0000,0.4245,0.0005,0.0512,0.2838,0.0861,0.0033,
121.9102,134,1,ok,0,1,0.8506,0.0006,0.3818,0.4678,0.0004,0.0504,0.3173,0.0972,0.0029,
121.9102,135,1,ok,0,1,1.0045,0.0005,0.5226,0.4811,0.0004,0.0519,0.3249,0.1005,0.0038,
121.9102,136,1,ok,0,1,1.4614,0.0005,0.9688,0.4918,0.0004,0.0512,0.3333,0.1039,0.0032,
121.9102,137,1,ok,0,1,1.2525,0.0006,0.7572,0.4943,0.0004,0.0513,0.3381,0.1018,0.0031,
121.9102,138,1,ok,0,1,1.0287,0.0009,0.5371,0.4904,0.0003,0.0521,0.3331,0.1024,0.0028,
121.9102,139,1,ok,0,1,1.4479,0.0009,0.9602,0.4864,0.0004,0.0517,0.3312,0.1005,0.0029,
121.9102,140,1,ok,0,1,1.6174,0.0009,1.1296,0.4865,0.0004,0.0518,0.3306,0.1001,0.0040,
121.9102,141,1,ok,0,1,1.7183,0.0007,1.2239,0.4934,0.0004,0.0510,0.3350,0.1042,0.0031,
121.9102,142,1,ok,0,1,2.0702,0.0004,1.5664,0.5030,0.0004,0.0518,0.3422,0.1061,0.0029,
121.9102,143,1,ok,0,1,1.5624,0.0014,1.0553,0.5053,0.0003,0.0517,0.3425,0.1079,0.0031,
121.9102,144,1,ok,0,1,1.7929,0.0012,1.2904,0.5008,0.0004,0.0517,0.3415,0.1041,0.0034,
121.9102,145,1,ok,0,1,2.1840,0.0003,1.6754,0.5079,0.0004,0.0512,0.3444,0.1088,0.0033,
121.9102,146,1,ok,0,1,2.3065,0.0006,1.8020,0.5035,0.0004,0.0514,0.3455,0.1038,0.0029,
121.9102,147,1,ok,0,1,2.1682,0.0007,1.6615,0.5057,0.0003,0.0521,0.3430,0.1065,0.0040,
121.9102,148,1,ok,0,1,2.5433,0.0004,2.0573,0.4853,0.0004,0.0511,0.3296,0.1013,0.0032,
121.9102,149,1,ok,0,1,2.8474,0.0008,2.3587,0.4874,0.0004,0.0518,0.3334,0.0992,0.0030,
121.9102,150,1,ok,0,1,0.7156,0.0004,0.2243,0.4904,0.0004,0.0518,0.3309,0.1037,0.0040,
121.9102,151,1,ok,0,1,0.6913,0.0009,0.1982,0.4919,0.0004,0.0544,0.3344,0.0999,0.0032,
121.9102,152,1,ok,0,1,0.9186,0.0007,0.4070,0.5106,0.0004,0.0509,0.3468,0.1087,0.0043,
121.9102,153,1,ok,0,1,1.0790,0.0014,0.5585,0.5187,0.0004,0.0513,0.3543,0.1095,0.0036,
121.9102,154,1,ok,0,1,1.5173,0.0006,1.0149,0.5014,0.0004,0.0520,0.3441,0.1024,0.0029,
121.9102,155,1,ok,0,1,1.8791,0.0006,1.3914,0.4866,0.0004,0.0520,0.3323,0.0990,0.0033,
121.9102,156,1,ok,0,1,2.1550,0.0009,1.6751,0.4786,0.0004,0.0518,0.3228,0.1011,0.0030,
121.9102,157,1,ok,0,1,2.2067,0.0007,1.7176,0.4881,0.0004,0.0518,0.3331,0.1001,0.0031,
121.9102,158,1,ok,0,1,2.5595,0.0002,2.0778,0.4811,0.0004,0.0516,0.3269,0.0994,0.0032,
121.9102,159,1,ok,0,1,2.9214,0.0005,2.4366,0.4839,0.0004,0.0518,0.3289,0.0999,0.0034,
121.9102,160,1,ok,0,1,3.3742,0.0014,2.8838,0.4886,0.0004,0.0513,0.3333,0.1012,0.0028,
121.9102,161,1,ok,0,1,3.3796,0.0013,2.8820,0.4958,0.0004,0.0518,0.3367,0.1031,0.0042,
121.9102,162,1,ok,0,1,3.7444,0.0006,3.2510,0.4924,0.0004,0.0513,0.3364,0.1012,0.0034,
121.9102,163,1,ok,0,1,3.0783,0.0020,2.5817,0.4942,0.0003,0.0514,0.3369,0.1026,0.0033,
121.9102,164,1,ok,0,1,2.6065,0.0006,2.1114,0.4942,0.0004,0.0511,0.3363,0.1034,0.0034,
121.9102,165,1,ok,0,1,3.0542,0.0016,2.5687,0.4835,0.0004,0.0519,0.3309,0.0981,0.0025,
121.9102,166,1,ok,0,1,3.4093,0.0007,2.9197,0.4885,0.0004,0.0513,0.3317,0.1021,0.0034,
121.9102,167,1,ok,0,1,3.3651,0.0006,2.8646,0.4995,0.0004,0.0517,0.3398,0.1049,0.0031,
121.9102,168,1,ok,0,1,3.7486,0.0022,3.2443,0.5017,0.0004,0.0520,0.3406,0.1059,0.0032,
121.9102,169,1,ok,0,1,4.1965,0.0005,3.6783,0.5173,0.0004,0.0512,0.3520,0.1102,0.0038,
121.9102,170,1,ok,0,1,3.3697,0.0006,2.8467,0.5221,0.0004,0.0516,0.3557,0.1107,0.0041,
121.9102,171,1,ok,0,1,3.4686,0.0004,2.9527,0.5151,0.0004,0.0532,0.3506,0.1081,0.0032,
121.9102,172,1,ok,0,1,3.6681,0.0009,3.1528,0.5140,0.0004,0.0515,0.3501,0.1091,0.0032,
121.9102,173,1,ok,0,1,3.4194,0.0007,2.9117,0.5066,0.0004,0.0516,0.3434,0.1080,0.0036,
121.9102,174,1,ok,0,1,3.1206,0.0011,2.6074,0.5117,0.0004,0.0517,0.3497,0.1073,0.0031,
121.9102,175,1,ok,0,1,3.5160,0.0008,3.0158,0.4991,0.0003,0.0518,0.3398,0.1038,0.0037,
121.9102,176,1,ok,0,1,3.9651,0.0008,3.4651,0.4988,0.0004,0.0512,0.3389,0.1046,0.0041,
121.9102,177,1,ok,0,1,4.1743,0.0006,3.6869,0.4864,0.0004,0.0514,0.3318,0.1002,0.0031,
121.9102,178,1,ok,0,1,4.3901,0.0007,3.9025,0.4865,0.0004,0.0515,0.3329,0.0988,0.0033,
121.9102,179,1,ok,0,1,4.5727,0.0015,4.0789,0.4920,0.0003,0.0518,0.3343,0.1022,0.0037,
121.9102,180,1,ok,0,1,4.4244,0.0011,3.9289,0.4941,0.0004,0.0516,0.3362,0.1026,0.0037,
121.9102,181,1,ok,0,1,4.3762,0.0009,3.8729,0.5021,0.0004,0.0509,0.3429,0.1052,0.0031,
121.9102,182,1,ok,0,1,2.8461,0.0003,2.3357,0.5097,0.0004,0.0511,0.3451,0.1101,0.0034,
121.9102,183,1,ok,0,1,3.3082,0.0004,2.7947,0.5127,0.0004,0.0518,0.3479,0.1093,0.0036,
121.9102,184,1,ok,0,1,3.5564,0.0012,3.0534,0.5014,0.0004,0.0516,0.3429,0.1037,0.0031,
121.9102,185,1,ok,0,1,3.8464,0.0006,3.3517,0.4937,0.0003,0.0519,0.3358,0.1023,0.0037,
121.9102,186,1,ok,0,1,3.3626,0.0022,2.8706,0.4894,0.0004,0.0514,0.3333,0.1014,0.0032,
121.9102,187,1,ok,0,1,3.7178,0.0009,3.2210,0.4955,0.0004,0.0517,0.3368,0.1036,0.0034,
121.9102,188,1,ok,0,1,4.1087,0.0013,3.6127,0.4943,0.0004,0.0516,0.3356,0.1037,0.0034,
121.9102,189,1,ok,0,1,4.3013,0.0012,3.8145,0.4852,0.0004,0.0517,0.3311,0.0993,0.0030,
121.9102,190,1,ok,0,1,4.5134,0.0009,4.0307,0.4815,0.0004,0.0518,0.3290,0.0972,0.0035,
121.9102,191,1,ok,0,1,4.8427,0.0012,4.3516,0.4896,0.0004,0.0518,0.3333,0.1015,0.0029,
121.9102,192,1,ok,0,1,5.1943,0.0011,4.7002,0.4927,0.0004,0.0521,0.3330,0.1040,0.0035,
121.9102,193,1,ok,0,1,4.4358,0.0019,3.9288,0.5047,0.0004,0.0513,0.3430,0.1067,0.0037,
121.9102,194,1,ok,0,1,4.6423,0.0012,4.1465,0.4943,0.0004,0.0517,0.3372,0.1022,0.0032,
121.9102,195,1,ok,0,1,4.1637,0.0006,3.6693,0.4934,0.0004,0.0522,0.3356,0.1024,0.0033,
121.9102,196,1,ok,0,1,4.2609,0.0011,3.7693,0.4902,0.0004,0.0514,0.3344,0.1010,0.0033,
121.9102,197,1,ok,0,1,4.7592,0.0007,4.2346,0.5235,0.0003,0.0512,0.3565,0.1118,0.0041,
121.9102,198,1,ok,0,1,1.7009,0.0014,1.1947,0.5044,0.0004,0.0510,0.3432,0.1067,0.0035,
121.9102,199,1,ok,0,1,1.3026,0.0008,0.8102,0.4912,0.0004,0.0520,0.3356,0.1000,0.0035,
121.9102,200,1,ok,0,1,0.4329,0.0007,0.0000,0.4316,0.0005,0.0519,0.2878,0.0879,0.0040,
121.9102,201,1,ok,0,1,0.4355,0.0011,0.0001,0.4339,0.0005,0.0517,0.2890,0.0894,0.0037,
121.9102,202,1,ok,0,1,0.4209,0.0008,0.0000,0.4196,0.0005,0.0517,0.2794,0.0848,0.0036,
121.9102,203,1,ok,0,1,0.7859,0.0006,0.3308,0.4540,0.0004,0.0513,0.3056,0.0941,0.0030,
121.9102,204,1,ok,0,1,0.9400,0.0008,0.4579,0.4809,0.0004,0.0518,0.3258,0.0998,0.0035,
121.9102,205,1,ok,0,1,1.3077,0.0012,0.8205,0.4857,0.0004,0.0519,0.3300,0.0997,0.0040,
121.9102,206,1,ok,0,1,1.5428,0.0004,1.0551,0.4870,0.0004,0.0513,0.3298,0.1019,0.0038,
121.9102,207,1,ok,0,1,2.0062,0.0008,1.5123,0.4928,0.0004,0.0519,0.3351,0.1023,0.0035,
121.9102,208,1,ok,0,1,2.2743,0.0012,1.7706,0.5021,0.0004,0.0510,0.3423,0.1047,0.0041,
121.9102,209,1,ok,0,1,0.6760,0.0015,0.1956,0.4785,0.0004,0.0515,0.3260,0.0973,0.0037,
143.4237,0,0,ok,0,1,0.4284,0.0016,0.0000,0.4263,0.0005,0.0516,0.2839,0.0872,0.0035,
143.4237,1,0,ok,0,1,0.8976,0.0013,0.4166,0.4793,0.0004,0.0506,0.3250,0.1004,0.0033,
143.4237,2,0,ok,0,1,1.2494,0.0020,0.7611,0.4860,0.0004,0.0519,0.3269,0.1031,0.0039,
143.4237,3,0,ok,0,1,1.6370,0.0015,1.1422,0.4929,0.0004,0.0510,0.3359,0.1030,0.0029,
143.4237,4,0,ok,0,1,1.5585,0.0005,1.0786,0.4791,0.0003,0.0520,0.3267,0.0964,0.0040,
143.4237,5,0,ok,0,1,1.5646,0.0006,1.0855,0.4781,0.0004,0.0516,0.3252,0.0973,0.0040,
143.4237,6,0,ok,0,1,1.1167,0.0004,0.6324,0.4835,0.0004,0.0514,0.3286,0.1000,0.0034,
143.4237,7,0,ok,0,1,1.5664,0.0005,1.0781,0.4873,0.0004,0.0514,0.3309,0.1015,0.0035,
143.4237,8,0,ok,0,1,1.8310,0.0005,1.3366,0.4935,0.0004,0.0519,0.3360,0.1024,0.0032,
143.4237,9,0,ok,0,1,2.3157,0.0020,1.8163,0.4970,0.0004,0.0517,0.3376,0.1041,0.0036,
143.4237,10,1,ok,0,1,2.7066,0.0010,2.2116,0.4937,0.0004,0.0513,0.3346,0.1038,0.0040,
143.4237,11,1,ok,0,1,2.9168,0.0004,2.4117,0.5044,0.0004,0.0519,0.3421,0.1067,0.0037,
143.4237,12,1,ok,0,1,3.4236,0.0003,2.9053,0.5176,0.0004,0.0510,0.3564,0.1070,0.0032,
143.4237,13,1,ok,0,1,3.8435,0.0007,3.3301,0.5122,0.0004,0.0518,0.3495,0.1079,0.0030,
143.4237,14,1,ok,0,1,3.9156,0.0013,3.4032,0.5107,0.0004,0.0519,0.3486,0.1063,0.0039,
143.4237,15,1,ok,0,1,4.0887,0.0015,3.5847,0.5021,0.0004,0.0517,0.3423,0.1049,0.0032,
143.4237,16,1,ok,0,1,4.4686,0.0004,3.9841,0.4837,0.0004,0.0519,0.3279,0.0998,0.0040,
143.4237,17,1,ok,0,1,4.5849,0.0006,4.0957,0.4881,0.0004,0.0513,0.3330,0.1002,0.0035,
143.4237,18,1,ok,0,1,4.3978,0.0010,3.8903,0.5061,0.0003,0.0511,0.3436,0.1074,0.0039,
143.4237,19,1,ok,0,1,4.8945,0.0005,4.3946,0.4991,0.0004,0.0513,0.3385,0.1055,0.0038,
143.4237,20,1,ok,0,1,4.6996,0.0020,4.2069,0.4903,0.0003,0.0514,0.3358,0.1000,0.0031,
143.4237,21,1,ok,0,1,4.6952,0.0006,4.1980,0.4964,0.0003,0.0520,0.3384,0.1033,0.0027,
143.4237,22,1,ok,0,1,5.0175,0.0018,4.5194,0.4959,0.0003,0.0520,0.3361,0.1049,0.0029,
143.4237,23,1,ok,0,1,5.4317,0.0006,4.9462,0.4845,0.0003,0.0514,0.3299,0.1001,0.0031,
143.4237,24,1,ok,0,1,4.6062,0.0014,4.1119,0.4925,0.0003,0.0520,0.3355,0.1021,0.0029,
143.4237,25,1,ok,0,1,4.9226,0.0008,4.4337,0.4877,0.0004,0.0518,0.3327,0.0997,0.0035,
143.4237,26,1,ok,0,1,5.3843,0.0003,4.8816,0.5021,0.0004,0.0513,0.3417,0.1056,0.0035,
143.4237,27,1,ok,0,1,5.8566,0.0009,5.3409,0.5144,0.0004,0.0518,0.3511,0.1079,0.0036,
143.4237,28,1,ok,0,1,5.5811,0.0013,5.0685,0.5108,0.0004,0.0517,0.3493,0.1064,0.0035,
143.4237,29,1,ok,0,1,5.7072,0.0004,5.1935,0.5130,0.0003,0.0515,0.3504,0.1078,0.0033,
143.4237,30,1,ok,0,1,5.5341,0.0006,5.0181,0.5150,0.0004,0.0516,0.3510,0.1088,0.0036,
143.4237,31,1,ok,0,1,5.4888,0.0010,4.9858,0.5016,0.0004,0.0519,0.3406,0.1059,0.0033,
143.4237,32,1,ok,0,1,5.6786,0.0011,5.1663,0.5108,0.0004,0.0513,0.3413,0.1145,0.0038,
143.4237,33,1,ok,0,1,4.6538,0.0009,4.1648,0.4876,0.0004,0.0512,0.3310,0.1022,0.0032,
143.4237,34,1,ok,0,1,4.9581,0.0005,4.4543,0.5030,0.0004,0.0515,0.3414,0.1067,0.0033,
143.4237,35,1,ok,0,1,5.1299,0.0021,4.6201,0.5073,0.0004,0.0519,0.3467,0.1050,0.0037,
143.4237,36,1,ok,0,1,4.8861,0.0004,4.3897,0.4957,0.0003,0.0513,0.3395,0.1016,0.0033,
143.4237,37,1,ok,0,1,4.9758,0.0009,4.4821,0.4925,0.0004,0.0516,0.3373,0.1000,0.0035,
143.4237,38,1,ok,0,1,4.6323,0.0020,4.1463,0.4837,0.0004,0.0516,0.3298,0.0986,0.0036,
143.4237,39,1,ok,0,1,4.7705,0.0007,4.2713,0.4982,0.0004,0.0514,0.3409,0.1028,0.0031,
143.4237,40,1,ok,0,1,4.7518,0.0011,4.2593,0.4910,0.0004,0.0516,0.3326,0.1035,0.0032,
143.4237,41,1,ok,0,1,5.2305,0.0006,4.7316,0.4979,0.0004,0.0513,0.3395,0.1036,0.0034,
143.4237,42,1,ok,0,1,5.6194,0.0006,5.1216,0.4967,0.0004,0.0513,0.3377,0.1041,0.0037,
143.4237,43,1,ok,0,1,5.9710,0.0020,5.4745,0.4942,0.0004,0.0511,0.3356,0.1043,0.0032,
143.4237,44,1,ok,0,1,6.4362,0.0003,5.9360,0.4995,0.0003,0.0517,0.3392,0.1054,0.0032,
143.4237,45,1,ok,0,1,6.8336,0.0007,6.3247,0.5079,0.0004,0.0520,0.3435,0.1082,0.0041,
143.4237,46,1,ok,0,1,7.2803,0.0003,6.7888,0.4909,0.0004,0.0510,0.3358,0.1010,0.0032,
143.4237,47,1,ok,0,1,7.6264,0.0002,7.1439,0.4820,0.0004,0.0518,0.3303,0.0961,0.0036,
143.4237,48,1,ok,0,1,7.6903,0.0008,7.2033,0.4859,0.0004,0.0514,0.3305,0.1000,0.0039,
143.4237,49,1,ok,0,1,7.9833,0.0012,7.4993,0.4825,0.0004,0.0511,0.3265,0.1014,0.0035,
143.4237,50,1,ok,0,1,8.2925,0.0003,7.7896,0.5022,0.0004,0.0513,0.3405,0.1061,0.0043,
143.4237,51,1,ok,0,1,8.6994,0.0011,8.1930,0.5049,0.0004,0.0517,0.3441,0.1056,0.0033,
143.4237,52,1,ok,0,1,9.0798,0.0004,8.5691,0.5099,0.0004,0.0512,0.3467,0.1081,0.0038,
143.4237,53,1,ok,0,1,8.4284,0.0008,7.9247,0.5025,0.0004,0.0518,0.3418,0.1053,0.0035,
143.4237,54,1,ok,0,1,8.4892,0.0006,7.9909,0.4973,0.0004,0.0520,0.3371,0.1051,0.0031,
143.4237,55,1,ok,0,1,8.6050,0.0011,8.0951,0.5084,0.0004,0.0515,0.3458,0.1079,0.0032,
143.4237,56,1,ok,0,1,9.0306,0.0008,8.5257,0.5038,0.0004,0.0516,0.3426,0.1066,0.0029,
143.4237,57,1,ok,0,1,9.0015,0.0005,8.4837,0.5169,0.0004,0.0516,0.3518,0.1103,0.0032,
143.4237,58,1,ok,0,1,9.4347,0.0009,8.9260,0.5074,0.0004,0.0515,0.3465,0.1056,0.0038,
143.4237,59,1,ok,0,1,9.7410,0.0006,9.2345,0.5056,0.0004,0.0513,0.3442,0.1071,0.0030,
143.4237,60,1,ok,0,1,8.3402,0.0007,7.8333,0.5059,0.0004,0.0520,0.3488,0.1019,0.0031,
143.4237,61,1,ok,0,1,8.4033,0.0011,7.9117,0.4901,0.0004,0.0521,0.3334,0.1011,0.0034,
143.4237,62,1,ok,0,1,8.5526,0.0011,8.0616,0.4895,0.0003,0.0513,0.3327,0.1019,0.0036,
143.4237,63,1,ok,0,1,8.5674,0.0017,8.0682,0.4972,0.0004,0.0515,0.3407,0.1017,0.0032,
143.4237,64,1,ok,0,1,8.2823,0.0007,7.7925,0.4888,0.0004,0.0517,0.3313,0.1024,0.0034,
143.4237,65,1,ok,0,1,8.1543,0.0003,7.6561,0.4973,0.0005,0.0515,0.3367,0.1060,0.0030,
143.4237,66,1,ok,0,1,8.5617,0.0008,8.0448,0.5158,0.0004,0.0521,0.3501,0.1101,0.0035,
143.4237,67,1,ok,0,1,9.0644,0.0003,8.5478,0.5159,0.0004,0.0514,0.3538,0.1073,0.0034,
143.4237,68,1,ok,0,1,9.4126,0.0010,8.9048,0.5064,0.0004,0.0516,0.3453,0.1060,0.0035,
143.4237,69,1,ok,0,1,9.7931,0.0009,9.2814,0.5104,0.0004,0.0513,0.3472,0.1082,0.0037,
143.4237,70,1,ok,0,1,10.2002,0.0009,9.6930,0.5059,0.0004,0.0518,0.3455,0.1051,0.0034,
143.4237,71,1,ok,0,1,9.5150,0.0007,9.0018,0.5121,0.0004,0.0518,0.3494,0.1071,0.0038,
143.4237,72,1,ok,0,1,9.1486,0.0014,8.6390,0.5078,0.0004,0.0517,0.3460,0.1071,0.0030,
143.4237,73,1,ok,0,1,9.4928,0.0006,8.9899,0.5018,0.0004,0.0520,0.3417,0.1048,0.0034,
143.4237,74,1,ok,0,1,9.5576,0.0007,9.0464,0.5102,0.0003,0.0516,0.3474,0.1076,0.0036,
143.4237,75,1,ok,0,1,9.8495,0.0003,9.3466,0.5022,0.0004,0.0522,0.3423,0.1044,0.0032,
143.4237,76,1,ok,0,1,9.3165,0.0006,8.8198,0.4957,0.0003,0.0517,0.3375,0.1034,0.0030,
143.4237,77,1,ok,0,1,9.5625,0.0003,9.0594,0.5024,0.0004,0.0517,0.3406,0.1066,0.0035,
143.4237,78,1,ok,0,1,9.9271,0.0008,9.4329,0.4930,0.0003,0.0519,0.3362,0.1017,0.0031,
143.4237,79,1,ok,0,1,10.2889,0.0006,9.8080,0.4800,0.0004,0.0515,0.3272,0.0980,0.0032,
143.4237,80,1,ok,0,1,10.4201,0.0003,9.9439,0.4756,0.0004,0.0515,0.3231,0.0971,0.0039,
143.4237,81,1,ok,0,1,10.7722,0.0010,10.2916,0.4793,0.0004,0.0513,0.3254,0.0989,0.0036,
143.4237,82,1,ok,0,1,10.9006,0.0005,10.4042,0.4955,0.0004,0.0510,0.3358,0.1055,0.0031,
143.4237,83,1,ok,0,1,10.4472,0.0006,9.9458,0.5004,0.0004,0.0521,0.3406,0.1045,0.0032,
143.4237,84,1,ok,0,1,10.7509,0.0007,10.2332,0.5166,0.0004,0.0513,0.3511,0.1105,0.0037,
143.4237,85,1,ok,0,1,11.1532,0.0014,10.6460,0.5055,0.0004,0.0517,0.3460,0.1044,0.0034,
143.4237,86,1,ok,0,1,9.1517,0.0013,8.6391,0.5109,0.0004,0.0512,0.3476,0.1086,0.0034,
143.4237,87,1,ok,0,1,9.3651,0.0009,8.8528,0.5111,0.0003,0.0521,0.3488,0.1063,0.0038,
143.4237,88,1,ok,0,1,9.8221,0.0003,9.3250,0.4965,0.0003,0.0513,0.3379,0.1037,0.0035,
143.4237,89,1,ok,0,1,10.2878,0.0002,9.8017,0.4855,0.0004,0.0514,0.3312,0.0996,0.0033,
143.4237,90,1,ok,0,1,10.7186,0.0008,10.2384,0.4791,0.0003,0.0518,0.3251,0.0995,0.0027,
143.4237,91,1,ok,0,1,10.7952,0.0010,10.3046,0.4892,0.0004,0.0516,0.3310,0.1025,0.0041,
143.4237,92,1,ok,0,1,10.6456,0.0005,10.1376,0.5072,0.0004,0.0511,0.3443,0.1085,0.0033,
143.4237,93,1,ok,0,1,10.9180,0.0002,10.4161,0.5014,0.0004,0.0518,0.3416,0.1046,0.0034,
143.4237,94,1,ok,0,1,11.3982,0.0009,10.8897,0.5073,0.0004,0.0510,0.3447,0.1083,0.0032,
143.4237,95,1,ok,0,1,11.7032,0.0011,11.1961,0.5057,0.0004,0.0520,0.3425,0.1081,0.0031,
143.4237,96,1,ok,0,1,9.8907,0.0005,9.3799,0.5099,0.0004,0.0517,0.3474,0.1067,0.0041,
143.4237,97,1,ok,0,1,10.0848,0.0010,9.5747,0.5088,0.0004,0.0515,0.3472,0.1072,0.0029,
143.4237,98,1,ok,0,1,9.1081,0.0010,8.6016,0.5051,0.0004,0.0518,0.3450,0.1054,0.0030,
143.4237,99,1,ok,0,1,8.7799,0.0006,8.2827,0.4962,0.0004,0.0520,0.3389,0.1017,0.0036,
143.4237,100,1,ok,0,1,9.2802,0.0009,8.7741,0.5047,0.0003,0.0509,0.3445,0.1063,0.0030,
143.4237,101,1,ok,0,1,9.2402,0.0002,8.7463,0.4933,0.0003,0.0519,0.3359,0.1023,0.0031,
143.4237,102,1,ok,0,1,9.2546,0.0010,8.7602,0.4930,0.0003,0.0519,0.3353,0.1026,0.0032,
143.4237,103,1,ok,0,1,9.4313,0.0007,8.9319,0.4984,0.0004,0.0519,0.3386,0.1047,0.0032,
143.4237,104,1,ok,0,1,9.7860,0.0002,9.3013,0.4842,0.0004,0.0522,0.3312,0.0973,0.0034,
143.4237,105,1,ok,0,1,9.8347,0.0003,9.3572,0.4768,0.0004,0.0519,0.3241,0.0976,0.0032,
143.4237,106,1,ok,0,1,10.2691,0.0009,9.7843,0.4835,0.0004,0.0518,0.3294,0.0989,0.0034,
143.4237,107,1,ok,0,1,10.5277,0.0016,10.0288,0.4970,0.0004,0.0514,0.3360,0.1058,0.0037,
143.4237,108,1,ok,0,1,10.7892,0.0005,10.2743,0.5141,0.0004,0.0514,0.3510,0.1088,0.0027,
143.4237,109,1,ok,0,1,10.0109,0.0007,9.5021,0.5078,0.0004,0.0523,0.3469,0.1045,0.0041,
143.4237,110,1,ok,0,1,9.6398,0.0011,9.1370,0.5013,0.0004,0.0509,0.3396,0.1073,0.0034,
143.4237,111,1,ok,0,1,10.0135,0.0005,9.5114,0.5013,0.0004,0.0518,0.3418,0.1042,0.0034,
143.4237,112,1,ok,0,1,10.2211,0.0012,9.7219,0.4977,0.0004,0.0516,0.3366,0.1059,0.0036,
143.4237,113,1,ok,0,1,10.6394,0.0011,10.1377,0.5002,0.0004,0.0518,0.3404,0.1044,0.0036,
143.4237,114,1,ok,0,1,10.1345,0.0005,9.6191,0.5145,0.0003,0.0507,0.3498,0.1103,0.0036,
143.4237,115,1,ok,0,1,9.7835,0.0010,9.2783,0.5039,0.0004,0.0517,0.3426,0.1063,0.0034,
143.4237,116,1,ok,0,1,10.1516,0.0009,9.6344,0.5160,0.0004,0.0512,0.3522,0.1090,0.0036,
143.4237,117,1,ok,0,1,10.2356,0.0020,9.7235,0.5097,0.0004,0.0516,0.3496,0.1052,0.0033,
143.4237,118,1,ok,0,1,10.3396,0.0011,9.8417,0.4964,0.0003,0.0516,0.3380,0.1037,0.0031,
143.4237,119,1,ok,0,1,10.7550,0.0009,10.2693,0.4843,0.0004,0.0518,0.3301,0.0996,0.0028,
143.4237,120,1,ok,0,1,10.6374,0.0011,10.1525,0.4835,0.0004,0.0520,0.3267,0.1014,0.0033,
143.4237,121,1,ok,0,1,10.7961,0.0011,10.3120,0.4826,0.0004,0.0521,0.3273,0.1001,0.0031,
143.4237,122,1,ok,0,1,10.6554,0.0006,10.1647,0.4897,0.0004,0.0518,0.3336,0.1003,0.0039,
143.4237,123,1,ok,0,1,10.8350,0.0008,10.3385,0.4954,0.0004,0.0514,0.3357,0.1055,0.0028,
143.4237,124,1,ok,0,1,11.3263,0.0006,10.8342,0.4912,0.0003,0.0520,0.3354,0.1007,0.0031,
143.4237,125,1,ok,0,1,11.6595,0.0009,11.1615,0.4967,0.0004,0.0519,0.3392,0.1023,0.0033,
143.4237,126,1,ok,0,1,12.1379,0.0008,11.6504,0.4863,0.0004,0.0521,0.3323,0.0985,0.0034,
143.4237,127,1,ok,0,1,11.5204,0.0008,11.0301,0.4892,0.0004,0.0517,0.3329,0.1009,0.0036,
143.4237,128,1,ok,0,1,11.1333,0.0009,10.6369,0.4951,0.0004,0.0509,0.3351,0.1053,0.0037,
143.4237,129,1,ok,0,1,10.8917,0.0004,10.3874,0.5035,0.0004,0.0518,0.3424,0.1058,0.0034,
143.4237,130,1,ok,0,1,11.2473,0.0010,10.7370,0.5089,0.0004,0.0510,0.3454,0.1090,0.0036,
143.4237,131,1,ok,0,1,11.7363,0.0001,11.2222,0.5135,0.0004,0.0517,0.3524,0.1063,0.0031,
143.4237,132,1,ok,0,1,11.3683,0.0003,10.8559,0.5118,0.0003,0.0517,0.3470,0.1100,0.0031,
143.4237,133,1,ok,0,1,10.6596,0.0013,10.1385,0.5194,0.0004,0.0517,0.3538,0.1106,0.0033,
143.4237,134,1,ok,0,1,11.1367,0.0010,10.6212,0.5142,0.0004,0.0517,0.3509,0.1087,0.0028,
143.4237,135,1,ok,0,1,11.3678,0.0013,10.8570,0.5091,0.0004,0.0522,0.3491,0.1040,0.0038,
143.4237,136,1,ok,0,1,11.8259,0.0004,11.3373,0.4877,0.0004,0.0515,0.3338,0.0992,0.0032,
143.4237,137,1,ok,0,1,11.7241,0.0019,11.2259,0.4959,0.0004,0.0518,0.3369,0.1040,0.0032,
143.4237,138,1,ok,0,1,11.6058,0.0006,11.1162,0.4886,0.0004,0.0518,0.3323,0.1018,0.0027,
143.4237,139,1,ok,0,1,12.0539,0.0003,11.5480,0.5053,0.0003,0.0516,0.3424,0.1084,0.0029,
143.4237,140,1,ok,0,1,12.2922,0.0003,11.7839,0.5077,0.0003,0.0514,0.3460,0.1064,0.0039,
143.4237,141,1,ok,0,1,12.4658,0.0006,11.9577,0.5070,0.0004,0.0517,0.3458,0.1064,0.0031,
143.4237,142,1,ok,0,1,12.8352,0.0011,12.3359,0.4979,0.0004,0.0517,0.3392,0.1040,0.0030,
143.4237,143,1,ok,0,1,12.4823,0.0003,11.9735,0.5082,0.0004,0.0517,0.3477,0.1057,0.0031,
143.4237,144,1,ok,0,1,12.7462,0.0006,12.2516,0.4936,0.0004,0.0518,0.3371,0.1012,0.0034,
143.4237,145,1,ok,0,1,13.1465,0.0002,12.6465,0.4994,0.0004,0.0517,0.3401,0.1043,0.0033,
143.4237,146,1,ok,0,1,13.3269,0.0003,12.8220,0.5042,0.0004,0.0512,0.3449,0.1051,0.0029,
143.4237,147,1,ok,0,1,13.2879,0.0007,12.7785,0.5083,0.0004,0.0519,0.3440,0.1084,0.0041,
143.4237,148,1,ok,0,1,13.7021,0.0010,13.1930,0.5078,0.0003,0.0513,0.3451,0.1082,0.0033,
143.4237,149,1,ok,0,1,14.0514,0.0001,13.5458,0.5051,0.0003,0.0519,0.3450,0.1052,0.0031,
143.4237,150,1,ok,0,1,12.3196,0.0008,11.8214,0.4971,0.0003,0.0519,0.3378,0.1035,0.0039,
143.4237,151,1,ok,0,1,12.3684,0.0023,11.8782,0.4875,0.0004,0.0517,0.3316,0.1010,0.0032,
143.4237,152,1,ok,0,1,12.6121,0.0007,12.1266,0.4845,0.0003,0.0519,0.3300,0.0982,0.0042,
143.4237,153,1,ok,0,1,12.8026,0.0009,12.3063,0.4928,0.0026,0.0509,0.3345,0.1038,0.0036,
143.4237,154,1,ok,0,1,13.2462,0.0011,12.7476,0.4971,0.0004,0.0514,0.3392,0.1037,0.0029,
143.4237,155,1,ok,0,1,13.6251,0.0008,13.1390,0.4849,0.0004,0.0523,0.3300,0.0993,0.0033,
143.4237,156,1,ok,0,1,13.9410,0.0011,13.4514,0.4881,0.0004,0.0518,0.3323,0.1009,0.0030,
143.4237,157,1,ok,0,1,14.0630,0.0004,13.5693,0.4929,0.0004,0.0519,0.3346,0.1034,0.0031,
143.4237,158,1,ok,0,1,14.4523,0.0002,13.9534,0.4984,0.0003,0.0518,0.3381,0.1052,0.0032,
143.4237,159,1,ok,0,1,14.8561,0.0014,14.3469,0.5075,0.0004,0.0520,0.3450,0.1070,0.0034,
143.4237,160,1,ok,0,1,15.3205,0.0007,14.8246,0.4948,0.0004,0.0516,0.3385,0.1019,0.0028,
143.4237,161,1,ok,0,1,15.3919,0.0005,14.9028,0.4882,0.0004,0.0523,0.3325,0.0991,0.0042,
143.4237,162,1,ok,0,1,15.7973,0.0010,15.2822,0.5137,0.0004,0.0501,0.3499,0.1103,0.0035,
143.4237,163,1,ok,0,1,15.3326,0.0004,14.8104,0.5215,0.0003,0.0518,0.3555,0.1109,0.0033,
143.4237,164,1,ok,0,1,15.0138,0.0010,14.5101,0.5022,0.0004,0.0519,0.3429,0.1041,0.0033,
143.4237,165,1,ok,0,1,15.4785,0.0004,14.9827,0.4951,0.0004,0.0517,0.3365,0.1043,0.0025,
143.4237,166,1,ok,0,1,15.8636,0.0009,15.3639,0.4985,0.0004,0.0519,0.3392,0.1039,0.0034,
143.4237,167,1,ok,0,1,15.9019,0.0007,15.4005,0.5003,0.0004,0.0520,0.3427,0.1025,0.0031,
143.4237,168,1,ok,0,1,16.2877,0.0011,15.8000,0.4864,0.0003,0.0521,0.3328,0.0982,0.0032,
143.4237,169,1,ok,0,1,16.7094,0.0018,16.2265,0.4806,0.0004,0.0517,0.3258,0.0992,0.0038,
143.4237,170,1,ok,0,1,16.0483,0.0014,15.5612,0.4854,0.0004,0.0511,0.3276,0.1026,0.0041,
143.4237,171,1,ok,0,1,16.2023,0.0003,15.6940,0.5077,0.0003,0.0517,0.3440,0.1088,0.0031,
143.4237,172,1,ok,0,1,16.4585,0.0009,15.9337,0.5236,0.0003,0.0514,0.3528,0.1160,0.0033,
143.4237,173,1,ok,0,1,16.3288,0.0007,15.8155,0.5122,0.0004,0.0525,0.3492,0.1069,0.0036,
143.4237,174,1,ok,0,1,16.1461,0.0011,15.6385,0.5062,0.0004,0.0517,0.3472,0.1041,0.0032,
143.4237,175,1,ok,0,1,16.5466,0.0009,16.0568,0.4885,0.0004,0.0519,0.3320,0.1008,0.0037,
143.4237,176,1,ok,0,1,17.0060,0.0004,16.5036,0.5017,0.0004,0.0512,0.3410,0.1054,0.0041,
143.4237,177,1,ok,0,1,17.2745,0.0013,16.7689,0.5040,0.0004,0.0517,0.3430,0.1062,0.0031,
143.4237,178,1,ok,0,1,17.5610,0.0012,17.0428,0.5166,0.0004,0.0517,0.3526,0.1091,0.0033,
143.4237,179,1,ok,0,1,17.8143,0.0011,17.2967,0.5162,0.0004,0.0517,0.3514,0.1093,0.0037,
143.4237,180,1,ok,0,1,17.7762,0.0010,17.2671,0.5078,0.0003,0.0518,0.3449,0.1074,0.0037,
143.4237,181,1,ok,0,1,17.8081,0.0006,17.3075,0.4996,0.0004,0.0519,0.3434,0.1011,0.0031,
143.4237,182,1,ok,0,1,16.5681,0.0011,16.0727,0.4938,0.0004,0.0517,0.3373,0.1013,0.0035,
143.4237,183,1,ok,0,1,17.0100,0.0009,16.5239,0.4849,0.0003,0.0529,0.3284,0.1000,0.0036,
143.4237,184,1,ok,0,1,17.2988,0.0003,16.7942,0.5039,0.0003,0.0509,0.3420,0.1078,0.0031,
143.4237,185,1,ok,0,1,17.6244,0.0022,17.1232,0.4986,0.0003,0.0523,0.3392,0.1034,0.0037,
143.4237,186,1,ok,0,1,17.3040,0.0007,16.7961,0.5068,0.0003,0.0513,0.3444,0.1078,0.0032,
143.4237,187,1,ok,0,1,17.6966,0.0013,17.1831,0.5118,0.0004,0.0519,0.3478,0.1087,0.0034,
143.4237,188,1,ok,0,1,18.1061,0.0012,17.6072,0.4973,0.0004,0.0517,0.3395,0.1027,0.0034,
143.4237,189,1,ok,0,1,18.3407,0.0006,17.8564,0.4833,0.0003,0.0523,0.3279,0.1001,0.0030,
143.4237,190,1,ok,0,1,18.5951,0.0008,18.1106,0.4833,0.0004,0.0513,0.3286,0.0999,0.0035,
143.4237,191,1,ok,0,1,18.9386,0.0011,18.4574,0.4795,0.0005,0.0515,0.3277,0.0974,0.0029,
143.4237,192,1,ok,0,1,19.2964,0.0011,18.8173,0.4777,0.0004,0.0521,0.3224,0.0996,0.0035,
143.4237,193,1,ok,0,1,18.7111,0.0010,18.2214,0.4884,0.0004,0.0513,0.3321,0.1012,0.0037,
143.4237,194,1,ok,0,1,18.9673,0.0003,18.4659,0.5006,0.0005,0.0512,0.3398,0.1064,0.0032,
143.4237,195,1,ok,0,1,18.6519,0.0014,18.1394,0.5108,0.0004,0.0520,0.3476,0.1079,0.0033,
143.4237,196,1,ok,0,1,18.8281,0.0006,18.3170,0.5101,0.0004,0.0515,0.3463,0.1091,0.0033,
143.4237,197,1,ok,0,1,19.3127,0.0010,18.8054,0.5059,0.0004,0.0520,0.3453,0.1046,0.0040,
143.4237,198,1,ok,0,1,16.7873,0.0005,16.2836,0.5029,0.0004,0.0511,0.3433,0.1050,0.0035,
143.4237,199,1,ok,0,1,16.5372,0.0008,16.0301,0.5059,0.0004,0.0514,0.3444,0.1066,0.0035,
143.4237,200,1,ok,0,1,15.5870,0.0010,15.0830,0.5026,0.0003,0.0516,0.3414,0.1056,0.0040,
143.4237,201,1,ok,0,1,14.9953,0.0011,14.4946,0.4992,0.0004,0.0514,0.3403,0.1038,0.0037,
143.4237,202,1,ok,0,1,14.7055,0.0003,14.2049,0.4999,0.0004,0.0516,0.3398,0.1048,0.0037,
143.4237,203,1,ok,0,1,15.1321,0.0004,14.6290,0.5023,0.0004,0.0513,0.3421,0.1059,0.0030,
143.4237,204,1,ok,0,1,15.3692,0.0004,14.8536,0.5148,0.0004,0.0522,0.3498,0.1093,0.0035,
143.4237,205,1,ok,0,1,15.7794,0.0010,15.2676,0.5103,0.0004,0.0516,0.3498,0.1049,0.0040,
143.4237,206,1,ok,0,1,16.0577,0.0009,15.5640,0.4924,0.0004,0.0514,0.3360,0.1012,0.0038,
143.4237,207,1,ok,0,1,16.5179,0.0008,16.0317,0.4850,0.0004,0.0520,0.3308,0.0987,0.0035,
143.4237,208,1,ok,0,1,16.8161,0.0004,16.3182,0.4971,0.0004,0.0505,0.3388,0.1037,0.0041,
143.4237,209,1,ok,0,1,15.5435,0.0019,15.0486,0.4926,0.0004,0.0514,0.3350,0.1025,0.0037,
132.2301,0,0,ok,0,1,0.4273,0.0015,0.0000,0.4252,0.0005,0.0524,0.2827,0.0866,0.0035,
132.2301,1,0,ok,0,1,0.8871,0.0003,0.4155,0.4709,0.0004,0.0515,0.3172,0.0988,0.0034,
132.2301,2,0,ok,0,1,1.2482,0.0006,0.7405,0.5067,0.0003,0.0517,0.3452,0.1059,0.0039,
132.2301,3,0,ok,0,1,1.6266,0.0002,1.1334,0.4927,0.0003,0.0523,0.3359,0.1016,0.0029,
132.2301,4,0,ok,0,1,1.5166,0.0009,1.0207,0.4947,0.0003,0.0524,0.3361,0.1022,0.0040,
132.2301,5,0,ok,0,1,1.5035,0.0007,1.0035,0.4989,0.0004,0.0519,0.3390,0.1039,0.0040,
132.2301,6,0,ok,0,1,0.9873,0.0008,0.4921,0.4941,0.0004,0.0522,0.3378,0.1007,0.0034,
132.2301,7,0,ok,0,1,1.4318,0.0008,0.9453,0.4853,0.0003,0.0521,0.3314,0.0983,0.0035,
132.2301,8,0,ok,0,1,1.6734,0.0005,1.1826,0.4900,0.0003,0.0520,0.3312,0.1036,0.0032,
132.2301,9,0,ok,0,1,2.1650,0.0008,1.6588,0.5050,0.0003,0.0519,0.3422,0.1073,0.0036,
132.2301,10,1,ok,0,1,2.5488,0.0011,2.0520,0.4954,0.0004,0.0523,0.3368,0.1022,0.0040,
132.2301,11,1,ok,0,1,2.7276,0.0013,2.2281,0.4979,0.0003,0.0516,0.3403,0.1022,0.0037,
132.2301,12,1,ok,0,1,3.2123,0.0002,2.7152,0.4965,0.0004,0.0519,0.3384,0.1029,0.0032,
132.2301,13,1,ok,0,1,3.5959,0.0008,3.1109,0.4839,0.0003,0.0517,0.3305,0.0987,0.0030,
132.2301,14,1,ok,0,1,3.6340,0.0019,3.1178,0.5139,0.0004,0.0509,0.3478,0.1111,0.0040,
132.2301,15,1,ok,0,1,3.8037,0.0011,3.2756,0.5267,0.0003,0.0519,0.3568,0.1147,0.0032,
132.2301,16,1,ok,0,1,4.1998,0.0003,3.6904,0.5088,0.0003,0.0524,0.3451,0.1072,0.0041,
132.2301,17,1,ok,0,1,4.3020,0.0008,3.7952,0.5056,0.0003,0.0522,0.3422,0.1075,0.0036,
132.2301,18,1,ok,0,1,4.0736,0.0011,3.5487,0.5235,0.0004,0.0515,0.3559,0.1122,0.0039,
132.2301,19,1,ok,0,1,4.5769,0.0003,4.0704,0.5059,0.0003,0.0519,0.3430,0.1073,0.0038,
132.2301,20,1,ok,0,1,4.3418,0.0012,3.8321,0.5082,0.0003,0.0521,0.3495,0.1032,0.0033,
132.2301,21,1,ok,0,1,4.2852,0.0006,3.7976,0.4866,0.0003,0.0526,0.3331,0.0982,0.0027,
132.2301,22,1,ok,0,1,4.5908,0.0012,4.0953,0.4939,0.0004,0.0520,0.3300,0.1088,0.0030,
132.2301,23,1,ok,0,1,5.0058,0.0002,4.5139,0.4914,0.0003,0.0525,0.3325,0.1031,0.0033,
132.2301,24,1,ok,0,1,4.0768,0.0008,3.5750,0.5007,0.0003,0.0526,0.3398,0.1052,0.0030,
132.2301,25,1,ok,0,1,4.4004,0.0005,3.8902,0.5095,0.0003,0.0523,0.3462,0.1074,0.0036,
132.2301,26,1,ok,0,1,4.8538,0.0004,4.3558,0.4972,0.0003,0.0519,0.3383,0.1034,0.0035,
132.2301,27,1,ok,0,1,5.3023,0.0004,4.8073,0.4944,0.0003,0.0523,0.3358,0.1025,0.0038,
132.2301,28,1,ok,0,1,4.9496,0.0006,4.4485,0.5002,0.0004,0.0521,0.3400,0.1044,0.0036,
132.2301,29,1,ok,0,1,5.0457,0.0011,4.5285,0.5158,0.0003,0.0519,0.3515,0.1091,0.0033,
132.2301,30,1,ok,0,1,4.8059,0.0007,4.2983,0.5066,0.0003,0.0524,0.3450,0.1055,0.0036,
132.2301,31,1,ok,0,1,4.7301,0.0010,4.2113,0.5175,0.0003,0.0520,0.3525,0.1096,0.0033,
132.2301,32,1,ok,0,1,4.8975,0.0006,4.3809,0.5158,0.0003,0.0521,0.3508,0.1091,0.0037,
132.2301,33,1,ok,0,1,3.7664,0.0013,3.2554,0.5094,0.0003,0.0521,0.3484,0.1056,0.0032,
132.2301,34,1,ok,0,1,4.0574,0.0008,3.5498,0.5065,0.0004,0.0517,0.3452,0.1062,0.0033,
132.2301,35,1,ok,0,1,4.1971,0.0019,3.6911,0.5037,0.0004,0.0523,0.3417,0.1059,0.0037,
132.2301,36,1,ok,0,1,3.9131,0.0004,3.3943,0.5181,0.0004,0.0519,0.3529,0.1100,0.0033,
132.2301,37,1,ok,0,1,3.9883,0.0011,3.4747,0.5121,0.0004,0.0524,0.3485,0.1076,0.0035,
132.2301,38,1,ok,0,1,3.5897,0.0009,3.0898,0.4987,0.0003,0.0516,0.3394,0.1041,0.0036,
132.2301,39,1,ok,0,1,3.6906,0.0007,3.1983,0.4913,0.0003,0.0519,0.3338,0.1025,0.0031,
132.2301,40,1,ok,0,1,3.6350,0.0006,3.1368,0.4974,0.0003,0.0521,0.3384,0.1037,0.0032,
132.2301,41,1,ok,0,1,4.1149,0.0004,3.6134,0.5008,0.0003,0.0523,0.3403,0.1049,0.0033,
132.2301,42,1,ok,0,1,4.5156,0.0002,3.9973,0.5177,0.0003,0.0518,0.3524,0.1100,0.0035,
132.2301,43,1,ok,0,1,4.8731,0.0005,4.3601,0.5122,0.0003,0.0531,0.3481,0.1078,0.0031,
132.2301,44,1,ok,0,1,5.3408,0.0009,4.8345,0.5051,0.0003,0.0528,0.3447,0.1044,0.0031,
132.2301,45,1,ok,0,1,5.7246,0.0008,5.2197,0.5037,0.0003,0.0526,0.3420,0.1051,0.0039,
132.2301,46,1,ok,0,1,6.1808,0.0007,5.6756,0.5041,0.0003,0.0518,0.3418,0.1073,0.0031,
132.2301,47,1,ok,0,1,6.5342,0.0011,6.0319,0.5009,0.0003,0.0524,0.3407,0.1043,0.0035,
132.2301,48,1,ok,0,1,6.5727,0.0015,6.0746,0.4962,0.0004,0.0523,0.3374,0.1026,0.0038,
132.2301,49,1,ok,0,1,6.8698,0.0012,6.3655,0.5027,0.0003,0.0519,0.3450,0.1024,0.0033,
132.2301,50,1,ok,0,1,7.1654,0.0007,6.6593,0.5051,0.0003,0.0517,0.3457,0.1033,0.0043,
132.2301,51,1,ok,0,1,7.5602,0.0003,7.0584,0.5011,0.0003,0.0515,0.3399,0.1063,0.0033,
132.2301,52,1,ok,0,1,7.9217,0.0012,7.4181,0.5021,0.0003,0.0523,0.3418,0.1041,0.0038,
132.2301,53,1,ok,0,1,7.1610,0.0010,6.6687,0.4910,0.0003,0.0518,0.3355,0.1001,0.0035,
132.2301,54,1,ok,0,1,7.1984,0.0008,6.6864,0.5108,0.0003,0.0514,0.3485,0.1078,0.0031,
132.2301,55,1,ok,0,1,7.2698,0.0022,6.7699,0.4973,0.0004,0.0525,0.3402,0.1014,0.0033,
132.2301,56,1,ok,0,1,7.6798,0.0002,7.1844,0.4948,0.0003,0.0520,0.3371,0.1027,0.0029,
132.2301,57,1,ok,0,1,7.5682,0.0006,7.0866,0.4807,0.0003,0.0525,0.3272,0.0977,0.0032,
132.2301,58,1,ok,0,1,7.9652,0.0014,7.4859,0.4776,0.0003,0.0517,0.3243,0.0976,0.0039,
132.2301,59,1,ok,0,1,8.2512,0.0012,7.7475,0.5022,0.0003,0.0507,0.3417,0.1067,0.0030,
132.2301,60,1,ok,0,1,6.6718,0.0021,6.1806,0.4888,0.0003,0.0524,0.3337,0.0995,0.0031,
132.2301,61,1,ok,0,1,6.7005,0.0008,6.2075,0.4919,0.0003,0.0523,0.3339,0.1023,0.0034,
132.2301,62,1,ok,0,1,6.8246,0.0008,6.3303,0.4931,0.0004,0.0518,0.3360,0.1016,0.0036,
132.2301,63,1,ok,0,1,6.7987,0.0003,6.3007,0.4974,0.0003,0.0524,0.3373,0.1045,0.0032,
132.2301,64,1,ok,0,1,6.4625,0.0022,5.9568,0.5032,0.0004,0.0520,0.3441,0.1037,0.0034,
132.2301,65,1,ok,0,1,6.2735,0.0011,5.7826,0.4895,0.0003,0.0524,0.3339,0.1001,0.0030,
132.2301,66,1,ok,0,1,6.6550,0.0005,6.1550,0.4992,0.0003,0.0525,0.3389,0.1043,0.0035,
132.2301,67,1,ok,0,1,7.1552,0.0009,6.6393,0.5147,0.0003,0.0523,0.3480,0.1109,0.0034,
132.2301,68,1,ok,0,1,7.4847,0.0012,6.9821,0.5011,0.0003,0.0519,0.3413,0.1044,0.0035,
132.2301,69,1,ok,0,1,7.8395,0.0012,7.3422,0.4958,0.0003,0.0521,0.3369,0.1032,0.0036,
132.2301,70,1,ok,0,1,8.2399,0.0008,7.7312,0.5076,0.0003,0.0518,0.3448,0.1076,0.0035,
132.2301,71,1,ok,0,1,7.4535,0.0005,6.9403,0.5124,0.0003,0.0522,0.3486,0.1077,0.0038,
132.2301,72,1,ok,0,1,6.9994,0.0004,6.5046,0.4941,0.0003,0.0515,0.3387,0.1009,0.0030,
132.2301,73,1,ok,0,1,7.3205,0.0005,6.8275,0.4922,0.0003,0.0524,0.3314,0.1050,0.0034,
132.2301,74,1,ok,0,1,7.3466,0.0005,6.8366,0.5092,0.0003,0.0521,0.3445,0.1090,0.0036,
132.2301,75,1,ok,0,1,7.6275,0.0013,7.1168,0.5090,0.0004,0.0522,0.3460,0.1075,0.0032,
132.2301,76,1,ok,0,1,7.0234,0.0006,6.5107,0.5118,0.0003,0.0523,0.3467,0.1097,0.0030,
132.2301,77,1,ok,0,1,7.2533,0.0013,6.7435,0.5081,0.0003,0.0523,0.3453,0.1069,0.0035,
132.2301,78,1,ok,0,1,7.6208,0.0009,7.1127,0.5068,0.0003,0.0525,0.3435,0.1078,0.0031,
132.2301,79,1,ok,0,1,7.9996,0.0006,7.4918,0.5069,0.0004,0.0521,0.3440,0.1075,0.0033,
132.2301,80,1,ok,0,1,8.1365,0.0011,7.6245,0.5106,0.0003,0.0516,0.3502,0.1047,0.0040,
132.2301,81,1,ok,0,1,8.5088,0.0009,7.9973,0.5103,0.0003,0.0519,0.3490,0.1057,0.0036,
132.2301,82,1,ok,0,1,8.6053,0.0008,8.1095,0.4947,0.0003,0.0520,0.3363,0.1032,0.0031,
132.2301,83,1,ok,0,1,8.0618,0.0006,7.5696,0.4913,0.0003,0.0523,0.3336,0.1021,0.0032,
132.2301,84,1,ok,0,1,8.3337,0.0006,7.8299,0.5029,0.0003,0.0525,0.3414,0.1052,0.0037,
132.2301,85,1,ok,0,1,8.7371,0.0005,8.2209,0.5153,0.0003,0.0517,0.3518,0.1083,0.0035,
132.2301,86,1,ok,0,1,6.5145,0.0008,6.0108,0.5026,0.0004,0.0522,0.3415,0.1055,0.0034,
132.2301,87,1,ok,0,1,6.7022,0.0010,6.1903,0.5106,0.0004,0.0521,0.3486,0.1062,0.0037,
132.2301,88,1,ok,0,1,7.1637,0.0008,6.6581,0.5044,0.0003,0.0519,0.3425,0.1064,0.0035,
132.2301,89,1,ok,0,1,7.6446,0.0011,7.1407,0.5025,0.0003,0.0523,0.3427,0.1042,0.0033,
132.2301,90,1,ok,0,1,8.0861,0.0002,7.5917,0.4939,0.0003,0.0526,0.3370,0.1016,0.0027,
132.2301,91,1,ok,0,1,8.1319,0.0008,7.6374,0.4934,0.0003,0.0521,0.3360,0.1013,0.0041,
132.2301,92,1,ok,0,1,7.9151,0.0011,7.4181,0.4955,0.0003,0.0517,0.3366,0.1039,0.0033,
132.2301,93,1,ok,0,1,8.1590,0.0006,7.6657,0.4924,0.0003,0.0521,0.3349,0.1019,0.0034,
132.2301,94,1,ok,0,1,8.6184,0.0009,8.1283,0.4888,0.0003,0.0523,0.3321,0.1012,0.0032,
132.2301,95,1,ok,0,1,8.8998,0.0008,8.3995,0.4991,0.0003,0.0521,0.3403,0.1035,0.0032,
132.2301,96,1,ok,0,1,6.8881,0.0004,6.3800,0.5073,0.0004,0.0526,0.3456,0.1049,0.0041,
132.2301,97,1,ok,0,1,7.0519,0.0011,6.5453,0.5053,0.0003,0.0515,0.3436,0.1072,0.0029,
132.2301,98,1,ok,0,1,5.9568,0.0003,5.4439,0.5122,0.0004,0.0524,0.3502,0.1066,0.0030,
132.2301,99,1,ok,0,1,5.5608,0.0011,5.0610,0.4983,0.0003,0.0525,0.3402,0.1021,0.0036,
132.2301,100,1,ok,0,1,6.0445,0.0010,5.5545,0.4886,0.0003,0.0518,0.3359,0.0978,0.0030,
132.2301,101,1,ok,0,1,5.9518,0.0011,5.4646,0.4857,0.0003,0.0524,0.3290,0.1012,0.0031,
132.2301,102,1,ok,0,1,5.9346,0.0010,5.4314,0.5019,0.0003,0.0524,0.3411,0.1051,0.0033,
132.2301,103,1,ok,0,1,6.0817,0.0020,5.5832,0.4961,0.0003,0.0520,0.3383,0.1027,0.0032,
132.2301,104,1,ok,0,1,6.4384,0.0005,5.9404,0.4971,0.0003,0.0517,0.3391,0.1028,0.0034,
132.2301,105,1,ok,0,1,6.4738,0.0006,5.9730,0.4999,0.0003,0.0522,0.3406,0.1038,0.0033,
132.2301,106,1,ok,0,1,6.9325,0.0011,6.4190,0.5120,0.0004,0.0518,0.3483,0.1085,0.0034,
132.2301,107,1,ok,0,1,7.1761,0.0006,6.6731,0.5022,0.0003,0.0522,0.3422,0.1040,0.0037,
132.2301,108,1,ok,0,1,7.4126,0.0005,6.9013,0.5104,0.0003,0.0515,0.3459,0.1103,0.0027,
132.2301,109,1,ok,0,1,6.5290,0.0003,6.0169,0.5114,0.0003,0.0523,0.3486,0.1064,0.0041,
132.2301,110,1,ok,0,1,6.0875,0.0009,5.5815,0.5048,0.0003,0.0516,0.3446,0.1053,0.0034,
132.2301,111,1,ok,0,1,6.4442,0.0002,5.9485,0.4951,0.0003,0.0523,0.3378,0.1017,0.0033,
132.2301,112,1,ok,0,1,6.6359,0.0006,6.1286,0.5063,0.0004,0.0517,0.3421,0.1088,0.0037,
132.2301,113,1,ok,0,1,7.0495,0.0005,6.5461,0.5025,0.0003,0.0514,0.3417,0.1057,0.0037,
132.2301,114,1,ok,0,1,6.4407,0.0006,5.9428,0.4969,0.0003,0.0516,0.3413,0.1003,0.0037,
132.2301,115,1,ok,0,1,6.0084,0.0007,5.5124,0.4949,0.0004,0.0518,0.3371,0.1025,0.0035,
132.2301,116,1,ok,0,1,6.3386,0.0011,5.8465,0.4907,0.0004,0.0521,0.3329,0.1021,0.0036,
132.2301,117,1,ok,0,1,6.3681,0.0012,5.8751,0.4914,0.0003,0.0519,0.3351,0.1011,0.0033,
132.2301,118,1,ok,0,1,6.4326,0.0003,5.9418,0.4902,0.0004,0.0518,0.3353,0.0999,0.0031,
132.2301,119,1,ok,0,1,6.8485,0.0002,6.3572,0.4908,0.0003,0.0521,0.3329,0.1030,0.0028,
132.2301,120,1,ok,0,1,6.7113,0.0013,6.1949,0.5148,0.0003,0.0519,0.3505,0.1091,0.0033,
132.2301,121,1,ok,0,1,6.8836,0.0009,6.3587,0.5237,0.0003,0.0522,0.3555,0.1128,0.0031,
132.2301,122,1,ok,0,1,6.7288,0.0007,6.1987,0.5290,0.0004,0.0521,0.3582,0.1147,0.0040,
132.2301,123,1,ok,0,1,6.8797,0.0003,6.3856,0.4929,0.0010,0.0521,0.3359,0.1020,0.0028,
132.2301,124,1,ok,0,1,7.3815,0.0001,6.8794,0.5010,0.0010,0.0516,0.3427,0.1036,0.0031,
132.2301,125,1,ok,0,1,7.6977,0.0006,7.2032,0.4928,0.0012,0.0516,0.3382,0.0997,0.0033,
132.2301,126,1,ok,0,1,8.1788,0.0018,7.6870,0.4894,0.0006,0.0517,0.3309,0.1033,0.0034,
132.2301,127,1,ok,0,1,7.4916,0.0007,6.9772,0.5134,0.0002,0.0517,0.3472,0.1108,0.0037,
132.2301,128,1,ok,0,1,7.0457,0.0009,6.5334,0.5107,0.0007,0.0520,0.3470,0.1080,0.0037,
132.2301,129,1,ok,0,1,6.7482,0.0007,6.2365,0.5094,0.0016,0.0520,0.3485,0.1055,0.0034,
132.2301,130,1,ok,0,1,7.0774,0.0002,6.5812,0.4947,0.0012,0.0514,0.3365,0.1032,0.0036,
132.2301,131,1,ok,0,1,7.5444,0.0006,7.0497,0.4933,0.0007,0.0517,0.3354,0.1031,0.0031,
132.2301,132,1,ok,0,1,7.0817,0.0013,6.5885,0.4914,0.0006,0.0525,0.3356,0.1001,0.0031,
132.2301,133,1,ok,0,1,6.2573,0.0005,5.7488,0.5078,0.0002,0.0510,0.3450,0.1084,0.0033,
132.2301,134,1,ok,0,1,6.7277,0.0010,6.2157,0.5103,0.0007,0.0520,0.3464,0.1089,0.0029,
132.2301,135,1,ok,0,1,6.9241,0.0007,6.4250,0.4982,0.0002,0.0522,0.3376,0.1046,0.0038,
132.2301,136,1,ok,0,1,7.3851,0.0003,6.8913,0.4915,0.0020,0.0516,0.3347,0.1020,0.0032,
132.2301,137,1,ok,0,1,7.2334,0.0011,6.7353,0.4961,0.0010,0.0517,0.3371,0.1041,0.0031,
132.2301,138,1,ok,0,1,7.0777,0.0004,6.5743,0.5013,0.0017,0.0522,0.3419,0.1044,0.0028,
132.2301,139,1,ok,0,1,7.5323,0.0002,7.0152,0.5166,0.0004,0.0518,0.3530,0.1089,0.0029,
132.2301,140,1,ok,0,1,7.7577,0.0020,7.2377,0.5169,0.0011,0.0521,0.3521,0.1087,0.0040,
132.2301,141,1,ok,0,1,7.9086,0.0007,7.3949,0.5120,0.0009,0.0522,0.3517,0.1050,0.0031,
132.2301,142,1,ok,0,1,8.2738,0.0002,7.7686,0.5029,0.0021,0.0513,0.3427,0.1059,0.0030,
132.2301,143,1,ok,0,1,7.8335,0.0005,7.3390,0.4933,0.0007,0.0530,0.3358,0.1014,0.0031,
132.2301,144,1,ok,0,1,8.0799,0.0002,7.5836,0.4950,0.0010,0.0518,0.3384,0.1013,0.0035,
132.2301,145,1,ok,0,1,8.4599,0.0020,7.9699,0.4860,0.0020,0.0519,0.3326,0.0981,0.0033,
132.2301,146,1,ok,0,1,8.5912,0.0017,8.1065,0.4818,0.0011,0.0512,0.3281,0.0996,0.0029,
132.2301,147,1,ok,0,1,8.4902,0.0004,7.9968,0.4927,0.0003,0.0522,0.3354,0.1009,0.0041,
132.2301,148,1,ok,0,1,8.8903,0.0007,8.3876,0.5000,0.0019,0.0509,0.3420,0.1038,0.0033,
132.2301,149,1,ok,0,1,9.2188,0.0005,8.7203,0.4959,0.0021,0.0510,0.3376,0.1041,0.0031,
132.2301,150,1,ok,0,1,7.2939,0.0007,6.8002,0.4925,0.0005,0.0513,0.3361,0.1012,0.0039,
132.2301,151,1,ok,0,1,7.3224,0.0011,6.8167,0.5043,0.0003,0.0519,0.3425,0.1067,0.0032,
132.2301,152,1,ok,0,1,7.5716,0.0009,7.0600,0.5104,0.0004,0.0523,0.3474,0.1065,0.0042,
132.2301,153,1,ok,0,1,7.7512,0.0007,7.2402,0.5100,0.0003,0.0522,0.3460,0.1082,0.0036,
132.2301,154,1,ok,0,1,8.2223,0.0003,7.6924,0.5292,0.0004,0.0515,0.3632,0.1116,0.0029,
132.2301,155,1,ok,0,1,8.6287,0.0011,8.1057,0.5215,0.0003,0.0527,0.3567,0.1088,0.0033,
132.2301,156,1,ok,0,1,8.9452,0.0003,8.4411,0.5034,0.0003,0.0525,0.3421,0.1057,0.0030,
132.2301,157,1,ok,0,1,9.0328,0.0005,8.5420,0.4899,0.0003,0.0524,0.3349,0.0995,0.0031,
132.2301,158,1,ok,0,1,9.4103,0.0021,8.9121,0.4958,0.0003,0.0520,0.3374,0.1031,0.0032,
132.2301,159,1,ok,0,1,9.7935,0.0004,9.2970,0.4958,0.0003,0.0523,0.3377,0.1024,0.0034,
132.2301,160,1,ok,0,1,10.2434,0.0011,9.7590,0.4830,0.0003,0.0523,0.3281,0.0997,0.0028,
132.2301,161,1,ok,0,1,10.2822,0.0004,9.7905,0.4909,0.0004,0.0520,0.3325,0.1022,0.0042,
132.2301,162,1,ok,0,1,10.6670,0.0017,10.1626,0.5024,0.0004,0.0517,0.3426,0.1046,0.0034,
132.2301,163,1,ok,0,1,10.1031,0.0005,9.5965,0.5058,0.0003,0.0522,0.3458,0.1044,0.0033,
132.2301,164,1,ok,0,1,9.7106,0.0013,9.2109,0.4981,0.0003,0.0518,0.3402,0.1027,0.0034,
132.2301,165,1,ok,0,1,10.1749,0.0011,9.6762,0.4973,0.0003,0.0521,0.3382,0.1043,0.0026,
132.2301,166,1,ok,0,1,10.5530,0.0009,10.0506,0.5011,0.0003,0.0522,0.3414,0.1039,0.0034,
132.2301,167,1,ok,0,1,10.5700,0.0003,10.0510,0.5183,0.0003,0.0515,0.3515,0.1122,0.0031,
132.2301,168,1,ok,0,1,10.9863,0.0004,10.4602,0.5254,0.0003,0.0522,0.3587,0.1113,0.0032,
132.2301,169,1,ok,0,1,11.4322,0.0011,10.9208,0.5100,0.0003,0.0519,0.3501,0.1041,0.0038,
132.2301,170,1,ok,0,1,10.6777,0.0005,10.1878,0.4891,0.0003,0.0520,0.3316,0.1014,0.0041,
132.2301,171,1,ok,0,1,10.8029,0.0014,10.2923,0.5089,0.0004,0.0509,0.3460,0.1089,0.0031,
132.2301,172,1,ok,0,1,11.0251,0.0009,10.5117,0.5123,0.0003,0.0519,0.3503,0.1068,0.0033,
132.2301,173,1,ok,0,1,10.8381,0.0011,10.3274,0.5093,0.0003,0.0522,0.3446,0.1089,0.0036,
132.2301,174,1,ok,0,1,10.5993,0.0003,10.0902,0.5085,0.0003,0.0520,0.3437,0.1096,0.0031,
132.2301,175,1,ok,0,1,11.0039,0.0006,10.5029,0.5001,0.0003,0.0521,0.3404,0.1038,0.0037,
132.2301,176,1,ok,0,1,11.4662,0.0005,10.9571,0.5083,0.0003,0.0514,0.3447,0.1080,0.0041,
132.2301,177,1,ok,0,1,11.7262,0.0010,11.2093,0.5156,0.0003,0.0522,0.3539,0.1064,0.0031,
132.2301,178,1,ok,0,1,11.9829,0.0010,11.4753,0.5063,0.0003,0.0523,0.3464,0.1043,0.0033,
132.2301,179,1,ok,0,1,12.1816,0.0018,11.6955,0.4839,0.0003,0.0526,0.3307,0.0969,0.0037,
132.2301,180,1,ok,0,1,12.0630,0.0012,11.5879,0.4736,0.0003,0.0521,0.3216,0.0962,0.0037,
132.2301,181,1,ok,0,1,12.0342,0.0013,11.5541,0.4785,0.0003,0.0523,0.3248,0.0982,0.0032,
132.2301,182,1,ok,0,1,10.6420,0.0006,10.1525,0.4886,0.0003,0.0521,0.3320,0.1010,0.0034,
132.2301,183,1,ok,0,1,11.0788,0.0008,10.5942,0.4835,0.0003,0.0524,0.3263,0.1011,0.0036,
132.2301,184,1,ok,0,1,11.3365,0.0012,10.8438,0.4912,0.0003,0.0516,0.3355,0.1009,0.0031,
132.2301,185,1,ok,0,1,11.6390,0.0005,11.1479,0.4903,0.0003,0.0524,0.3330,0.1011,0.0037,
132.2301,186,1,ok,0,1,11.2410,0.0006,10.7409,0.4992,0.0003,0.0519,0.3388,0.1053,0.0033,
132.2301,187,1,ok,0,1,11.6215,0.0002,11.1111,0.5099,0.0003,0.0518,0.3478,0.1068,0.0034,
132.2301,188,1,ok,0,1,12.0240,0.0007,11.5252,0.4978,0.0003,0.0520,0.3383,0.1041,0.0034,
132.2301,189,1,ok,0,1,12.2554,0.0005,11.7534,0.5013,0.0003,0.0523,0.3401,0.1059,0.0030,
132.2301,190,1,ok,0,1,12.5107,0.0002,12.0066,0.5036,0.0003,0.0527,0.3425,0.1049,0.0035,
132.2301,191,1,ok,0,1,12.8709,0.0003,12.3623,0.5080,0.0003,0.0518,0.3456,0.1078,0.0028,
132.2301,192,1,ok,0,1,13.2365,0.0011,12.7394,0.4957,0.0003,0.0530,0.3383,0.1008,0.0035,
132.2301,193,1,ok,0,1,12.5613,0.0022,12.0693,0.4893,0.0004,0.0520,0.3336,0.1000,0.0037,
132.2301,194,1,ok,0,1,12.7957,0.0009,12.2947,0.4996,0.0004,0.0517,0.3390,0.1057,0.0032,
132.2301,195,1,ok,0,1,12.4181,0.0010,11.8982,0.5186,0.0004,0.0521,0.3543,0.1089,0.0032,
132.2301,196,1,ok,0,1,12.5739,0.0008,12.0547,0.5181,0.0004,0.0520,0.3517,0.1110,0.0033,
132.2301,197,1,ok,0,1,13.0592,0.0004,12.5500,0.5085,0.0004,0.0521,0.3492,0.1031,0.0041,
132.2301,198,1,ok,0,1,10.2648,0.0011,9.7730,0.4903,0.0004,0.0519,0.3340,0.1008,0.0035,
132.2301,199,1,ok,0,1,9.9380,0.0005,9.4439,0.4933,0.0004,0.0520,0.3349,0.1029,0.0035,
132.2301,200,1,ok,0,1,8.8532,0.0021,8.3597,0.4910,0.0004,0.0518,0.3338,0.1013,0.0040,
132.2301,201,1,ok,0,1,8.1912,0.0019,7.6676,0.5214,0.0003,0.0513,0.3527,0.1136,0.0037,
132.2301,202,1,ok,0,1,7.8557,0.0010,7.3333,0.5210,0.0003,0.0517,0.3584,0.1073,0.0036,
132.2301,203,1,ok,0,1,8.2823,0.0007,7.7725,0.5088,0.0003,0.0518,0.3461,0.1078,0.0030,
132.2301,204,1,ok,0,1,8.4912,0.0009,7.9797,0.5101,0.0004,0.0526,0.3499,0.1040,0.0035,
132.2301,205,1,ok,0,1,8.8678,0.0010,8.3810,0.4854,0.0003,0.0523,0.3312,0.0978,0.0041,
132.2301,206,1,ok,0,1,9.1346,0.0008,8.6344,0.4990,0.0003,0.0511,0.3368,0.1073,0.0038,
132.2301,207,1,ok,0,1,9.6149,0.0006,9.1066,0.5074,0.0004,0.0523,0.3461,0.1055,0.0035,
132.2301,208,1,ok,0,1,9.8968,0.0009,9.3978,0.4978,0.0003,0.0523,0.3390,0.1024,0.0041,
132.2301,209,1,ok,0,1,8.4692,0.0012,7.9805,0.4871,0.0003,0.0524,0.3320,0.0989,0.0037,
137.7133,0,0,ok,0,1,0.4224,0.0010,0.0000,0.4209,0.0006,0.0523,0.2798,0.0853,0.0035,
137.7133,1,0,ok,0,1,0.8337,0.0002,0.4112,0.4220,0.0004,0.0527,0.2807,0.0852,0.0034,
137.7133,2,0,ok,0,1,1.1269,0.0003,0.6933,0.4329,0.0003,0.0524,0.2886,0.0880,0.0039,
137.7133,3,0,ok,0,1,1.4788,0.0005,1.0164,0.4615,0.0004,0.0515,0.3121,0.0950,0.0029,
137.7133,4,0,ok,0,1,1.3719,0.0009,0.8968,0.4738,0.0004,0.0521,0.3174,0.1002,0.0040,
137.7133,5,0,ok,0,1,1.4086,0.0011,0.8789,0.5283,0.0003,0.0508,0.3567,0.1167,0.0040,
137.7133,6,0,ok,0,1,0.9494,0.0008,0.4374,0.5109,0.0004,0.0522,0.3482,0.1070,0.0034,
137.7133,7,0,ok,0,1,1.4270,0.0004,0.9095,0.5168,0.0004,0.0521,0.3513,0.1099,0.0035,
137.7133,8,0,ok,0,1,1.7068,0.0010,1.1873,0.5182,0.0004,0.0511,0.3530,0.1109,0.0032,
137.7133,9,0,ok,0,1,2.2049,0.0019,1.6917,0.5108,0.0004,0.0527,0.3481,0.1064,0.0036,
137.7133,10,1,ok,0,1,2.6020,0.0006,2.0967,0.5043,0.0004,0.0519,0.3423,0.1061,0.0040,
137.7133,11,1,ok,0,1,2.7985,0.0019,2.2935,0.5028,0.0003,0.0519,0.3415,0.1057,0.0037,
137.7133,12,1,ok,0,1,3.3025,0.0003,2.7865,0.5154,0.0003,0.0516,0.3508,0.1097,0.0033,
137.7133,13,1,ok,0,1,3.7271,0.0009,3.2051,0.5208,0.0003,0.0518,0.3547,0.1113,0.0030,
137.7133,14,1,ok,0,1,3.7814,0.0017,3.2681,0.5112,0.0003,0.0522,0.3499,0.1051,0.0039,
137.7133,15,1,ok,0,1,3.9375,0.0006,3.4378,0.4988,0.0003,0.0518,0.3403,0.1034,0.0032,
137.7133,16,1,ok,0,1,4.3167,0.0003,3.8287,0.4873,0.0004,0.0522,0.3311,0.0998,0.0041,
137.7133,17,1,ok,0,1,4.4118,0.0010,3.9280,0.4825,0.0003,0.0515,0.3299,0.0974,0.0036,
137.7133,18,1,ok,0,1,4.1793,0.0012,3.6884,0.4894,0.0004,0.0518,0.3309,0.1027,0.0039,
137.7133,19,1,ok,0,1,4.6635,0.0005,4.1760,0.4867,0.0003,0.0518,0.3317,0.0994,0.0038,
137.7133,20,1,ok,0,1,4.4495,0.0008,3.9486,0.4998,0.0003,0.0517,0.3399,0.1051,0.0031,
137.7133,21,1,ok,0,1,4.4364,0.0017,3.9260,0.5084,0.0003,0.0525,0.3443,0.1089,0.0027,
137.7133,22,1,ok,0,1,4.7649,0.0008,4.2544,0.5094,0.0003,0.0519,0.3457,0.1088,0.0030,
137.7133,23,1,ok,0,1,5.2037,0.0004,4.6910,0.5121,0.0003,0.0525,0.3513,0.1051,0.0031,
137.7133,24,1,ok,0,1,4.3365,0.0007,3.8299,0.5055,0.0003,0.0520,0.3436,0.1070,0.0029,
137.7133,25,1,ok,0,1,4.6707,0.0013,4.1565,0.5126,0.0003,0.0527,0.3498,0.1067,0.0035,
137.7133,26,1,ok,0,1,5.1423,0.0010,4.6273,0.5137,0.0003,0.0521,0.3502,0.1079,0.0035,
137.7133,27,1,ok,0,1,5.5950,0.0008,5.0972,0.4966,0.0003,0.0526,0.3384,0.1020,0.0036,
137.7133,28,1,ok,0,1,5.2705,0.0005,4.7752,0.4945,0.0003,0.0518,0.3359,0.1033,0.0034,
137.7133,29,1,ok,0,1,5.3590,0.0009,4.8663,0.4915,0.0003,0.0519,0.3344,0.1018,0.0033,
137.7133,30,1,ok,0,1,5.1341,0.0011,4.6409,0.4918,0.0003,0.0522,0.3349,0.1010,0.0035,
137.7133,31,1,ok,0,1,5.0627,0.0013,4.5628,0.4983,0.0003,0.0515,0.3377,0.1058,0.0033,
137.7133,32,1,ok,0,1,5.2428,0.0011,4.7268,0.5145,0.0004,0.0516,0.3482,0.1110,0.0037,
137.7133,33,1,ok,0,1,4.1793,0.0006,3.6666,0.5117,0.0003,0.0516,0.3488,0.1081,0.0032,
137.7133,34,1,ok,0,1,4.4869,0.0010,3.9711,0.5145,0.0003,0.0515,0.3508,0.1088,0.0034,
137.7133,35,1,ok,0,1,4.6453,0.0015,4.1355,0.5080,0.0003,0.0523,0.3494,0.1025,0.0037,
137.7133,36,1,ok,0,1,4.3740,0.0007,3.8741,0.4988,0.0004,0.0518,0.3412,0.1025,0.0033,
137.7133,37,1,ok,0,1,4.4424,0.0006,3.9536,0.4879,0.0003,0.0521,0.3323,0.0999,0.0035,
137.7133,38,1,ok,0,1,4.0826,0.0008,3.5796,0.5018,0.0003,0.0507,0.3416,0.1058,0.0036,
137.7133,39,1,ok,0,1,4.2098,0.0006,3.7067,0.5021,0.0003,0.0519,0.3420,0.1050,0.0031,
137.7133,40,1,ok,0,1,4.1805,0.0010,3.6776,0.5015,0.0003,0.0519,0.3413,0.1051,0.0032,
137.7133,41,1,ok,0,1,4.6578,0.0007,4.1594,0.4974,0.0004,0.0522,0.3382,0.1036,0.0034,
137.7133,42,1,ok,0,1,5.0274,0.0002,4.5450,0.4819,0.0004,0.0523,0.3295,0.0965,0.0035,
137.7133,43,1,ok,0,1,5.3575,0.0008,4.8778,0.4786,0.0004,0.0522,0.3249,0.0984,0.0031,
137.7133,44,1,ok,0,1,5.8115,0.0017,5.3196,0.4899,0.0004,0.0521,0.3323,0.1023,0.0031,
137.7133,45,1,ok,0,1,6.1928,0.0004,5.6957,0.4963,0.0003,0.0518,0.3378,0.1028,0.0039,
137.7133,46,1,ok,0,1,6.6428,0.0002,6.1462,0.4961,0.0003,0.0517,0.3387,0.1025,0.0031,
137.7133,47,1,ok,0,1,6.9992,0.0015,6.4994,0.4980,0.0003,0.0518,0.3388,0.1038,0.0035,
137.7133,48,1,ok,0,1,7.0682,0.0011,6.5582,0.5085,0.0003,0.0518,0.3471,0.1058,0.0038,
137.7133,49,1,ok,0,1,7.3720,0.0008,6.8696,0.5012,0.0004,0.0515,0.3404,0.1060,0.0034,
137.7133,50,1,ok,0,1,7.6858,0.0008,7.1698,0.5148,0.0003,0.0518,0.3494,0.1092,0.0044,
137.7133,51,1,ok,0,1,8.0891,0.0006,7.5828,0.5054,0.0003,0.0516,0.3442,0.1061,0.0034,
137.7133,52,1,ok,0,1,8.4676,0.0020,7.9518,0.5135,0.0003,0.0526,0.3467,0.1104,0.0038,
137.7133,53,1,ok,0,1,7.7732,0.0005,7.2650,0.5074,0.0004,0.0516,0.3457,0.1065,0.0035,
137.7133,54,1,ok,0,1,7.8266,0.0007,7.3176,0.5080,0.0003,0.0516,0.3445,0.1087,0.0031,
137.7133,55,1,ok,0,1,7.9327,0.0017,7.4156,0.5150,0.0004,0.0520,0.3513,0.1083,0.0033,
137.7133,56,1,ok,0,1,8.3603,0.0011,7.8498,0.5091,0.0003,0.0517,0.3487,0.1058,0.0029,
137.7133,57,1,ok,0,1,8.2929,0.0010,7.7902,0.5013,0.0003,0.0523,0.3423,0.1034,0.0032,
137.7133,58,1,ok,0,1,8.7298,0.0005,8.2147,0.5142,0.0003,0.0510,0.3498,0.1095,0.0039,
137.7133,59,1,ok,0,1,9.0308,0.0009,8.5210,0.5085,0.0004,0.0517,0.3474,0.1065,0.0029,
137.7133,60,1,ok,0,1,7.5541,0.0009,7.0438,0.5091,0.0003,0.0520,0.3454,0.1086,0.0032,
137.7133,61,1,ok,0,1,7.6114,0.0002,7.1088,0.5020,0.0003,0.0519,0.3423,0.1043,0.0034,
137.7133,62,1,ok,0,1,7.7679,0.0010,7.2557,0.5109,0.0003,0.0517,0.3492,0.1064,0.0036,
137.7133,63,1,ok,0,1,7.7664,0.0016,7.2635,0.5009,0.0004,0.0525,0.3407,0.1043,0.0033,
137.7133,64,1,ok,0,1,7.4586,0.0004,6.9597,0.4981,0.0003,0.0519,0.3391,0.1037,0.0034,
137.7133,65,1,ok,0,1,7.3086,0.0010,6.8057,0.5015,0.0003,0.0517,0.3403,0.1065,0.0030,
137.7133,66,1,ok,0,1,7.7087,0.0009,7.1944,0.5131,0.0003,0.0522,0.3504,0.1069,0.0035,
137.7133,67,1,ok,0,1,8.1913,0.0008,7.6937,0.4965,0.0004,0.0518,0.3362,0.1049,0.0034,
137.7133,68,1,ok,0,1,8.5391,0.0008,8.0254,0.5126,0.0003,0.0514,0.3495,0.1082,0.0035,
137.7133,69,1,ok,0,1,8.9144,0.0012,8.4021,0.5108,0.0003,0.0523,0.3483,0.1065,0.0037,
137.7133,70,1,ok,0,1,9.3032,0.0021,8.8091,0.4917,0.0003,0.0514,0.3358,0.1009,0.0035,
137.7133,71,1,ok,0,1,8.5379,0.0002,8.0556,0.4818,0.0003,0.0520,0.3280,0.0980,0.0038,
137.7133,72,1,ok,0,1,8.1146,0.0011,7.6260,0.4871,0.0004,0.0518,0.3316,0.1006,0.0031,
137.7133,73,1,ok,0,1,8.4399,0.0007,7.9493,0.4896,0.0004,0.0519,0.3328,0.1014,0.0034,
137.7133,74,1,ok,0,1,8.4583,0.0020,7.9737,0.4823,0.0003,0.0521,0.3299,0.0966,0.0036,
137.7133,75,1,ok,0,1,8.7115,0.0009,8.2380,0.4722,0.0003,0.0524,0.3174,0.0992,0.0032,
137.7133,76,1,ok,0,1,8.1267,0.0006,7.6392,0.4865,0.0003,0.0519,0.3322,0.0993,0.0030,
137.7133,77,1,ok,0,1,8.3470,0.0014,7.8578,0.4875,0.0003,0.0521,0.3303,0.1016,0.0035,
137.7133,78,1,ok,0,1,8.7110,0.0006,8.2124,0.4978,0.0003,0.0510,0.3391,0.1046,0.0031,
137.7133,79,1,ok,0,1,9.1001,0.0004,8.5873,0.5121,0.0003,0.0517,0.3467,0.1104,0.0033,
137.7133,80,1,ok,0,1,9.2593,0.0013,8.7398,0.5179,0.0004,0.0518,0.3545,0.1077,0.0039,
137.7133,81,1,ok,0,1,9.6310,0.0009,9.1256,0.5042,0.0003,0.0523,0.3422,0.1060,0.0037,
137.7133,82,1,ok,0,1,9.7480,0.0011,9.2472,0.4993,0.0003,0.0514,0.3411,0.1037,0.0032,
137.7133,83,1,ok,0,1,9.2441,0.0009,8.7532,0.4896,0.0003,0.0523,0.3345,0.0996,0.0031,
137.7133,84,1,ok,0,1,9.5109,0.0011,9.0209,0.4886,0.0004,0.0520,0.3325,0.1002,0.0038,
137.7133,85,1,ok,0,1,9.9073,0.0005,9.4025,0.5039,0.0003,0.0519,0.3418,0.1067,0.0035,
137.7133,86,1,ok,0,1,7.8050,0.0009,7.2893,0.5144,0.0003,0.0517,0.3497,0.1096,0.0034,
137.7133,87,1,ok,0,1,8.0055,0.0010,7.4937,0.5105,0.0003,0.0519,0.3483,0.1066,0.0037,
137.7133,88,1,ok,0,1,8.4739,0.0006,7.9634,0.5096,0.0004,0.0515,0.3453,0.1093,0.0035,
137.7133,89,1,ok,0,1,8.9629,0.0011,8.4519,0.5096,0.0004,0.0519,0.3471,0.1073,0.0033,
137.7133,90,1,ok,0,1,9.4211,0.0006,8.9117,0.5084,0.0004,0.0516,0.3450,0.1090,0.0027,
137.7133,91,1,ok,0,1,9.5048,0.0006,8.9903,0.5136,0.0003,0.0521,0.3493,0.1081,0.0041,
137.7133,92,1,ok,0,1,9.3241,0.0005,8.8200,0.5032,0.0003,0.0518,0.3420,0.1060,0.0033,
137.7133,93,1,ok,0,1,9.5850,0.0019,9.0832,0.4995,0.0003,0.0523,0.3402,0.1036,0.0034,
137.7133,94,1,ok,0,1,10.0651,0.0005,9.5559,0.5084,0.0003,0.0518,0.3434,0.1100,0.0032,
137.7133,95,1,ok,0,1,10.3704,0.0003,9.8554,0.5144,0.0003,0.0517,0.3509,0.1087,0.0032,
137.7133,96,1,ok,0,1,8.4546,0.0010,7.9504,0.5029,0.0004,0.0521,0.3456,0.1010,0.0041,
137.7133,97,1,ok,0,1,8.6160,0.0013,8.1252,0.4891,0.0004,0.0517,0.3338,0.1006,0.0029,
137.7133,98,1,ok,0,1,7.5679,0.0015,7.0708,0.4953,0.0003,0.0519,0.3370,0.1034,0.0029,
137.7133,99,1,ok,0,1,7.2083,0.0008,6.7081,0.4991,0.0004,0.0518,0.3373,0.1064,0.0036,
137.7133,100,1,ok,0,1,7.7104,0.0009,7.2024,0.5067,0.0003,0.0514,0.3442,0.1080,0.0031,
137.7133,101,1,ok,0,1,7.6597,0.0012,7.1535,0.5047,0.0003,0.0521,0.3473,0.1021,0.0031,
137.7133,102,1,ok,0,1,7.6571,0.0012,7.1597,0.4958,0.0003,0.0523,0.3375,0.1026,0.0034,
137.7133,103,1,ok,0,1,7.8196,0.0004,7.3212,0.4976,0.0003,0.0521,0.3389,0.1033,0.0033,
137.7133,104,1,ok,0,1,8.1834,0.0004,7.6840,0.4986,0.0003,0.0517,0.3388,0.1046,0.0034,
137.7133,105,1,ok,0,1,8.2445,0.0010,7.7361,0.5070,0.0004,0.0520,0.3422,0.1096,0.0032,
137.7133,106,1,ok,0,1,8.7064,0.0006,8.1924,0.5131,0.0003,0.0518,0.3519,0.1059,0.0034,
137.7133,107,1,ok,0,1,8.9608,0.0006,8.4572,0.5027,0.0003,0.0517,0.3427,0.1045,0.0037,
137.7133,108,1,ok,0,1,9.1798,0.0005,8.6969,0.4820,0.0003,0.0521,0.3297,0.0975,0.0027,
137.7133,109,1,ok,0,1,8.3214,0.0008,7.8392,0.4811,0.0003,0.0520,0.3259,0.0989,0.0042,
137.7133,110,1,ok,0,1,7.9137,0.0003,7.4122,0.5009,0.0003,0.0511,0.3441,0.1022,0.0034,
137.7133,111,1,ok,0,1,8.2787,0.0003,7.7801,0.4979,0.0003,0.0521,0.3388,0.1036,0.0034,
137.7133,112,1,ok,0,1,8.4949,0.0002,7.9760,0.5183,0.0003,0.0515,0.3489,0.1143,0.0036,
137.7133,113,1,ok,0,1,8.9002,0.0007,8.4085,0.4907,0.0003,0.0522,0.3339,0.1010,0.0036,
137.7133,114,1,ok,0,1,8.3227,0.0003,7.8379,0.4842,0.0004,0.0519,0.3292,0.0994,0.0036,
137.7133,115,1,ok,0,1,7.9305,0.0006,7.4315,0.4981,0.0003,0.0520,0.3385,0.1041,0.0034,
137.7133,116,1,ok,0,1,8.2679,0.0005,7.7757,0.4914,0.0003,0.0520,0.3341,0.1018,0.0036,
137.7133,117,1,ok,0,1,8.3211,0.0006,7.8234,0.4968,0.0003,0.0518,0.3412,0.1005,0.0033,
137.7133,118,1,ok,0,1,8.3957,0.0004,7.9117,0.4833,0.0004,0.0518,0.3290,0.0993,0.0031,
137.7133,119,1,ok,0,1,8.7958,0.0013,8.3222,0.4720,0.0003,0.0522,0.3214,0.0957,0.0028,
137.7133,120,1,ok,0,1,8.6504,0.0012,8.1682,0.4806,0.0003,0.0520,0.3261,0.0990,0.0034,
137.7133,121,1,ok,0,1,8.8076,0.0002,8.3125,0.4945,0.0003,0.0515,0.3364,0.1033,0.0033,
137.7133,122,1,ok,0,1,8.6459,0.0015,8.1491,0.4950,0.0003,0.0519,0.3355,0.1037,0.0039,
137.7133,123,1,ok,0,1,8.8168,0.0014,8.3153,0.4998,0.0003,0.0514,0.3405,0.1051,0.0028,
137.7133,124,1,ok,0,1,9.3149,0.0011,8.8154,0.4980,0.0004,0.0517,0.3398,0.1034,0.0031,
137.7133,125,1,ok,0,1,9.6365,0.0007,9.1435,0.4920,0.0003,0.0517,0.3358,0.1011,0.0033,
137.7133,126,1,ok,0,1,10.1265,0.0003,9.6277,0.4982,0.0003,0.0522,0.3389,0.1036,0.0034,
137.7133,127,1,ok,0,1,9.4801,0.0006,8.9729,0.5062,0.0003,0.0516,0.3470,0.1039,0.0037,
137.7133,128,1,ok,0,1,9.0737,0.0012,8.5597,0.5124,0.0003,0.0510,0.3478,0.1100,0.0036,
137.7133,129,1,ok,0,1,8.8086,0.0011,8.2963,0.5109,0.0003,0.0523,0.3506,0.1046,0.0034,
137.7133,130,1,ok,0,1,9.1344,0.0012,8.6473,0.4855,0.0003,0.0518,0.3315,0.0986,0.0036,
137.7133,131,1,ok,0,1,9.6018,0.0004,9.1080,0.4931,0.0003,0.0519,0.3345,0.1035,0.0031,
137.7133,132,1,ok,0,1,9.1726,0.0012,8.6840,0.4871,0.0003,0.0521,0.3322,0.0996,0.0031,
137.7133,133,1,ok,0,1,8.3732,0.0014,7.8918,0.4797,0.0003,0.0539,0.3256,0.0969,0.0033,
137.7133,134,1,ok,0,1,8.8095,0.0006,8.3336,0.4749,0.0003,0.0523,0.3226,0.0971,0.0029,
137.7133,135,1,ok,0,1,8.9994,0.0011,8.5185,0.4795,0.0003,0.0526,0.3243,0.0987,0.0038,
137.7133,136,1,ok,0,1,9.4558,0.0009,8.9672,0.4873,0.0004,0.0512,0.3297,0.1032,0.0032,
137.7133,137,1,ok,0,1,9.3298,0.0011,8.8318,0.4965,0.0003,0.0522,0.3374,0.1038,0.0031,
137.7133,138,1,ok,0,1,9.2016,0.0011,8.6962,0.5040,0.0004,0.0522,0.3422,0.1068,0.0028,
137.7133,139,1,ok,0,1,9.6393,0.0014,9.1404,0.4972,0.0003,0.0521,0.3414,0.1007,0.0029,
137.7133,140,1,ok,0,1,9.8357,0.0011,9.3573,0.4770,0.0003,0.0524,0.3248,0.0959,0.0039,
137.7133,141,1,ok,0,1,9.9632,0.0009,9.4871,0.4749,0.0003,0.0523,0.3220,0.0974,0.0032,
137.7133,142,1,ok,0,1,10.3157,0.0011,9.8280,0.4863,0.0004,0.0512,0.3325,0.0996,0.0030,
137.7133,143,1,ok,0,1,9.9026,0.0008,9.4178,0.4837,0.0003,0.0525,0.3291,0.0990,0.0031,
137.7133,144,1,ok,0,1,10.1688,0.0009,9.6620,0.5056,0.0004,0.0517,0.3458,0.1046,0.0034,
137.7133,145,1,ok,0,1,10.5693,0.0014,10.0638,0.5038,0.0003,0.0515,0.3435,0.1054,0.0034,
137.7133,146,1,ok,0,1,10.7193,0.0008,10.2308,0.4874,0.0003,0.0519,0.3348,0.0976,0.0030,
137.7133,147,1,ok,0,1,10.6354,0.0009,10.1481,0.4860,0.0004,0.0526,0.3303,0.0991,0.0040,
137.7133,148,1,ok,0,1,11.0181,0.0003,10.5373,0.4803,0.0003,0.0515,0.3274,0.0980,0.0033,
137.7133,149,1,ok,0,1,11.3584,0.0008,10.8546,0.5027,0.0003,0.0511,0.3395,0.1090,0.0030,
137.7133,150,1,ok,0,1,9.5419,0.0018,9.0350,0.5048,0.0004,0.0525,0.3434,0.1049,0.0039,
137.7133,151,1,ok,0,1,9.5860,0.0008,9.0839,0.5010,0.0003,0.0517,0.3408,0.1052,0.0032,
137.7133,152,1,ok,0,1,9.8378,0.0010,9.3339,0.5026,0.0003,0.0519,0.3433,0.1030,0.0042,
137.7133,153,1,ok,0,1,10.0161,0.0007,9.5195,0.4955,0.0004,0.0521,0.3366,0.1031,0.0036,
137.7133,154,1,ok,0,1,10.4545,0.0007,9.9592,0.4943,0.0003,0.0525,0.3353,0.1036,0.0029,
137.7133,155,1,ok,0,1,10.8473,0.0010,10.3426,0.5033,0.0003,0.0517,0.3418,0.1066,0.0032,
137.7133,156,1,ok,0,1,11.1601,0.0007,10.6668,0.4923,0.0004,0.0525,0.3364,0.1003,0.0030,
137.7133,157,1,ok,0,1,11.2510,0.0002,10.7733,0.4772,0.0004,0.0523,0.3240,0.0978,0.0031,
137.7133,158,1,ok,0,1,11.6065,0.0006,11.1365,0.4690,0.0004,0.0523,0.3178,0.0957,0.0032,
137.7133,159,1,ok,0,1,11.9833,0.0004,11.4977,0.4848,0.0003,0.0517,0.3278,0.1019,0.0034,
137.7133,160,1,ok,0,1,12.4352,0.0005,11.9508,0.4836,0.0003,0.0522,0.3299,0.0987,0.0028,
137.7133,161,1,ok,0,1,12.4876,0.0014,11.9994,0.4865,0.0004,0.0523,0.3292,0.1007,0.0042,
137.7133,162,1,ok,0,1,12.8829,0.0003,12.3740,0.5082,0.0004,0.0505,0.3447,0.1096,0.0034,
137.7133,163,1,ok,0,1,12.3637,0.0013,11.8541,0.5080,0.0004,0.0523,0.3487,0.1037,0.0033,
137.7133,164,1,ok,0,1,12.0095,0.0006,11.5077,0.5009,0.0003,0.0516,0.3417,0.1042,0.0033,
137.7133,165,1,ok,0,1,12.4713,0.0007,11.9768,0.4934,0.0004,0.0522,0.3372,0.1015,0.0025,
137.7133,166,1,ok,0,1,12.8462,0.0015,12.3514,0.4930,0.0003,0.0522,0.3354,0.1020,0.0034,
137.7133,167,1,ok,0,1,12.8459,0.0020,12.3625,0.4810,0.0003,0.0522,0.3274,0.0983,0.0030,
137.7133,168,1,ok,0,1,13.2252,0.0008,12.7400,0.4841,0.0003,0.0524,0.3293,0.0991,0.0032,
137.7133,169,1,ok,0,1,13.6474,0.0011,13.1623,0.4836,0.0003,0.0522,0.3299,0.0977,0.0038,
137.7133,170,1,ok,0,1,12.9275,0.0005,12.4525,0.4742,0.0003,0.0518,0.3227,0.0955,0.0042,
137.7133,171,1,ok,0,1,13.0257,0.0006,12.5582,0.4667,0.0003,0.0520,0.3166,0.0949,0.0031,
137.7133,172,1,ok,0,1,13.2417,0.0007,12.7462,0.4944,0.0003,0.0508,0.3371,0.1032,0.0032,
137.7133,173,1,ok,0,1,13.0635,0.0006,12.5721,0.4904,0.0003,0.0522,0.3323,0.1025,0.0035,
137.7133,174,1,ok,0,1,12.8257,0.0014,12.3443,0.4796,0.0004,0.0526,0.3277,0.0962,0.0031,
137.7133,175,1,ok,0,1,13.1992,0.0006,12.7331,0.4653,0.0003,0.0521,0.3143,0.0951,0.0037,
137.7133,176,1,ok,0,1,13.6244,0.0003,13.1545,0.4693,0.0003,0.0515,0.3187,0.0950,0.0041,
137.7133,177,1,ok,0,1,13.8570,0.0009,13.3778,0.4780,0.0003,0.0514,0.3235,0.0999,0.0031,
137.7133,178,1,ok,0,1,14.1206,0.0005,13.6165,0.5033,0.0003,0.0515,0.3450,0.1035,0.0033,
137.7133,179,1,ok,0,1,14.3362,0.0007,13.8457,0.4894,0.0004,0.0516,0.3327,0.1013,0.0037,
137.7133,180,1,ok,0,1,14.2638,0.0009,13.7664,0.4963,0.0003,0.0516,0.3361,0.1048,0.0037,
137.7133,181,1,ok,0,1,14.2778,0.0007,13.7756,0.5011,0.0004,0.0518,0.3410,0.1052,0.0031,
137.7133,182,1,ok,0,1,12.9715,0.0003,12.4713,0.4995,0.0003,0.0520,0.3410,0.1030,0.0034,
137.7133,183,1,ok,0,1,13.4230,0.0004,12.9260,0.4963,0.0004,0.0519,0.3381,0.1026,0.0036,
137.7133,184,1,ok,0,1,13.6878,0.0012,13.1973,0.4889,0.0003,0.0520,0.3312,0.1025,0.0032,
137.7133,185,1,ok,0,1,14.0024,0.0008,13.5064,0.4949,0.0003,0.0522,0.3390,0.1000,0.0037,
137.7133,186,1,ok,0,1,13.6372,0.0008,13.1398,0.4964,0.0003,0.0521,0.3381,0.1030,0.0032,
137.7133,187,1,ok,0,1,14.0054,0.0005,13.5122,0.4924,0.0003,0.0522,0.3358,0.1010,0.0034,
137.7133,188,1,ok,0,1,14.4031,0.0007,13.9128,0.4893,0.0004,0.0516,0.3367,0.0976,0.0034,
137.7133,189,1,ok,0,1,14.6205,0.0011,14.1427,0.4764,0.0003,0.0524,0.3237,0.0973,0.0030,
137.7133,190,1,ok,0,1,14.8778,0.0017,14.3801,0.4957,0.0004,0.0518,0.3371,0.1032,0.0035,
137.7133,191,1,ok,0,1,15.2284,0.0007,14.7349,0.4925,0.0003,0.0518,0.3350,0.1028,0.0029,
137.7133,192,1,ok,0,1,15.6006,0.0009,15.1023,0.4971,0.0003,0.0526,0.3377,0.1032,0.0035,
137.7133,193,1,ok,0,1,14.9805,0.0009,14.4811,0.4982,0.0003,0.0521,0.3417,0.1006,0.0037,
137.7133,194,1,ok,0,1,15.2196,0.0003,14.7252,0.4938,0.0003,0.0524,0.3342,0.1039,0.0033,
137.7133,195,1,ok,0,1,14.8501,0.0007,14.3581,0.4910,0.0003,0.0518,0.3326,0.1033,0.0032,
137.7133,196,1,ok,0,1,14.9988,0.0011,14.5008,0.4965,0.0003,0.0517,0.3408,0.1007,0.0033,
137.7133,197,1,ok,0,1,15.4539,0.0006,14.9755,0.4774,0.0003,0.0523,0.3242,0.0968,0.0041,
137.7133,198,1,ok,0,1,12.7794,0.0012,12.2985,0.4793,0.0004,0.0518,0.3268,0.0972,0.0035,
137.7133,199,1,ok,0,1,12.4623,0.0008,11.9909,0.4702,0.0004,0.0524,0.3190,0.0953,0.0034,
137.7133,200,1,ok,0,1,11.4185,0.0006,10.9483,0.4692,0.0004,0.0516,0.3171,0.0966,0.0040,
137.7133,201,1,ok,0,1,10.7632,0.0014,10.2805,0.4809,0.0004,0.0518,0.3270,0.0983,0.0037,
137.7133,202,1,ok,0,1,10.4233,0.0005,9.9399,0.4826,0.0003,0.0520,0.3295,0.0974,0.0036,
137.7133,203,1,ok,0,1,10.8263,0.0004,10.3436,0.4819,0.0004,0.0518,0.3279,0.0992,0.0030,
137.7133,204,1,ok,0,1,11.0160,0.0011,10.5356,0.4790,0.0003,0.0523,0.3257,0.0975,0.0035,
137.7133,205,1,ok,0,1,11.3881,0.0015,10.9097,0.4766,0.0003,0.0520,0.3225,0.0981,0.0040,
137.7133,206,1,ok,0,1,11.6415,0.0006,11.1642,0.4764,0.0003,0.0517,0.3233,0.0975,0.0038,
137.7133,207,1,ok,0,1,12.0928,0.0014,11.6138,0.4773,0.0003,0.0520,0.3245,0.0971,0.0035,
137.7133,208,1,ok,0,1,12.3643,0.0021,11.8832,0.4787,0.0003,0.0520,0.3257,0.0969,0.0041,
137.7133,209,1,ok,0,1,11.0081,0.0011,10.5244,0.4823,0.0004,0.0516,0.3278,0.0992,0.0037,
