level_rpm,index,measured,status,replica,batch_size,latency_s,harness_lag_s,queue_wait_s,service_s,ipc_s,text_encode_s,denoise_s,decode_s,jpeg_s,error
102.9958,0,0,ok,0,1,0.5820,0.0019,0.0000,0.5787,0.0013,0.0523,0.4396,0.0832,0.0037,
102.9958,1,0,ok,1,1,0.5850,0.0022,0.0000,0.5816,0.0012,0.0503,0.4440,0.0837,0.0036,
102.9958,2,0,ok,0,1,0.9611,0.0007,0.3792,0.5807,0.0005,0.0528,0.4408,0.0833,0.0038,
102.9958,3,0,ok,1,1,0.8344,0.0009,0.2496,0.5831,0.0008,0.0512,0.4444,0.0837,0.0037,
102.9958,4,0,ok,0,1,0.6273,0.0013,0.0358,0.5898,0.0004,0.0530,0.4403,0.0926,0.0039,
102.9958,5,0,ok,1,1,0.5877,0.0007,0.0000,0.5853,0.0017,0.0507,0.4441,0.0866,0.0039,
102.9958,6,0,ok,0,1,0.5821,0.0011,0.0000,0.5805,0.0006,0.0523,0.4398,0.0846,0.0037,
102.9958,7,0,ok,1,1,0.5863,0.0013,0.0000,0.5833,0.0016,0.0512,0.4445,0.0838,0.0038,
102.9958,8,0,ok,0,1,0.7912,0.0016,0.2082,0.5809,0.0004,0.0524,0.4404,0.0844,0.0036,
102.9958,9,0,ok,1,1,0.8344,0.0001,0.2493,0.5842,0.0008,0.0514,0.4450,0.0840,0.0037,
102.9958,10,1,ok,0,1,1.2108,0.0016,0.6282,0.5805,0.0004,0.0524,0.4411,0.0829,0.0040,
102.9958,11,1,ok,1,1,0.8666,0.0011,0.2796,0.5845,0.0015,0.0516,0.4449,0.0842,0.0038,
102.9958,12,1,ok,0,1,1.3664,0.0005,0.7845,0.5810,0.0004,0.0531,0.4412,0.0830,0.0036,
102.9958,13,1,ok,1,1,1.3060,0.0006,0.7212,0.5839,0.0003,0.0512,0.4452,0.0839,0.0036,
102.9958,14,1,ok,0,1,1.2070,0.0012,0.6247,0.5808,0.0003,0.0529,0.4411,0.0830,0.0038,
102.9958,15,1,ok,1,1,0.8220,0.0010,0.2349,0.5856,0.0004,0.0518,0.4463,0.0839,0.0036,
102.9958,16,1,ok,0,1,1.1859,0.0013,0.6020,0.5823,0.0003,0.0532,0.4405,0.0849,0.0036,
102.9958,17,1,ok,1,1,0.7443,0.0013,0.1573,0.5854,0.0004,0.0515,0.4461,0.0841,0.0036,
102.9958,18,1,ok,0,1,0.5829,0.0010,0.0000,0.5814,0.0005,0.0536,0.4406,0.0834,0.0038,
102.9958,19,1,ok,1,1,0.5927,0.0005,0.0000,0.5917,0.0005,0.0504,0.4449,0.0927,0.0036,
102.9958,20,1,ok,0,1,0.5831,0.0014,0.0000,0.5813,0.0004,0.0546,0.4401,0.0832,0.0035,
102.9958,21,1,ok,1,1,0.5851,0.0005,0.0000,0.5841,0.0005,0.0512,0.4450,0.0843,0.0035,
102.9958,22,1,ok,0,1,0.5829,0.0007,0.0000,0.5818,0.0005,0.0541,0.4406,0.0834,0.0037,
102.9958,23,1,ok,1,1,0.8296,0.0005,0.2439,0.5847,0.0005,0.0517,0.4455,0.0840,0.0036,
102.9958,24,1,ok,0,1,0.5837,0.0010,0.0000,0.5822,0.0004,0.0547,0.4408,0.0831,0.0036,
102.9958,25,1,ok,1,1,0.5852,0.0014,0.0000,0.5832,0.0005,0.0504,0.4451,0.0841,0.0035,
102.9958,26,1,ok,0,1,0.8694,0.0010,0.2869,0.5812,0.0003,0.0531,0.4415,0.0830,0.0036,
102.9958,27,1,ok,1,1,1.0548,0.0019,0.4674,0.5852,0.0003,0.0516,0.4455,0.0843,0.0037,
102.9958,28,1,ok,0,1,0.5834,0.0005,0.0000,0.5824,0.0004,0.0553,0.4400,0.0834,0.0037,
102.9958,29,1,ok,1,1,0.5846,0.0011,0.0000,0.5831,0.0004,0.0504,0.4448,0.0841,0.0037,
102.9958,30,1,ok,0,1,0.5812,0.0006,0.0000,0.5802,0.0004,0.0524,0.4405,0.0836,0.0035,
102.9958,31,1,ok,1,1,0.5839,0.0004,0.0000,0.5829,0.0006,0.0503,0.4447,0.0842,0.0038,
102.9958,32,1,ok,0,1,0.5866,0.0015,0.0000,0.5848,0.0004,0.0570,0.4407,0.0833,0.0038,
102.9958,33,1,ok,1,1,0.5864,0.0008,0.0000,0.5851,0.0005,0.0509,0.4458,0.0845,0.0038,
102.9958,34,1,ok,0,1,0.5816,0.0012,0.0000,0.5800,0.0004,0.0521,0.4410,0.0831,0.0037,
102.9958,35,1,ok,1,1,0.5852,0.0008,0.0000,0.5839,0.0004,0.0506,0.4455,0.0841,0.0037,
102.9958,36,1,ok,0,1,0.5833,0.0007,0.0000,0.5822,0.0005,0.0527,0.4423,0.0835,0.0037,
102.9958,37,1,ok,1,1,0.5851,0.0011,0.0000,0.5835,0.0004,0.0501,0.4453,0.0843,0.0038,
102.9958,38,1,ok,0,1,0.5834,0.0005,0.0000,0.5824,0.0005,0.0542,0.4407,0.0838,0.0036,
102.9958,39,1,ok,1,1,0.5853,0.0015,0.0000,0.5833,0.0005,0.0504,0.4453,0.0839,0.0037,
102.9958,40,1,ok,0,1,0.5814,0.0003,0.0000,0.5806,0.0004,0.0524,0.4413,0.0833,0.0035,
102.9958,41,1,ok,1,1,0.5861,0.0002,0.0000,0.5854,0.0005,0.0508,0.4467,0.0841,0.0037,
102.9958,42,1,ok,0,1,0.9854,0.0009,0.4025,0.5817,0.0003,0.0533,0.4414,0.0833,0.0037,
102.9958,43,1,ok,1,1,0.8238,0.0012,0.2353,0.5869,0.0004,0.0514,0.4476,0.0844,0.0034,
102.9958,44,1,ok,0,1,1.3199,0.0009,0.7371,0.5817,0.0003,0.0530,0.4416,0.0836,0.0035,
102.9958,45,1,ok,1,1,1.2083,0.0016,0.6194,0.5869,0.0004,0.0519,0.4471,0.0842,0.0038,
102.9958,46,1,ok,0,1,1.6848,0.0018,1.1017,0.5810,0.0003,0.0532,0.4407,0.0836,0.0035,
102.9958,47,1,ok,1,1,1.5449,0.0005,0.9561,0.5880,0.0004,0.0516,0.4483,0.0844,0.0037,
102.9958,48,1,ok,0,1,1.4894,0.0004,0.9065,0.5822,0.0003,0.0532,0.4417,0.0836,0.0037,
102.9958,49,1,ok,1,1,1.2803,0.0004,0.6919,0.5877,0.0004,0.0517,0.4477,0.0846,0.0037,
102.9958,50,1,ok,0,1,1.5383,0.0009,0.9548,0.5824,0.0003,0.0530,0.4421,0.0836,0.0037,
102.9958,51,1,ok,1,1,1.4625,0.0012,0.8729,0.5880,0.0004,0.0519,0.4482,0.0842,0.0037,
102.9958,52,1,ok,0,1,1.8037,0.0005,1.2199,0.5829,0.0003,0.0529,0.4429,0.0835,0.0035,
102.9958,53,1,ok,1,1,0.5871,0.0007,0.0000,0.5859,0.0004,0.0505,0.4470,0.0846,0.0037,
102.9958,54,1,ok,0,1,0.5831,0.0010,0.0000,0.5816,0.0004,0.0529,0.4414,0.0837,0.0036,
102.9958,55,1,ok,1,1,0.5878,0.0006,0.0000,0.5867,0.0005,0.0505,0.4480,0.0846,0.0036,
102.9958,56,1,ok,0,1,0.5831,0.0006,0.0000,0.5821,0.0003,0.0527,0.4419,0.0839,0.0036,
102.9958,57,1,ok,1,1,0.5882,0.0005,0.0000,0.5861,0.0016,0.0507,0.4476,0.0841,0.0035,
102.9958,58,1,ok,0,1,0.5836,0.0020,0.0000,0.5810,0.0005,0.0518,0.4418,0.0836,0.0038,
102.9958,59,1,ok,1,1,0.7943,0.0006,0.2057,0.5873,0.0007,0.0508,0.4483,0.0845,0.0037,
102.9958,60,1,ok,0,1,0.5814,0.0008,0.0000,0.5802,0.0004,0.0517,0.4416,0.0833,0.0035,
102.9958,61,1,ok,1,1,0.5875,0.0005,0.0000,0.5854,0.0016,0.0505,0.4466,0.0846,0.0036,
102.9958,62,1,ok,0,1,0.5822,0.0012,0.0000,0.5805,0.0005,0.0514,0.4420,0.0834,0.0036,
102.9958,63,1,ok,1,1,0.5880,0.0003,0.0000,0.5863,0.0014,0.0509,0.4474,0.0844,0.0036,
102.9958,64,1,ok,0,1,0.5828,0.0007,0.0000,0.5816,0.0005,0.0520,0.4422,0.0837,0.0037,
102.9958,65,1,ok,1,1,0.5874,0.0006,0.0000,0.5858,0.0010,0.0505,0.4471,0.0845,0.0036,
102.9958,66,1,ok,0,1,0.5838,0.0008,0.0000,0.5825,0.0005,0.0522,0.4424,0.0843,0.0036,
102.9958,67,1,ok,1,1,1.0049,0.0010,0.4159,0.5866,0.0014,0.0509,0.4476,0.0844,0.0037,
102.9958,68,1,ok,0,1,0.9286,0.0005,0.3435,0.5842,0.0003,0.0536,0.4430,0.0839,0.0036,
102.9958,69,1,ok,1,1,1.1905,0.0013,0.6013,0.5874,0.0006,0.0512,0.4483,0.0842,0.0037,
102.9958,70,1,ok,0,1,1.1968,0.0008,0.6083,0.5874,0.0003,0.0529,0.4439,0.0869,0.0037,
102.9958,71,1,ok,1,1,0.5893,0.0006,0.0000,0.5883,0.0004,0.0509,0.4488,0.0848,0.0038,
102.9958,72,1,ok,0,1,0.5832,0.0013,0.0000,0.5813,0.0006,0.0520,0.4420,0.0837,0.0036,
102.9958,73,1,ok,1,1,0.5907,0.0006,0.0000,0.5895,0.0006,0.0521,0.4491,0.0846,0.0036,
102.9958,74,1,ok,0,1,0.5818,0.0002,0.0000,0.5812,0.0004,0.0516,0.4422,0.0837,0.0036,
102.9958,75,1,ok,1,1,0.5946,0.0012,0.0000,0.5918,0.0016,0.0550,0.4489,0.0844,0.0035,
102.9958,76,1,ok,0,1,0.5845,0.0007,0.0000,0.5831,0.0006,0.0515,0.4429,0.0851,0.0035,
102.9958,77,1,ok,1,1,0.5890,0.0006,0.0000,0.5874,0.0010,0.0505,0.4483,0.0847,0.0038,
102.9958,78,1,ok,0,1,0.6323,0.0008,0.0467,0.5844,0.0004,0.0522,0.4434,0.0852,0.0035,
102.9958,79,1,ok,1,1,0.8347,0.0019,0.2429,0.5888,0.0011,0.0517,0.4493,0.0841,0.0037,
102.9958,80,1,ok,0,1,0.5910,0.0015,0.0000,0.5890,0.0005,0.0535,0.4433,0.0884,0.0038,
102.9958,81,1,ok,1,1,0.7671,0.0013,0.1758,0.5892,0.0008,0.0514,0.4496,0.0845,0.0036,
102.9958,82,1,ok,0,1,0.5838,0.0009,0.0000,0.5825,0.0004,0.0517,0.4433,0.0838,0.0037,
102.9958,83,1,ok,1,1,0.5896,0.0009,0.0000,0.5874,0.0013,0.0506,0.4484,0.0846,0.0037,
102.9958,84,1,ok,0,1,0.5838,0.0015,0.0000,0.5818,0.0005,0.0518,0.4431,0.0833,0.0035,
102.9958,85,1,ok,1,1,0.7373,0.0017,0.1467,0.5878,0.0011,0.0508,0.4492,0.0842,0.0036,
102.9958,86,1,ok,0,1,0.5824,0.0012,0.0000,0.5807,0.0006,0.0517,0.4420,0.0834,0.0035,
102.9958,87,1,ok,1,1,0.5902,0.0018,0.0000,0.5869,0.0014,0.0507,0.4479,0.0845,0.0038,
102.9958,88,1,ok,0,1,0.6949,0.0005,0.1115,0.5826,0.0004,0.0526,0.4426,0.0838,0.0035,
102.9958,89,1,ok,1,1,1.0955,0.0006,0.5059,0.5874,0.0016,0.0508,0.4488,0.0842,0.0035,
102.9958,90,1,ok,0,1,1.1831,0.0012,0.5980,0.5836,0.0003,0.0528,0.4433,0.0840,0.0035,
102.9958,91,1,ok,1,1,1.0417,0.0010,0.4516,0.5882,0.0008,0.0507,0.4491,0.0845,0.0039,
102.9958,92,1,ok,0,1,0.5847,0.0004,0.0000,0.5836,0.0006,0.0519,0.4444,0.0836,0.0036,
102.9958,93,1,ok,1,1,0.5902,0.0005,0.0000,0.5890,0.0007,0.0506,0.4495,0.0851,0.0037,
102.9958,94,1,ok,0,1,0.8132,0.0006,0.2263,0.5859,0.0004,0.0530,0.4452,0.0841,0.0036,
102.9958,95,1,ok,1,1,0.8609,0.0002,0.2718,0.5883,0.0007,0.0516,0.4487,0.0842,0.0037,
102.9958,96,1,ok,0,1,0.5851,0.0012,0.0000,0.5833,0.0006,0.0531,0.4425,0.0839,0.0037,
102.9958,97,1,ok,1,1,0.5888,0.0011,0.0000,0.5867,0.0010,0.0506,0.4480,0.0844,0.0036,
102.9958,98,1,ok,0,1,0.5843,0.0014,0.0000,0.5823,0.0006,0.0518,0.4431,0.0838,0.0036,
102.9958,99,1,ok,1,1,0.5912,0.0014,0.0000,0.5886,0.0012,0.0513,0.4488,0.0846,0.0039,
102.9958,100,1,ok,0,1,0.5847,0.0010,0.0000,0.5831,0.0006,0.0518,0.4437,0.0840,0.0036,
102.9958,101,1,ok,1,1,0.5903,0.0010,0.0000,0.5884,0.0009,0.0514,0.4490,0.0843,0.0035,
102.9958,102,1,ok,0,1,0.5870,0.0006,0.0000,0.5857,0.0006,0.0532,0.4450,0.0837,0.0037,
102.9958,103,1,ok,1,1,0.5899,0.0007,0.0000,0.5882,0.0010,0.0507,0.4493,0.0844,0.0037,
102.9958,104,1,ok,0,1,0.5848,0.0009,0.0000,0.5834,0.0005,0.0517,0.4438,0.0841,0.0038,
102.9958,105,1,ok,1,1,0.5894,0.0003,0.0000,0.5875,0.0016,0.0505,0.4488,0.0846,0.0036,
102.9958,106,1,ok,0,1,0.5844,0.0008,0.0000,0.5831,0.0006,0.0520,0.4436,0.0838,0.0036,
102.9958,107,1,ok,1,1,0.7771,0.0010,0.1871,0.5883,0.0006,0.0507,0.4493,0.0847,0.0037,
102.9958,108,1,ok,0,1,0.5844,0.0011,0.0000,0.5828,0.0004,0.0516,0.4442,0.0835,0.0035,
102.9958,109,1,ok,1,1,0.5894,0.0015,0.0000,0.5875,0.0004,0.0509,0.4486,0.0843,0.0037,
102.9958,110,1,ok,0,1,0.5855,0.0009,0.0000,0.5840,0.0006,0.0514,0.4446,0.0843,0.0036,
102.9958,111,1,ok,1,1,0.5900,0.0012,0.0000,0.5875,0.0012,0.0508,0.4486,0.0844,0.0036,
102.9958,112,1,ok,0,1,0.5876,0.0015,0.0015,0.5841,0.0004,0.0528,0.4436,0.0840,0.0037,
102.9958,113,1,ok,1,1,0.6608,0.0007,0.0702,0.5887,0.0013,0.0511,0.4496,0.0844,0.0036,
102.9958,114,1,ok,0,1,0.5875,0.0008,0.0000,0.5862,0.0005,0.0527,0.4442,0.0855,0.0038,
102.9958,115,1,ok,1,1,0.5898,0.0015,0.0000,0.5879,0.0005,0.0505,0.4491,0.0844,0.0038,
102.9958,116,1,ok,0,1,0.5873,0.0015,0.0000,0.5853,0.0005,0.0518,0.4448,0.0850,0.0037,
102.9958,117,1,ok,1,1,0.5911,0.0011,0.0000,0.5894,0.0006,0.0511,0.4500,0.0846,0.0036,
102.9958,118,1,ok,0,1,0.5856,0.0010,0.0000,0.5840,0.0006,0.0520,0.4445,0.0837,0.0037,
102.9958,119,1,ok,1,1,0.5905,0.0006,0.0000,0.5894,0.0005,0.0515,0.4496,0.0846,0.0037,
102.9958,120,1,ok,0,1,0.5893,0.0003,0.0000,0.5885,0.0005,0.0516,0.4440,0.0893,0.0035,
102.9958,121,1,ok,1,1,0.5893,0.0005,0.0000,0.5875,0.0013,0.0511,0.4483,0.0845,0.0035,
102.9958,122,1,ok,0,1,0.5843,0.0004,0.0000,0.5833,0.0006,0.0514,0.4444,0.0838,0.0036,
102.9958,123,1,ok,1,1,0.5907,0.0008,0.0000,0.5891,0.0008,0.0512,0.4497,0.0845,0.0037,
102.9958,124,1,ok,0,1,0.7300,0.0004,0.1433,0.5859,0.0004,0.0522,0.4444,0.0855,0.0037,
102.9958,125,1,ok,1,1,0.9531,0.0009,0.3613,0.5898,0.0012,0.0514,0.4501,0.0847,0.0035,
102.9958,126,1,ok,0,1,1.0743,0.0006,0.4898,0.5837,0.0003,0.0520,0.4444,0.0837,0.0036,
102.9958,127,1,ok,1,1,0.5889,0.0014,0.0000,0.5871,0.0004,0.0501,0.4491,0.0842,0.0037,
102.9958,128,1,ok,0,1,0.5870,0.0007,0.0000,0.5857,0.0006,0.0515,0.4439,0.0865,0.0038,
102.9958,129,1,ok,1,1,0.5920,0.0006,0.0000,0.5899,0.0015,0.0526,0.4491,0.0845,0.0036,
102.9958,130,1,ok,0,1,0.5866,0.0010,0.0000,0.5851,0.0005,0.0522,0.4447,0.0843,0.0038,
102.9958,131,1,ok,1,1,0.9321,0.0006,0.3426,0.5881,0.0008,0.0509,0.4493,0.0844,0.0035,
102.9958,132,1,ok,0,1,0.5860,0.0010,0.0000,0.5846,0.0004,0.0522,0.4447,0.0842,0.0034,
102.9958,133,1,ok,1,1,0.5909,0.0017,0.0000,0.5875,0.0017,0.0504,0.4489,0.0846,0.0036,
102.9958,134,1,ok,0,1,0.5864,0.0037,0.0000,0.5823,0.0004,0.0515,0.4433,0.0838,0.0036,
102.9958,135,1,ok,1,1,0.7410,0.0008,0.1503,0.5885,0.0014,0.0510,0.4495,0.0842,0.0037,
102.9958,136,1,ok,0,1,0.7420,0.0002,0.1568,0.5847,0.0003,0.0525,0.4451,0.0836,0.0035,
102.9958,137,1,ok,1,1,0.5887,0.0004,0.0000,0.5879,0.0004,0.0505,0.4493,0.0844,0.0036,
102.9958,138,1,ok,0,1,0.5850,0.0004,0.0000,0.5841,0.0005,0.0516,0.4452,0.0835,0.0038,
102.9958,139,1,ok,1,1,0.5927,0.0007,0.0000,0.5913,0.0007,0.0531,0.4497,0.0847,0.0037,
102.9958,140,1,ok,0,1,0.7148,0.0007,0.1285,0.5851,0.0005,0.0522,0.4452,0.0838,0.0039,
102.9958,141,1,ok,1,1,0.5911,0.0005,0.0000,0.5898,0.0009,0.0511,0.4506,0.0846,0.0035,
102.9958,142,1,ok,0,1,0.6553,0.0007,0.0698,0.5844,0.0004,0.0522,0.4447,0.0839,0.0036,
102.9958,143,1,ok,1,1,0.5922,0.0005,0.0000,0.5905,0.0011,0.0516,0.4509,0.0846,0.0035,
102.9958,144,1,ok,0,1,0.5853,0.0006,0.0000,0.5841,0.0005,0.0517,0.4452,0.0837,0.0035,
102.9958,145,1,ok,1,1,0.7232,0.0003,0.1327,0.5898,0.0003,0.0513,0.4506,0.0843,0.0036,
102.9958,146,1,ok,0,1,0.5847,0.0003,0.0000,0.5841,0.0003,0.0508,0.4455,0.0843,0.0034,
102.9958,147,1,ok,1,1,0.5949,0.0005,0.0000,0.5933,0.0012,0.0541,0.4509,0.0845,0.0037,
102.9958,148,1,ok,0,1,0.5880,0.0002,0.0000,0.5872,0.0005,0.0527,0.4467,0.0841,0.0037,
102.9958,149,1,ok,1,1,0.8385,0.0010,0.2455,0.5914,0.0006,0.0513,0.4518,0.0845,0.0037,
102.9958,150,1,ok,0,1,0.5863,0.0008,0.0000,0.5850,0.0005,0.0517,0.4453,0.0840,0.0040,
102.9958,151,1,ok,1,1,0.5929,0.0021,0.0000,0.5902,0.0006,0.0504,0.4510,0.0850,0.0038,
102.9958,152,1,ok,0,1,0.5868,0.0011,0.0000,0.5851,0.0006,0.0518,0.4455,0.0839,0.0038,
102.9958,153,1,ok,1,1,0.5925,0.0008,0.0000,0.5909,0.0008,0.0513,0.4511,0.0848,0.0036,
102.9958,154,1,ok,0,1,0.6763,0.0010,0.0860,0.5888,0.0005,0.0545,0.4468,0.0838,0.0036,
102.9958,155,1,ok,1,1,0.9601,0.0011,0.3680,0.5902,0.0008,0.0512,0.4510,0.0845,0.0035,
102.9958,156,1,ok,0,1,0.8752,0.0012,0.2865,0.5871,0.0004,0.0532,0.4461,0.0842,0.0037,
102.9958,157,1,ok,1,1,0.7957,0.0011,0.2017,0.5915,0.0014,0.0512,0.4521,0.0847,0.0036,
102.9958,158,1,ok,0,1,0.7926,0.0010,0.2049,0.5864,0.0003,0.0528,0.4464,0.0838,0.0034,
102.9958,159,1,ok,1,1,1.0904,0.0018,0.4966,0.5914,0.0006,0.0512,0.4520,0.0846,0.0035,
102.9958,160,1,ok,0,1,1.1924,0.0011,0.6038,0.5872,0.0003,0.0527,0.4471,0.0838,0.0036,
102.9958,161,1,ok,1,1,1.0585,0.0009,0.4657,0.5916,0.0003,0.0512,0.4520,0.0846,0.0038,
102.9958,162,1,ok,0,1,1.0477,0.0007,0.4593,0.5873,0.0004,0.0527,0.4468,0.0841,0.0036,
102.9958,163,1,ok,1,1,0.5916,0.0004,0.0000,0.5908,0.0004,0.0507,0.4519,0.0847,0.0035,
102.9958,164,1,ok,0,1,0.5858,0.0005,0.0000,0.5847,0.0006,0.0514,0.4456,0.0841,0.0036,
102.9958,165,1,ok,1,1,0.5987,0.0010,0.0000,0.5966,0.0011,0.0540,0.4536,0.0851,0.0039,
102.9958,166,1,ok,0,1,0.9714,0.0011,0.3836,0.5862,0.0005,0.0522,0.4466,0.0837,0.0037,
102.9958,167,1,ok,1,1,0.5963,0.0008,0.0000,0.5941,0.0014,0.0525,0.4530,0.0849,0.0036,
102.9958,168,1,ok,0,1,0.7745,0.0008,0.1861,0.5872,0.0004,0.0524,0.4474,0.0837,0.0036,
102.9958,169,1,ok,1,1,0.9672,0.0004,0.3728,0.5929,0.0011,0.0513,0.4531,0.0846,0.0038,
102.9958,170,1,ok,0,1,0.5872,0.0010,0.0000,0.5855,0.0007,0.0514,0.4461,0.0841,0.0039,
102.9958,171,1,ok,1,1,0.5932,0.0007,0.0000,0.5912,0.0012,0.0508,0.4523,0.0845,0.0035,
102.9958,172,1,ok,0,1,0.5878,0.0008,0.0000,0.5864,0.0005,0.0515,0.4474,0.0839,0.0035,
102.9958,173,1,ok,1,1,0.5940,0.0008,0.0000,0.5920,0.0012,0.0508,0.4527,0.0848,0.0036,
102.9958,174,1,ok,0,1,0.5877,0.0007,0.0000,0.5864,0.0006,0.0523,0.4466,0.0841,0.0034,
102.9958,175,1,ok,1,1,0.5951,0.0010,0.0000,0.5925,0.0015,0.0505,0.4534,0.0849,0.0037,
102.9958,176,1,ok,0,1,0.9946,0.0027,0.4027,0.5888,0.0004,0.0526,0.4486,0.0839,0.0036,
102.9958,177,1,ok,1,1,0.8007,0.0018,0.2054,0.5932,0.0003,0.0513,0.4534,0.0848,0.0036,
102.9958,178,1,ok,0,1,0.9340,0.0005,0.3446,0.5885,0.0004,0.0527,0.4482,0.0841,0.0035,
102.9958,179,1,ok,1,1,0.7076,0.0008,0.1124,0.5937,0.0008,0.0514,0.4535,0.0851,0.0037,
102.9958,180,1,ok,0,1,0.5882,0.0010,0.0000,0.5867,0.0005,0.0517,0.4475,0.0839,0.0035,
102.9958,181,1,ok,1,1,0.5940,0.0005,0.0000,0.5930,0.0004,0.0515,0.4530,0.0847,0.0037,
102.9958,182,1,ok,0,1,0.5876,0.0011,0.0000,0.5860,0.0005,0.0516,0.4469,0.0839,0.0035,
102.9958,183,1,ok,1,1,0.5967,0.0010,0.0000,0.5948,0.0008,0.0532,0.4534,0.0846,0.0035,
102.9958,184,1,ok,0,1,0.8152,0.0006,0.2265,0.5876,0.0004,0.0526,0.4474,0.0840,0.0036,
102.9958,185,1,ok,1,1,0.6511,0.0010,0.0542,0.5946,0.0013,0.0516,0.4544,0.0849,0.0037,
102.9958,186,1,ok,0,1,0.5890,0.0015,0.0000,0.5869,0.0005,0.0518,0.4475,0.0840,0.0036,
102.9958,187,1,ok,1,1,0.5942,0.0003,0.0000,0.5931,0.0008,0.0510,0.4535,0.0849,0.0037,
102.9958,188,1,ok,0,1,0.8886,0.0007,0.2988,0.5887,0.0004,0.0525,0.4486,0.0841,0.0035,
102.9958,189,1,ok,1,1,0.7205,0.0010,0.1235,0.5949,0.0011,0.0516,0.4547,0.0850,0.0036,
102.9958,190,1,ok,0,1,0.8116,0.0007,0.2220,0.5887,0.0003,0.0526,0.4484,0.0841,0.0035,
102.9958,191,1,ok,1,1,0.8071,0.0007,0.2103,0.5948,0.0012,0.0512,0.4551,0.0849,0.0035,
102.9958,192,1,ok,0,1,1.0435,0.0003,0.4537,0.5892,0.0003,0.0526,0.4488,0.0841,0.0037,
102.9958,193,1,ok,1,1,0.5941,0.0005,0.0000,0.5927,0.0008,0.0505,0.4534,0.0849,0.0038,
102.9958,194,1,ok,0,1,0.5899,0.0011,0.0000,0.5882,0.0005,0.0516,0.4488,0.0842,0.0035,
102.9958,195,1,ok,1,1,0.5961,0.0016,0.0000,0.5937,0.0008,0.0509,0.4532,0.0858,0.0036,
102.9958,196,1,ok,0,1,0.5905,0.0009,0.0000,0.5891,0.0005,0.0517,0.4491,0.0846,0.0036,
102.9958,197,1,ok,1,1,0.6952,0.0009,0.0993,0.5939,0.0011,0.0511,0.4542,0.0848,0.0038,
102.9958,198,1,ok,0,1,0.5901,0.0016,0.0000,0.5880,0.0005,0.0526,0.4469,0.0844,0.0039,
102.9958,199,1,ok,1,1,0.5960,0.0014,0.0000,0.5941,0.0005,0.0502,0.4525,0.0876,0.0037,
102.9958,200,1,ok,0,1,0.5953,0.0011,0.0000,0.5936,0.0005,0.0513,0.4470,0.0915,0.0038,
102.9958,201,1,ok,1,1,0.5948,0.0007,0.0000,0.5936,0.0005,0.0520,0.4527,0.0850,0.0039,
102.9958,202,1,ok,0,1,0.5872,0.0004,0.0000,0.5863,0.0005,0.0514,0.4469,0.0841,0.0039,
102.9958,203,1,ok,1,1,0.5953,0.0007,0.0000,0.5934,0.0011,0.0527,0.4525,0.0846,0.0036,
102.9958,204,1,ok,0,1,0.6815,0.0013,0.0927,0.5871,0.0004,0.0525,0.4470,0.0841,0.0036,
102.9958,205,1,ok,1,1,0.6612,0.0011,0.0668,0.5928,0.0005,0.0508,0.4538,0.0845,0.0037,
102.9958,206,1,ok,0,1,0.8308,0.0010,0.2418,0.5876,0.0004,0.0524,0.4473,0.0839,0.0040,
102.9958,207,1,ok,1,1,0.9216,0.0010,0.3264,0.5938,0.0004,0.0511,0.4543,0.0849,0.0035,
102.9958,208,1,ok,0,1,1.1063,0.0004,0.5177,0.5879,0.0004,0.0521,0.4478,0.0843,0.0037,
102.9958,209,1,ok,1,1,0.5945,0.0018,0.0000,0.5922,0.0005,0.0500,0.4530,0.0850,0.0041,
144.1941,0,0,ok,0,1,0.5892,0.0010,0.0000,0.5877,0.0005,0.0515,0.4468,0.0856,0.0037,
144.1941,1,0,ok,1,1,0.5940,0.0007,0.0000,0.5928,0.0005,0.0513,0.4528,0.0850,0.0036,
144.1941,2,0,ok,0,1,1.0339,0.0022,0.4426,0.5888,0.0004,0.0531,0.4481,0.0839,0.0037,
144.1941,3,0,ok,1,1,0.9505,0.0013,0.3538,0.5950,0.0004,0.0515,0.4547,0.0850,0.0037,
144.1941,4,0,ok,0,1,0.9622,0.0006,0.3734,0.5879,0.0003,0.0523,0.4474,0.0843,0.0038,
144.1941,5,0,ok,1,1,0.5946,0.0009,0.0000,0.5932,0.0005,0.0504,0.4542,0.0849,0.0038,
144.1941,6,0,ok,0,1,0.5900,0.0013,0.0000,0.5882,0.0004,0.0521,0.4483,0.0842,0.0036,
144.1941,7,0,ok,1,1,0.5939,0.0007,0.0000,0.5926,0.0005,0.0500,0.4540,0.0848,0.0038,
144.1941,8,0,ok,0,1,0.9148,0.0010,0.3231,0.5903,0.0004,0.0526,0.4498,0.0844,0.0036,
144.1941,9,0,ok,1,1,0.9476,0.0007,0.3526,0.5940,0.0004,0.0512,0.4545,0.0846,0.0036,
144.1941,10,1,ok,0,1,1.3898,0.0002,0.7993,0.5899,0.0004,0.0528,0.4490,0.0842,0.0040,
144.1941,11,1,ok,1,1,1.1476,0.0009,0.5511,0.5952,0.0004,0.0512,0.4553,0.0850,0.0037,
144.1941,12,1,ok,0,1,1.6765,0.0008,1.0849,0.5904,0.0003,0.0528,0.4496,0.0843,0.0036,
144.1941,13,1,ok,1,1,1.6398,0.0008,1.0434,0.5952,0.0004,0.0509,0.4555,0.0852,0.0036,
144.1941,14,1,ok,0,1,1.7378,0.0007,1.1468,0.5899,0.0004,0.0526,0.4494,0.0840,0.0038,
144.1941,15,1,ok,1,1,1.4707,0.0008,0.8746,0.5949,0.0004,0.0516,0.4547,0.0849,0.0036,
144.1941,16,1,ok,0,1,1.8981,0.0014,1.3051,0.5910,0.0005,0.0528,0.4502,0.0845,0.0036,
144.1941,17,1,ok,1,1,1.5916,0.0004,0.9965,0.5944,0.0004,0.0511,0.4549,0.0847,0.0036,
144.1941,18,1,ok,0,1,1.4287,0.0013,0.8368,0.5903,0.0003,0.0529,0.4495,0.0842,0.0038,
144.1941,19,1,ok,1,1,1.4948,0.0007,0.8984,0.5954,0.0004,0.0510,0.4558,0.0849,0.0036,
144.1941,20,1,ok,0,1,1.3350,0.0010,0.7430,0.5907,0.0003,0.0525,0.4502,0.0845,0.0035,
144.1941,21,1,ok,1,1,0.9112,0.0011,0.3133,0.5964,0.0004,0.0512,0.4564,0.0852,0.0035,
144.1941,22,1,ok,0,1,1.2549,0.0004,0.6632,0.5910,0.0003,0.0528,0.4503,0.0842,0.0037,
144.1941,23,1,ok,1,1,1.2638,0.0002,0.6676,0.5956,0.0004,0.0510,0.4558,0.0851,0.0036,
144.1941,24,1,ok,0,1,0.5920,0.0006,0.0000,0.5909,0.0005,0.0518,0.4509,0.0845,0.0036,
144.1941,25,1,ok,1,1,0.5954,0.0012,0.0000,0.5937,0.0004,0.0500,0.4551,0.0850,0.0035,
144.1941,26,1,ok,0,1,0.9729,0.0009,0.3798,0.5918,0.0003,0.0532,0.4506,0.0844,0.0036,
144.1941,27,1,ok,1,1,1.1098,0.0007,0.5118,0.5969,0.0004,0.0510,0.4572,0.0849,0.0037,
144.1941,28,1,ok,0,1,0.7399,0.0006,0.1475,0.5915,0.0004,0.0526,0.4510,0.0842,0.0036,
144.1941,29,1,ok,1,1,0.5966,0.0003,0.0000,0.5958,0.0005,0.0500,0.4570,0.0851,0.0036,
144.1941,30,1,ok,0,1,0.5919,0.0010,0.0000,0.5904,0.0004,0.0517,0.4507,0.0844,0.0035,
144.1941,31,1,ok,1,1,0.5980,0.0014,0.0000,0.5961,0.0005,0.0504,0.4569,0.0850,0.0038,
144.1941,32,1,ok,0,1,0.5906,0.0002,0.0000,0.5899,0.0005,0.0512,0.4504,0.0846,0.0037,
144.1941,33,1,ok,1,1,0.5962,0.0010,0.0000,0.5946,0.0005,0.0504,0.4554,0.0850,0.0038,
144.1941,34,1,ok,0,1,0.5912,0.0005,0.0000,0.5902,0.0005,0.0510,0.4509,0.0846,0.0037,
144.1941,35,1,ok,1,1,0.6600,0.0009,0.0632,0.5955,0.0004,0.0509,0.4560,0.0849,0.0037,
144.1941,36,1,ok,0,1,0.5907,0.0004,0.0000,0.5899,0.0005,0.0524,0.4498,0.0840,0.0036,
144.1941,37,1,ok,1,1,0.5974,0.0012,0.0000,0.5957,0.0005,0.0498,0.4570,0.0851,0.0037,
144.1941,38,1,ok,0,1,0.5909,0.0007,0.0000,0.5898,0.0005,0.0511,0.4506,0.0845,0.0035,
144.1941,39,1,ok,1,1,0.5969,0.0008,0.0000,0.5955,0.0005,0.0502,0.4566,0.0849,0.0037,
144.1941,40,1,ok,0,1,0.5903,0.0006,0.0000,0.5892,0.0004,0.0511,0.4502,0.0843,0.0035,
144.1941,41,1,ok,1,1,0.6668,0.0004,0.0696,0.5964,0.0004,0.0506,0.4571,0.0851,0.0036,
144.1941,42,1,ok,0,1,1.0543,0.0006,0.4625,0.5908,0.0003,0.0523,0.4506,0.0841,0.0037,
144.1941,43,1,ok,1,1,1.0139,0.0017,0.4153,0.5965,0.0004,0.0507,0.4571,0.0853,0.0034,
144.1941,44,1,ok,0,1,1.4686,0.0002,0.8773,0.5907,0.0003,0.0523,0.4505,0.0843,0.0036,
144.1941,45,1,ok,1,1,1.4664,0.0012,0.8679,0.5969,0.0004,0.0509,0.4570,0.0852,0.0038,
144.1941,46,1,ok,0,1,1.9065,0.0010,1.3130,0.5921,0.0003,0.0523,0.4519,0.0844,0.0035,
144.1941,47,1,ok,1,1,1.8830,0.0005,1.2860,0.5961,0.0003,0.0507,0.4567,0.0850,0.0036,
144.1941,48,1,ok,0,1,1.9428,0.0008,1.3499,0.5917,0.0003,0.0524,0.4514,0.0841,0.0037,
144.1941,49,1,ok,1,1,1.8717,0.0006,1.2733,0.5973,0.0004,0.0508,0.4579,0.0849,0.0037,
144.1941,50,1,ok,0,1,2.1542,0.0011,1.5605,0.5923,0.0003,0.0521,0.4520,0.0844,0.0038,
144.1941,51,1,ok,1,1,2.1798,0.0005,1.5810,0.5980,0.0004,0.0507,0.4586,0.0849,0.0037,
144.1941,52,1,ok,0,1,2.5193,0.0005,1.9266,0.5918,0.0004,0.0524,0.4516,0.0843,0.0035,
144.1941,53,1,ok,1,1,1.5009,0.0009,0.9016,0.5981,0.0004,0.0506,0.4587,0.0850,0.0037,
144.1941,54,1,ok,0,1,1.5298,0.0010,0.9358,0.5928,0.0003,0.0524,0.4526,0.0842,0.0035,
144.1941,55,1,ok,1,1,1.2740,0.0008,0.6747,0.5981,0.0004,0.0505,0.4591,0.0849,0.0036,
144.1941,56,1,ok,0,1,1.6544,0.0002,1.0606,0.5932,0.0003,0.0522,0.4530,0.0844,0.0035,
144.1941,57,1,ok,1,1,1.2511,0.0005,0.6520,0.5983,0.0004,0.0508,0.4588,0.0850,0.0036,
144.1941,58,1,ok,0,1,1.6293,0.0010,1.0357,0.5922,0.0003,0.0522,0.4519,0.0842,0.0038,
144.1941,59,1,ok,1,1,1.5774,0.0007,0.9776,0.5987,0.0004,0.0506,0.4592,0.0852,0.0037,
144.1941,60,1,ok,0,1,0.5919,0.0010,0.0000,0.5905,0.0004,0.0513,0.4513,0.0844,0.0035,
144.1941,61,1,ok,1,1,0.6008,0.0015,0.0000,0.5988,0.0005,0.0504,0.4596,0.0851,0.0037,
144.1941,62,1,ok,0,1,0.5943,0.0004,0.0000,0.5934,0.0004,0.0517,0.4533,0.0847,0.0037,
144.1941,63,1,ok,1,1,0.6005,0.0013,0.0000,0.5987,0.0005,0.0505,0.4595,0.0851,0.0036,
144.1941,64,1,ok,0,1,0.5935,0.0008,0.0000,0.5922,0.0005,0.0515,0.4525,0.0845,0.0036,
144.1941,65,1,ok,1,1,0.5980,0.0002,0.0000,0.5972,0.0005,0.0501,0.4580,0.0852,0.0038,
144.1941,66,1,ok,0,1,0.5931,0.0003,0.0000,0.5923,0.0004,0.0515,0.4526,0.0846,0.0036,
144.1941,67,1,ok,1,1,1.0754,0.0009,0.4752,0.5989,0.0004,0.0509,0.4589,0.0853,0.0037,
144.1941,68,1,ok,0,1,1.0153,0.0005,0.4213,0.5932,0.0003,0.0523,0.4530,0.0843,0.0036,
144.1941,69,1,ok,1,1,1.3885,0.0010,0.7870,0.6000,0.0004,0.0512,0.4598,0.0854,0.0037,
144.1941,70,1,ok,0,1,1.3819,0.0006,0.7864,0.5946,0.0003,0.0525,0.4539,0.0845,0.0036,
144.1941,71,1,ok,1,1,0.6981,0.0012,0.0973,0.5992,0.0004,0.0510,0.4590,0.0854,0.0037,
144.1941,72,1,ok,0,1,0.5942,0.0005,0.0000,0.5932,0.0004,0.0514,0.4534,0.0847,0.0036,
144.1941,73,1,ok,1,1,0.5999,0.0007,0.0000,0.5987,0.0005,0.0500,0.4599,0.0852,0.0036,
144.1941,74,1,ok,0,1,0.5940,0.0008,0.0000,0.5928,0.0003,0.0508,0.4538,0.0846,0.0036,
144.1941,75,1,ok,1,1,0.6011,0.0002,0.0000,0.6005,0.0005,0.0509,0.4606,0.0854,0.0036,
144.1941,76,1,ok,0,1,0.5952,0.0012,0.0000,0.5934,0.0005,0.0520,0.4534,0.0845,0.0035,
144.1941,77,1,ok,1,1,0.6001,0.0012,0.0000,0.5984,0.0005,0.0503,0.4589,0.0853,0.0038,
144.1941,78,1,ok,0,1,0.8064,0.0004,0.2112,0.5944,0.0004,0.0528,0.4537,0.0844,0.0035,
144.1941,79,1,ok,1,1,0.9553,0.0018,0.3524,0.6007,0.0004,0.0509,0.4606,0.0855,0.0037,
144.1941,80,1,ok,0,1,0.9426,0.0004,0.3453,0.5966,0.0003,0.0528,0.4556,0.0846,0.0036,
144.1941,81,1,ok,1,1,1.0883,0.0008,0.4848,0.6024,0.0004,0.0511,0.4619,0.0857,0.0036,
144.1941,82,1,ok,0,1,1.0472,0.0006,0.4496,0.5967,0.0003,0.0528,0.4552,0.0849,0.0036,
144.1941,83,1,ok,1,1,0.6028,0.0010,0.0000,0.6013,0.0005,0.0499,0.4620,0.0857,0.0037,
144.1941,84,1,ok,0,1,0.5952,0.0011,0.0000,0.5936,0.0005,0.0516,0.4538,0.0846,0.0035,
144.1941,85,1,ok,1,1,0.8923,0.0004,0.2872,0.6043,0.0004,0.0508,0.4639,0.0860,0.0036,
144.1941,86,1,ok,0,1,0.5951,0.0008,0.0000,0.5938,0.0004,0.0518,0.4540,0.0844,0.0035,
144.1941,87,1,ok,1,1,0.5996,0.0009,0.0000,0.5981,0.0005,0.0500,0.4586,0.0858,0.0038,
144.1941,88,1,ok,0,1,0.8551,0.0005,0.2585,0.5957,0.0003,0.0528,0.4548,0.0845,0.0036,
144.1941,89,1,ok,1,1,1.1418,0.0005,0.5393,0.6016,0.0004,0.0508,0.4615,0.0858,0.0035,
144.1941,90,1,ok,0,1,1.3826,0.0004,0.7863,0.5956,0.0003,0.0527,0.4548,0.0846,0.0035,
144.1941,91,1,ok,1,1,1.2870,0.0011,0.6815,0.6040,0.0004,0.0506,0.4634,0.0860,0.0039,
144.1941,92,1,ok,0,1,0.9153,0.0007,0.3175,0.5968,0.0003,0.0527,0.4555,0.0849,0.0036,
144.1941,93,1,ok,1,1,1.0132,0.0004,0.4049,0.6076,0.0004,0.0505,0.4671,0.0863,0.0037,
144.1941,94,1,ok,0,1,1.2570,0.0002,0.6596,0.5969,0.0003,0.0527,0.4555,0.0848,0.0038,
144.1941,95,1,ok,1,1,1.4027,0.0010,0.7849,0.6164,0.0004,0.0501,0.4760,0.0866,0.0037,
144.1941,96,1,ok,0,1,0.5955,0.0015,0.0000,0.5935,0.0004,0.0517,0.4534,0.0847,0.0037,
144.1941,97,1,ok,1,1,0.6018,0.0007,0.0000,0.6006,0.0005,0.0499,0.4613,0.0857,0.0036,
144.1941,98,1,ok,0,1,0.5949,0.0016,0.0000,0.5929,0.0004,0.0511,0.4537,0.0846,0.0035,
144.1941,99,1,ok,1,1,0.6021,0.0008,0.0000,0.6007,0.0005,0.0504,0.4612,0.0852,0.0039,
144.1941,100,1,ok,0,1,0.5937,0.0002,0.0000,0.5931,0.0004,0.0510,0.4537,0.0848,0.0035,
144.1941,101,1,ok,0,1,0.6579,0.0012,0.0618,0.5946,0.0003,0.0523,0.4543,0.0845,0.0035,
144.1941,102,1,ok,1,1,0.6035,0.0008,0.0000,0.6023,0.0004,0.0502,0.4622,0.0861,0.0037,
144.1941,103,1,ok,0,1,0.5950,0.0004,0.0000,0.5942,0.0004,0.0510,0.4549,0.0846,0.0036,
144.1941,104,1,ok,1,1,0.7613,0.0006,0.1534,0.6069,0.0004,0.0509,0.4661,0.0861,0.0038,
144.1941,105,1,ok,0,1,0.6360,0.0013,0.0383,0.5960,0.0003,0.0520,0.4556,0.0848,0.0036,
144.1941,106,1,ok,1,1,0.8983,0.0006,0.2852,0.6120,0.0004,0.0510,0.4707,0.0867,0.0036,
144.1941,107,1,ok,0,1,0.9461,0.0016,0.3478,0.5963,0.0003,0.0522,0.4557,0.0848,0.0037,
144.1941,108,1,ok,1,1,1.0273,0.0013,0.4081,0.6176,0.0004,0.0506,0.4762,0.0872,0.0035,
144.1941,109,1,ok,0,1,0.5962,0.0002,0.0000,0.5955,0.0004,0.0511,0.4557,0.0850,0.0037,
144.1941,110,1,ok,1,1,0.6076,0.0027,0.0001,0.6036,0.0012,0.0503,0.4635,0.0861,0.0036,
144.1941,111,1,ok,0,1,0.5961,0.0003,0.0000,0.5952,0.0006,0.0516,0.4552,0.0848,0.0036,
144.1941,112,1,ok,1,1,0.8034,0.0009,0.1907,0.6111,0.0008,0.0510,0.4691,0.0871,0.0038,
144.1941,113,1,ok,0,1,0.8217,0.0012,0.2241,0.5960,0.0004,0.0522,0.4555,0.0846,0.0036,
144.1941,114,1,ok,1,1,0.6112,0.0007,0.0000,0.6094,0.0011,0.0498,0.4685,0.0873,0.0038,
144.1941,115,1,ok,0,1,0.5967,0.0010,0.0000,0.5952,0.0005,0.0515,0.4553,0.0847,0.0037,
144.1941,116,1,ok,1,1,0.6091,0.0008,0.0000,0.6067,0.0016,0.0498,0.4658,0.0875,0.0037,
144.1941,117,1,ok,0,1,0.6228,0.0015,0.0238,0.5971,0.0004,0.0523,0.4566,0.0847,0.0036,
144.1941,118,1,ok,1,1,0.6165,0.0018,0.0000,0.6140,0.0006,0.0497,0.4727,0.0878,0.0037,
144.1941,119,1,ok,0,1,0.7617,0.0010,0.1621,0.5983,0.0004,0.0522,0.4576,0.0848,0.0036,
144.1941,120,1,ok,1,1,0.6103,0.0004,0.0000,0.6085,0.0013,0.0501,0.4672,0.0875,0.0036,
144.1941,121,1,ok,0,1,0.5995,0.0012,0.0000,0.5977,0.0005,0.0513,0.4580,0.0850,0.0034,
144.1941,122,1,ok,1,1,0.6113,0.0002,0.0000,0.6103,0.0007,0.0501,0.4686,0.0878,0.0037,
144.1941,123,1,ok,0,1,0.5973,0.0003,0.0000,0.5965,0.0005,0.0509,0.4569,0.0851,0.0036,
144.1941,124,1,ok,1,1,0.9335,0.0001,0.2965,0.6364,0.0006,0.0505,0.4926,0.0895,0.0037,
144.1941,125,1,ok,0,1,1.0332,0.0004,0.4336,0.5989,0.0003,0.0520,0.4585,0.0849,0.0035,
144.1941,126,1,ok,1,1,1.4233,0.0003,0.7620,0.6601,0.0009,0.0492,0.5156,0.0917,0.0036,
144.1941,127,1,ok,0,1,0.6005,0.0011,0.0000,0.5990,0.0004,0.0507,0.4589,0.0857,0.0036,
144.1941,128,1,ok,1,1,0.6142,0.0010,0.0000,0.6126,0.0007,0.0494,0.4716,0.0879,0.0037,
144.1941,129,1,ok,0,1,0.5976,0.0001,0.0000,0.5970,0.0004,0.0510,0.4567,0.0857,0.0035,
144.1941,130,1,ok,1,1,0.6119,0.0006,0.0000,0.6101,0.0012,0.0496,0.4691,0.0875,0.0038,
144.1941,131,1,ok,0,1,1.0202,0.0009,0.4189,0.6000,0.0004,0.0522,0.4579,0.0864,0.0035,
144.1941,132,1,ok,1,1,0.6117,0.0012,0.0000,0.6092,0.0013,0.0495,0.4687,0.0874,0.0035,
144.1941,133,1,ok,0,1,0.5982,0.0006,0.0000,0.5971,0.0005,0.0519,0.4564,0.0852,0.0036,
144.1941,134,1,ok,1,1,0.6096,0.0006,0.0000,0.6084,0.0006,0.0501,0.4675,0.0872,0.0036,
144.1941,135,1,ok,0,1,0.8839,0.0011,0.2829,0.5995,0.0003,0.0524,0.4579,0.0855,0.0037,
144.1941,136,1,ok,1,1,0.9418,0.0004,0.3025,0.6378,0.0010,0.0502,0.4933,0.0908,0.0036,
144.1941,137,1,ok,0,1,0.8623,0.0005,0.2586,0.6028,0.0004,0.0526,0.4592,0.0873,0.0036,
144.1941,138,1,ok,1,1,0.6188,0.0012,0.0000,0.6163,0.0013,0.0492,0.4749,0.0884,0.0037,
144.1941,139,1,ok,0,1,0.8051,0.0006,0.2004,0.6037,0.0003,0.0516,0.4620,0.0865,0.0036,
144.1941,140,1,ok,1,1,0.9523,0.0009,0.2924,0.6577,0.0012,0.0486,0.5107,0.0945,0.0039,
144.1941,141,1,ok,0,1,0.8119,0.0004,0.2042,0.6069,0.0003,0.0521,0.4650,0.0863,0.0034,
144.1941,142,1,ok,1,1,1.1791,0.0005,0.4916,0.6867,0.0003,0.0495,0.5387,0.0948,0.0036,
144.1941,143,1,ok,0,1,0.6098,0.0022,0.0000,0.6070,0.0005,0.0512,0.4657,0.0866,0.0035,
144.1941,144,1,ok,1,1,0.7899,0.0007,0.0927,0.6962,0.0003,0.0502,0.5458,0.0966,0.0036,
144.1941,145,1,ok,0,1,0.9016,0.0004,0.2814,0.6194,0.0004,0.0514,0.4770,0.0873,0.0036,
144.1941,146,1,ok,1,1,1.0697,0.0006,0.3677,0.7010,0.0003,0.0496,0.5502,0.0978,0.0035,
144.1941,147,1,ok,0,1,0.6507,0.0003,0.0341,0.6159,0.0004,0.0521,0.4735,0.0866,0.0036,
144.1941,148,1,ok,1,1,1.0770,0.0012,0.4303,0.6451,0.0003,0.0517,0.4989,0.0908,0.0037,
144.1941,149,1,ok,0,1,1.0302,0.0010,0.4008,0.6280,0.0004,0.0512,0.4849,0.0882,0.0037,
144.1941,150,1,ok,1,1,0.6144,0.0005,0.0000,0.6135,0.0004,0.0512,0.4705,0.0876,0.0041,
144.1941,151,1,ok,0,1,0.6027,0.0012,0.0000,0.6010,0.0005,0.0512,0.4604,0.0856,0.0037,
144.1941,152,1,ok,1,1,0.6144,0.0010,0.0000,0.6129,0.0004,0.0514,0.4702,0.0875,0.0038,
144.1941,153,1,ok,0,1,0.6665,0.0003,0.0593,0.6066,0.0004,0.0516,0.4647,0.0867,0.0035,
144.1941,154,1,ok,1,1,0.9052,0.0008,0.2567,0.6475,0.0003,0.0496,0.5017,0.0926,0.0036,
144.1941,155,1,ok,0,1,1.1207,0.0003,0.5067,0.6134,0.0004,0.0514,0.4704,0.0882,0.0034,
144.1941,156,1,ok,1,1,1.3250,0.0010,0.6266,0.6971,0.0003,0.0491,0.5446,0.0996,0.0037,
144.1941,157,1,ok,0,1,1.2349,0.0012,0.5785,0.6548,0.0003,0.0495,0.5124,0.0894,0.0035,
144.1941,158,1,ok,1,1,1.5664,0.0005,0.8464,0.7192,0.0003,0.0492,0.5654,0.1011,0.0034,
144.1941,159,1,ok,0,1,1.6754,0.0003,1.0223,0.6525,0.0003,0.0508,0.5091,0.0891,0.0035,
144.1941,160,1,ok,1,1,2.1596,0.0008,1.4314,0.7267,0.0006,0.0501,0.5703,0.1026,0.0037,
144.1941,161,1,ok,0,1,1.8874,0.0010,1.2288,0.6572,0.0003,0.0508,0.5121,0.0907,0.0037,
144.1941,162,1,ok,1,1,2.3784,0.0010,1.6354,0.7411,0.0009,0.0495,0.5842,0.1037,0.0036,
144.1941,163,1,ok,0,1,1.4512,0.0002,0.7977,0.6519,0.0013,0.0506,0.5081,0.0898,0.0035,
144.1941,164,1,ok,1,1,1.3192,0.0011,0.5790,0.7381,0.0010,0.0496,0.5825,0.1024,0.0036,
144.1941,165,1,ok,0,1,1.2517,0.0007,0.6029,0.6477,0.0003,0.0505,0.5034,0.0902,0.0036,
144.1941,166,1,ok,0,1,1.7973,0.0007,1.1378,0.6583,0.0004,0.0507,0.5136,0.0903,0.0036,
144.1941,167,1,ok,1,1,1.4679,0.0007,0.7148,0.7522,0.0003,0.0496,0.5959,0.1030,0.0036,
144.1941,168,1,ok,0,1,1.9017,0.0003,1.2366,0.6644,0.0004,0.0509,0.5194,0.0904,0.0036,
144.1941,169,1,ok,1,1,2.0410,0.0014,1.3071,0.7312,0.0013,0.0497,0.5747,0.1030,0.0038,
144.1941,170,1,ok,0,1,1.3762,0.0010,0.7010,0.6739,0.0003,0.0506,0.5268,0.0925,0.0039,
144.1941,171,1,ok,1,1,1.2881,0.0003,0.5478,0.7388,0.0012,0.0491,0.5823,0.1038,0.0035,
144.1941,172,1,ok,0,1,1.4389,0.0004,0.7573,0.6807,0.0004,0.0502,0.5334,0.0936,0.0035,
144.1941,173,1,ok,1,1,1.1240,0.0005,0.3825,0.7402,0.0009,0.0495,0.5827,0.1044,0.0036,
144.1941,174,1,ok,0,1,0.7930,0.0009,0.1135,0.6782,0.0003,0.0506,0.5313,0.0929,0.0034,
144.1941,175,1,ok,1,1,1.0942,0.0012,0.3493,0.7434,0.0003,0.0494,0.5859,0.1043,0.0037,
144.1941,176,1,ok,0,1,1.3428,0.0003,0.6623,0.6798,0.0003,0.0506,0.5318,0.0937,0.0036,
144.1941,177,1,ok,1,1,1.5604,0.0010,0.8162,0.7422,0.0011,0.0493,0.5849,0.1044,0.0036,
144.1941,178,1,ok,0,1,1.5608,0.0005,0.8784,0.6816,0.0003,0.0507,0.5318,0.0955,0.0035,
144.1941,179,1,ok,1,1,1.8013,0.0011,1.0682,0.7307,0.0013,0.0496,0.5749,0.1026,0.0036,
144.1941,180,1,ok,0,1,1.4512,0.0009,0.7547,0.6953,0.0003,0.0507,0.5457,0.0953,0.0036,
144.1941,181,1,ok,1,1,1.5393,0.0007,0.7916,0.7457,0.0012,0.0489,0.5884,0.1048,0.0036,
144.1941,182,1,ok,0,1,0.6100,0.0006,0.0000,0.6089,0.0005,0.0515,0.4668,0.0870,0.0035,
144.1941,183,1,ok,1,1,0.6323,0.0007,0.0000,0.6301,0.0014,0.0491,0.4873,0.0902,0.0035,
144.1941,184,1,ok,0,1,0.9956,0.0009,0.3516,0.6426,0.0004,0.0509,0.4968,0.0913,0.0036,
144.1941,185,1,ok,1,1,0.9204,0.0008,0.2447,0.6738,0.0012,0.0489,0.5230,0.0981,0.0037,
144.1941,186,1,ok,0,1,0.6828,0.0011,0.0000,0.6811,0.0004,0.0497,0.5319,0.0960,0.0036,
144.1941,187,1,ok,1,1,0.7415,0.0005,0.0000,0.7403,0.0007,0.0452,0.5828,0.1086,0.0037,
144.1941,188,1,ok,0,1,1.2026,0.0011,0.4749,0.7261,0.0005,0.0497,0.5751,0.0976,0.0035,
144.1941,189,1,ok,1,1,1.1814,0.0008,0.4053,0.7749,0.0004,0.0484,0.6133,0.1095,0.0036,
144.1941,190,1,ok,0,1,1.4414,0.0004,0.7264,0.7142,0.0004,0.0501,0.5622,0.0984,0.0034,
144.1941,191,1,ok,1,1,1.5952,0.0008,0.8167,0.7774,0.0004,0.0493,0.6149,0.1096,0.0035,
144.1941,192,1,ok,0,1,1.9106,0.0021,1.1838,0.7242,0.0004,0.0501,0.5698,0.1006,0.0037,
144.1941,193,1,ok,1,1,1.1817,0.0003,0.4071,0.7740,0.0004,0.0492,0.6134,0.1076,0.0037,
144.1941,194,1,ok,0,1,1.3234,0.0003,0.5984,0.7243,0.0004,0.0500,0.5701,0.1007,0.0035,
144.1941,195,1,ok,1,1,0.8884,0.0011,0.1149,0.7720,0.0004,0.0488,0.6104,0.1092,0.0036,
144.1941,196,1,ok,0,1,0.8993,0.0009,0.1679,0.7302,0.0003,0.0507,0.5741,0.1019,0.0036,
144.1941,197,1,ok,1,1,1.3189,0.0004,0.5338,0.7843,0.0004,0.0487,0.6229,0.1088,0.0038,
144.1941,198,1,ok,0,1,0.6074,0.0014,0.0000,0.6055,0.0005,0.0507,0.4631,0.0878,0.0040,
144.1941,199,1,ok,1,1,0.6143,0.0003,0.0000,0.6134,0.0005,0.0502,0.4715,0.0879,0.0037,
144.1941,200,1,ok,0,1,0.6041,0.0010,0.0000,0.6027,0.0004,0.0511,0.4610,0.0868,0.0038,
144.1941,201,1,ok,1,1,0.6135,0.0013,0.0000,0.6117,0.0005,0.0496,0.4708,0.0875,0.0038,
144.1941,202,1,ok,0,1,0.6095,0.0010,0.0000,0.6081,0.0004,0.0509,0.4662,0.0871,0.0038,
144.1941,203,1,ok,1,1,0.6157,0.0006,0.0000,0.6146,0.0005,0.0502,0.4724,0.0884,0.0036,
144.1941,204,1,ok,0,1,0.9065,0.0014,0.2558,0.6489,0.0004,0.0507,0.5045,0.0901,0.0036,
144.1941,205,1,ok,1,1,0.8950,0.0006,0.2384,0.6556,0.0005,0.0497,0.5085,0.0937,0.0037,
144.1941,206,1,ok,0,1,1.2428,0.0011,0.5921,0.6492,0.0003,0.0508,0.5049,0.0895,0.0040,
144.1941,207,1,ok,1,1,1.3609,0.0007,0.6559,0.7039,0.0004,0.0496,0.5506,0.1002,0.0035,
144.1941,208,1,ok,0,1,1.6550,0.0008,1.0186,0.6353,0.0003,0.0521,0.4892,0.0903,0.0037,
144.1941,209,1,ok,1,1,0.6184,0.0017,0.0001,0.6143,0.0024,0.0501,0.4721,0.0880,0.0040,
175.0928,0,0,ok,0,1,0.6047,0.0012,0.0000,0.6030,0.0005,0.0508,0.4623,0.0862,0.0037,
175.0928,1,0,ok,1,1,0.6114,0.0007,0.0000,0.6098,0.0009,0.0504,0.4685,0.0872,0.0036,
175.0928,2,0,ok,0,1,1.1077,0.0009,0.4849,0.6216,0.0004,0.0511,0.4777,0.0889,0.0037,
175.0928,3,0,ok,1,1,1.0576,0.0005,0.4141,0.6418,0.0012,0.0495,0.4975,0.0910,0.0037,
175.0928,4,0,ok,0,1,1.2177,0.0009,0.5633,0.6531,0.0004,0.0507,0.5065,0.0920,0.0038,
175.0928,5,0,ok,1,1,0.9227,0.0015,0.2122,0.7084,0.0006,0.0485,0.5534,0.1027,0.0037,
175.0928,6,0,ok,0,1,0.7473,0.0013,0.0663,0.6794,0.0004,0.0504,0.5320,0.0933,0.0036,
175.0928,7,0,ok,1,1,0.8973,0.0003,0.1280,0.7679,0.0011,0.0486,0.6089,0.1066,0.0038,
175.0928,8,0,ok,0,1,1.2165,0.0007,0.5277,0.6878,0.0004,0.0508,0.5394,0.0939,0.0036,
175.0928,9,0,ok,1,1,1.4311,0.0005,0.6987,0.7305,0.0015,0.0491,0.5744,0.1034,0.0036,
175.0928,10,1,ok,0,1,1.8055,0.0011,1.1206,0.6835,0.0004,0.0507,0.5344,0.0944,0.0039,
175.0928,11,1,ok,1,1,1.8473,0.0012,1.1042,0.7406,0.0014,0.0498,0.5823,0.1047,0.0037,
175.0928,12,1,ok,0,1,2.2536,0.0021,1.5530,0.6982,0.0003,0.0505,0.5478,0.0963,0.0037,
175.0928,13,1,ok,1,1,2.5211,0.0003,1.7619,0.7578,0.0012,0.0487,0.5988,0.1067,0.0036,
175.0928,14,1,ok,0,1,2.5348,0.0018,1.8163,0.7164,0.0003,0.0507,0.5617,0.1001,0.0038,
175.0928,15,1,ok,1,1,2.6677,0.0013,1.8904,0.7751,0.0009,0.0489,0.6114,0.1112,0.0036,
175.0928,16,1,ok,0,1,2.8838,0.0012,2.1785,0.7038,0.0004,0.0508,0.5514,0.0980,0.0036,
175.0928,17,1,ok,1,1,3.0555,0.0006,2.2769,0.7745,0.0035,0.0495,0.6150,0.1062,0.0037,
175.0928,18,1,ok,0,1,2.7378,0.0006,2.0102,0.7266,0.0003,0.0510,0.5704,0.1014,0.0037,
175.0928,19,1,ok,1,1,3.2452,0.0005,2.4846,0.7592,0.0008,0.0485,0.5971,0.1099,0.0036,
175.0928,20,1,ok,0,1,2.8963,0.0002,2.1738,0.7220,0.0003,0.0514,0.5691,0.0981,0.0035,
175.0928,21,1,ok,1,1,3.0511,0.0003,2.2728,0.7765,0.0015,0.0488,0.6177,0.1064,0.0034,
175.0928,22,1,ok,0,1,3.0527,0.0020,2.3414,0.7090,0.0003,0.0515,0.5582,0.0956,0.0037,
175.0928,23,1,ok,1,1,3.6077,0.0002,2.8504,0.7563,0.0007,0.0498,0.5956,0.1072,0.0036,
175.0928,24,1,ok,0,1,2.6267,0.0006,1.9143,0.7115,0.0004,0.0504,0.5588,0.0987,0.0035,
175.0928,25,1,ok,1,1,3.1681,0.0011,2.3860,0.7797,0.0013,0.0486,0.6197,0.1079,0.0034,
175.0928,26,1,ok,0,1,3.1895,0.0009,2.4519,0.7364,0.0003,0.0506,0.5811,0.1010,0.0036,
175.0928,27,1,ok,1,1,3.8815,0.0011,3.0988,0.7813,0.0003,0.0482,0.6187,0.1106,0.0037,
175.0928,28,1,ok,0,1,3.2365,0.0014,2.5088,0.7246,0.0016,0.0517,0.5666,0.1026,0.0037,
175.0928,29,1,ok,0,1,3.6466,0.0006,2.9187,0.7270,0.0003,0.0498,0.5732,0.1004,0.0036,
175.0928,30,1,ok,1,1,3.1443,0.0019,2.3541,0.7873,0.0011,0.0495,0.6249,0.1092,0.0038,
175.0928,31,1,ok,0,1,3.3656,0.0015,2.6328,0.7309,0.0004,0.0514,0.5726,0.1030,0.0038,
175.0928,32,1,ok,1,1,3.1857,0.0007,2.4320,0.7521,0.0009,0.0510,0.5883,0.1089,0.0038,
175.0928,33,1,ok,0,1,2.6023,0.0005,1.8627,0.7388,0.0004,0.0505,0.5834,0.1012,0.0037,
175.0928,34,1,ok,1,1,2.5755,0.0007,1.7828,0.7910,0.0010,0.0482,0.6287,0.1102,0.0037,
175.0928,35,1,ok,0,1,2.9086,0.0011,2.1630,0.7440,0.0004,0.0499,0.5868,0.1036,0.0037,
175.0928,36,1,ok,1,1,2.4673,0.0009,1.6934,0.7718,0.0012,0.0491,0.6094,0.1096,0.0036,
175.0928,37,1,ok,0,1,2.7097,0.0004,1.9719,0.7370,0.0004,0.0504,0.5806,0.1022,0.0037,
175.0928,38,1,ok,1,1,2.2431,0.0004,1.4587,0.7824,0.0016,0.0489,0.6193,0.1105,0.0036,
175.0928,39,1,ok,0,1,2.4762,0.0007,1.7360,0.7392,0.0004,0.0503,0.5822,0.1029,0.0038,
175.0928,40,1,ok,1,1,2.3172,0.0004,1.5298,0.7856,0.0015,0.0483,0.6238,0.1099,0.0035,
175.0928,41,1,ok,0,1,2.7829,0.0005,2.0419,0.7402,0.0003,0.0503,0.5826,0.1035,0.0038,
175.0928,42,1,ok,1,1,2.9935,0.0010,2.2115,0.7800,0.0009,0.0492,0.6163,0.1108,0.0037,
175.0928,43,1,ok,0,1,3.3275,0.0011,2.5760,0.7500,0.0004,0.0499,0.5917,0.1049,0.0034,
175.0928,44,1,ok,1,1,3.6169,0.0008,2.8471,0.7682,0.0008,0.0496,0.6034,0.1116,0.0036,
175.0928,45,1,ok,0,1,3.9594,0.0011,3.2071,0.7508,0.0004,0.0509,0.5934,0.1027,0.0037,
175.0928,46,1,ok,1,1,4.2816,0.0018,3.4878,0.7912,0.0008,0.0492,0.6266,0.1118,0.0036,
175.0928,47,1,ok,0,1,4.5591,0.0003,3.8110,0.7474,0.0004,0.0498,0.5879,0.1061,0.0036,
175.0928,48,1,ok,1,1,4.6430,0.0003,3.8236,0.8183,0.0007,0.0480,0.6481,0.1185,0.0037,
175.0928,49,1,ok,0,1,4.8086,0.0011,4.0565,0.7507,0.0003,0.0509,0.5931,0.1030,0.0037,
175.0928,50,1,ok,1,1,5.1281,0.0009,4.3282,0.7975,0.0015,0.0490,0.6338,0.1109,0.0038,
175.0928,51,1,ok,0,1,5.3099,0.0005,4.5692,0.7399,0.0004,0.0507,0.5818,0.1037,0.0037,
175.0928,52,1,ok,1,1,5.7140,0.0020,4.9391,0.7716,0.0014,0.0487,0.6066,0.1128,0.0035,
175.0928,53,1,ok,0,1,5.0125,0.0012,4.2568,0.7541,0.0004,0.0497,0.5956,0.1051,0.0037,
175.0928,54,1,ok,1,1,5.2038,0.0011,4.4097,0.7920,0.0012,0.0480,0.6290,0.1114,0.0036,
175.0928,55,1,ok,0,1,5.0961,0.0020,4.3307,0.7630,0.0004,0.0504,0.6032,0.1059,0.0035,
175.0928,56,1,ok,1,1,5.6165,0.0009,4.8168,0.7977,0.0011,0.0485,0.6345,0.1111,0.0036,
175.0928,57,1,ok,0,1,5.3242,0.0015,4.5828,0.7396,0.0004,0.0515,0.5818,0.1027,0.0035,
175.0928,58,1,ok,1,1,5.9078,0.0005,5.1073,0.7991,0.0009,0.0484,0.6369,0.1100,0.0038,
175.0928,59,1,ok,0,1,5.8566,0.0007,5.0989,0.7566,0.0004,0.0495,0.5950,0.1085,0.0037,
175.0928,60,1,ok,1,1,4.9872,0.0007,4.1815,0.8038,0.0012,0.0482,0.6392,0.1128,0.0036,
175.0928,61,1,ok,0,1,4.7109,0.0004,3.9441,0.7661,0.0004,0.0505,0.6057,0.1062,0.0036,
175.0928,62,1,ok,1,1,5.1639,0.0006,4.3575,0.8054,0.0004,0.0482,0.6431,0.1103,0.0037,
175.0928,63,1,ok,0,1,4.7717,0.0007,4.0358,0.7336,0.0016,0.0513,0.5759,0.1027,0.0036,
175.0928,64,1,ok,1,1,4.9132,0.0006,4.1337,0.7786,0.0004,0.0494,0.6136,0.1118,0.0037,
175.0928,65,1,ok,0,1,4.3894,0.0011,3.6238,0.7641,0.0003,0.0493,0.6056,0.1057,0.0035,
175.0928,66,1,ok,0,1,5.0737,0.0045,4.2958,0.7731,0.0004,0.0493,0.6108,0.1093,0.0036,
175.0928,67,1,ok,1,1,5.0795,0.0005,4.2997,0.7778,0.0014,0.0493,0.6101,0.1147,0.0037,
175.0928,68,1,ok,0,1,5.6887,0.0009,4.9318,0.7557,0.0004,0.0507,0.5959,0.1054,0.0036,
175.0928,69,1,ok,1,1,5.6258,0.0003,4.8425,0.7823,0.0007,0.0487,0.6191,0.1108,0.0037,
175.0928,70,1,ok,0,1,6.2527,0.0010,5.4997,0.7517,0.0004,0.0508,0.5902,0.1071,0.0036,
175.0928,71,1,ok,1,1,5.3645,0.0002,4.5633,0.7975,0.0035,0.0480,0.6288,0.1170,0.0037,
175.0928,72,1,ok,0,1,5.3133,0.0005,4.5548,0.7577,0.0004,0.0500,0.5964,0.1076,0.0036,
175.0928,73,1,ok,1,1,5.3167,0.0003,4.5183,0.7967,0.0013,0.0476,0.6303,0.1151,0.0036,
175.0928,74,1,ok,0,1,5.5826,0.0008,4.8179,0.7636,0.0003,0.0503,0.5998,0.1099,0.0036,
175.0928,75,1,ok,1,1,5.5780,0.0005,4.7786,0.7959,0.0030,0.0481,0.6239,0.1203,0.0036,
175.0928,76,1,ok,0,1,5.3482,0.0004,4.5668,0.7807,0.0004,0.0501,0.6185,0.1085,0.0035,
175.0928,77,1,ok,1,1,5.2937,0.0013,4.5234,0.7676,0.0014,0.0484,0.6053,0.1101,0.0037,
175.0928,78,1,ok,0,1,5.7948,0.0010,5.0313,0.7621,0.0004,0.0513,0.6002,0.1070,0.0035,
175.0928,79,1,ok,1,1,5.9052,0.0012,5.0900,0.8130,0.0010,0.0482,0.6454,0.1156,0.0037,
175.0928,80,1,ok,0,1,6.1924,0.0011,5.4142,0.7767,0.0004,0.0506,0.6158,0.1066,0.0036,
175.0928,81,1,ok,1,1,6.3083,0.0003,5.5180,0.7885,0.0015,0.0484,0.6223,0.1143,0.0035,
175.0928,82,1,ok,0,1,6.5481,0.0007,5.7862,0.7608,0.0004,0.0505,0.6011,0.1056,0.0036,
175.0928,83,1,ok,1,1,6.0236,0.0002,5.2254,0.7966,0.0014,0.0491,0.6320,0.1117,0.0036,
175.0928,84,1,ok,0,1,6.3590,0.0018,5.5900,0.7669,0.0004,0.0504,0.6065,0.1063,0.0035,
175.0928,85,1,ok,1,1,6.5851,0.0011,5.7630,0.8202,0.0008,0.0480,0.6528,0.1158,0.0036,
175.0928,86,1,ok,0,1,4.9754,0.0012,4.2146,0.7592,0.0004,0.0505,0.5995,0.1057,0.0035,
175.0928,87,1,ok,1,1,5.0986,0.0004,4.2822,0.8154,0.0005,0.0482,0.6478,0.1157,0.0037,
175.0928,88,1,ok,0,1,5.4610,0.0009,4.6977,0.7620,0.0004,0.0504,0.6015,0.1065,0.0035,
175.0928,89,1,ok,1,1,5.8675,0.0005,5.0489,0.8170,0.0010,0.0483,0.6494,0.1158,0.0035,
175.0928,90,1,ok,0,1,6.1692,0.0009,5.4039,0.7642,0.0004,0.0504,0.6024,0.1078,0.0035,
175.0928,91,1,ok,1,1,6.3043,0.0007,5.4886,0.8141,0.0009,0.0478,0.6478,0.1145,0.0040,
175.0928,92,1,ok,0,1,6.0595,0.0004,5.2922,0.7664,0.0003,0.0496,0.6055,0.1077,0.0036,
175.0928,93,1,ok,1,1,6.3692,0.0004,5.5778,0.7900,0.0010,0.0479,0.6258,0.1127,0.0037,
175.0928,94,1,ok,0,1,6.6049,0.0011,5.8480,0.7555,0.0004,0.0506,0.5929,0.1084,0.0036,
175.0928,95,1,ok,1,1,6.9820,0.0017,6.1803,0.7989,0.0011,0.0495,0.6322,0.1136,0.0037,
175.0928,96,1,ok,0,1,5.3098,0.0004,4.5373,0.7718,0.0003,0.0492,0.6118,0.1070,0.0037,
175.0928,97,1,ok,1,1,5.6282,0.0005,4.8208,0.8055,0.0015,0.0485,0.6409,0.1125,0.0036,
175.0928,98,1,ok,0,1,4.5992,0.0008,3.8368,0.7613,0.0003,0.0502,0.6008,0.1067,0.0035,
175.0928,99,1,ok,1,1,4.5455,0.0010,3.7375,0.8062,0.0008,0.0481,0.6399,0.1143,0.0038,
175.0928,100,1,ok,0,1,4.6801,0.0001,3.9195,0.7601,0.0004,0.0503,0.5983,0.1079,0.0035,
175.0928,101,1,ok,1,1,4.9114,0.0009,4.1035,0.8064,0.0006,0.0478,0.6440,0.1111,0.0035,
175.0928,102,1,ok,0,1,4.6273,0.0006,3.8501,0.7763,0.0003,0.0502,0.6157,0.1067,0.0037,
175.0928,103,1,ok,1,1,5.0632,0.0002,4.2551,0.8071,0.0008,0.0487,0.6395,0.1152,0.0037,
175.0928,104,1,ok,0,1,5.0264,0.0011,4.2560,0.7690,0.0004,0.0506,0.6039,0.1107,0.0037,
175.0928,105,1,ok,1,1,5.3909,0.0013,4.6046,0.7838,0.0012,0.0486,0.6146,0.1171,0.0036,
175.0928,106,1,ok,0,1,5.4047,0.0009,4.6340,0.7695,0.0003,0.0498,0.6101,0.1061,0.0035,
175.0928,107,1,ok,1,1,5.9609,0.0005,5.1544,0.8053,0.0007,0.0486,0.6402,0.1128,0.0037,
175.0928,108,1,ok,0,1,5.7680,0.0007,5.0013,0.7656,0.0003,0.0507,0.6039,0.1075,0.0035,
175.0928,109,1,ok,1,1,5.5289,0.0003,4.6996,0.8276,0.0015,0.0479,0.6615,0.1144,0.0037,
175.0928,110,1,ok,0,1,4.7507,0.0002,3.9992,0.7510,0.0004,0.0504,0.5930,0.1040,0.0036,
175.0928,111,1,ok,0,1,5.4149,0.0006,4.6453,0.7686,0.0004,0.0506,0.6072,0.1072,0.0036,
175.0928,112,1,ok,1,1,5.2773,0.0009,4.4705,0.8050,0.0009,0.0474,0.6399,0.1139,0.0037,
175.0928,113,1,ok,0,1,5.8820,0.0016,5.1080,0.7721,0.0003,0.0501,0.6084,0.1100,0.0036,
175.0928,114,1,ok,1,1,5.1936,0.0007,4.3739,0.8183,0.0007,0.0475,0.6516,0.1155,0.0038,
175.0928,115,1,ok,0,1,5.0943,0.0007,4.3455,0.7477,0.0004,0.0512,0.5871,0.1056,0.0037,
175.0928,116,1,ok,1,1,5.1866,0.0004,4.3712,0.8140,0.0010,0.0479,0.6481,0.1142,0.0037,
175.0928,117,1,ok,0,1,5.3985,0.0007,4.6230,0.7744,0.0004,0.0493,0.6122,0.1093,0.0035,
175.0928,118,1,ok,1,1,5.3157,0.0007,4.5150,0.7994,0.0006,0.0482,0.6336,0.1138,0.0037,
175.0928,119,1,ok,0,1,5.7940,0.0010,5.0189,0.7737,0.0003,0.0501,0.6132,0.1068,0.0036,
175.0928,120,1,ok,1,1,5.5582,0.0009,4.7654,0.7906,0.0014,0.0487,0.6239,0.1143,0.0035,
175.0928,121,1,ok,0,1,5.8195,0.0006,5.0352,0.7834,0.0004,0.0503,0.6204,0.1092,0.0034,
175.0928,122,1,ok,1,1,5.6039,0.0015,4.7744,0.8272,0.0008,0.0488,0.6593,0.1154,0.0036,
175.0928,123,1,ok,0,1,5.8257,0.0009,5.0429,0.7815,0.0004,0.0502,0.6168,0.1108,0.0035,
175.0928,124,1,ok,1,1,6.1647,0.0007,5.3440,0.8195,0.0004,0.0472,0.6540,0.1147,0.0037,
175.0928,125,1,ok,0,1,6.4815,0.0017,5.6895,0.7898,0.0004,0.0498,0.6266,0.1099,0.0035,
175.0928,126,1,ok,1,1,6.8327,0.0011,6.0226,0.8083,0.0008,0.0474,0.6439,0.1133,0.0036,
175.0928,127,1,ok,0,1,6.3483,0.0007,5.5672,0.7800,0.0004,0.0503,0.6184,0.1076,0.0037,
175.0928,128,1,ok,1,1,6.0317,0.0015,5.2014,0.8285,0.0003,0.0477,0.6604,0.1166,0.0037,
175.0928,129,1,ok,0,1,5.8018,0.0008,5.0140,0.7867,0.0004,0.0499,0.6235,0.1097,0.0036,
175.0928,130,1,ok,1,1,6.1214,0.0011,5.2941,0.8249,0.0013,0.0477,0.6585,0.1150,0.0038,
175.0928,131,1,ok,0,1,6.4330,0.0008,5.6547,0.7771,0.0004,0.0506,0.6139,0.1092,0.0035,
175.0928,132,1,ok,1,1,6.1970,0.0005,5.3795,0.8161,0.0009,0.0473,0.6521,0.1132,0.0034,
175.0928,133,1,ok,0,1,5.4900,0.0005,4.7053,0.7838,0.0003,0.0503,0.6201,0.1099,0.0036,
175.0928,134,1,ok,1,1,5.9716,0.0014,5.1586,0.8113,0.0003,0.0471,0.6468,0.1139,0.0035,
175.0928,135,1,ok,0,1,6.0004,0.0031,5.2281,0.7688,0.0003,0.0506,0.6051,0.1093,0.0038,
175.0928,136,1,ok,1,1,6.5255,0.0007,5.7183,0.8052,0.0013,0.0486,0.6390,0.1140,0.0036,
175.0928,137,1,ok,0,1,6.2498,0.0015,5.4844,0.7635,0.0004,0.0501,0.6016,0.1081,0.0036,
175.0928,138,1,ok,1,1,6.3341,0.0004,5.5377,0.7950,0.0010,0.0482,0.6257,0.1174,0.0037,
175.0928,139,1,ok,0,1,6.4933,0.0005,5.7048,0.7877,0.0004,0.0508,0.6246,0.1086,0.0036,
175.0928,140,1,ok,1,1,6.8770,0.0008,6.0652,0.8102,0.0008,0.0494,0.6409,0.1160,0.0039,
175.0928,141,1,ok,0,1,6.7806,0.0008,5.9981,0.7814,0.0004,0.0500,0.6196,0.1083,0.0034,
175.0928,142,1,ok,1,1,7.3260,0.0010,6.4970,0.8266,0.0013,0.0474,0.6599,0.1158,0.0036,
175.0928,143,1,ok,0,1,6.7398,0.0010,5.9685,0.7700,0.0003,0.0506,0.6024,0.1136,0.0034,
175.0928,144,1,ok,1,1,7.2648,0.0011,6.4307,0.8315,0.0015,0.0476,0.6616,0.1187,0.0035,
175.0928,145,1,ok,0,1,7.2577,0.0008,6.4690,0.7876,0.0004,0.0509,0.6233,0.1097,0.0036,
175.0928,146,1,ok,1,1,7.7217,0.0014,6.9163,0.8032,0.0008,0.0498,0.6358,0.1141,0.0035,
175.0928,147,1,ok,0,1,7.3105,0.0002,6.5433,0.7666,0.0004,0.0505,0.6045,0.1079,0.0037,
175.0928,148,1,ok,1,1,8.0222,0.0004,7.1958,0.8251,0.0008,0.0484,0.6612,0.1119,0.0037,
175.0928,149,1,ok,0,1,7.8682,0.0007,7.1049,0.7623,0.0004,0.0501,0.5983,0.1102,0.0036,
175.0928,150,1,ok,0,1,6.8166,0.0008,6.0414,0.7740,0.0003,0.0499,0.6116,0.1086,0.0040,
175.0928,151,1,ok,1,1,6.5185,0.0015,5.7070,0.8086,0.0014,0.0483,0.6394,0.1171,0.0037,
175.0928,152,1,ok,0,1,7.0355,0.0010,6.2584,0.7757,0.0004,0.0497,0.6143,0.1079,0.0038,
175.0928,153,1,ok,1,1,6.8962,0.0010,6.0702,0.8243,0.0007,0.0479,0.6590,0.1138,0.0036,
175.0928,154,1,ok,0,1,7.5142,0.0009,6.7406,0.7723,0.0004,0.0503,0.6095,0.1089,0.0035,
175.0928,155,1,ok,1,1,7.5428,0.0019,6.7629,0.7769,0.0011,0.0503,0.6103,0.1128,0.0035,
175.0928,156,1,ok,0,1,8.0920,0.0008,7.2848,0.8060,0.0004,0.0496,0.6398,0.1130,0.0036,
175.0928,157,1,ok,1,1,7.9203,0.0007,7.0967,0.8215,0.0015,0.0477,0.6571,0.1131,0.0036,
175.0928,158,1,ok,0,1,8.4792,0.0002,7.6980,0.7806,0.0004,0.0504,0.6172,0.1095,0.0034,
175.0928,159,1,ok,1,1,8.5734,0.0002,7.7453,0.8274,0.0005,0.0476,0.6588,0.1175,0.0035,
175.0928,160,1,ok,0,1,9.1596,0.0021,8.3666,0.7906,0.0004,0.0495,0.6252,0.1123,0.0035,
175.0928,161,1,ok,1,1,9.0085,0.0008,8.2057,0.8009,0.0011,0.0481,0.6358,0.1133,0.0038,
175.0928,162,1,ok,0,1,9.5124,0.0008,8.7281,0.7832,0.0004,0.0503,0.6189,0.1103,0.0036,
175.0928,163,1,ok,1,1,8.9193,0.0005,8.1108,0.8066,0.0014,0.0480,0.6405,0.1146,0.0035,
175.0928,164,1,ok,0,1,8.8297,0.0013,8.0301,0.7978,0.0004,0.0494,0.6346,0.1103,0.0036,
175.0928,165,1,ok,1,1,9.0432,0.0003,8.2209,0.8211,0.0009,0.0483,0.6555,0.1136,0.0036,
175.0928,166,1,ok,0,1,9.4928,0.0013,8.7100,0.7811,0.0003,0.0506,0.6191,0.1077,0.0036,
175.0928,167,1,ok,1,1,9.3562,0.0002,8.5710,0.7845,0.0004,0.0495,0.6188,0.1126,0.0036,
175.0928,168,1,ok,0,1,9.8068,0.0008,9.0305,0.7751,0.0003,0.0505,0.6115,0.1096,0.0036,
175.0928,169,1,ok,1,1,10.0328,0.0003,9.2247,0.8075,0.0003,0.0482,0.6367,0.1188,0.0038,
175.0928,170,1,ok,0,1,9.5789,0.0008,8.8180,0.7597,0.0004,0.0504,0.5965,0.1089,0.0038,
175.0928,171,1,ok,1,1,9.6335,0.0012,8.8022,0.8297,0.0004,0.0488,0.6596,0.1176,0.0037,
175.0928,172,1,ok,0,1,9.8536,0.0012,9.0683,0.7838,0.0004,0.0496,0.6175,0.1132,0.0035,
175.0928,173,1,ok,1,1,9.7111,0.0004,8.8878,0.8215,0.0015,0.0494,0.6515,0.1169,0.0036,
175.0928,174,1,ok,0,1,9.5508,0.0014,8.7615,0.7876,0.0003,0.0507,0.6241,0.1094,0.0034,
175.0928,175,1,ok,1,1,9.8792,0.0012,9.0729,0.8038,0.0013,0.0481,0.6381,0.1137,0.0038,
175.0928,176,1,ok,0,1,10.2239,0.0004,9.4431,0.7800,0.0004,0.0497,0.6161,0.1106,0.0036,
175.0928,177,1,ok,1,1,10.4660,0.0002,9.6508,0.8143,0.0007,0.0481,0.6467,0.1157,0.0036,
175.0928,178,1,ok,0,1,10.6159,0.0008,9.8411,0.7737,0.0003,0.0503,0.6108,0.1091,0.0034,
175.0928,179,1,ok,1,1,10.8716,0.0005,10.0611,0.8087,0.0013,0.0478,0.6421,0.1151,0.0036,
175.0928,180,1,ok,0,1,10.7475,0.0003,9.9524,0.7944,0.0003,0.0494,0.6302,0.1113,0.0035,
175.0928,181,1,ok,1,1,10.8446,0.0004,10.0402,0.8029,0.0011,0.0481,0.6345,0.1166,0.0036,
175.0928,182,1,ok,0,1,9.7232,0.0006,8.9429,0.7794,0.0003,0.0500,0.6181,0.1078,0.0035,
175.0928,183,1,ok,1,1,10.2256,0.0002,9.3883,0.8359,0.0011,0.0487,0.6696,0.1141,0.0035,
175.0928,184,1,ok,0,1,10.2820,0.0010,9.5102,0.7705,0.0004,0.0507,0.6062,0.1101,0.0035,
175.0928,185,1,ok,1,1,10.7149,0.0007,9.9063,0.8065,0.0015,0.0485,0.6367,0.1176,0.0036,
175.0928,186,1,ok,0,1,10.2389,0.0006,9.4615,0.7764,0.0003,0.0504,0.6120,0.1105,0.0035,
175.0928,187,1,ok,1,1,10.7781,0.0008,9.9383,0.8378,0.0013,0.0471,0.6701,0.1168,0.0037,
175.0928,188,1,ok,0,1,10.8479,0.0017,10.0670,0.7789,0.0004,0.0500,0.6170,0.1084,0.0035,
175.0928,189,1,ok,1,1,11.3118,0.0002,10.5017,0.8088,0.0011,0.0482,0.6395,0.1176,0.0036,
175.0928,190,1,ok,0,1,11.2085,0.0007,10.4554,0.7519,0.0004,0.0508,0.5901,0.1076,0.0034,
175.0928,191,1,ok,1,1,11.8352,0.0010,11.0112,0.8215,0.0015,0.0485,0.6507,0.1186,0.0035,
175.0928,192,1,ok,0,1,11.7733,0.0007,10.9974,0.7749,0.0004,0.0502,0.6114,0.1095,0.0036,
175.0928,193,1,ok,1,1,11.6960,0.0007,10.8562,0.8388,0.0003,0.0470,0.6696,0.1184,0.0037,
175.0928,194,1,ok,0,1,11.4634,0.0009,10.6920,0.7701,0.0003,0.0501,0.6065,0.1100,0.0035,
175.0928,195,1,ok,0,1,11.5844,0.0012,10.7851,0.7977,0.0004,0.0498,0.6349,0.1095,0.0035,
175.0928,196,1,ok,1,1,11.3773,0.0015,10.5430,0.8314,0.0015,0.0486,0.6620,0.1171,0.0036,
175.0928,197,1,ok,0,1,12.0789,0.0008,11.2920,0.7857,0.0004,0.0503,0.6217,0.1099,0.0037,
175.0928,198,1,ok,1,1,9.6858,0.0010,8.8777,0.8056,0.0015,0.0476,0.6376,0.1165,0.0039,
175.0928,199,1,ok,0,1,9.7674,0.0010,8.9775,0.7886,0.0003,0.0493,0.6243,0.1113,0.0036,
175.0928,200,1,ok,1,1,8.7158,0.0013,7.8746,0.8390,0.0009,0.0467,0.6733,0.1152,0.0037,
175.0928,201,1,ok,0,1,8.4510,0.0006,7.6826,0.7675,0.0004,0.0500,0.6047,0.1091,0.0037,
175.0928,202,1,ok,1,1,7.9867,0.0012,7.1736,0.8111,0.0009,0.0480,0.6437,0.1156,0.0038,
175.0928,203,1,ok,0,1,8.5334,0.0008,7.7408,0.7914,0.0004,0.0499,0.6270,0.1109,0.0035,
175.0928,204,1,ok,1,1,8.5046,0.0013,7.6953,0.8066,0.0014,0.0474,0.6393,0.1161,0.0037,
175.0928,205,1,ok,0,1,9.0074,0.0011,8.2221,0.7839,0.0004,0.0494,0.6190,0.1118,0.0036,
175.0928,206,1,ok,1,1,9.0765,0.0017,8.2448,0.8289,0.0011,0.0481,0.6612,0.1156,0.0040,
175.0928,207,1,ok,0,1,9.5974,0.0001,8.8109,0.7860,0.0003,0.0507,0.6239,0.1080,0.0035,
175.0928,208,1,ok,1,1,9.6776,0.0010,8.8916,0.7840,0.0010,0.0487,0.6189,0.1126,0.0037,
175.0928,209,1,ok,0,1,8.7773,0.0014,7.9866,0.7890,0.0004,0.0496,0.6189,0.1166,0.0039,
205.9915,0,0,ok,1,1,0.6139,0.0011,0.0000,0.6118,0.0010,0.0500,0.4702,0.0879,0.0037,
205.9915,1,0,ok,0,1,0.6412,0.0010,0.0000,0.6397,0.0005,0.0494,0.4945,0.0921,0.0036,
205.9915,2,0,ok,1,1,1.2398,0.0006,0.5123,0.7265,0.0005,0.0462,0.5667,0.1098,0.0038,
205.9915,3,0,ok,0,1,1.2597,0.0002,0.4737,0.7854,0.0004,0.0475,0.6241,0.1101,0.0037,
205.9915,4,0,ok,1,1,1.6198,0.0013,0.7766,0.8414,0.0006,0.0472,0.6722,0.1180,0.0039,
205.9915,5,0,ok,0,1,1.3272,0.0010,0.5414,0.7845,0.0004,0.0493,0.6201,0.1113,0.0037,
205.9915,6,0,ok,1,1,1.4771,0.0009,0.6413,0.8332,0.0017,0.0484,0.6570,0.1241,0.0037,
205.9915,7,0,ok,0,1,1.4140,0.0015,0.6504,0.7617,0.0003,0.0501,0.5979,0.1100,0.0037,
205.9915,8,0,ok,0,1,2.0274,0.0002,1.2541,0.7727,0.0004,0.0501,0.6087,0.1104,0.0035,
205.9915,9,0,ok,1,1,2.0882,0.0015,1.2807,0.8049,0.0011,0.0475,0.6381,0.1156,0.0036,
205.9915,10,1,ok,0,1,2.7217,0.0018,1.9450,0.7745,0.0004,0.0505,0.6123,0.1078,0.0039,
205.9915,11,1,ok,1,1,2.6453,0.0011,1.8102,0.8327,0.0014,0.0480,0.6620,0.1189,0.0037,
205.9915,12,1,ok,0,1,3.2808,0.0003,2.5085,0.7716,0.0004,0.0501,0.6056,0.1123,0.0036,
205.9915,13,1,ok,1,1,3.4369,0.0009,2.5720,0.8631,0.0008,0.0470,0.6972,0.1152,0.0036,
205.9915,14,1,ok,0,1,3.6889,0.0009,2.9097,0.7780,0.0003,0.0499,0.6165,0.1078,0.0038,
205.9915,15,1,ok,1,1,3.7089,0.0010,2.9009,0.8056,0.0014,0.0484,0.6421,0.1115,0.0036,
205.9915,16,1,ok,0,1,4.1552,0.0016,3.3855,0.7678,0.0004,0.0502,0.6041,0.1098,0.0036,
205.9915,17,1,ok,1,1,4.1672,0.0008,3.3764,0.7888,0.0012,0.0486,0.6222,0.1143,0.0037,
205.9915,18,1,ok,0,1,4.1858,0.0009,3.4123,0.7722,0.0004,0.0500,0.6085,0.1100,0.0037,
205.9915,19,1,ok,1,1,4.4984,0.0011,3.6813,0.8150,0.0010,0.0483,0.6510,0.1121,0.0036,
205.9915,20,1,ok,0,1,4.4701,0.0003,3.7062,0.7632,0.0004,0.0503,0.5995,0.1100,0.0035,
205.9915,21,1,ok,1,1,4.4821,0.0018,3.6703,0.8086,0.0014,0.0477,0.6419,0.1155,0.0035,
205.9915,22,1,ok,0,1,4.7873,0.0009,3.9992,0.7869,0.0003,0.0505,0.6227,0.1100,0.0037,
205.9915,23,1,ok,1,1,5.1098,0.0008,4.3110,0.7968,0.0012,0.0485,0.6317,0.1130,0.0036,
205.9915,24,1,ok,0,1,4.5921,0.0004,3.8197,0.7716,0.0004,0.0499,0.6095,0.1086,0.0035,
205.9915,25,1,ok,1,1,4.8773,0.0011,4.0712,0.8038,0.0011,0.0483,0.6377,0.1144,0.0035,
205.9915,26,1,ok,0,1,5.2251,0.0009,4.4433,0.7805,0.0004,0.0504,0.6178,0.1087,0.0036,
205.9915,27,1,ok,1,1,5.6183,0.0006,4.8188,0.7980,0.0010,0.0490,0.6316,0.1137,0.0037,
205.9915,28,1,ok,0,1,5.4178,0.0015,4.6462,0.7698,0.0003,0.0509,0.6074,0.1078,0.0037,
205.9915,29,1,ok,1,1,5.5949,0.0021,4.7988,0.7932,0.0007,0.0489,0.6298,0.1109,0.0036,
205.9915,30,1,ok,0,1,5.4359,0.0004,4.6684,0.7667,0.0004,0.0500,0.6067,0.1064,0.0035,
205.9915,31,1,ok,1,1,5.5537,0.0007,4.7338,0.8188,0.0004,0.0477,0.6531,0.1143,0.0038,
205.9915,32,1,ok,0,1,5.6025,0.0013,4.8297,0.7711,0.0003,0.0499,0.6100,0.1074,0.0038,
205.9915,33,1,ok,1,1,5.0854,0.0007,4.2759,0.8082,0.0006,0.0480,0.6442,0.1123,0.0037,
205.9915,34,1,ok,0,1,5.1685,0.0005,4.4101,0.7575,0.0004,0.0504,0.5960,0.1072,0.0038,
205.9915,35,1,ok,1,1,5.4959,0.0012,4.7117,0.7822,0.0008,0.0489,0.6172,0.1124,0.0037,
205.9915,36,1,ok,0,1,5.1937,0.0005,4.4190,0.7739,0.0004,0.0493,0.6118,0.1091,0.0036,
205.9915,37,1,ok,1,1,5.4981,0.0005,4.6997,0.7973,0.0007,0.0480,0.6333,0.1123,0.0038,
205.9915,38,1,ok,0,1,5.1124,0.0016,4.3351,0.7753,0.0004,0.0505,0.6102,0.1110,0.0035,
205.9915,39,1,ok,1,1,5.4580,0.0003,4.6707,0.7858,0.0012,0.0488,0.6216,0.1116,0.0037,
205.9915,40,1,ok,0,1,5.2659,0.0003,4.5061,0.7591,0.0003,0.0502,0.5990,0.1063,0.0035,
205.9915,41,1,ok,1,1,5.8902,0.0007,5.0885,0.7994,0.0015,0.0488,0.6340,0.1130,0.0036,
205.9915,42,1,ok,0,1,5.9455,0.0005,5.1763,0.7682,0.0004,0.0497,0.6091,0.1057,0.0037,
205.9915,43,1,ok,1,1,6.5184,0.0002,5.7151,0.8018,0.0013,0.0481,0.6392,0.1110,0.0034,
205.9915,44,1,ok,0,1,6.5715,0.0011,5.8207,0.7494,0.0004,0.0509,0.5871,0.1078,0.0035,
205.9915,45,1,ok,1,1,7.2171,0.0011,6.4159,0.7987,0.0014,0.0485,0.6367,0.1097,0.0037,
205.9915,46,1,ok,0,1,7.2278,0.0001,6.4631,0.7640,0.0004,0.0500,0.6041,0.1063,0.0035,
205.9915,47,1,ok,1,1,7.8892,0.0005,7.0908,0.7965,0.0014,0.0481,0.6310,0.1137,0.0037,
205.9915,48,1,ok,0,1,7.5950,0.0004,6.8383,0.7539,0.0023,0.0504,0.5931,0.1065,0.0037,
205.9915,49,1,ok,0,1,8.2169,0.0005,7.4623,0.7536,0.0005,0.0495,0.5922,0.1082,0.0036,
205.9915,50,1,ok,1,1,8.1381,0.0011,7.3271,0.8092,0.0008,0.0483,0.6450,0.1120,0.0038,
205.9915,51,1,ok,0,1,8.7899,0.0008,8.0130,0.7758,0.0003,0.0496,0.6145,0.1080,0.0037,
205.9915,52,1,ok,1,1,8.7651,0.0004,7.9788,0.7851,0.0008,0.0481,0.6226,0.1108,0.0036,
205.9915,53,1,ok,0,1,8.6639,0.0009,7.8949,0.7677,0.0004,0.0501,0.6083,0.1055,0.0037,
205.9915,54,1,ok,1,1,8.4393,0.0003,7.6570,0.7808,0.0012,0.0494,0.6177,0.1100,0.0036,
205.9915,55,1,ok,0,1,8.8379,0.0011,8.0850,0.7514,0.0004,0.0498,0.5890,0.1091,0.0035,
205.9915,56,1,ok,1,1,8.8860,0.0005,8.1105,0.7743,0.0007,0.0490,0.6093,0.1124,0.0036,
205.9915,57,1,ok,0,1,9.1622,0.0011,8.4017,0.7591,0.0004,0.0510,0.5984,0.1060,0.0035,
205.9915,58,1,ok,1,1,9.2466,0.0008,8.4529,0.7921,0.0009,0.0479,0.6298,0.1105,0.0038,
205.9915,59,1,ok,0,1,9.7183,0.0010,8.9702,0.7467,0.0003,0.0509,0.5870,0.1051,0.0037,
205.9915,60,1,ok,1,1,8.5658,0.0012,7.7787,0.7847,0.0012,0.0490,0.6189,0.1132,0.0036,
205.9915,61,1,ok,0,1,8.8625,0.0013,8.0917,0.7692,0.0003,0.0499,0.6054,0.1102,0.0036,
205.9915,62,1,ok,1,1,8.8131,0.0006,8.0306,0.7806,0.0013,0.0497,0.6148,0.1125,0.0036,
205.9915,63,1,ok,0,1,9.0669,0.0003,8.2889,0.7773,0.0004,0.0505,0.6161,0.1070,0.0037,
205.9915,64,1,ok,1,1,8.7270,0.0010,7.9370,0.7883,0.0007,0.0483,0.6203,0.1161,0.0036,
205.9915,65,1,ok,0,1,8.8494,0.0013,8.0908,0.7570,0.0004,0.0504,0.5955,0.1073,0.0037,
205.9915,66,1,ok,1,1,9.0105,0.0007,8.2148,0.7937,0.0013,0.0487,0.6322,0.1090,0.0036,
205.9915,67,1,ok,0,1,9.5070,0.0014,8.7628,0.7424,0.0004,0.0510,0.5827,0.1050,0.0038,
205.9915,68,1,ok,1,1,9.7006,0.0012,8.8894,0.8088,0.0012,0.0477,0.6450,0.1124,0.0036,
205.9915,69,1,ok,0,1,10.0854,0.0006,9.3053,0.7793,0.0003,0.0502,0.6121,0.1132,0.0036,
205.9915,70,1,ok,1,1,10.3358,0.0007,9.5401,0.7939,0.0011,0.0476,0.6329,0.1097,0.0036,
205.9915,71,1,ok,0,1,9.9436,0.0012,9.1813,0.7608,0.0003,0.0511,0.5983,0.1075,0.0038,
205.9915,72,1,ok,1,1,9.6899,0.0006,8.8923,0.7960,0.0010,0.0485,0.6335,0.1103,0.0036,
205.9915,73,1,ok,0,1,9.9970,0.0007,9.2239,0.7720,0.0003,0.0503,0.6083,0.1099,0.0036,
205.9915,74,1,ok,1,1,10.0745,0.0010,9.2685,0.8040,0.0009,0.0486,0.6386,0.1132,0.0036,
205.9915,75,1,ok,0,1,10.2853,0.0006,9.5394,0.7450,0.0003,0.0514,0.5867,0.1034,0.0035,
205.9915,76,1,ok,1,1,10.0073,0.0019,9.2095,0.7945,0.0015,0.0481,0.6303,0.1124,0.0035,
205.9915,77,1,ok,0,1,10.1367,0.0003,9.3897,0.7464,0.0004,0.0504,0.5861,0.1062,0.0037,
205.9915,78,1,ok,1,1,10.4948,0.0008,9.7380,0.7546,0.0014,0.0510,0.5946,0.1055,0.0035,
205.9915,79,1,ok,0,1,10.7352,0.0005,9.9641,0.7703,0.0004,0.0505,0.6112,0.1048,0.0037,
205.9915,80,1,ok,1,1,10.9564,0.0006,10.1717,0.7830,0.0010,0.0481,0.6176,0.1136,0.0037,
205.9915,81,1,ok,0,1,11.1657,0.0010,10.4054,0.7589,0.0004,0.0501,0.5960,0.1092,0.0035,
205.9915,82,1,ok,1,1,11.4137,0.0005,10.6112,0.8009,0.0011,0.0485,0.6383,0.1103,0.0036,
205.9915,83,1,ok,0,1,11.0231,0.0008,10.2446,0.7773,0.0004,0.0490,0.6141,0.1106,0.0036,
205.9915,84,1,ok,1,1,11.3928,0.0006,10.6002,0.7910,0.0010,0.0483,0.6265,0.1126,0.0035,
205.9915,85,1,ok,0,1,11.5644,0.0016,10.8009,0.7615,0.0004,0.0505,0.6027,0.1048,0.0036,
205.9915,86,1,ok,1,1,10.3541,0.0011,9.5700,0.7820,0.0010,0.0488,0.6153,0.1143,0.0035,
205.9915,87,1,ok,0,1,10.3759,0.0009,9.6064,0.7682,0.0004,0.0493,0.6061,0.1091,0.0037,
205.9915,88,1,ok,1,1,10.9188,0.0003,10.1186,0.7995,0.0005,0.0486,0.6349,0.1124,0.0036,
205.9915,89,1,ok,0,1,11.1003,0.0003,10.3338,0.7659,0.0004,0.0501,0.6041,0.1081,0.0035,
205.9915,90,1,ok,1,1,11.6640,0.0006,10.8703,0.7925,0.0006,0.0489,0.6307,0.1094,0.0035,
205.9915,91,1,ok,0,1,11.5415,0.0014,10.7775,0.7622,0.0004,0.0501,0.5985,0.1099,0.0038,
205.9915,92,1,ok,1,1,11.7239,0.0012,10.9177,0.8035,0.0014,0.0479,0.6335,0.1185,0.0036,
205.9915,93,1,ok,0,1,11.7049,0.0007,10.9236,0.7802,0.0004,0.0495,0.6171,0.1100,0.0036,
205.9915,94,1,ok,1,1,12.3500,0.0007,11.5443,0.8035,0.0015,0.0486,0.6402,0.1109,0.0036,
205.9915,95,1,ok,0,1,12.3052,0.0010,11.5448,0.7590,0.0004,0.0503,0.6005,0.1046,0.0037,
205.9915,96,1,ok,1,1,11.3988,0.0010,10.5917,0.8054,0.0006,0.0485,0.6404,0.1128,0.0037,
205.9915,97,1,ok,0,1,11.2532,0.0009,10.4677,0.7842,0.0003,0.0485,0.6217,0.1104,0.0036,
205.9915,98,1,ok,1,1,10.9383,0.0007,10.1467,0.7896,0.0013,0.0486,0.6284,0.1090,0.0036,
205.9915,99,1,ok,0,1,10.3931,0.0013,9.6456,0.7458,0.0004,0.0510,0.5854,0.1057,0.0037,
205.9915,100,1,ok,1,1,11.1461,0.0011,10.3596,0.7848,0.0007,0.0486,0.6216,0.1110,0.0035,
205.9915,101,1,ok,0,1,10.7637,0.0007,10.0175,0.7452,0.0003,0.0506,0.5869,0.1042,0.0035,
205.9915,102,1,ok,0,1,11.1901,0.0013,10.4290,0.7594,0.0004,0.0501,0.5984,0.1072,0.0036,
205.9915,103,1,ok,1,1,11.0144,0.0007,10.2162,0.7961,0.0015,0.0484,0.6334,0.1105,0.0037,
205.9915,104,1,ok,0,1,11.6363,0.0005,10.8749,0.7605,0.0004,0.0500,0.6001,0.1066,0.0037,
205.9915,105,1,ok,1,1,11.4217,0.0005,10.6252,0.7948,0.0012,0.0482,0.6331,0.1099,0.0036,
205.9915,106,1,ok,0,1,12.0804,0.0002,11.3033,0.7765,0.0004,0.0496,0.6136,0.1098,0.0035,
205.9915,107,1,ok,1,1,11.9925,0.0003,11.2208,0.7705,0.0009,0.0487,0.6072,0.1109,0.0036,
205.9915,108,1,ok,0,1,12.5090,0.0021,11.7360,0.7706,0.0004,0.0504,0.6088,0.1079,0.0035,
205.9915,109,1,ok,1,1,11.7142,0.0006,10.9201,0.7922,0.0014,0.0479,0.6284,0.1122,0.0037,
205.9915,110,1,ok,0,1,11.7442,0.0008,11.0049,0.7382,0.0003,0.0511,0.5804,0.1031,0.0036,
205.9915,111,1,ok,1,1,11.8105,0.0009,11.0166,0.7922,0.0008,0.0488,0.6261,0.1137,0.0035,
205.9915,112,1,ok,0,1,12.2146,0.0006,11.4523,0.7614,0.0003,0.0492,0.6004,0.1080,0.0037,
205.9915,113,1,ok,1,1,12.3539,0.0004,11.5505,0.8016,0.0014,0.0480,0.6364,0.1135,0.0036,
205.9915,114,1,ok,0,1,12.2091,0.0005,11.4469,0.7614,0.0003,0.0502,0.6006,0.1068,0.0038,
205.9915,115,1,ok,1,1,11.8425,0.0008,11.0477,0.7930,0.0010,0.0493,0.6278,0.1122,0.0037,
205.9915,116,1,ok,0,1,12.2752,0.0017,11.5087,0.7644,0.0003,0.0503,0.6033,0.1072,0.0036,
205.9915,117,1,ok,1,1,12.2335,0.0008,11.4418,0.7900,0.0010,0.0483,0.6265,0.1117,0.0036,
205.9915,118,1,ok,0,1,12.4703,0.0007,11.7043,0.7650,0.0004,0.0504,0.6051,0.1059,0.0037,
205.9915,119,1,ok,1,1,12.7057,0.0009,11.9108,0.7934,0.0006,0.0483,0.6312,0.1101,0.0037,
205.9915,120,1,ok,0,1,12.7628,0.0007,12.0026,0.7591,0.0004,0.0502,0.5979,0.1075,0.0035,
205.9915,121,1,ok,1,1,12.8422,0.0002,12.0610,0.7797,0.0013,0.0488,0.6145,0.1129,0.0034,
205.9915,122,1,ok,0,1,12.8572,0.0008,12.0969,0.7590,0.0004,0.0506,0.5974,0.1074,0.0036,
205.9915,123,1,ok,1,1,12.9898,0.0010,12.1818,0.8058,0.0012,0.0483,0.6422,0.1117,0.0036,
205.9915,124,1,ok,0,1,13.4091,0.0009,12.6360,0.7719,0.0004,0.0497,0.6105,0.1080,0.0037,
205.9915,125,1,ok,1,1,13.6616,0.0009,12.8746,0.7848,0.0012,0.0481,0.6219,0.1113,0.0035,
205.9915,126,1,ok,0,1,14.0666,0.0003,13.2890,0.7769,0.0004,0.0500,0.6135,0.1099,0.0035,
205.9915,127,1,ok,1,1,13.6510,0.0008,12.8842,0.7652,0.0007,0.0491,0.6026,0.1098,0.0037,
205.9915,128,1,ok,0,1,13.4486,0.0018,12.6795,0.7669,0.0004,0.0505,0.6046,0.1082,0.0036,
205.9915,129,1,ok,1,1,13.3255,0.0010,12.5166,0.8067,0.0013,0.0483,0.6382,0.1166,0.0036,
205.9915,130,1,ok,0,1,13.5886,0.0011,12.8214,0.7658,0.0004,0.0500,0.6053,0.1067,0.0037,
205.9915,131,1,ok,1,1,13.9871,0.0009,13.2002,0.7849,0.0011,0.0496,0.6187,0.1131,0.0035,
205.9915,132,1,ok,0,1,13.7058,0.0005,12.9580,0.7470,0.0003,0.0503,0.5872,0.1061,0.0033,
205.9915,133,1,ok,1,1,13.2990,0.0003,12.5187,0.7791,0.0010,0.0486,0.6165,0.1103,0.0036,
205.9915,134,1,ok,0,1,13.6041,0.0013,12.8231,0.7793,0.0004,0.0498,0.6145,0.1115,0.0035,
205.9915,135,1,ok,1,1,13.8660,0.0007,13.0783,0.7864,0.0006,0.0477,0.6249,0.1101,0.0037,
205.9915,136,1,ok,0,1,14.1499,0.0010,13.3884,0.7602,0.0003,0.0501,0.5995,0.1069,0.0035,
205.9915,137,1,ok,1,1,14.2017,0.0008,13.4279,0.7719,0.0011,0.0490,0.6065,0.1127,0.0036,
205.9915,138,1,ok,0,1,14.0979,0.0016,13.3090,0.7869,0.0004,0.0492,0.6218,0.1122,0.0036,
205.9915,139,1,ok,1,1,14.5259,0.0008,13.7381,0.7857,0.0013,0.0486,0.6211,0.1123,0.0036,
205.9915,140,1,ok,0,1,14.6408,0.0012,13.8688,0.7704,0.0004,0.0506,0.6099,0.1059,0.0039,
205.9915,141,1,ok,1,1,14.9076,0.0008,14.1047,0.8007,0.0013,0.0485,0.6381,0.1106,0.0035,
205.9915,142,1,ok,0,1,15.0551,0.0004,14.3182,0.7361,0.0003,0.0502,0.5799,0.1025,0.0036,
205.9915,143,1,ok,1,1,15.0211,0.0006,14.2175,0.8022,0.0008,0.0480,0.6394,0.1112,0.0035,
205.9915,144,1,ok,0,1,15.0527,0.0012,14.2939,0.7572,0.0003,0.0491,0.5992,0.1054,0.0035,
205.9915,145,1,ok,1,1,15.5795,0.0010,14.7905,0.7870,0.0010,0.0484,0.6228,0.1121,0.0036,
205.9915,146,1,ok,0,1,15.5089,0.0006,14.7570,0.7509,0.0003,0.0508,0.5904,0.1063,0.0034,
205.9915,147,1,ok,1,1,15.7525,0.0006,14.9719,0.7790,0.0010,0.0482,0.6125,0.1145,0.0037,
205.9915,148,1,ok,0,1,15.8298,0.0003,15.0619,0.7673,0.0003,0.0503,0.6040,0.1093,0.0037,
205.9915,149,1,ok,1,1,16.3582,0.0007,15.5776,0.7791,0.0008,0.0485,0.6146,0.1123,0.0037,
205.9915,150,1,ok,0,1,14.9453,0.0005,14.1684,0.7759,0.0004,0.0498,0.6110,0.1111,0.0040,
205.9915,151,1,ok,1,1,15.2935,0.0012,14.4992,0.7923,0.0007,0.0480,0.6301,0.1105,0.0037,
205.9915,152,1,ok,0,1,15.2354,0.0002,14.4715,0.7634,0.0003,0.0504,0.6029,0.1064,0.0038,
205.9915,153,1,ok,1,1,15.6972,0.0005,14.9128,0.7826,0.0014,0.0483,0.6176,0.1131,0.0036,
205.9915,154,1,ok,0,1,15.7437,0.0010,14.9845,0.7577,0.0004,0.0498,0.5980,0.1063,0.0035,
205.9915,155,1,ok,1,1,16.3675,0.0012,15.5844,0.7805,0.0015,0.0487,0.6134,0.1149,0.0035,
205.9915,156,1,ok,0,1,16.3092,0.0012,15.5482,0.7595,0.0004,0.0500,0.6000,0.1058,0.0037,
205.9915,157,1,ok,1,1,16.7949,0.0010,15.9879,0.8050,0.0010,0.0475,0.6399,0.1140,0.0036,
205.9915,158,1,ok,0,1,16.7351,0.0011,15.9735,0.7601,0.0004,0.0505,0.5987,0.1074,0.0034,
205.9915,159,1,ok,1,1,17.4742,0.0018,16.6445,0.8273,0.0007,0.0472,0.6592,0.1173,0.0036,
205.9915,160,1,ok,0,1,17.4040,0.0005,16.6408,0.7624,0.0003,0.0499,0.6016,0.1073,0.0035,
205.9915,161,1,ok,0,1,17.8811,0.0007,17.1128,0.7672,0.0004,0.0498,0.6062,0.1074,0.0037,
205.9915,162,1,ok,1,1,17.8906,0.0002,17.0864,0.8029,0.0011,0.0478,0.6390,0.1125,0.0037,
205.9915,163,1,ok,0,1,17.8907,0.0011,17.1174,0.7719,0.0004,0.0500,0.6117,0.1067,0.0035,
205.9915,164,1,ok,1,1,17.3947,0.0006,16.6312,0.7615,0.0015,0.0496,0.5992,0.1090,0.0036,
205.9915,165,1,ok,0,1,18.0660,0.0006,17.2968,0.7683,0.0004,0.0497,0.6068,0.1081,0.0036,
205.9915,166,1,ok,1,1,18.0582,0.0006,17.2936,0.7628,0.0012,0.0487,0.5988,0.1117,0.0037,
205.9915,167,1,ok,0,1,18.4352,0.0010,17.6639,0.7700,0.0004,0.0506,0.6077,0.1081,0.0036,
205.9915,168,1,ok,1,1,18.4489,0.0009,17.6650,0.7818,0.0012,0.0482,0.6201,0.1099,0.0036,
205.9915,169,1,ok,0,1,19.0714,0.0006,18.3231,0.7474,0.0004,0.0509,0.5887,0.1039,0.0038,
205.9915,170,1,ok,1,1,18.4231,0.0006,17.6085,0.8133,0.0007,0.0481,0.6490,0.1123,0.0039,
205.9915,171,1,ok,0,1,18.7823,0.0004,18.0260,0.7556,0.0004,0.0495,0.5931,0.1095,0.0035,
205.9915,172,1,ok,1,1,18.7742,0.0005,17.9897,0.7832,0.0008,0.0485,0.6189,0.1122,0.0036,
205.9915,173,1,ok,0,1,18.9146,0.0008,18.1479,0.7655,0.0004,0.0501,0.6055,0.1063,0.0035,
205.9915,174,1,ok,1,1,18.6251,0.0006,17.8465,0.7771,0.0008,0.0495,0.6098,0.1144,0.0034,
205.9915,175,1,ok,0,1,19.1324,0.0002,18.3729,0.7590,0.0003,0.0504,0.5980,0.1068,0.0036,
205.9915,176,1,ok,1,1,19.3308,0.0006,18.5332,0.7957,0.0013,0.0485,0.6290,0.1145,0.0036,
205.9915,177,1,ok,0,1,19.7126,0.0017,18.9368,0.7738,0.0004,0.0493,0.6124,0.1085,0.0036,
205.9915,178,1,ok,1,1,19.7901,0.0005,19.0056,0.7827,0.0013,0.0484,0.6190,0.1117,0.0035,
205.9915,179,1,ok,0,1,20.1279,0.0011,19.3677,0.7587,0.0004,0.0499,0.5988,0.1065,0.0036,
205.9915,180,1,ok,1,1,20.0244,0.0008,19.2256,0.7966,0.0014,0.0479,0.6319,0.1133,0.0036,
205.9915,181,1,ok,0,1,20.1796,0.0008,19.4209,0.7575,0.0004,0.0502,0.5953,0.1083,0.0037,
205.9915,182,1,ok,1,1,19.2710,0.0009,18.4902,0.7786,0.0014,0.0485,0.6120,0.1145,0.0035,
205.9915,183,1,ok,0,1,19.7151,0.0008,18.9411,0.7728,0.0004,0.0497,0.6107,0.1089,0.0034,
205.9915,184,1,ok,1,1,19.8748,0.0010,19.0898,0.7832,0.0008,0.0486,0.6151,0.1159,0.0036,
205.9915,185,1,ok,0,1,20.1893,0.0005,19.4438,0.7447,0.0003,0.0510,0.5856,0.1045,0.0036,
205.9915,186,1,ok,1,1,19.9699,0.0005,19.1774,0.7913,0.0007,0.0492,0.6266,0.1119,0.0036,
205.9915,187,1,ok,0,1,20.2959,0.0004,19.5295,0.7657,0.0003,0.0501,0.6032,0.1088,0.0036,
205.9915,188,1,ok,1,1,20.6252,0.0011,19.8240,0.7993,0.0007,0.0485,0.6342,0.1130,0.0036,
205.9915,189,1,ok,0,1,20.8099,0.0010,20.0601,0.7485,0.0004,0.0499,0.5892,0.1058,0.0035,
205.9915,190,1,ok,1,1,21.0892,0.0007,20.2915,0.7961,0.0009,0.0486,0.6314,0.1126,0.0035,
205.9915,191,1,ok,0,1,21.2968,0.0011,20.5542,0.7412,0.0004,0.0510,0.5817,0.1050,0.0035,
205.9915,192,1,ok,1,1,21.7233,0.0005,20.9099,0.8115,0.0015,0.0480,0.6479,0.1120,0.0036,
205.9915,193,1,ok,0,1,21.2352,0.0008,20.4645,0.7696,0.0003,0.0505,0.6080,0.1074,0.0037,
205.9915,194,1,ok,1,1,21.6130,0.0005,20.8045,0.8063,0.0017,0.0486,0.6435,0.1107,0.0035,
205.9915,195,1,ok,0,1,21.2494,0.0005,20.4887,0.7598,0.0004,0.0496,0.5979,0.1087,0.0036,
205.9915,196,1,ok,1,1,21.6037,0.0010,20.8037,0.7980,0.0010,0.0479,0.6352,0.1113,0.0036,
205.9915,197,1,ok,0,1,21.7378,0.0010,21.0004,0.7359,0.0004,0.0507,0.5792,0.1022,0.0037,
205.9915,198,1,ok,1,1,20.2799,0.0003,19.4796,0.7993,0.0007,0.0481,0.6348,0.1125,0.0039,
205.9915,199,1,ok,0,1,19.8775,0.0005,19.1019,0.7748,0.0003,0.0493,0.6146,0.1073,0.0037,
205.9915,200,1,ok,1,1,19.5184,0.0009,18.7406,0.7763,0.0007,0.0493,0.6120,0.1112,0.0037,
205.9915,201,1,ok,0,1,18.8691,0.0019,18.1040,0.7628,0.0003,0.0505,0.6021,0.1063,0.0039,
205.9915,202,1,ok,1,1,19.0176,0.0007,18.2078,0.8075,0.0015,0.0479,0.6441,0.1117,0.0038,
205.9915,203,1,ok,0,1,19.0315,0.0009,18.2652,0.7650,0.0004,0.0503,0.6027,0.1083,0.0037,
205.9915,204,1,ok,1,1,19.5380,0.0013,18.7697,0.7666,0.0004,0.0485,0.6008,0.1136,0.0036,
205.9915,205,1,ok,0,1,19.5419,0.0004,18.7674,0.7733,0.0008,0.0494,0.6124,0.1079,0.0036,
205.9915,206,1,ok,1,1,20.1148,0.0004,19.3183,0.7957,0.0004,0.0490,0.6290,0.1137,0.0040,
205.9915,207,1,ok,0,1,20.1350,0.0019,19.3731,0.7588,0.0012,0.0500,0.5965,0.1087,0.0035,
205.9915,208,1,ok,1,1,20.7543,0.0004,19.9581,0.7954,0.0004,0.0486,0.6305,0.1126,0.0037,
205.9915,209,1,ok,0,1,19.5227,0.0012,18.7657,0.7555,0.0003,0.0502,0.5951,0.1062,0.0040,
189.9148,0,0,ok,0,1,0.7288,0.0011,0.0000,0.7270,0.0006,0.0461,0.5738,0.1035,0.0036,
189.9148,1,0,ok,1,1,0.6139,0.0005,0.0000,0.6129,0.0005,0.0498,0.4714,0.0880,0.0036,
189.9148,2,0,ok,1,1,1.2472,0.0011,0.5112,0.7344,0.0004,0.0468,0.5733,0.1105,0.0038,
189.9148,3,0,ok,0,1,1.2806,0.0005,0.5389,0.7409,0.0004,0.0507,0.5815,0.1050,0.0037,
189.9148,4,0,ok,1,1,1.5568,0.0008,0.7453,0.8103,0.0004,0.0475,0.6437,0.1152,0.0039,
189.9148,5,0,ok,0,1,1.2800,0.0018,0.5008,0.7771,0.0004,0.0504,0.6144,0.1085,0.0037,
189.9148,6,0,ok,1,1,1.3194,0.0004,0.4960,0.8226,0.0004,0.0481,0.6567,0.1142,0.0037,
189.9148,7,0,ok,0,1,1.3124,0.0008,0.5468,0.7645,0.0004,0.0516,0.6014,0.1076,0.0037,
189.9148,8,0,ok,1,1,1.8969,0.0009,1.1166,0.7789,0.0004,0.0498,0.6107,0.1148,0.0036,
189.9148,9,0,ok,0,1,1.9004,0.0015,1.1283,0.7703,0.0004,0.0500,0.6113,0.1054,0.0036,
189.9148,10,1,ok,1,1,2.6248,0.0007,1.8087,0.8151,0.0004,0.0485,0.6507,0.1119,0.0040,
189.9148,11,1,ok,0,1,2.3621,0.0008,1.5993,0.7616,0.0004,0.0497,0.6019,0.1062,0.0037,
189.9148,12,1,ok,0,1,3.1117,0.0004,2.3532,0.7576,0.0004,0.0506,0.5969,0.1065,0.0036,
189.9148,13,1,ok,1,1,3.1412,0.0003,2.3237,0.8168,0.0004,0.0484,0.6501,0.1147,0.0036,
189.9148,14,1,ok,0,1,3.4651,0.0003,2.7097,0.7546,0.0004,0.0504,0.5936,0.1069,0.0037,
189.9148,15,1,ok,1,1,3.3758,0.0010,2.5599,0.8145,0.0004,0.0487,0.6473,0.1149,0.0036,
189.9148,16,1,ok,0,1,3.9020,0.0004,3.1373,0.7638,0.0005,0.0502,0.6030,0.1070,0.0036,
189.9148,17,1,ok,1,1,3.8112,0.0011,3.0148,0.7949,0.0004,0.0484,0.6308,0.1120,0.0036,
189.9148,18,1,ok,0,1,3.8565,0.0022,3.0949,0.7590,0.0004,0.0504,0.5987,0.1061,0.0037,
189.9148,19,1,ok,1,1,4.0838,0.0002,3.2852,0.7981,0.0004,0.0477,0.6333,0.1133,0.0036,
189.9148,20,1,ok,0,1,4.0859,0.0015,3.3352,0.7489,0.0004,0.0498,0.5919,0.1037,0.0035,
189.9148,21,1,ok,1,1,3.9799,0.0011,3.1866,0.7919,0.0004,0.0489,0.6253,0.1142,0.0035,
189.9148,22,1,ok,0,1,4.3372,0.0009,3.5753,0.7606,0.0004,0.0513,0.5967,0.1089,0.0037,
189.9148,23,1,ok,1,1,4.6077,0.0006,3.7945,0.8121,0.0004,0.0484,0.6464,0.1137,0.0036,
189.9148,24,1,ok,0,1,4.0566,0.0003,3.2878,0.7680,0.0004,0.0512,0.6082,0.1051,0.0035,
189.9148,25,1,ok,1,1,4.2906,0.0009,3.4815,0.8078,0.0004,0.0473,0.6443,0.1127,0.0035,
189.9148,26,1,ok,0,1,4.6587,0.0003,3.8959,0.7620,0.0004,0.0500,0.6001,0.1082,0.0036,
189.9148,27,1,ok,1,1,5.0316,0.0003,4.2275,0.8034,0.0004,0.0485,0.6380,0.1132,0.0037,
189.9148,28,1,ok,0,1,4.7759,0.0006,4.0318,0.7431,0.0004,0.0508,0.5841,0.1045,0.0036,
189.9148,29,1,ok,1,1,4.9364,0.0006,4.1445,0.7909,0.0004,0.0484,0.6279,0.1110,0.0036,
189.9148,30,1,ok,0,1,4.7214,0.0013,3.9623,0.7573,0.0005,0.0509,0.5961,0.1068,0.0035,
189.9148,31,1,ok,1,1,4.7853,0.0010,4.0021,0.7818,0.0004,0.0486,0.6173,0.1121,0.0038,
189.9148,32,1,ok,0,1,4.8233,0.0006,4.0646,0.7576,0.0004,0.0505,0.5963,0.1070,0.0037,
189.9148,33,1,ok,1,1,4.2021,0.0009,3.3992,0.8016,0.0004,0.0484,0.6357,0.1137,0.0038,
189.9148,34,1,ok,0,1,4.2751,0.0008,3.5297,0.7442,0.0004,0.0508,0.5841,0.1056,0.0037,
189.9148,35,1,ok,1,1,4.5985,0.0009,3.7972,0.8000,0.0004,0.0484,0.6372,0.1107,0.0037,
189.9148,36,1,ok,0,1,4.2280,0.0008,3.4619,0.7649,0.0004,0.0509,0.6023,0.1081,0.0036,
189.9148,37,1,ok,1,1,4.5458,0.0010,3.7344,0.8101,0.0004,0.0482,0.6400,0.1181,0.0038,
189.9148,38,1,ok,0,1,4.0578,0.0006,3.2979,0.7589,0.0004,0.0507,0.5964,0.1083,0.0035,
189.9148,39,1,ok,1,1,4.4329,0.0009,3.6479,0.7838,0.0004,0.0486,0.6189,0.1126,0.0037,
189.9148,40,1,ok,0,1,4.1562,0.0013,3.3992,0.7554,0.0004,0.0512,0.5936,0.1071,0.0035,
189.9148,41,1,ok,1,1,4.8243,0.0006,4.0323,0.7909,0.0004,0.0490,0.6274,0.1109,0.0036,
189.9148,42,1,ok,0,1,4.8406,0.0011,4.0586,0.7805,0.0004,0.0502,0.6179,0.1086,0.0037,
189.9148,43,1,ok,1,1,5.4267,0.0003,4.6343,0.7916,0.0004,0.0484,0.6277,0.1120,0.0034,
189.9148,44,1,ok,0,1,5.4791,0.0012,4.7052,0.7723,0.0004,0.0508,0.6112,0.1067,0.0035,
189.9148,45,1,ok,1,1,6.1225,0.0007,5.3160,0.8054,0.0004,0.0489,0.6417,0.1110,0.0038,
189.9148,46,1,ok,0,1,6.1116,0.0002,5.3616,0.7495,0.0004,0.0507,0.5913,0.1039,0.0035,
189.9148,47,1,ok,1,1,6.7709,0.0006,5.9854,0.7846,0.0004,0.0485,0.6210,0.1114,0.0036,
189.9148,48,1,ok,0,1,6.4596,0.0010,5.6887,0.7695,0.0003,0.0510,0.6060,0.1087,0.0037,
189.9148,49,1,ok,1,1,7.0874,0.0004,6.3081,0.7784,0.0004,0.0492,0.6107,0.1148,0.0037,
189.9148,50,1,ok,0,1,6.9262,0.0006,6.1695,0.7557,0.0004,0.0505,0.5950,0.1064,0.0037,
189.9148,51,1,ok,0,1,7.6115,0.0008,6.8512,0.7591,0.0004,0.0506,0.5962,0.1087,0.0037,
189.9148,52,1,ok,1,1,7.5597,0.0009,6.7681,0.7904,0.0004,0.0494,0.6224,0.1151,0.0035,
189.9148,53,1,ok,0,1,7.4183,0.0007,6.6410,0.7762,0.0004,0.0501,0.6159,0.1064,0.0037,
189.9148,54,1,ok,1,1,7.1583,0.0013,6.3568,0.7999,0.0003,0.0487,0.6357,0.1118,0.0036,
189.9148,55,1,ok,0,1,7.5651,0.0003,6.7913,0.7730,0.0004,0.0502,0.6095,0.1098,0.0035,
189.9148,56,1,ok,1,1,7.5822,0.0012,6.8011,0.7797,0.0003,0.0494,0.6132,0.1135,0.0036,
189.9148,57,1,ok,0,1,7.8629,0.0011,7.0921,0.7693,0.0004,0.0509,0.6079,0.1070,0.0035,
189.9148,58,1,ok,1,1,7.9174,0.0009,7.1124,0.8038,0.0003,0.0486,0.6384,0.1129,0.0038,
189.9148,59,1,ok,0,1,8.4109,0.0014,7.6544,0.7547,0.0005,0.0510,0.5924,0.1076,0.0037,
189.9148,60,1,ok,1,1,7.1351,0.0010,6.3254,0.8083,0.0004,0.0485,0.6429,0.1131,0.0037,
189.9148,61,1,ok,0,1,7.4202,0.0023,6.6457,0.7719,0.0004,0.0505,0.6084,0.1093,0.0036,
189.9148,62,1,ok,1,1,7.3471,0.0005,6.5547,0.7915,0.0004,0.0513,0.6233,0.1132,0.0037,
189.9148,63,1,ok,0,1,7.5406,0.0012,6.7973,0.7417,0.0004,0.0514,0.5823,0.1044,0.0036,
189.9148,64,1,ok,1,1,7.1947,0.0023,6.3956,0.7964,0.0004,0.0494,0.6323,0.1111,0.0037,
189.9148,65,1,ok,0,1,7.2707,0.0011,6.4822,0.7871,0.0004,0.0500,0.6164,0.1171,0.0036,
189.9148,66,1,ok,1,1,7.4364,0.0014,6.6384,0.7962,0.0004,0.0487,0.6319,0.1120,0.0036,
189.9148,67,1,ok,0,1,7.9500,0.0013,7.1770,0.7713,0.0004,0.0508,0.6097,0.1071,0.0036,
189.9148,68,1,ok,1,1,8.0754,0.0017,7.3046,0.7686,0.0004,0.0496,0.6058,0.1095,0.0037,
189.9148,69,1,ok,0,1,8.4808,0.0005,7.7314,0.7485,0.0004,0.0513,0.5879,0.1057,0.0036,
189.9148,70,1,ok,1,1,8.6891,0.0009,7.9012,0.7867,0.0004,0.0490,0.6221,0.1118,0.0037,
189.9148,71,1,ok,0,1,8.2660,0.0007,7.5006,0.7642,0.0004,0.0508,0.6001,0.1096,0.0037,
189.9148,72,1,ok,1,1,7.9087,0.0009,7.1232,0.7842,0.0005,0.0486,0.6188,0.1131,0.0037,
189.9148,73,1,ok,0,1,8.2745,0.0009,7.4853,0.7880,0.0004,0.0497,0.6218,0.1129,0.0036,
189.9148,74,1,ok,1,1,8.2494,0.0007,7.4521,0.7963,0.0004,0.0484,0.6315,0.1128,0.0037,
189.9148,75,1,ok,0,1,8.5539,0.0008,7.7780,0.7747,0.0004,0.0507,0.6107,0.1097,0.0035,
189.9148,76,1,ok,1,1,8.1147,0.0006,7.3126,0.8011,0.0003,0.0494,0.6369,0.1112,0.0036,
189.9148,77,1,ok,0,1,8.3393,0.0009,7.5819,0.7560,0.0004,0.0504,0.5923,0.1096,0.0037,
189.9148,78,1,ok,1,1,8.6177,0.0009,7.8226,0.7938,0.0004,0.0483,0.6296,0.1123,0.0035,
189.9148,79,1,ok,0,1,8.9158,0.0006,8.1520,0.7628,0.0004,0.0502,0.6017,0.1072,0.0037,
189.9148,80,1,ok,1,1,9.0508,0.0007,8.2672,0.7825,0.0004,0.0490,0.6194,0.1104,0.0036,
189.9148,81,1,ok,0,1,9.3254,0.0007,8.5585,0.7658,0.0004,0.0498,0.6050,0.1075,0.0035,
189.9148,82,1,ok,1,1,9.4892,0.0002,8.6768,0.8119,0.0004,0.0474,0.6454,0.1154,0.0036,
189.9148,83,1,ok,0,1,9.0955,0.0010,8.3262,0.7679,0.0004,0.0512,0.6054,0.1077,0.0036,
189.9148,84,1,ok,1,1,9.4123,0.0012,8.6064,0.8044,0.0004,0.0486,0.6403,0.1119,0.0036,
189.9148,85,1,ok,0,1,9.6175,0.0011,8.8551,0.7609,0.0004,0.0503,0.5974,0.1095,0.0036,
189.9148,86,1,ok,1,1,8.1976,0.0006,7.4358,0.7608,0.0004,0.0495,0.5974,0.1103,0.0035,
189.9148,87,1,ok,0,1,8.2822,0.0008,7.4940,0.7871,0.0004,0.0496,0.6219,0.1117,0.0037,
189.9148,88,1,ok,1,1,8.7224,0.0008,7.9416,0.7796,0.0004,0.0488,0.6149,0.1123,0.0036,
189.9148,89,1,ok,0,1,8.9861,0.0007,8.2362,0.7488,0.0004,0.0513,0.5877,0.1064,0.0035,
189.9148,90,1,ok,1,1,9.4541,0.0004,8.6701,0.7832,0.0004,0.0486,0.6187,0.1123,0.0035,
189.9148,91,1,ok,0,1,9.3795,0.0010,8.6365,0.7417,0.0004,0.0516,0.5823,0.1039,0.0038,
189.9148,92,1,ok,1,1,9.4669,0.0003,8.6457,0.8206,0.0004,0.0476,0.6524,0.1168,0.0036,
189.9148,93,1,ok,0,1,9.4731,0.0003,8.7098,0.7626,0.0004,0.0500,0.6005,0.1085,0.0036,
189.9148,94,1,ok,1,1,10.0828,0.0007,9.2722,0.8096,0.0004,0.0488,0.6443,0.1127,0.0038,
189.9148,95,1,ok,0,1,10.0675,0.0011,9.2995,0.7666,0.0004,0.0501,0.6066,0.1062,0.0036,
189.9148,96,1,ok,1,1,8.9736,0.0003,8.1766,0.7964,0.0004,0.0491,0.6310,0.1125,0.0037,
189.9148,97,1,ok,0,1,8.8317,0.0017,8.0737,0.7559,0.0004,0.0508,0.5946,0.1069,0.0035,
189.9148,98,1,ok,1,1,8.4182,0.0011,7.6152,0.8015,0.0004,0.0486,0.6380,0.1113,0.0036,
189.9148,99,1,ok,0,1,7.8605,0.0012,7.0882,0.7707,0.0004,0.0498,0.6080,0.1091,0.0037,
189.9148,100,1,ok,1,1,8.5787,0.0007,7.7909,0.7867,0.0004,0.0492,0.6221,0.1119,0.0035,
189.9148,101,1,ok,0,1,8.2244,0.0013,7.4526,0.7701,0.0004,0.0506,0.6046,0.1113,0.0035,
189.9148,102,1,ok,1,1,8.5971,0.0008,7.8133,0.7826,0.0004,0.0486,0.6173,0.1131,0.0037,
189.9148,103,1,ok,0,1,8.3893,0.0004,7.6191,0.7695,0.0004,0.0503,0.6081,0.1075,0.0036,
189.9148,104,1,ok,1,1,9.0597,0.0005,8.2552,0.8036,0.0004,0.0492,0.6288,0.1217,0.0039,
189.9148,105,1,ok,0,1,8.7382,0.0014,7.9663,0.7702,0.0004,0.0503,0.6078,0.1085,0.0036,
189.9148,106,1,ok,1,1,9.4958,0.0007,8.6980,0.7967,0.0004,0.0485,0.6333,0.1112,0.0036,
189.9148,107,1,ok,0,1,9.2563,0.0008,8.5198,0.7353,0.0004,0.0518,0.5780,0.1019,0.0036,
189.9148,108,1,ok,0,1,9.8132,0.0004,9.0649,0.7474,0.0004,0.0502,0.5880,0.1058,0.0035,
189.9148,109,1,ok,1,1,8.9541,0.0005,8.1525,0.8007,0.0004,0.0484,0.6378,0.1108,0.0037,
189.9148,110,1,ok,0,1,8.9454,0.0006,8.1820,0.7624,0.0004,0.0506,0.6006,0.1076,0.0036,
189.9148,111,1,ok,1,1,9.0000,0.0012,8.1972,0.8012,0.0004,0.0488,0.6386,0.1102,0.0035,
189.9148,112,1,ok,0,1,9.3876,0.0008,8.6286,0.7577,0.0004,0.0508,0.5955,0.1076,0.0037,
189.9148,113,1,ok,1,1,9.5071,0.0008,8.7176,0.7882,0.0004,0.0490,0.6236,0.1119,0.0036,
189.9148,114,1,ok,0,1,9.3264,0.0004,8.5549,0.7706,0.0004,0.0508,0.6073,0.1088,0.0037,
189.9148,115,1,ok,1,1,8.8619,0.0012,8.0900,0.7704,0.0003,0.0495,0.6057,0.1114,0.0037,
189.9148,116,1,ok,0,1,9.3362,0.0004,8.5681,0.7673,0.0004,0.0501,0.6059,0.1076,0.0037,
189.9148,117,1,ok,1,1,9.2359,0.0002,8.4279,0.8075,0.0004,0.0494,0.6428,0.1117,0.0035,
189.9148,118,1,ok,0,1,9.4934,0.0010,8.7168,0.7752,0.0004,0.0509,0.6127,0.1079,0.0037,
189.9148,119,1,ok,1,1,9.6784,0.0017,8.8852,0.7912,0.0003,0.0493,0.6265,0.1117,0.0037,
189.9148,120,1,ok,0,1,9.7362,0.0009,8.9859,0.7490,0.0004,0.0512,0.5877,0.1066,0.0035,
189.9148,121,1,ok,1,1,9.7591,0.0005,8.9789,0.7794,0.0004,0.0493,0.6166,0.1100,0.0035,
189.9148,122,1,ok,0,1,9.7813,0.0008,9.0141,0.7660,0.0004,0.0509,0.6031,0.1083,0.0036,
189.9148,123,1,ok,1,1,9.8217,0.0014,9.0425,0.7774,0.0004,0.0492,0.6109,0.1136,0.0036,
189.9148,124,1,ok,0,1,10.2925,0.0012,9.5411,0.7498,0.0004,0.0509,0.5933,0.1019,0.0037,
189.9148,125,1,ok,1,1,10.4702,0.0007,9.6970,0.7722,0.0004,0.0500,0.6088,0.1098,0.0035,
189.9148,126,1,ok,0,1,10.9166,0.0006,10.1619,0.7536,0.0004,0.0506,0.5916,0.1078,0.0035,
189.9148,127,1,ok,1,1,10.4376,0.0023,9.6256,0.8093,0.0004,0.0484,0.6417,0.1155,0.0037,
189.9148,128,1,ok,0,1,10.1622,0.0012,9.4128,0.7479,0.0004,0.0512,0.5867,0.1063,0.0036,
189.9148,129,1,ok,1,1,10.0022,0.0010,9.2071,0.7936,0.0004,0.0488,0.6285,0.1127,0.0036,
189.9148,130,1,ok,0,1,10.2426,0.0012,9.4820,0.7590,0.0004,0.0511,0.5959,0.1082,0.0037,
189.9148,131,1,ok,1,1,10.6484,0.0015,9.8658,0.7808,0.0004,0.0492,0.6137,0.1144,0.0035,
189.9148,132,1,ok,0,1,10.3454,0.0020,9.5571,0.7860,0.0004,0.0503,0.6222,0.1102,0.0033,
189.9148,133,1,ok,1,1,9.8612,0.0012,9.0548,0.8048,0.0004,0.0475,0.6424,0.1113,0.0036,
189.9148,134,1,ok,0,1,10.1481,0.0011,9.3883,0.7583,0.0004,0.0505,0.5969,0.1074,0.0035,
189.9148,135,1,ok,1,1,10.4274,0.0003,9.6224,0.8044,0.0003,0.0487,0.6406,0.1113,0.0037,
189.9148,136,1,ok,0,1,10.6768,0.0008,9.9144,0.7612,0.0004,0.0506,0.5994,0.1076,0.0036,
189.9148,137,1,ok,1,1,10.7549,0.0014,9.9517,0.8014,0.0004,0.0486,0.6352,0.1139,0.0036,
189.9148,138,1,ok,0,1,10.5461,0.0010,9.7655,0.7792,0.0004,0.0499,0.6143,0.1112,0.0037,
189.9148,139,1,ok,1,1,11.0543,0.0006,10.2522,0.8011,0.0004,0.0489,0.6362,0.1123,0.0036,
189.9148,140,1,ok,0,1,11.0483,0.0003,10.2986,0.7490,0.0004,0.0510,0.5899,0.1043,0.0039,
189.9148,141,1,ok,1,1,11.3924,0.0005,10.5979,0.7935,0.0004,0.0486,0.6319,0.1096,0.0035,
189.9148,142,1,ok,0,1,11.4449,0.0004,10.6985,0.7456,0.0004,0.0511,0.5849,0.1060,0.0036,
189.9148,143,1,ok,1,1,11.4459,0.0011,10.6435,0.8009,0.0004,0.0487,0.6341,0.1146,0.0035,
189.9148,144,1,ok,0,1,11.3979,0.0011,10.6194,0.7770,0.0003,0.0501,0.6147,0.1087,0.0035,
189.9148,145,1,ok,1,1,11.9887,0.0011,11.1958,0.7914,0.0004,0.0492,0.6263,0.1122,0.0036,
189.9148,146,1,ok,0,1,11.8505,0.0006,11.0773,0.7722,0.0003,0.0507,0.6102,0.1079,0.0034,
189.9148,147,1,ok,1,1,12.1097,0.0006,11.3296,0.7790,0.0004,0.0488,0.6148,0.1118,0.0037,
189.9148,148,1,ok,0,1,12.1141,0.0003,11.3657,0.7478,0.0004,0.0510,0.5866,0.1065,0.0037,
189.9148,149,1,ok,1,1,12.7076,0.0015,11.9192,0.7865,0.0004,0.0482,0.6225,0.1120,0.0037,
189.9148,150,1,ok,0,1,11.0603,0.0007,10.3119,0.7473,0.0004,0.0509,0.5862,0.1062,0.0040,
189.9148,151,1,ok,1,1,11.4888,0.0006,10.6919,0.7959,0.0004,0.0494,0.6317,0.1110,0.0037,
189.9148,152,1,ok,0,1,11.3223,0.0005,10.5461,0.7752,0.0005,0.0498,0.6132,0.1084,0.0038,
189.9148,153,1,ok,1,1,11.8808,0.0003,11.0761,0.8032,0.0011,0.0487,0.6381,0.1129,0.0036,
189.9148,154,1,ok,0,1,11.8125,0.0007,11.0506,0.7607,0.0004,0.0509,0.6005,0.1057,0.0035,
189.9148,155,1,ok,0,1,12.4897,0.0006,11.7316,0.7572,0.0004,0.0507,0.5957,0.1073,0.0034,
189.9148,156,1,ok,1,1,12.4223,0.0004,11.6288,0.7916,0.0014,0.0489,0.6274,0.1115,0.0037,
189.9148,157,1,ok,0,1,12.8525,0.0006,12.0784,0.7732,0.0003,0.0504,0.6093,0.1100,0.0035,
189.9148,158,1,ok,1,1,12.8373,0.0011,12.0582,0.7765,0.0015,0.0483,0.6110,0.1137,0.0035,
189.9148,159,1,ok,0,1,13.4570,0.0007,12.6907,0.7653,0.0003,0.0509,0.6036,0.1072,0.0035,
189.9148,160,1,ok,1,1,13.5414,0.0006,12.7349,0.8045,0.0014,0.0474,0.6408,0.1127,0.0035,
189.9148,161,1,ok,0,1,13.8928,0.0007,13.1179,0.7738,0.0003,0.0504,0.6124,0.1073,0.0037,
189.9148,162,1,ok,1,1,13.9592,0.0008,13.1434,0.8137,0.0013,0.0489,0.6475,0.1136,0.0036,
189.9148,163,1,ok,0,1,13.8297,0.0012,13.0643,0.7637,0.0003,0.0503,0.6028,0.1071,0.0035,
189.9148,164,1,ok,1,1,13.3808,0.0008,12.5931,0.7863,0.0007,0.0485,0.6169,0.1171,0.0037,
189.9148,165,1,ok,0,1,13.9615,0.0007,13.1854,0.7750,0.0004,0.0506,0.6118,0.1090,0.0036,
189.9148,166,1,ok,1,1,14.0747,0.0010,13.2707,0.8024,0.0006,0.0494,0.6373,0.1120,0.0037,
189.9148,167,1,ok,0,1,14.2931,0.0009,13.5255,0.7663,0.0004,0.0506,0.6069,0.1051,0.0036,
189.9148,168,1,ok,1,1,14.4463,0.0009,13.6483,0.7963,0.0008,0.0491,0.6317,0.1119,0.0036,
189.9148,169,1,ok,0,1,14.9402,0.0002,14.1719,0.7678,0.0004,0.0505,0.6037,0.1097,0.0038,
189.9148,170,1,ok,1,1,14.3314,0.0006,13.5348,0.7945,0.0015,0.0484,0.6314,0.1107,0.0039,
189.9148,171,1,ok,0,1,14.5552,0.0016,13.8052,0.7481,0.0004,0.0511,0.5914,0.1021,0.0035,
189.9148,172,1,ok,1,1,14.6448,0.0004,13.8615,0.7822,0.0008,0.0487,0.6160,0.1138,0.0036,
189.9148,173,1,ok,0,1,14.6213,0.0008,13.8672,0.7529,0.0004,0.0509,0.5916,0.1069,0.0035,
189.9148,174,1,ok,1,1,14.4482,0.0006,13.6386,0.8072,0.0017,0.0480,0.6432,0.1126,0.0034,
189.9148,175,1,ok,0,1,14.7951,0.0021,14.0320,0.7607,0.0004,0.0495,0.6020,0.1054,0.0037,
189.9148,176,1,ok,1,1,15.1372,0.0010,14.3482,0.7869,0.0011,0.0485,0.6224,0.1123,0.0036,
189.9148,177,1,ok,0,1,15.3529,0.0009,14.5839,0.7677,0.0004,0.0500,0.6040,0.1101,0.0036,
189.9148,178,1,ok,1,1,15.5690,0.0006,14.7844,0.7836,0.0004,0.0483,0.6193,0.1124,0.0035,
189.9148,179,1,ok,0,1,15.7402,0.0011,14.9789,0.7598,0.0004,0.0508,0.5981,0.1072,0.0036,
189.9148,180,1,ok,1,1,15.7576,0.0009,14.9567,0.7993,0.0007,0.0494,0.6364,0.1098,0.0036,
189.9148,181,1,ok,0,1,15.7435,0.0013,14.9728,0.7690,0.0004,0.0508,0.6030,0.1115,0.0036,
189.9148,182,1,ok,1,1,14.8874,0.0008,14.0936,0.7924,0.0006,0.0486,0.6258,0.1143,0.0035,
189.9148,183,1,ok,0,1,15.1637,0.0002,14.4008,0.7623,0.0004,0.0507,0.6018,0.1064,0.0034,
189.9148,184,1,ok,1,1,15.4719,0.0009,14.6911,0.7787,0.0013,0.0489,0.6154,0.1108,0.0036,
189.9148,185,1,ok,0,1,15.6464,0.0011,14.8689,0.7760,0.0004,0.0502,0.6136,0.1084,0.0036,
189.9148,186,1,ok,1,1,15.5130,0.0012,14.7148,0.7963,0.0008,0.0476,0.6310,0.1140,0.0036,
189.9148,187,1,ok,0,1,15.6979,0.0011,14.9300,0.7665,0.0004,0.0503,0.6051,0.1074,0.0036,
189.9148,188,1,ok,1,1,16.1510,0.0006,15.3554,0.7945,0.0005,0.0485,0.6313,0.1110,0.0036,
189.9148,189,1,ok,0,1,16.2100,0.0019,15.4413,0.7664,0.0004,0.0514,0.6033,0.1081,0.0035,
189.9148,190,1,ok,1,1,16.5978,0.0009,15.7889,0.8068,0.0012,0.0480,0.6384,0.1169,0.0035,
189.9148,191,1,ok,0,1,16.6923,0.0020,15.9317,0.7583,0.0004,0.0510,0.5966,0.1072,0.0035,
189.9148,192,1,ok,1,1,17.1929,0.0004,16.4035,0.7882,0.0008,0.0486,0.6223,0.1135,0.0037,
189.9148,193,1,ok,0,1,16.5622,0.0018,15.7886,0.7714,0.0004,0.0506,0.6111,0.1059,0.0037,
189.9148,194,1,ok,1,1,16.9978,0.0011,16.1957,0.7999,0.0010,0.0485,0.6366,0.1113,0.0035,
189.9148,195,1,ok,0,1,16.5195,0.0016,15.7514,0.7662,0.0004,0.0506,0.6057,0.1062,0.0035,
189.9148,196,1,ok,1,1,16.9311,0.0005,16.1206,0.8090,0.0010,0.0477,0.6438,0.1138,0.0036,
189.9148,197,1,ok,0,1,17.0174,0.0002,16.2504,0.7664,0.0004,0.0507,0.6049,0.1071,0.0037,
189.9148,198,1,ok,1,1,15.4034,0.0011,14.6263,0.7751,0.0009,0.0488,0.6110,0.1113,0.0039,
189.9148,199,1,ok,0,1,14.9035,0.0007,14.1582,0.7443,0.0004,0.0511,0.5856,0.1038,0.0037,
189.9148,200,1,ok,1,1,14.5278,0.0006,13.7342,0.7923,0.0007,0.0485,0.6299,0.1101,0.0037,
189.9148,201,1,ok,0,1,13.7450,0.0005,12.9815,0.7627,0.0004,0.0502,0.5966,0.1122,0.0037,
189.9148,202,1,ok,1,1,13.9050,0.0006,13.1065,0.7973,0.0007,0.0485,0.6322,0.1128,0.0038,
189.9148,203,1,ok,0,1,13.8732,0.0002,13.0907,0.7818,0.0004,0.0498,0.6207,0.1078,0.0035,
189.9148,204,1,ok,1,1,14.4443,0.0005,13.6370,0.8064,0.0004,0.0490,0.6388,0.1148,0.0038,
189.9148,205,1,ok,0,1,14.3655,0.0007,13.5865,0.7764,0.0020,0.0507,0.6130,0.1091,0.0037,
189.9148,206,1,ok,0,1,14.9527,0.0009,14.2027,0.7487,0.0004,0.0507,0.5871,0.1069,0.0040,
189.9148,207,1,ok,1,1,14.9716,0.0009,14.1864,0.7836,0.0007,0.0503,0.6184,0.1114,0.0035,
189.9148,208,1,ok,0,1,15.5482,0.0007,14.7824,0.7648,0.0004,0.0502,0.6049,0.1060,0.0037,
189.9148,209,1,ok,1,1,14.2896,0.0012,13.4865,0.8011,0.0008,0.0479,0.6375,0.1117,0.0040,
182.3533,0,0,ok,0,1,0.6094,0.0006,0.0000,0.6082,0.0006,0.0509,0.4660,0.0875,0.0036,
182.3533,1,0,ok,1,1,0.6160,0.0005,0.0000,0.6142,0.0013,0.0506,0.4724,0.0875,0.0036,
182.3533,2,0,ok,0,1,1.2065,0.0011,0.4941,0.7109,0.0004,0.0479,0.5524,0.1069,0.0037,
182.3533,3,0,ok,1,1,1.0950,0.0002,0.4269,0.6671,0.0008,0.0491,0.5182,0.0961,0.0037,
182.3533,4,0,ok,1,1,1.4657,0.0005,0.6558,0.8088,0.0006,0.0467,0.6362,0.1219,0.0040,
182.3533,5,0,ok,0,1,1.0833,0.0014,0.3117,0.7698,0.0003,0.0503,0.6088,0.1070,0.0037,
182.3533,6,0,ok,0,1,1.1210,0.0019,0.3485,0.7701,0.0004,0.0498,0.6078,0.1088,0.0036,
182.3533,7,0,ok,1,1,1.1448,0.0001,0.3312,0.8131,0.0003,0.0484,0.6467,0.1142,0.0038,
182.3533,8,0,ok,0,1,1.7193,0.0011,0.9096,0.8082,0.0004,0.0492,0.6385,0.1170,0.0035,
182.3533,9,0,ok,1,1,1.7717,0.0012,0.9532,0.8158,0.0014,0.0488,0.6459,0.1174,0.0036,
182.3533,10,1,ok,0,1,2.3955,0.0002,1.6279,0.7670,0.0004,0.0504,0.6035,0.1090,0.0040,
182.3533,11,1,ok,1,1,2.2859,0.0011,1.4578,0.8263,0.0007,0.0475,0.6587,0.1163,0.0037,
182.3533,12,1,ok,0,1,2.9344,0.0004,2.1547,0.7790,0.0004,0.0498,0.6175,0.1081,0.0036,
182.3533,13,1,ok,1,1,3.0072,0.0006,2.2035,0.8025,0.0006,0.0482,0.6376,0.1131,0.0036,
182.3533,14,1,ok,0,1,3.2870,0.0008,2.5154,0.7705,0.0004,0.0507,0.6099,0.1061,0.0038,
182.3533,15,1,ok,1,1,3.2057,0.0007,2.4021,0.8011,0.0018,0.0479,0.6355,0.1142,0.0036,
182.3533,16,1,ok,0,1,3.6834,0.0010,2.9451,0.7370,0.0004,0.0506,0.5808,0.1020,0.0036,
182.3533,17,1,ok,1,1,3.6280,0.0006,2.8304,0.7964,0.0006,0.0493,0.6294,0.1140,0.0037,
182.3533,18,1,ok,0,1,3.5939,0.0009,2.8443,0.7483,0.0004,0.0502,0.5875,0.1070,0.0037,
182.3533,19,1,ok,1,1,3.8674,0.0009,3.0795,0.7856,0.0014,0.0485,0.6214,0.1120,0.0036,
182.3533,20,1,ok,0,1,3.8259,0.0013,3.0513,0.7730,0.0004,0.0505,0.6088,0.1103,0.0034,
182.3533,21,1,ok,1,1,3.7511,0.0006,2.9334,0.8165,0.0005,0.0486,0.6528,0.1117,0.0035,
182.3533,22,1,ok,0,1,4.0657,0.0009,3.2940,0.7704,0.0004,0.0500,0.6095,0.1073,0.0037,
182.3533,23,1,ok,1,1,4.3596,0.0005,3.5581,0.8003,0.0007,0.0493,0.6364,0.1109,0.0036,
182.3533,24,1,ok,0,1,3.7304,0.0011,2.9720,0.7568,0.0004,0.0504,0.5945,0.1084,0.0035,
182.3533,25,1,ok,1,1,3.9886,0.0008,3.1868,0.7999,0.0011,0.0490,0.6282,0.1192,0.0035,
182.3533,26,1,ok,0,1,4.3334,0.0010,3.5623,0.7693,0.0008,0.0508,0.6078,0.1071,0.0036,
182.3533,27,1,ok,1,1,4.7201,0.0006,3.9225,0.7946,0.0024,0.0500,0.6264,0.1143,0.0038,
182.3533,28,1,ok,0,1,4.4392,0.0004,3.6809,0.7572,0.0007,0.0497,0.5964,0.1075,0.0036,
182.3533,29,1,ok,1,1,4.5838,0.0022,3.7946,0.7867,0.0004,0.0489,0.6218,0.1123,0.0036,
182.3533,30,1,ok,0,1,4.3525,0.0011,3.5920,0.7588,0.0005,0.0501,0.5967,0.1084,0.0035,
182.3533,31,1,ok,1,1,4.4208,0.0013,3.6105,0.8079,0.0010,0.0485,0.6428,0.1128,0.0038,
182.3533,32,1,ok,0,1,4.4349,0.0011,3.6681,0.7653,0.0004,0.0501,0.6047,0.1068,0.0037,
182.3533,33,1,ok,1,1,3.7601,0.0016,2.9766,0.7805,0.0014,0.0490,0.6131,0.1147,0.0037,
182.3533,34,1,ok,0,1,3.8484,0.0004,3.0882,0.7594,0.0004,0.0498,0.5990,0.1069,0.0037,
182.3533,35,1,ok,1,1,4.1444,0.0005,3.3389,0.8036,0.0014,0.0478,0.6373,0.1148,0.0037,
182.3533,36,1,ok,0,1,3.7752,0.0011,3.0011,0.7725,0.0004,0.0495,0.6061,0.1134,0.0036,
182.3533,37,1,ok,1,1,4.0584,0.0005,3.2449,0.8113,0.0017,0.0493,0.6377,0.1204,0.0038,
182.3533,38,1,ok,0,1,3.5759,0.0010,2.8062,0.7684,0.0004,0.0511,0.6093,0.1045,0.0035,
182.3533,39,1,ok,1,1,3.8961,0.0005,3.1236,0.7711,0.0009,0.0489,0.6080,0.1104,0.0037,
182.3533,40,1,ok,0,1,3.6496,0.0006,2.8908,0.7579,0.0004,0.0497,0.5975,0.1072,0.0035,
182.3533,41,1,ok,1,1,4.2825,0.0003,3.4792,0.8023,0.0007,0.0484,0.6375,0.1126,0.0036,
182.3533,42,1,ok,0,1,4.3154,0.0004,3.5487,0.7659,0.0004,0.0497,0.6054,0.1071,0.0036,
182.3533,43,1,ok,1,1,4.8740,0.0012,4.0838,0.7877,0.0013,0.0491,0.6239,0.1112,0.0034,
182.3533,44,1,ok,0,1,4.9300,0.0010,4.1747,0.7539,0.0004,0.0510,0.5951,0.1043,0.0035,
182.3533,45,1,ok,1,1,5.5544,0.0007,4.7587,0.7930,0.0021,0.0484,0.6279,0.1128,0.0038,
182.3533,46,1,ok,0,1,5.5524,0.0009,4.8068,0.7442,0.0004,0.0497,0.5847,0.1063,0.0035,
182.3533,47,1,ok,1,1,6.2113,0.0010,5.4113,0.7980,0.0011,0.0472,0.6342,0.1128,0.0037,
182.3533,48,1,ok,0,1,5.8790,0.0013,5.1117,0.7646,0.0014,0.0503,0.6020,0.1086,0.0037,
182.3533,49,1,ok,0,1,6.4931,0.0012,5.7285,0.7630,0.0005,0.0509,0.6001,0.1084,0.0036,
182.3533,50,1,ok,1,1,6.3696,0.0016,5.5760,0.7899,0.0020,0.0486,0.6247,0.1127,0.0038,
182.3533,51,1,ok,0,1,7.0314,0.0005,6.2632,0.7673,0.0003,0.0498,0.6064,0.1075,0.0036,
182.3533,52,1,ok,1,1,7.0030,0.0005,6.1896,0.8116,0.0013,0.0483,0.6472,0.1126,0.0036,
182.3533,53,1,ok,0,1,6.7908,0.0011,6.0203,0.7691,0.0004,0.0501,0.6084,0.1069,0.0037,
182.3533,54,1,ok,1,1,6.5496,0.0010,5.7506,0.7973,0.0007,0.0481,0.6342,0.1114,0.0036,
182.3533,55,1,ok,0,1,6.8929,0.0007,6.1375,0.7543,0.0004,0.0508,0.5938,0.1061,0.0035,
182.3533,56,1,ok,1,1,6.9667,0.0004,6.1784,0.7870,0.0010,0.0487,0.6211,0.1136,0.0036,
182.3533,57,1,ok,0,1,7.1685,0.0011,6.4002,0.7668,0.0004,0.0503,0.6054,0.1076,0.0035,
182.3533,58,1,ok,1,1,7.2783,0.0007,6.4776,0.7984,0.0016,0.0486,0.6348,0.1112,0.0038,
182.3533,59,1,ok,0,1,7.7243,0.0005,6.9524,0.7711,0.0004,0.0502,0.6101,0.1071,0.0036,
182.3533,60,1,ok,1,1,6.4393,0.0012,5.6202,0.8173,0.0006,0.0488,0.6528,0.1121,0.0036,
182.3533,61,1,ok,0,1,6.6449,0.0010,5.8873,0.7563,0.0004,0.0506,0.5964,0.1055,0.0037,
182.3533,62,1,ok,1,1,6.6363,0.0015,5.8338,0.7999,0.0011,0.0499,0.6317,0.1147,0.0036,
182.3533,63,1,ok,0,1,6.7566,0.0010,5.9964,0.7588,0.0004,0.0500,0.5981,0.1070,0.0037,
182.3533,64,1,ok,1,1,6.4497,0.0007,5.6470,0.8009,0.0011,0.0485,0.6373,0.1114,0.0037,
182.3533,65,1,ok,0,1,6.4361,0.0012,5.6542,0.7804,0.0004,0.0485,0.6177,0.1104,0.0037,
182.3533,66,1,ok,1,1,6.6658,0.0008,5.8711,0.7933,0.0007,0.0484,0.6308,0.1104,0.0036,
182.3533,67,1,ok,0,1,7.1031,0.0002,6.3396,0.7629,0.0004,0.0503,0.6014,0.1075,0.0036,
182.3533,68,1,ok,1,1,7.3184,0.0008,6.5296,0.7865,0.0015,0.0494,0.6204,0.1130,0.0036,
182.3533,69,1,ok,0,1,7.6413,0.0006,6.8753,0.7650,0.0004,0.0501,0.6069,0.1044,0.0036,
182.3533,70,1,ok,1,1,7.9649,0.0010,7.1369,0.8258,0.0012,0.0472,0.6581,0.1168,0.0036,
182.3533,71,1,ok,0,1,7.3701,0.0003,6.6210,0.7485,0.0004,0.0505,0.5896,0.1047,0.0037,
182.3533,72,1,ok,1,1,7.1341,0.0003,6.3348,0.7969,0.0021,0.0479,0.6316,0.1137,0.0037,
182.3533,73,1,ok,0,1,7.3065,0.0012,6.5568,0.7482,0.0004,0.0504,0.5880,0.1063,0.0036,
182.3533,74,1,ok,1,1,7.4471,0.0011,6.6580,0.7871,0.0008,0.0486,0.6240,0.1108,0.0037,
182.3533,75,1,ok,0,1,7.5549,0.0021,6.7882,0.7643,0.0004,0.0503,0.6025,0.1080,0.0035,
182.3533,76,1,ok,1,1,7.2581,0.0010,6.4711,0.7845,0.0014,0.0488,0.6171,0.1150,0.0035,
182.3533,77,1,ok,0,1,7.3127,0.0022,6.5413,0.7688,0.0003,0.0504,0.6088,0.1059,0.0037,
182.3533,78,1,ok,1,1,7.7638,0.0012,6.9536,0.8081,0.0009,0.0489,0.6447,0.1109,0.0035,
182.3533,79,1,ok,0,1,7.8816,0.0012,7.1172,0.7629,0.0004,0.0498,0.6028,0.1066,0.0036,
182.3533,80,1,ok,1,1,8.1805,0.0008,7.3987,0.7799,0.0011,0.0482,0.6165,0.1115,0.0036,
182.3533,81,1,ok,0,1,8.2714,0.0008,7.5094,0.7609,0.0003,0.0502,0.6001,0.1071,0.0035,
182.3533,82,1,ok,1,1,8.5821,0.0005,7.7907,0.7901,0.0009,0.0487,0.6256,0.1121,0.0037,
182.3533,83,1,ok,0,1,8.0044,0.0010,7.2309,0.7722,0.0003,0.0504,0.6082,0.1100,0.0036,
182.3533,84,1,ok,1,1,8.4638,0.0005,7.6634,0.7986,0.0014,0.0489,0.6341,0.1120,0.0035,
182.3533,85,1,ok,0,1,8.5141,0.0002,7.7550,0.7585,0.0004,0.0504,0.5984,0.1062,0.0035,
182.3533,86,1,ok,1,1,7.2040,0.0006,6.4054,0.7972,0.0008,0.0489,0.6347,0.1101,0.0035,
182.3533,87,1,ok,0,1,7.0465,0.0010,6.3023,0.7428,0.0003,0.0506,0.5858,0.1027,0.0037,
182.3533,88,1,ok,1,1,7.7312,0.0008,6.9375,0.7918,0.0012,0.0491,0.6276,0.1115,0.0036,
182.3533,89,1,ok,0,1,7.7394,0.0010,6.9982,0.7398,0.0004,0.0499,0.5821,0.1043,0.0035,
182.3533,90,1,ok,1,1,8.4612,0.0009,7.6762,0.7828,0.0012,0.0490,0.6157,0.1145,0.0035,
182.3533,91,1,ok,0,1,8.1581,0.0010,7.3753,0.7814,0.0003,0.0488,0.6167,0.1121,0.0038,
182.3533,92,1,ok,1,1,8.3966,0.0010,7.6185,0.7756,0.0014,0.0509,0.6112,0.1099,0.0037,
182.3533,93,1,ok,0,1,8.2023,0.0016,7.4592,0.7411,0.0004,0.0514,0.5818,0.1043,0.0036,
182.3533,94,1,ok,0,1,8.9387,0.0002,8.1806,0.7576,0.0004,0.0501,0.5981,0.1059,0.0036,
182.3533,95,1,ok,1,1,8.8493,0.0003,8.0361,0.8119,0.0010,0.0500,0.6433,0.1149,0.0037,
182.3533,96,1,ok,0,1,7.7249,0.0007,6.9530,0.7708,0.0004,0.0504,0.6081,0.1087,0.0036,
182.3533,97,1,ok,1,1,7.5696,0.0006,6.7740,0.7940,0.0010,0.0489,0.6245,0.1170,0.0036,
182.3533,98,1,ok,0,1,7.0726,0.0015,6.3098,0.7609,0.0004,0.0503,0.5984,0.1086,0.0035,
182.3533,99,1,ok,1,1,6.5681,0.0009,5.7542,0.8106,0.0024,0.0490,0.6458,0.1120,0.0038,
182.3533,100,1,ok,0,1,7.1883,0.0002,6.4198,0.7679,0.0004,0.0500,0.6033,0.1111,0.0035,
182.3533,101,1,ok,1,1,6.9435,0.0006,6.1440,0.7978,0.0011,0.0484,0.6297,0.1162,0.0035,
182.3533,102,1,ok,0,1,7.1355,0.0014,6.3905,0.7431,0.0004,0.0512,0.5834,0.1049,0.0036,
182.3533,103,1,ok,1,1,7.1155,0.0018,6.3118,0.8009,0.0011,0.0489,0.6363,0.1120,0.0037,
182.3533,104,1,ok,0,1,7.5518,0.0004,6.7797,0.7714,0.0003,0.0504,0.6069,0.1104,0.0037,
182.3533,105,1,ok,1,1,7.4724,0.0008,6.6756,0.7949,0.0011,0.0494,0.6314,0.1104,0.0036,
182.3533,106,1,ok,0,1,7.9241,0.0010,7.1748,0.7479,0.0003,0.0508,0.5891,0.1045,0.0035,
182.3533,107,1,ok,1,1,8.0408,0.0006,7.2452,0.7941,0.0009,0.0483,0.6270,0.1151,0.0037,
182.3533,108,1,ok,0,1,8.3191,0.0009,7.5365,0.7814,0.0003,0.0500,0.6170,0.1109,0.0035,
182.3533,109,1,ok,1,1,7.6040,0.0005,6.8295,0.7728,0.0011,0.0495,0.6067,0.1129,0.0037,
182.3533,110,1,ok,0,1,7.3947,0.0007,6.6202,0.7735,0.0004,0.0510,0.6078,0.1111,0.0035,
182.3533,111,1,ok,1,1,7.6119,0.0004,6.8166,0.7942,0.0008,0.0492,0.6285,0.1128,0.0036,
182.3533,112,1,ok,0,1,7.8364,0.0012,7.0645,0.7703,0.0003,0.0498,0.6089,0.1079,0.0037,
182.3533,113,1,ok,1,1,8.1278,0.0007,7.3181,0.8083,0.0007,0.0488,0.6430,0.1128,0.0036,
182.3533,114,1,ok,0,1,7.7339,0.0015,6.9683,0.7637,0.0004,0.0504,0.6006,0.1090,0.0037,
182.3533,115,1,ok,1,1,7.4481,0.0009,6.6523,0.7940,0.0010,0.0482,0.6303,0.1116,0.0037,
182.3533,116,1,ok,0,1,7.6920,0.0004,6.9442,0.7470,0.0004,0.0509,0.5868,0.1057,0.0036,
182.3533,117,1,ok,1,1,7.7963,0.0006,6.9957,0.7988,0.0012,0.0488,0.6322,0.1142,0.0036,
182.3533,118,1,ok,0,1,7.8177,0.0011,7.0468,0.7694,0.0004,0.0498,0.6070,0.1089,0.0036,
182.3533,119,1,ok,1,1,8.2308,0.0008,7.4319,0.7967,0.0013,0.0483,0.6345,0.1102,0.0037,
182.3533,120,1,ok,0,1,8.0612,0.0010,7.2891,0.7708,0.0004,0.0500,0.6080,0.1092,0.0035,
182.3533,121,1,ok,1,1,8.2696,0.0012,7.5014,0.7659,0.0010,0.0498,0.6002,0.1124,0.0035,
182.3533,122,1,ok,0,1,8.0855,0.0008,7.3092,0.7750,0.0004,0.0504,0.6117,0.1094,0.0036,
182.3533,123,1,ok,1,1,8.3258,0.0005,7.5243,0.7998,0.0012,0.0489,0.6330,0.1142,0.0036,
182.3533,124,1,ok,0,1,8.5909,0.0003,7.8363,0.7539,0.0004,0.0502,0.5923,0.1077,0.0037,
182.3533,125,1,ok,1,1,8.9767,0.0006,8.1961,0.7785,0.0014,0.0491,0.6119,0.1141,0.0035,
182.3533,126,1,ok,0,1,9.2208,0.0003,8.4552,0.7649,0.0003,0.0501,0.6032,0.1081,0.0035,
182.3533,127,1,ok,1,1,8.9005,0.0011,8.0984,0.8002,0.0008,0.0488,0.6364,0.1114,0.0036,
182.3533,128,1,ok,0,1,8.4264,0.0012,7.6547,0.7701,0.0004,0.0494,0.6086,0.1084,0.0036,
182.3533,129,1,ok,1,1,8.4211,0.0005,7.6195,0.8002,0.0008,0.0484,0.6352,0.1131,0.0036,
182.3533,130,1,ok,0,1,8.4956,0.0009,7.7183,0.7760,0.0004,0.0501,0.6146,0.1075,0.0037,
182.3533,131,1,ok,1,1,9.0905,0.0004,8.2802,0.8095,0.0005,0.0473,0.6446,0.1140,0.0035,
182.3533,132,1,ok,0,1,8.5503,0.0008,7.7829,0.7662,0.0004,0.0503,0.6066,0.1059,0.0033,
182.3533,133,1,ok,1,1,8.2381,0.0004,7.4316,0.8054,0.0006,0.0487,0.6413,0.1118,0.0036,
182.3533,134,1,ok,0,1,8.3051,0.0011,7.5535,0.7501,0.0004,0.0505,0.5877,0.1084,0.0035,
182.3533,135,1,ok,1,1,8.7857,0.0005,7.9892,0.7949,0.0011,0.0486,0.6310,0.1115,0.0037,
182.3533,136,1,ok,0,1,8.8336,0.0010,8.0615,0.7707,0.0003,0.0506,0.6099,0.1067,0.0035,
182.3533,137,1,ok,1,1,9.0997,0.0011,8.2906,0.8074,0.0006,0.0486,0.6440,0.1111,0.0036,
182.3533,138,1,ok,0,1,8.6448,0.0003,7.8852,0.7590,0.0003,0.0501,0.5975,0.1077,0.0036,
182.3533,139,1,ok,1,1,9.3719,0.0003,8.5765,0.7936,0.0015,0.0478,0.6308,0.1114,0.0036,
182.3533,140,1,ok,0,1,9.1596,0.0006,8.3869,0.7691,0.0031,0.0498,0.6085,0.1068,0.0039,
182.3533,141,1,ok,0,1,9.6707,0.0013,8.8957,0.7732,0.0005,0.0496,0.6102,0.1099,0.0034,
182.3533,142,1,ok,1,1,9.5987,0.0012,8.7946,0.8023,0.0006,0.0485,0.6366,0.1136,0.0036,
182.3533,143,1,ok,0,1,9.6540,0.0021,8.8897,0.7618,0.0004,0.0500,0.6002,0.1081,0.0034,
182.3533,144,1,ok,1,1,9.5510,0.0004,8.7397,0.8097,0.0012,0.0484,0.6447,0.1130,0.0036,
182.3533,145,1,ok,0,1,10.1364,0.0003,9.3944,0.7413,0.0004,0.0514,0.5817,0.1046,0.0036,
182.3533,146,1,ok,1,1,9.9778,0.0006,9.2171,0.7586,0.0016,0.0499,0.5956,0.1096,0.0035,
182.3533,147,1,ok,0,1,10.2214,0.0004,9.4503,0.7703,0.0004,0.0498,0.6093,0.1076,0.0036,
182.3533,148,1,ok,1,1,10.2782,0.0007,9.4725,0.8044,0.0006,0.0489,0.6401,0.1116,0.0037,
182.3533,149,1,ok,0,1,10.7881,0.0010,10.0236,0.7631,0.0004,0.0501,0.6005,0.1089,0.0036,
182.3533,150,1,ok,1,1,9.2041,0.0019,8.4002,0.8008,0.0013,0.0484,0.6359,0.1124,0.0040,
182.3533,151,1,ok,0,1,9.4550,0.0011,8.6884,0.7652,0.0004,0.0498,0.6048,0.1069,0.0037,
182.3533,152,1,ok,1,1,9.4561,0.0003,8.6688,0.7855,0.0015,0.0483,0.6194,0.1140,0.0038,
182.3533,153,1,ok,0,1,9.7933,0.0006,9.0249,0.7675,0.0004,0.0499,0.6051,0.1089,0.0035,
182.3533,154,1,ok,1,1,9.9561,0.0003,9.1736,0.7820,0.0003,0.0489,0.6138,0.1156,0.0036,
182.3533,155,1,ok,0,1,10.4159,0.0007,9.6665,0.7484,0.0004,0.0511,0.5866,0.1072,0.0034,
182.3533,156,1,ok,1,1,10.5262,0.0012,9.7354,0.7881,0.0015,0.0495,0.6226,0.1122,0.0037,
182.3533,157,1,ok,0,1,10.7369,0.0005,9.9876,0.7484,0.0004,0.0505,0.5877,0.1067,0.0035,
182.3533,158,1,ok,1,1,10.9512,0.0008,10.1474,0.8022,0.0008,0.0481,0.6375,0.1131,0.0034,
182.3533,159,1,ok,0,1,11.3203,0.0012,10.5679,0.7509,0.0004,0.0502,0.5886,0.1085,0.0035,
182.3533,160,1,ok,1,1,11.6271,0.0011,10.8440,0.7805,0.0015,0.0496,0.6149,0.1124,0.0035,
182.3533,161,1,ok,0,1,11.7375,0.0014,10.9666,0.7692,0.0004,0.0498,0.6067,0.1090,0.0037,
182.3533,162,1,ok,1,1,11.9994,0.0010,11.2124,0.7845,0.0015,0.0490,0.6199,0.1119,0.0037,
182.3533,163,1,ok,0,1,11.6490,0.0012,10.8748,0.7726,0.0003,0.0496,0.6108,0.1087,0.0035,
182.3533,164,1,ok,1,1,11.3655,0.0006,10.5768,0.7869,0.0011,0.0488,0.6228,0.1118,0.0036,
182.3533,165,1,ok,0,1,11.7524,0.0006,10.9782,0.7733,0.0003,0.0498,0.6109,0.1089,0.0036,
182.3533,166,1,ok,1,1,12.0458,0.0003,11.2515,0.7925,0.0014,0.0486,0.6295,0.1108,0.0037,
182.3533,167,1,ok,0,1,12.0733,0.0019,11.2973,0.7738,0.0003,0.0500,0.6144,0.1058,0.0036,
182.3533,168,1,ok,1,1,12.3988,0.0008,11.6020,0.7945,0.0015,0.0494,0.6304,0.1111,0.0036,
182.3533,169,1,ok,0,1,12.7094,0.0002,11.9471,0.7618,0.0003,0.0501,0.6013,0.1065,0.0038,
182.3533,170,1,ok,1,1,12.2500,0.0025,11.4476,0.7964,0.0035,0.0481,0.6322,0.1123,0.0039,
182.3533,171,1,ok,0,1,12.2977,0.0005,11.5285,0.7684,0.0003,0.0492,0.6093,0.1064,0.0035,
182.3533,172,1,ok,1,1,12.5420,0.0004,11.7606,0.7800,0.0010,0.0481,0.6140,0.1143,0.0036,
182.3533,173,1,ok,0,1,12.3454,0.0008,11.5811,0.7631,0.0003,0.0500,0.6007,0.1089,0.0035,
182.3533,174,1,ok,1,1,12.3068,0.0013,11.4934,0.8111,0.0009,0.0483,0.6450,0.1143,0.0034,
182.3533,175,1,ok,0,1,12.5040,0.0010,11.7328,0.7699,0.0004,0.0511,0.6079,0.1072,0.0036,
182.3533,176,1,ok,1,1,13.0137,0.0006,12.2031,0.8088,0.0011,0.0486,0.6450,0.1116,0.0036,
182.3533,177,1,ok,0,1,13.0370,0.0003,12.2846,0.7517,0.0004,0.0502,0.5911,0.1069,0.0035,
182.3533,178,1,ok,1,1,13.4508,0.0009,12.6459,0.8026,0.0014,0.0489,0.6372,0.1130,0.0035,
182.3533,179,1,ok,0,1,13.4299,0.0002,12.6485,0.7808,0.0003,0.0501,0.6185,0.1086,0.0036,
182.3533,180,1,ok,1,1,13.6131,0.0009,12.8132,0.7980,0.0010,0.0485,0.6343,0.1116,0.0036,
182.3533,181,1,ok,0,1,13.4127,0.0014,12.6307,0.7803,0.0003,0.0496,0.6171,0.1100,0.0036,
182.3533,182,1,ok,1,1,12.6749,0.0010,11.8799,0.7931,0.0008,0.0487,0.6260,0.1149,0.0036,
182.3533,183,1,ok,0,1,12.7893,0.0010,12.0135,0.7744,0.0004,0.0505,0.6126,0.1079,0.0034,
182.3533,184,1,ok,1,1,13.2733,0.0008,12.4705,0.8005,0.0014,0.0487,0.6341,0.1141,0.0036,
182.3533,185,1,ok,0,1,13.2502,0.0006,12.4828,0.7664,0.0004,0.0508,0.6042,0.1077,0.0036,
182.3533,186,1,ok,1,1,13.2760,0.0004,12.4856,0.7885,0.0015,0.0491,0.6262,0.1096,0.0036,
182.3533,187,1,ok,0,1,13.2637,0.0006,12.5047,0.7581,0.0003,0.0502,0.5980,0.1063,0.0036,
182.3533,188,1,ok,1,1,13.9026,0.0003,13.1123,0.7888,0.0012,0.0482,0.6263,0.1107,0.0036,
182.3533,189,1,ok,0,1,13.7502,0.0011,12.9973,0.7514,0.0003,0.0502,0.5902,0.1075,0.0035,
182.3533,190,1,ok,1,1,14.3064,0.0034,13.5230,0.7789,0.0011,0.0499,0.6135,0.1119,0.0035,
182.3533,191,1,ok,0,1,14.2331,0.0006,13.4618,0.7702,0.0004,0.0502,0.6040,0.1125,0.0035,
182.3533,192,1,ok,1,1,14.9044,0.0002,14.1041,0.7988,0.0012,0.0485,0.6368,0.1098,0.0037,
182.3533,193,1,ok,0,1,14.0624,0.0010,13.2927,0.7683,0.0004,0.0505,0.6076,0.1065,0.0037,
182.3533,194,1,ok,1,1,14.6620,0.0007,13.8663,0.7942,0.0008,0.0487,0.6308,0.1112,0.0035,
182.3533,195,1,ok,0,1,13.9648,0.0012,13.2185,0.7447,0.0004,0.0505,0.5859,0.1048,0.0035,
182.3533,196,1,ok,0,1,14.4595,0.0022,13.6997,0.7573,0.0004,0.0508,0.5953,0.1077,0.0035,
182.3533,197,1,ok,1,1,14.5208,0.0002,13.7317,0.7855,0.0034,0.0479,0.6226,0.1112,0.0038,
182.3533,198,1,ok,0,1,12.8392,0.0013,12.0591,0.7785,0.0004,0.0495,0.6141,0.1111,0.0039,
182.3533,199,1,ok,1,1,12.3498,0.0004,11.5435,0.8054,0.0006,0.0482,0.6415,0.1119,0.0037,
182.3533,200,1,ok,0,1,11.8686,0.0010,11.1004,0.7668,0.0003,0.0499,0.6051,0.1081,0.0037,
182.3533,201,1,ok,1,1,11.1366,0.0008,10.3478,0.7869,0.0011,0.0485,0.6229,0.1117,0.0038,
182.3533,202,1,ok,0,1,11.1599,0.0013,10.3875,0.7707,0.0004,0.0503,0.6098,0.1068,0.0037,
182.3533,203,1,ok,1,1,11.2334,0.0016,10.4537,0.7772,0.0008,0.0494,0.6119,0.1124,0.0036,
182.3533,204,1,ok,0,1,11.6277,0.0010,10.8803,0.7460,0.0004,0.0502,0.5876,0.1046,0.0035,
182.3533,205,1,ok,1,1,11.7325,0.0011,10.9345,0.7955,0.0015,0.0477,0.6311,0.1129,0.0037,
182.3533,206,1,ok,0,1,12.1452,0.0011,11.3789,0.7649,0.0004,0.0507,0.6034,0.1069,0.0039,
182.3533,207,1,ok,1,1,12.3280,0.0003,11.5437,0.7828,0.0012,0.0488,0.6165,0.1139,0.0035,
182.3533,208,1,ok,0,1,12.7433,0.0008,11.9678,0.7743,0.0004,0.0504,0.6107,0.1095,0.0037,
182.3533,209,1,ok,1,1,11.5786,0.0014,10.7812,0.7951,0.0009,0.0476,0.6322,0.1113,0.0040,
