level_rpm,index,measured,status,replica,batch_size,latency_s,harness_lag_s,queue_wait_s,service_s,ipc_s,text_encode_s,denoise_s,decode_s,jpeg_s,error
69.0176,0,0,ok,0,1,0.4371,0.0016,0.0000,0.4345,0.0009,0.0516,0.2974,0.0819,0.0035,
69.0176,1,0,ok,0,1,0.8519,0.0006,0.4145,0.4363,0.0005,0.0522,0.2969,0.0839,0.0033,
69.0176,2,0,ok,0,1,1.0080,0.0014,0.5710,0.4353,0.0004,0.0522,0.2971,0.0819,0.0040,
69.0176,3,0,ok,0,1,1.2232,0.0002,0.7882,0.4344,0.0004,0.0527,0.2969,0.0819,0.0029,
69.0176,4,0,ok,0,1,0.4996,0.0006,0.0632,0.4354,0.0004,0.0527,0.2968,0.0819,0.0039,
69.0176,5,0,ok,0,1,0.4352,0.0006,0.0000,0.4341,0.0005,0.0516,0.2964,0.0820,0.0040,
69.0176,6,0,ok,0,1,0.4395,0.0016,0.0000,0.4375,0.0004,0.0525,0.2989,0.0826,0.0035,
69.0176,7,0,ok,0,1,0.7973,0.0008,0.3596,0.4365,0.0004,0.0530,0.2978,0.0821,0.0036,
69.0176,8,0,ok,0,1,0.7576,0.0003,0.3206,0.4364,0.0003,0.0528,0.2982,0.0820,0.0033,
69.0176,9,0,ok,0,1,1.1685,0.0012,0.7302,0.4368,0.0003,0.0531,0.2980,0.0820,0.0037,
69.0176,10,1,ok,0,1,1.3916,0.0010,0.9530,0.4372,0.0004,0.0528,0.2984,0.0821,0.0040,
69.0176,11,1,ok,0,1,1.2179,0.0012,0.7785,0.4378,0.0004,0.0527,0.2988,0.0825,0.0037,
69.0176,12,1,ok,0,1,1.6321,0.0021,1.1924,0.4373,0.0003,0.0537,0.2981,0.0821,0.0034,
69.0176,13,1,ok,0,1,1.8763,0.0006,1.4388,0.4366,0.0004,0.0531,0.2982,0.0822,0.0031,
69.0176,14,1,ok,0,1,1.4009,0.0008,0.9631,0.4366,0.0003,0.0531,0.2975,0.0821,0.0039,
69.0176,15,1,ok,0,1,1.1537,0.0009,0.7156,0.4369,0.0004,0.0532,0.2981,0.0825,0.0031,
69.0176,16,1,ok,0,1,1.3753,0.0008,0.9364,0.4377,0.0003,0.0531,0.2983,0.0822,0.0040,
69.0176,17,1,ok,0,1,1.0390,0.0008,0.6009,0.4369,0.0003,0.0527,0.2984,0.0822,0.0036,
69.0176,18,1,ok,0,1,0.4373,0.0005,0.0000,0.4363,0.0005,0.0523,0.2980,0.0821,0.0038,
69.0176,19,1,ok,0,1,0.8683,0.0010,0.4306,0.4363,0.0003,0.0525,0.2981,0.0821,0.0036,
69.0176,20,1,ok,0,1,0.4353,0.0011,0.0000,0.4338,0.0004,0.0516,0.2966,0.0821,0.0034,
69.0176,21,1,ok,0,1,0.4343,0.0008,0.0000,0.4331,0.0004,0.0519,0.2963,0.0820,0.0028,
69.0176,22,1,ok,0,1,0.5076,0.0009,0.0719,0.4345,0.0003,0.0528,0.2966,0.0819,0.0031,
69.0176,23,1,ok,0,1,0.7957,0.0011,0.3596,0.4347,0.0003,0.0528,0.2968,0.0819,0.0032,
69.0176,24,1,ok,0,1,0.4350,0.0012,0.0000,0.4333,0.0005,0.0518,0.2966,0.0820,0.0029,
69.0176,25,1,ok,0,1,0.5273,0.0011,0.0772,0.4487,0.0004,0.0560,0.2967,0.0924,0.0036,
69.0176,26,1,ok,0,1,0.8767,0.0009,0.4418,0.4336,0.0004,0.0521,0.2961,0.0819,0.0035,
69.0176,27,1,ok,0,1,1.2235,0.0007,0.7876,0.4350,0.0003,0.0528,0.2966,0.0820,0.0036,
69.0176,28,1,ok,0,1,0.4361,0.0003,0.0000,0.4353,0.0004,0.0519,0.2977,0.0821,0.0036,
69.0176,29,1,ok,0,1,0.4355,0.0008,0.0000,0.4342,0.0005,0.0516,0.2969,0.0820,0.0036,
69.0176,30,1,ok,0,1,0.4358,0.0010,0.0000,0.4343,0.0005,0.0520,0.2966,0.0820,0.0037,
69.0176,31,1,ok,0,1,0.4361,0.0023,0.0000,0.4333,0.0005,0.0513,0.2966,0.0819,0.0034,
69.0176,32,1,ok,0,1,0.4370,0.0006,0.0000,0.4360,0.0004,0.0521,0.2980,0.0822,0.0037,
69.0176,33,1,ok,0,1,0.4369,0.0013,0.0000,0.4351,0.0005,0.0523,0.2974,0.0820,0.0033,
69.0176,34,1,ok,0,1,0.4637,0.0024,0.0210,0.4400,0.0004,0.0524,0.3023,0.0820,0.0033,
69.0176,35,1,ok,0,1,0.4361,0.0010,0.0000,0.4347,0.0004,0.0517,0.2972,0.0820,0.0037,
69.0176,36,1,ok,0,1,0.4364,0.0020,0.0000,0.4339,0.0005,0.0521,0.2966,0.0819,0.0033,
69.0176,37,1,ok,0,1,0.4379,0.0011,0.0000,0.4363,0.0004,0.0521,0.2984,0.0822,0.0035,
69.0176,38,1,ok,0,1,0.4374,0.0015,0.0000,0.4354,0.0005,0.0521,0.2976,0.0820,0.0036,
69.0176,39,1,ok,0,1,0.4359,0.0012,0.0000,0.4342,0.0004,0.0520,0.2971,0.0820,0.0032,
69.0176,40,1,ok,0,1,0.4355,0.0017,0.0000,0.4333,0.0005,0.0515,0.2967,0.0819,0.0032,
69.0176,41,1,ok,0,1,0.8298,0.0012,0.3936,0.4347,0.0003,0.0527,0.2968,0.0819,0.0033,
69.0176,42,1,ok,0,1,1.0404,0.0006,0.6043,0.4351,0.0004,0.0530,0.2968,0.0820,0.0033,
69.0176,43,1,ok,0,1,1.1782,0.0012,0.7422,0.4345,0.0003,0.0525,0.2969,0.0820,0.0032,
69.0176,44,1,ok,0,1,1.5410,0.0021,1.1039,0.4346,0.0004,0.0527,0.2968,0.0820,0.0031,
69.0176,45,1,ok,0,1,1.7470,0.0011,1.3096,0.4360,0.0003,0.0531,0.2971,0.0820,0.0038,
69.0176,46,1,ok,0,1,2.0887,0.0010,1.6535,0.4339,0.0003,0.0523,0.2966,0.0819,0.0031,
69.0176,47,1,ok,0,1,2.2410,0.0012,1.8044,0.4351,0.0003,0.0527,0.2969,0.0819,0.0035,
69.0176,48,1,ok,0,1,1.7988,0.0007,1.3626,0.4353,0.0003,0.0527,0.2968,0.0820,0.0038,
69.0176,49,1,ok,0,1,1.8396,0.0011,1.4032,0.4350,0.0004,0.0524,0.2971,0.0821,0.0034,
69.0176,50,1,ok,0,1,1.8744,0.0006,1.4371,0.4363,0.0003,0.0525,0.2972,0.0819,0.0047,
69.0176,51,1,ok,0,1,2.1048,0.0011,1.6689,0.4345,0.0003,0.0523,0.2968,0.0819,0.0034,
69.0176,52,1,ok,0,1,2.2702,0.0005,1.8343,0.4351,0.0003,0.0527,0.2966,0.0820,0.0038,
69.0176,53,1,ok,0,1,0.4385,0.0008,0.0000,0.4372,0.0004,0.0514,0.2976,0.0846,0.0035,
69.0176,54,1,ok,0,1,0.4365,0.0013,0.0000,0.4347,0.0005,0.0520,0.2973,0.0821,0.0033,
69.0176,55,1,ok,0,1,0.4376,0.0013,0.0000,0.4358,0.0005,0.0518,0.2986,0.0820,0.0034,
69.0176,56,1,ok,0,1,0.7108,0.0005,0.2740,0.4360,0.0003,0.0527,0.2980,0.0821,0.0032,
69.0176,57,1,ok,0,1,0.4376,0.0010,0.0000,0.4361,0.0005,0.0522,0.2983,0.0822,0.0033,
69.0176,58,1,ok,0,1,0.7207,0.0012,0.2813,0.4378,0.0004,0.0529,0.2988,0.0822,0.0039,
69.0176,59,1,ok,0,1,0.7423,0.0010,0.3049,0.4361,0.0003,0.0525,0.2982,0.0821,0.0033,
69.0176,60,1,ok,0,1,0.4350,0.0009,0.0000,0.4337,0.0005,0.0516,0.2969,0.0819,0.0032,
69.0176,61,1,ok,0,1,0.4356,0.0014,0.0000,0.4337,0.0005,0.0513,0.2969,0.0820,0.0035,
69.0176,62,1,ok,0,1,0.4353,0.0004,0.0000,0.4344,0.0004,0.0516,0.2968,0.0823,0.0037,
69.0176,63,1,ok,0,1,0.4383,0.0008,0.0000,0.4369,0.0005,0.0530,0.2981,0.0823,0.0035,
69.0176,64,1,ok,0,1,0.4392,0.0029,0.0000,0.4358,0.0005,0.0520,0.2981,0.0822,0.0034,
69.0176,65,1,ok,0,1,0.4344,0.0006,0.0000,0.4333,0.0005,0.0515,0.2966,0.0820,0.0032,
69.0176,66,1,ok,0,1,0.6431,0.0009,0.2074,0.4345,0.0004,0.0527,0.2963,0.0820,0.0035,
69.0176,67,1,ok,0,1,1.0497,0.0007,0.6141,0.4346,0.0004,0.0523,0.2968,0.0820,0.0034,
69.0176,68,1,ok,0,1,1.1553,0.0008,0.7195,0.4346,0.0004,0.0524,0.2967,0.0820,0.0035,
69.0176,69,1,ok,0,1,1.3196,0.0012,0.8832,0.4349,0.0003,0.0527,0.2966,0.0820,0.0036,
69.0176,70,1,ok,0,1,1.5485,0.0009,1.1127,0.4346,0.0003,0.0523,0.2967,0.0821,0.0035,
69.0176,71,1,ok,0,1,0.4358,0.0013,0.0000,0.4341,0.0004,0.0514,0.2968,0.0821,0.0038,
69.0176,72,1,ok,0,1,0.4366,0.0011,0.0000,0.4350,0.0004,0.0517,0.2982,0.0819,0.0032,
69.0176,73,1,ok,0,1,0.5435,0.0011,0.1070,0.4351,0.0004,0.0526,0.2971,0.0820,0.0034,
69.0176,74,1,ok,0,1,0.4366,0.0008,0.0000,0.4353,0.0005,0.0519,0.2977,0.0821,0.0036,
69.0176,75,1,ok,0,1,0.4376,0.0010,0.0000,0.4363,0.0003,0.0525,0.2983,0.0821,0.0034,
69.0176,76,1,ok,0,1,0.4352,0.0011,0.0000,0.4337,0.0004,0.0515,0.2971,0.0819,0.0031,
69.0176,77,1,ok,0,1,0.4355,0.0006,0.0000,0.4344,0.0004,0.0514,0.2973,0.0821,0.0036,
69.0176,78,1,ok,0,1,0.6033,0.0009,0.1671,0.4350,0.0004,0.0528,0.2971,0.0820,0.0031,
69.0176,79,1,ok,0,1,0.7925,0.0010,0.3561,0.4350,0.0004,0.0527,0.2970,0.0820,0.0033,
69.0176,80,1,ok,0,1,0.5123,0.0003,0.0757,0.4359,0.0003,0.0527,0.2973,0.0820,0.0038,
69.0176,81,1,ok,0,1,0.6880,0.0004,0.2468,0.4404,0.0003,0.0525,0.3021,0.0821,0.0036,
69.0176,82,1,ok,0,1,0.4358,0.0005,0.0000,0.4349,0.0004,0.0518,0.2975,0.0822,0.0033,
69.0176,83,1,ok,0,1,0.4370,0.0006,0.0000,0.4358,0.0005,0.0520,0.2985,0.0821,0.0032,
69.0176,84,1,ok,0,1,0.4375,0.0009,0.0000,0.4362,0.0003,0.0521,0.2984,0.0820,0.0037,
69.0176,85,1,ok,0,1,0.6596,0.0010,0.2212,0.4371,0.0003,0.0528,0.2988,0.0821,0.0034,
69.0176,86,1,ok,0,1,0.4375,0.0027,0.0000,0.4343,0.0005,0.0517,0.2970,0.0820,0.0035,
69.0176,87,1,ok,0,1,0.4362,0.0005,0.0000,0.4352,0.0005,0.0520,0.2976,0.0820,0.0037,
69.0176,88,1,ok,0,1,0.7888,0.0009,0.3525,0.4350,0.0003,0.0524,0.2971,0.0819,0.0035,
69.0176,89,1,ok,0,1,1.1823,0.0011,0.7457,0.4352,0.0003,0.0526,0.2973,0.0819,0.0033,
69.0176,90,1,ok,0,1,1.5170,0.0003,1.0811,0.4353,0.0004,0.0531,0.2974,0.0819,0.0028,
69.0176,91,1,ok,0,1,1.0957,0.0008,0.6578,0.4367,0.0003,0.0533,0.2974,0.0819,0.0041,
69.0176,92,1,ok,0,1,0.4363,0.0007,0.0000,0.4350,0.0006,0.0519,0.2976,0.0821,0.0034,
69.0176,93,1,ok,0,1,0.4366,0.0008,0.0000,0.4353,0.0004,0.0520,0.2977,0.0821,0.0035,
69.0176,94,1,ok,0,1,0.8155,0.0010,0.3785,0.4356,0.0004,0.0526,0.2978,0.0820,0.0032,
69.0176,95,1,ok,0,1,0.8336,0.0009,0.3968,0.4354,0.0005,0.0526,0.2976,0.0820,0.0032,
69.0176,96,1,ok,0,1,0.4386,0.0020,0.0000,0.4360,0.0005,0.0522,0.2977,0.0820,0.0040,
69.0176,97,1,ok,0,1,0.4374,0.0012,0.0000,0.4357,0.0005,0.0520,0.2986,0.0820,0.0030,
69.0176,98,1,ok,0,1,0.4372,0.0015,0.0000,0.4351,0.0006,0.0519,0.2981,0.0820,0.0030,
69.0176,99,1,ok,0,1,0.4385,0.0018,0.0000,0.4361,0.0006,0.0522,0.2980,0.0820,0.0037,
69.0176,100,1,ok,0,1,0.8663,0.0020,0.4264,0.4373,0.0005,0.0526,0.2993,0.0825,0.0029,
69.0176,101,1,ok,0,1,0.4369,0.0008,0.0000,0.4355,0.0005,0.0526,0.2977,0.0820,0.0032,
69.0176,102,1,ok,0,1,0.4387,0.0025,0.0000,0.4358,0.0004,0.0523,0.2979,0.0820,0.0034,
69.0176,103,1,ok,0,1,0.4357,0.0008,0.0000,0.4344,0.0005,0.0516,0.2975,0.0819,0.0033,
69.0176,104,1,ok,0,1,0.6016,0.0006,0.1653,0.4353,0.0004,0.0527,0.2971,0.0820,0.0036,
69.0176,105,1,ok,0,1,0.4354,0.0007,0.0000,0.4342,0.0005,0.0518,0.2971,0.0819,0.0032,
69.0176,106,1,ok,0,1,0.7677,0.0022,0.3304,0.4347,0.0003,0.0526,0.2968,0.0819,0.0035,
69.0176,107,1,ok,0,1,0.7072,0.0010,0.2708,0.4351,0.0004,0.0525,0.2970,0.0819,0.0036,
69.0176,108,1,ok,0,1,0.6161,0.0006,0.1810,0.4341,0.0004,0.0526,0.2967,0.0820,0.0028,
69.0176,109,1,ok,0,1,0.4367,0.0012,0.0000,0.4349,0.0006,0.0514,0.2973,0.0821,0.0040,
69.0176,110,1,ok,0,1,0.4379,0.0018,0.0000,0.4355,0.0006,0.0521,0.2979,0.0820,0.0034,
69.0176,111,1,ok,0,1,0.6096,0.0006,0.1715,0.4371,0.0004,0.0533,0.2982,0.0820,0.0034,
69.0176,112,1,ok,0,1,0.4434,0.0012,0.0048,0.4370,0.0004,0.0530,0.2981,0.0821,0.0038,
69.0176,113,1,ok,0,1,0.7097,0.0003,0.2720,0.4370,0.0004,0.0527,0.2984,0.0821,0.0037,
69.0176,114,1,ok,0,1,0.4377,0.0013,0.0000,0.4358,0.0005,0.0524,0.2977,0.0820,0.0036,
69.0176,115,1,ok,0,1,0.4356,0.0012,0.0000,0.4338,0.0005,0.0516,0.2968,0.0818,0.0035,
69.0176,116,1,ok,0,1,0.5626,0.0007,0.1268,0.4347,0.0005,0.0524,0.2967,0.0818,0.0037,
69.0176,117,1,ok,0,1,0.4357,0.0015,0.0000,0.4337,0.0005,0.0520,0.2966,0.0819,0.0033,
69.0176,118,1,ok,0,1,0.4341,0.0010,0.0000,0.4325,0.0005,0.0512,0.2962,0.0819,0.0032,
69.0176,119,1,ok,0,1,0.7245,0.0021,0.2877,0.4342,0.0004,0.0525,0.2969,0.0818,0.0029,
69.0176,120,1,ok,0,1,0.4371,0.0016,0.0000,0.4350,0.0005,0.0522,0.2973,0.0820,0.0034,
69.0176,121,1,ok,0,1,0.4362,0.0016,0.0000,0.4340,0.0005,0.0517,0.2972,0.0819,0.0032,
69.0176,122,1,ok,0,1,0.4355,0.0005,0.0000,0.4345,0.0005,0.0516,0.2970,0.0820,0.0038,
69.0176,123,1,ok,0,1,0.4345,0.0009,0.0000,0.4330,0.0005,0.0517,0.2964,0.0819,0.0029,
69.0176,124,1,ok,0,1,0.8689,0.0004,0.4336,0.4345,0.0004,0.0527,0.2966,0.0818,0.0034,
69.0176,125,1,ok,0,1,0.9632,0.0005,0.5277,0.4346,0.0003,0.0528,0.2967,0.0819,0.0032,
69.0176,126,1,ok,0,1,1.3811,0.0006,0.9455,0.4346,0.0004,0.0528,0.2965,0.0819,0.0034,
69.0176,127,1,ok,0,1,0.4385,0.0017,0.0000,0.4362,0.0005,0.0521,0.2982,0.0821,0.0037,
69.0176,128,1,ok,0,1,0.4367,0.0013,0.0000,0.4350,0.0005,0.0519,0.2973,0.0820,0.0037,
69.0176,129,1,ok,0,1,0.4363,0.0012,0.0000,0.4345,0.0006,0.0521,0.2972,0.0818,0.0033,
69.0176,130,1,ok,0,1,0.5525,0.0005,0.1163,0.4353,0.0004,0.0528,0.2971,0.0819,0.0035,
69.0176,131,1,ok,0,1,0.9360,0.0018,0.4989,0.4349,0.0004,0.0527,0.2972,0.0820,0.0031,
69.0176,132,1,ok,0,1,0.4353,0.0012,0.0000,0.4337,0.0005,0.0521,0.2966,0.0819,0.0031,
69.0176,133,1,ok,0,1,0.4378,0.0011,0.0000,0.4362,0.0006,0.0523,0.2985,0.0820,0.0033,
69.0176,134,1,ok,0,1,0.7972,0.0005,0.3595,0.4368,0.0004,0.0531,0.2987,0.0820,0.0029,
69.0176,135,1,ok,0,1,0.6571,0.0010,0.2176,0.4381,0.0004,0.0538,0.2985,0.0820,0.0038,
69.0176,136,1,ok,0,1,1.0323,0.0008,0.5939,0.4371,0.0004,0.0530,0.2988,0.0820,0.0032,
69.0176,137,1,ok,0,1,0.4362,0.0009,0.0000,0.4348,0.0005,0.0518,0.2977,0.0820,0.0032,
69.0176,138,1,ok,0,1,0.4362,0.0013,0.0000,0.4343,0.0006,0.0520,0.2975,0.0819,0.0030,
69.0176,139,1,ok,0,1,0.7520,0.0022,0.3146,0.4348,0.0004,0.0530,0.2970,0.0818,0.0030,
69.0176,140,1,ok,0,1,0.6275,0.0006,0.1908,0.4358,0.0004,0.0531,0.2968,0.0819,0.0040,
69.0176,141,1,ok,0,1,0.4364,0.0020,0.0000,0.4339,0.0005,0.0519,0.2969,0.0819,0.0032,
69.0176,142,1,ok,0,1,0.6033,0.0007,0.1679,0.4342,0.0003,0.0528,0.2965,0.0819,0.0031,
69.0176,143,1,ok,0,1,0.4346,0.0006,0.0000,0.4335,0.0005,0.0514,0.2968,0.0820,0.0032,
69.0176,144,1,ok,0,1,0.4356,0.0005,0.0000,0.4346,0.0005,0.0517,0.2973,0.0820,0.0035,
69.0176,145,1,ok,0,1,0.6645,0.0020,0.2267,0.4355,0.0004,0.0524,0.2975,0.0821,0.0035,
69.0176,146,1,ok,0,1,0.4365,0.0010,0.0000,0.4351,0.0004,0.0519,0.2981,0.0820,0.0030,
69.0176,147,1,ok,0,1,0.4373,0.0015,0.0000,0.4352,0.0005,0.0518,0.2974,0.0820,0.0039,
69.0176,148,1,ok,0,1,0.6770,0.0007,0.2414,0.4346,0.0004,0.0521,0.2971,0.0819,0.0034,
69.0176,149,1,ok,0,1,0.7874,0.0006,0.3516,0.4348,0.0003,0.0525,0.2970,0.0821,0.0031,
69.0176,150,1,ok,0,1,0.4395,0.0026,0.0000,0.4364,0.0005,0.0523,0.2981,0.0820,0.0039,
69.0176,151,1,ok,0,1,0.4385,0.0019,0.0000,0.4361,0.0005,0.0520,0.2986,0.0821,0.0033,
69.0176,152,1,ok,0,1,0.4349,0.0006,0.0001,0.4338,0.0005,0.0514,0.2964,0.0819,0.0040,
69.0176,153,1,ok,0,1,0.4354,0.0006,0.0000,0.4344,0.0005,0.0518,0.2969,0.0820,0.0036,
69.0176,154,1,ok,0,1,0.7572,0.0008,0.3225,0.4336,0.0004,0.0523,0.2965,0.0819,0.0029,
69.0176,155,1,ok,0,1,0.9710,0.0010,0.5350,0.4346,0.0004,0.0527,0.2967,0.0818,0.0033,
69.0176,156,1,ok,0,1,1.0469,0.0008,0.6115,0.4342,0.0004,0.0529,0.2963,0.0819,0.0032,
69.0176,157,1,ok,0,1,0.7105,0.0011,0.2743,0.4347,0.0004,0.0526,0.2969,0.0819,0.0033,
69.0176,158,1,ok,0,1,0.9179,0.0011,0.4820,0.4344,0.0004,0.0525,0.2967,0.0820,0.0032,
69.0176,159,1,ok,0,1,1.1373,0.0012,0.7005,0.4352,0.0004,0.0529,0.2971,0.0819,0.0033,
69.0176,160,1,ok,0,1,1.5078,0.0003,1.0730,0.4342,0.0004,0.0526,0.2966,0.0820,0.0030,
69.0176,161,1,ok,0,1,1.0767,0.0012,0.6397,0.4354,0.0004,0.0526,0.2967,0.0820,0.0042,
69.0176,162,1,ok,0,1,1.2860,0.0005,0.8502,0.4349,0.0004,0.0526,0.2969,0.0820,0.0034,
69.0176,163,1,ok,0,1,0.4357,0.0017,0.0000,0.4335,0.0005,0.0515,0.2968,0.0820,0.0031,
69.0176,164,1,ok,0,1,0.4379,0.0023,0.0000,0.4350,0.0006,0.0519,0.2977,0.0820,0.0034,
69.0176,165,1,ok,0,1,0.8104,0.0007,0.3733,0.4359,0.0004,0.0532,0.2981,0.0820,0.0026,
69.0176,166,1,ok,0,1,1.0109,0.0018,0.5723,0.4364,0.0003,0.0532,0.2978,0.0820,0.0034,
69.0176,167,1,ok,0,1,0.4860,0.0005,0.0492,0.4359,0.0004,0.0529,0.2977,0.0821,0.0031,
69.0176,168,1,ok,0,1,0.7129,0.0005,0.2759,0.4362,0.0003,0.0533,0.2976,0.0820,0.0033,
69.0176,169,1,ok,0,1,1.0269,0.0004,0.5891,0.4370,0.0003,0.0530,0.2980,0.0820,0.0040,
69.0176,170,1,ok,0,1,0.4383,0.0014,0.0000,0.4363,0.0005,0.0519,0.2982,0.0821,0.0041,
69.0176,171,1,ok,0,1,0.4350,0.0009,0.0000,0.4336,0.0005,0.0518,0.2966,0.0819,0.0032,
69.0176,172,1,ok,0,1,0.4358,0.0010,0.0000,0.4342,0.0005,0.0515,0.2972,0.0820,0.0036,
69.0176,173,1,ok,0,1,0.4360,0.0012,0.0000,0.4342,0.0005,0.0516,0.2971,0.0820,0.0034,
69.0176,174,1,ok,0,1,0.4371,0.0009,0.0000,0.4356,0.0006,0.0522,0.2980,0.0820,0.0033,
69.0176,175,1,ok,0,1,0.6900,0.0007,0.2528,0.4361,0.0004,0.0527,0.2977,0.0819,0.0037,
69.0176,176,1,ok,0,1,1.0382,0.0002,0.6011,0.4365,0.0004,0.0528,0.2976,0.0820,0.0042,
69.0176,177,1,ok,0,1,0.9846,0.0012,0.5468,0.4362,0.0004,0.0530,0.2980,0.0821,0.0031,
69.0176,178,1,ok,0,1,0.9418,0.0007,0.5049,0.4358,0.0004,0.0529,0.2975,0.0820,0.0033,
69.0176,179,1,ok,0,1,0.8315,0.0009,0.3939,0.4364,0.0004,0.0528,0.2977,0.0820,0.0038,
69.0176,180,1,ok,0,1,0.4360,0.0007,0.0000,0.4347,0.0004,0.0519,0.2970,0.0819,0.0039,
69.0176,181,1,ok,0,1,0.4353,0.0010,0.0000,0.4338,0.0005,0.0513,0.2972,0.0820,0.0032,
69.0176,182,1,ok,0,1,0.4364,0.0012,0.0000,0.4346,0.0006,0.0518,0.2978,0.0820,0.0030,
69.0176,183,1,ok,0,1,0.7829,0.0005,0.3459,0.4360,0.0005,0.0532,0.2973,0.0820,0.0036,
69.0176,184,1,ok,0,1,0.7708,0.0008,0.3342,0.4354,0.0004,0.0526,0.2974,0.0820,0.0034,
69.0176,185,1,ok,0,1,0.8467,0.0020,0.4085,0.4358,0.0004,0.0527,0.2973,0.0819,0.0038,
69.0176,186,1,ok,0,1,0.4386,0.0022,0.0000,0.4358,0.0006,0.0523,0.2980,0.0821,0.0033,
69.0176,187,1,ok,0,1,0.6271,0.0003,0.1898,0.4367,0.0004,0.0527,0.2983,0.0821,0.0035,
69.0176,188,1,ok,0,1,0.8808,0.0012,0.4425,0.4367,0.0004,0.0528,0.2985,0.0821,0.0033,
69.0176,189,1,ok,0,1,0.8003,0.0004,0.3628,0.4367,0.0004,0.0533,0.2985,0.0819,0.0029,
69.0176,190,1,ok,0,1,0.7618,0.0012,0.3227,0.4375,0.0004,0.0533,0.2987,0.0821,0.0035,
69.0176,191,1,ok,0,1,0.9151,0.0008,0.4772,0.4367,0.0004,0.0529,0.2987,0.0820,0.0030,
69.0176,192,1,ok,0,1,1.1028,0.0006,0.6646,0.4372,0.0004,0.0532,0.2984,0.0820,0.0036,
69.0176,193,1,ok,0,1,0.4401,0.0011,0.0001,0.4378,0.0011,0.0535,0.2985,0.0820,0.0037,
69.0176,194,1,ok,0,1,0.4362,0.0004,0.0000,0.4353,0.0004,0.0516,0.2984,0.0821,0.0032,
69.0176,195,1,ok,0,1,0.4363,0.0012,0.0000,0.4345,0.0005,0.0520,0.2972,0.0820,0.0033,
69.0176,196,1,ok,0,1,0.4360,0.0009,0.0000,0.4345,0.0005,0.0515,0.2976,0.0819,0.0034,
69.0176,197,1,ok,0,1,0.8272,0.0010,0.3898,0.4360,0.0004,0.0526,0.2974,0.0820,0.0040,
69.0176,198,1,ok,0,1,0.4378,0.0020,0.0000,0.4351,0.0008,0.0521,0.2973,0.0819,0.0037,
69.0176,199,1,ok,0,1,0.4361,0.0014,0.0000,0.4341,0.0005,0.0516,0.2971,0.0820,0.0034,
69.0176,200,1,ok,0,1,0.4373,0.0013,0.0000,0.4353,0.0006,0.0519,0.2975,0.0819,0.0039,
69.0176,201,1,ok,0,1,0.4363,0.0006,0.0000,0.4351,0.0005,0.0522,0.2973,0.0818,0.0038,
69.0176,202,1,ok,0,1,0.4358,0.0012,0.0000,0.4341,0.0005,0.0516,0.2972,0.0819,0.0033,
69.0176,203,1,ok,0,1,0.7133,0.0004,0.2773,0.4352,0.0004,0.0526,0.2976,0.0819,0.0031,
69.0176,204,1,ok,0,1,0.5723,0.0013,0.1341,0.4365,0.0004,0.0532,0.2979,0.0819,0.0035,
69.0176,205,1,ok,0,1,0.8005,0.0006,0.3627,0.4368,0.0004,0.0528,0.2981,0.0820,0.0040,
69.0176,206,1,ok,0,1,0.7910,0.0010,0.3539,0.4356,0.0004,0.0525,0.2975,0.0818,0.0038,
69.0176,207,1,ok,0,1,1.1749,0.0016,0.7368,0.4360,0.0004,0.0529,0.2976,0.0819,0.0036,
69.0176,208,1,ok,0,1,1.1974,0.0005,0.7602,0.4363,0.0004,0.0527,0.2978,0.0819,0.0039,
69.0176,209,1,ok,0,1,0.4385,0.0018,0.0000,0.4361,0.0006,0.0519,0.2983,0.0819,0.0039,
96.6247,0,0,ok,0,1,0.4381,0.0013,0.0001,0.4362,0.0006,0.0524,0.2983,0.0820,0.0035,
96.6247,1,0,ok,0,1,0.8594,0.0009,0.4215,0.4366,0.0005,0.0530,0.2982,0.0820,0.0033,
96.6247,2,0,ok,0,1,1.0976,0.0005,0.6593,0.4374,0.0004,0.0531,0.2982,0.0820,0.0040,
96.6247,3,0,ok,0,1,1.3776,0.0020,0.9387,0.4364,0.0004,0.0533,0.2982,0.0820,0.0030,
96.6247,4,0,ok,0,1,0.9873,0.0014,0.5481,0.4374,0.0004,0.0532,0.2982,0.0820,0.0040,
96.6247,5,0,ok,0,1,0.7238,0.0007,0.2854,0.4374,0.0004,0.0528,0.2984,0.0821,0.0040,
96.6247,6,0,ok,0,1,0.4381,0.0018,0.0000,0.4357,0.0005,0.0522,0.2981,0.0820,0.0034,
96.6247,7,0,ok,0,1,0.8184,0.0005,0.3810,0.4365,0.0004,0.0529,0.2979,0.0820,0.0036,
96.6247,8,0,ok,0,1,0.9148,0.0007,0.4775,0.4363,0.0004,0.0530,0.2981,0.0820,0.0032,
96.6247,9,0,ok,0,1,1.3334,0.0011,0.8950,0.4369,0.0005,0.0534,0.2978,0.0820,0.0037,
96.6247,10,1,ok,0,1,1.6172,0.0006,1.1796,0.4366,0.0004,0.0529,0.2977,0.0820,0.0040,
96.6247,11,1,ok,0,1,1.6169,0.0014,1.1787,0.4364,0.0004,0.0528,0.2979,0.0820,0.0037,
96.6247,12,1,ok,0,1,2.0372,0.0009,1.5993,0.4366,0.0004,0.0532,0.2982,0.0819,0.0033,
96.6247,13,1,ok,0,1,2.3359,0.0005,1.8991,0.4359,0.0004,0.0529,0.2979,0.0820,0.0031,
96.6247,14,1,ok,0,1,2.1215,0.0004,1.6838,0.4369,0.0004,0.0531,0.2980,0.0820,0.0038,
96.6247,15,1,ok,0,1,2.0694,0.0005,1.6321,0.4365,0.0003,0.0533,0.2982,0.0819,0.0030,
96.6247,16,1,ok,0,1,2.3525,0.0011,1.9137,0.4373,0.0004,0.0533,0.2981,0.0819,0.0040,
96.6247,17,1,ok,0,1,2.2370,0.0005,1.7995,0.4366,0.0004,0.0527,0.2981,0.0821,0.0036,
96.6247,18,1,ok,0,1,1.6454,0.0005,1.2071,0.4374,0.0004,0.0531,0.2984,0.0820,0.0039,
96.6247,19,1,ok,0,1,2.0785,0.0005,1.6409,0.4367,0.0004,0.0528,0.2982,0.0821,0.0037,
96.6247,20,1,ok,0,1,1.4972,0.0004,1.0603,0.4360,0.0004,0.0528,0.2978,0.0820,0.0034,
96.6247,21,1,ok,0,1,1.1899,0.0012,0.7521,0.4361,0.0004,0.0534,0.2979,0.0820,0.0028,
96.6247,22,1,ok,0,1,1.3685,0.0004,0.9312,0.4364,0.0005,0.0531,0.2981,0.0821,0.0032,
96.6247,23,1,ok,0,1,1.7004,0.0010,1.2626,0.4364,0.0004,0.0531,0.2981,0.0820,0.0032,
96.6247,24,1,ok,0,1,0.4354,0.0009,0.0000,0.4340,0.0005,0.0521,0.2969,0.0820,0.0030,
96.6247,25,1,ok,0,1,0.6167,0.0005,0.1801,0.4357,0.0004,0.0527,0.2975,0.0819,0.0036,
96.6247,26,1,ok,0,1,0.9919,0.0003,0.5560,0.4353,0.0004,0.0527,0.2971,0.0820,0.0035,
96.6247,27,1,ok,0,1,1.3650,0.0003,0.9285,0.4360,0.0003,0.0530,0.2974,0.0819,0.0036,
96.6247,28,1,ok,0,1,0.6330,0.0015,0.1958,0.4354,0.0004,0.0525,0.2974,0.0820,0.0035,
96.6247,29,1,ok,0,1,0.4945,0.0012,0.0571,0.4358,0.0004,0.0527,0.2976,0.0820,0.0035,
96.6247,30,1,ok,0,1,0.4366,0.0013,0.0000,0.4349,0.0004,0.0519,0.2972,0.0821,0.0036,
96.6247,31,1,ok,0,1,0.4351,0.0008,0.0000,0.4337,0.0005,0.0513,0.2969,0.0821,0.0034,
96.6247,32,1,ok,0,1,0.4373,0.0012,0.0000,0.4356,0.0004,0.0519,0.2979,0.0821,0.0037,
96.6247,33,1,ok,0,1,0.4352,0.0010,0.0000,0.4338,0.0004,0.0518,0.2968,0.0819,0.0033,
96.6247,34,1,ok,0,1,0.5754,0.0012,0.1387,0.4351,0.0004,0.0526,0.2972,0.0820,0.0033,
96.6247,35,1,ok,0,1,0.5123,0.0008,0.0760,0.4352,0.0004,0.0527,0.2969,0.0820,0.0037,
96.6247,36,1,ok,0,1,0.4373,0.0009,0.0000,0.4359,0.0005,0.0522,0.2982,0.0821,0.0033,
96.6247,37,1,ok,0,1,0.4370,0.0012,0.0000,0.4353,0.0005,0.0519,0.2978,0.0820,0.0035,
96.6247,38,1,ok,0,1,0.4361,0.0017,0.0000,0.4339,0.0005,0.0517,0.2965,0.0821,0.0036,
96.6247,39,1,ok,0,1,0.4365,0.0016,0.0000,0.4343,0.0005,0.0521,0.2970,0.0820,0.0032,
96.6247,40,1,ok,0,1,0.4340,0.0008,0.0000,0.4328,0.0004,0.0512,0.2963,0.0819,0.0032,
96.6247,41,1,ok,0,1,0.8395,0.0010,0.4040,0.4342,0.0004,0.0527,0.2962,0.0819,0.0034,
96.6247,42,1,ok,0,1,1.1174,0.0006,0.6783,0.4381,0.0004,0.0562,0.2966,0.0819,0.0033,
96.6247,43,1,ok,0,1,1.3399,0.0009,0.9044,0.4342,0.0004,0.0526,0.2964,0.0820,0.0032,
96.6247,44,1,ok,0,1,1.7227,0.0008,1.2875,0.4340,0.0004,0.0524,0.2965,0.0819,0.0031,
96.6247,45,1,ok,0,1,1.9939,0.0005,1.5577,0.4354,0.0003,0.0530,0.2966,0.0820,0.0038,
96.6247,46,1,ok,0,1,2.3622,0.0006,1.9272,0.4340,0.0004,0.0522,0.2965,0.0820,0.0032,
96.6247,47,1,ok,0,1,2.5953,0.0015,2.1585,0.4349,0.0004,0.0527,0.2966,0.0820,0.0036,
96.6247,48,1,ok,0,1,2.4037,0.0022,1.9661,0.4351,0.0004,0.0528,0.2964,0.0820,0.0038,
96.6247,49,1,ok,0,1,2.5567,0.0008,2.1211,0.4344,0.0004,0.0523,0.2967,0.0820,0.0034,
96.6247,50,1,ok,0,1,2.7061,0.0022,2.2675,0.4361,0.0004,0.0525,0.2970,0.0820,0.0047,
96.6247,51,1,ok,0,1,2.9950,0.0002,2.5599,0.4345,0.0003,0.0523,0.2968,0.0820,0.0034,
96.6247,52,1,ok,0,1,3.2374,0.0006,2.8015,0.4348,0.0004,0.0525,0.2965,0.0820,0.0037,
96.6247,53,1,ok,0,1,1.9588,0.0011,1.5229,0.4344,0.0004,0.0524,0.2965,0.0820,0.0035,
96.6247,54,1,ok,0,1,1.7457,0.0007,1.3097,0.4349,0.0004,0.0529,0.2968,0.0820,0.0032,
96.6247,55,1,ok,0,1,1.5975,0.0014,1.1610,0.4347,0.0004,0.0525,0.2970,0.0819,0.0033,
96.6247,56,1,ok,0,1,1.9159,0.0011,1.4799,0.4345,0.0004,0.0527,0.2967,0.0821,0.0031,
96.6247,57,1,ok,0,1,1.5400,0.0010,1.1039,0.4347,0.0004,0.0529,0.2965,0.0821,0.0033,
96.6247,58,1,ok,0,1,1.8647,0.0004,1.4288,0.4351,0.0003,0.0525,0.2966,0.0822,0.0039,
96.6247,59,1,ok,0,1,2.0031,0.0011,1.5673,0.4344,0.0003,0.0523,0.2967,0.0821,0.0032,
96.6247,60,1,ok,0,1,0.4367,0.0005,0.0000,0.4357,0.0005,0.0522,0.2981,0.0822,0.0032,
96.6247,61,1,ok,0,1,0.4357,0.0007,0.0000,0.4346,0.0004,0.0516,0.2972,0.0822,0.0035,
96.6247,62,1,ok,0,1,0.4356,0.0004,0.0000,0.4347,0.0004,0.0517,0.2972,0.0822,0.0036,
96.6247,63,1,ok,0,1,0.4351,0.0005,0.0000,0.4341,0.0004,0.0519,0.2966,0.0822,0.0034,
96.6247,64,1,ok,0,1,0.4380,0.0009,0.0000,0.4366,0.0005,0.0519,0.2987,0.0825,0.0035,
96.6247,65,1,ok,0,1,0.4375,0.0008,0.0000,0.4362,0.0005,0.0530,0.2976,0.0824,0.0033,
96.6247,66,1,ok,0,1,0.7126,0.0006,0.2754,0.4362,0.0004,0.0530,0.2975,0.0821,0.0035,
96.6247,67,1,ok,0,1,1.1285,0.0005,0.6919,0.4357,0.0004,0.0529,0.2972,0.0822,0.0034,
96.6247,68,1,ok,0,1,1.3298,0.0005,0.8926,0.4362,0.0004,0.0527,0.2977,0.0822,0.0036,
96.6247,69,1,ok,0,1,1.5732,0.0023,1.1340,0.4366,0.0003,0.0530,0.2977,0.0822,0.0037,
96.6247,70,1,ok,0,1,1.8626,0.0004,1.4256,0.4362,0.0004,0.0527,0.2978,0.0822,0.0035,
96.6247,71,1,ok,0,1,0.5218,0.0008,0.0840,0.4367,0.0004,0.0528,0.2979,0.0822,0.0038,
96.6247,72,1,ok,0,1,0.4364,0.0007,0.0000,0.4352,0.0005,0.0521,0.2977,0.0822,0.0031,
96.6247,73,1,ok,0,1,0.6381,0.0005,0.2012,0.4359,0.0005,0.0528,0.2974,0.0822,0.0034,
96.6247,74,1,ok,0,1,0.4358,0.0007,0.0000,0.4346,0.0004,0.0519,0.2968,0.0823,0.0036,
96.6247,75,1,ok,0,1,0.5592,0.0007,0.1224,0.4357,0.0004,0.0529,0.2973,0.0822,0.0034,
96.6247,76,1,ok,0,1,0.4458,0.0020,0.0000,0.4432,0.0006,0.0520,0.3007,0.0873,0.0032,
96.6247,77,1,ok,0,1,0.5026,0.0014,0.0631,0.4377,0.0004,0.0537,0.2981,0.0822,0.0036,
96.6247,78,1,ok,0,1,0.7495,0.0008,0.3108,0.4376,0.0004,0.0535,0.2986,0.0824,0.0031,
96.6247,79,1,ok,0,1,1.0121,0.0012,0.5724,0.4379,0.0004,0.0532,0.2991,0.0823,0.0033,
96.6247,80,1,ok,0,1,0.9393,0.0006,0.4998,0.4385,0.0004,0.0534,0.2989,0.0823,0.0039,
96.6247,81,1,ok,0,1,1.1886,0.0010,0.7490,0.4382,0.0004,0.0534,0.2989,0.0822,0.0037,
96.6247,82,1,ok,0,1,1.0817,0.0010,0.6421,0.4382,0.0004,0.0532,0.2994,0.0823,0.0033,
96.6247,83,1,ok,0,1,0.4372,0.0009,0.0000,0.4357,0.0005,0.0518,0.2984,0.0823,0.0033,
96.6247,84,1,ok,0,1,0.5580,0.0009,0.1197,0.4370,0.0004,0.0532,0.2979,0.0822,0.0037,
96.6247,85,1,ok,0,1,0.8411,0.0011,0.4032,0.4365,0.0004,0.0528,0.2980,0.0823,0.0034,
96.6247,86,1,ok,0,1,0.4361,0.0007,0.0000,0.4348,0.0005,0.0518,0.2971,0.0823,0.0035,
96.6247,87,1,ok,0,1,0.4402,0.0009,0.0000,0.4389,0.0004,0.0519,0.2979,0.0855,0.0036,
96.6247,88,1,ok,0,1,0.8169,0.0020,0.3791,0.4355,0.0004,0.0528,0.2970,0.0822,0.0035,
96.6247,89,1,ok,0,1,1.2229,0.0002,0.7868,0.4355,0.0004,0.0527,0.2974,0.0821,0.0033,
96.6247,90,1,ok,0,1,1.5869,0.0003,1.1504,0.4358,0.0004,0.0532,0.2977,0.0821,0.0028,
96.6247,91,1,ok,0,1,1.4113,0.0014,0.9724,0.4371,0.0004,0.0530,0.2978,0.0822,0.0040,
96.6247,92,1,ok,0,1,0.8720,0.0009,0.4352,0.4356,0.0004,0.0527,0.2974,0.0822,0.0034,
96.6247,93,1,ok,0,1,0.9680,0.0007,0.5307,0.4361,0.0003,0.0530,0.2975,0.0822,0.0034,
96.6247,94,1,ok,0,1,1.3635,0.0002,0.9270,0.4359,0.0003,0.0527,0.2977,0.0822,0.0032,
96.6247,95,1,ok,0,1,1.5015,0.0007,1.0644,0.4360,0.0004,0.0529,0.2977,0.0822,0.0032,
96.6247,96,1,ok,0,1,0.4366,0.0011,0.0000,0.4350,0.0005,0.0517,0.2972,0.0821,0.0040,
96.6247,97,1,ok,0,1,0.4353,0.0011,0.0000,0.4338,0.0005,0.0512,0.2973,0.0822,0.0030,
96.6247,98,1,ok,0,1,0.4368,0.0023,0.0000,0.4339,0.0005,0.0514,0.2973,0.0821,0.0030,
96.6247,99,1,ok,0,1,0.4380,0.0015,0.0000,0.4360,0.0005,0.0522,0.2978,0.0823,0.0036,
96.6247,100,1,ok,0,1,0.8675,0.0006,0.4302,0.4363,0.0004,0.0526,0.2985,0.0822,0.0028,
96.6247,101,1,ok,0,1,0.5124,0.0013,0.0741,0.4365,0.0004,0.0531,0.2980,0.0822,0.0032,
96.6247,102,1,ok,0,1,0.4389,0.0019,0.0000,0.4365,0.0005,0.0522,0.2986,0.0823,0.0034,
96.6247,103,1,ok,0,1,0.4351,0.0010,0.0000,0.4337,0.0004,0.0513,0.2968,0.0822,0.0033,
96.6247,104,1,ok,0,1,0.6777,0.0007,0.2417,0.4349,0.0004,0.0523,0.2967,0.0822,0.0036,
96.6247,105,1,ok,0,1,0.4770,0.0009,0.0407,0.4350,0.0004,0.0526,0.2969,0.0823,0.0033,
96.6247,106,1,ok,0,1,0.8389,0.0004,0.4032,0.4349,0.0004,0.0523,0.2969,0.0821,0.0035,
96.6247,107,1,ok,0,1,0.9200,0.0006,0.4840,0.4350,0.0004,0.0524,0.2968,0.0822,0.0036,
96.6247,108,1,ok,0,1,0.9791,0.0005,0.5441,0.4341,0.0004,0.0526,0.2965,0.0822,0.0028,
96.6247,109,1,ok,0,1,0.4358,0.0008,0.0000,0.4344,0.0005,0.0513,0.2969,0.0821,0.0040,
96.6247,110,1,ok,0,1,0.4364,0.0014,0.0000,0.4344,0.0005,0.0516,0.2972,0.0822,0.0034,
96.6247,111,1,ok,0,1,0.6832,0.0010,0.2456,0.4362,0.0004,0.0533,0.2971,0.0823,0.0035,
96.6247,112,1,ok,0,1,0.6884,0.0009,0.2512,0.4359,0.0004,0.0524,0.2976,0.0822,0.0037,
96.6247,113,1,ok,0,1,1.0021,0.0009,0.5653,0.4356,0.0004,0.0523,0.2974,0.0822,0.0036,
96.6247,114,1,ok,0,1,0.4382,0.0012,0.0000,0.4364,0.0005,0.0521,0.2983,0.0824,0.0036,
96.6247,115,1,ok,0,1,0.4395,0.0029,0.0000,0.4360,0.0006,0.0519,0.2982,0.0823,0.0035,
96.6247,116,1,ok,0,1,0.6572,0.0004,0.2191,0.4373,0.0005,0.0528,0.2986,0.0823,0.0037,
96.6247,117,1,ok,0,1,0.4622,0.0026,0.0220,0.4372,0.0004,0.0529,0.2986,0.0823,0.0033,
96.6247,118,1,ok,0,1,0.4348,0.0004,0.0000,0.4338,0.0005,0.0513,0.2971,0.0822,0.0032,
96.6247,119,1,ok,0,1,0.7666,0.0018,0.3299,0.4344,0.0004,0.0525,0.2967,0.0822,0.0029,
96.6247,120,1,ok,0,1,0.4363,0.0011,0.0000,0.4346,0.0006,0.0517,0.2971,0.0823,0.0034,
96.6247,121,1,ok,0,1,0.4358,0.0012,0.0000,0.4341,0.0005,0.0514,0.2971,0.0823,0.0032,
96.6247,122,1,ok,0,1,0.4389,0.0011,0.0000,0.4372,0.0005,0.0512,0.2978,0.0844,0.0038,
96.6247,123,1,ok,0,1,0.4364,0.0008,0.0000,0.4350,0.0005,0.0521,0.2973,0.0825,0.0030,
96.6247,124,1,ok,0,1,0.8723,0.0005,0.4356,0.4359,0.0004,0.0526,0.2975,0.0823,0.0035,
96.6247,125,1,ok,0,1,1.0649,0.0007,0.6284,0.4354,0.0004,0.0524,0.2974,0.0823,0.0034,
96.6247,126,1,ok,0,1,1.4889,0.0006,1.0521,0.4357,0.0004,0.0528,0.2972,0.0823,0.0034,
96.6247,127,1,ok,0,1,0.4374,0.0008,0.0000,0.4361,0.0005,0.0516,0.2981,0.0825,0.0037,
96.6247,128,1,ok,0,1,0.4359,0.0006,0.0000,0.4347,0.0006,0.0516,0.2971,0.0823,0.0037,
96.6247,129,1,ok,0,1,0.4364,0.0015,0.0000,0.4344,0.0005,0.0519,0.2970,0.0822,0.0033,
96.6247,130,1,ok,0,1,0.6444,0.0008,0.2075,0.4357,0.0004,0.0525,0.2974,0.0823,0.0035,
96.6247,131,1,ok,0,1,1.0435,0.0009,0.6065,0.4356,0.0005,0.0526,0.2976,0.0823,0.0031,
96.6247,132,1,ok,0,1,0.4361,0.0006,0.0000,0.4349,0.0005,0.0520,0.2974,0.0823,0.0032,
96.6247,133,1,ok,0,1,0.4362,0.0013,0.0000,0.4343,0.0005,0.0514,0.2972,0.0823,0.0033,
96.6247,134,1,ok,0,1,0.8167,0.0011,0.3795,0.4357,0.0004,0.0534,0.2969,0.0824,0.0029,
96.6247,135,1,ok,0,1,0.8406,0.0006,0.4029,0.4367,0.0004,0.0532,0.2975,0.0822,0.0038,
96.6247,136,1,ok,0,1,1.2316,0.0003,0.7958,0.4351,0.0004,0.0524,0.2972,0.0822,0.0032,
96.6247,137,1,ok,0,1,0.7802,0.0006,0.3432,0.4359,0.0004,0.0526,0.2978,0.0822,0.0032,
96.6247,138,1,ok,0,1,0.4362,0.0010,0.0000,0.4347,0.0005,0.0521,0.2973,0.0823,0.0030,
96.6247,139,1,ok,0,1,0.7892,0.0010,0.3499,0.4379,0.0004,0.0529,0.2981,0.0839,0.0030,
96.6247,140,1,ok,0,1,0.8272,0.0008,0.3880,0.4380,0.0004,0.0530,0.2981,0.0829,0.0040,
96.6247,141,1,ok,0,1,0.7695,0.0005,0.3312,0.4374,0.0004,0.0527,0.2977,0.0838,0.0032,
96.6247,142,1,ok,0,1,1.0162,0.0006,0.5777,0.4375,0.0004,0.0526,0.2981,0.0837,0.0030,
96.6247,143,1,ok,0,1,0.4378,0.0010,0.0000,0.4363,0.0005,0.0519,0.2989,0.0823,0.0032,
96.6247,144,1,ok,0,1,0.5355,0.0011,0.0951,0.4389,0.0004,0.0534,0.2987,0.0833,0.0034,
96.6247,145,1,ok,0,1,0.8282,0.0017,0.3861,0.4400,0.0004,0.0529,0.2990,0.0846,0.0035,
96.6247,146,1,ok,0,1,0.7860,0.0009,0.3461,0.4386,0.0004,0.0528,0.2991,0.0837,0.0030,
96.6247,147,1,ok,0,1,0.4391,0.0004,0.0000,0.4383,0.0005,0.0520,0.2983,0.0840,0.0039,
96.6247,148,1,ok,0,1,0.7368,0.0003,0.2994,0.4367,0.0004,0.0524,0.2977,0.0831,0.0035,
96.6247,149,1,ok,0,1,0.9448,0.0007,0.5042,0.4395,0.0005,0.0524,0.2984,0.0855,0.0031,
96.6247,150,1,ok,0,1,0.4375,0.0010,0.0000,0.4360,0.0005,0.0520,0.2976,0.0823,0.0040,
96.6247,151,1,ok,0,1,0.4372,0.0012,0.0000,0.4354,0.0005,0.0515,0.2984,0.0822,0.0033,
96.6247,152,1,ok,0,1,0.5181,0.0010,0.0783,0.4384,0.0004,0.0527,0.2983,0.0834,0.0040,
96.6247,153,1,ok,0,1,0.5036,0.0013,0.0642,0.4377,0.0005,0.0529,0.2982,0.0830,0.0035,
96.6247,154,1,ok,0,1,0.8611,0.0006,0.4229,0.4372,0.0004,0.0527,0.2980,0.0836,0.0029,
96.6247,155,1,ok,0,1,1.1421,0.0009,0.7022,0.4386,0.0004,0.0528,0.2986,0.0838,0.0034,
96.6247,156,1,ok,0,1,1.3250,0.0011,0.8848,0.4387,0.0004,0.0531,0.2985,0.0840,0.0031,
96.6247,157,1,ok,0,1,1.2170,0.0012,0.7727,0.4426,0.0004,0.0540,0.3000,0.0854,0.0032,
96.6247,158,1,ok,0,1,1.4947,0.0011,1.0535,0.4397,0.0004,0.0528,0.2991,0.0845,0.0032,
96.6247,159,1,ok,0,1,1.7794,0.0010,1.3392,0.4387,0.0005,0.0530,0.2985,0.0838,0.0033,
96.6247,160,1,ok,0,1,2.1738,0.0005,1.7332,0.4397,0.0004,0.0526,0.2991,0.0850,0.0029,
96.6247,161,1,ok,0,1,1.9965,0.0016,1.5530,0.4415,0.0004,0.0530,0.2990,0.0853,0.0041,
96.6247,162,1,ok,0,1,2.2791,0.0004,1.8347,0.4436,0.0004,0.0526,0.3015,0.0861,0.0034,
96.6247,163,1,ok,0,1,1.2560,0.0020,0.8127,0.4409,0.0004,0.0525,0.2999,0.0854,0.0032,
96.6247,164,1,ok,0,1,0.4793,0.0011,0.0357,0.4421,0.0004,0.0529,0.2990,0.0867,0.0035,
96.6247,165,1,ok,0,1,0.8755,0.0014,0.4323,0.4414,0.0004,0.0531,0.2996,0.0862,0.0026,
96.6247,166,1,ok,0,1,1.1474,0.0009,0.7058,0.4402,0.0004,0.0530,0.2993,0.0845,0.0034,
96.6247,167,1,ok,0,1,0.9047,0.0010,0.4599,0.4434,0.0004,0.0526,0.3000,0.0877,0.0031,
96.6247,168,1,ok,0,1,1.1988,0.0009,0.7541,0.4434,0.0004,0.0533,0.3001,0.0868,0.0033,
96.6247,169,1,ok,0,1,1.5525,0.0010,1.1097,0.4414,0.0004,0.0530,0.2988,0.0858,0.0038,
96.6247,170,1,ok,0,1,0.4428,0.0006,0.0000,0.4417,0.0005,0.0521,0.2997,0.0857,0.0041,
96.6247,171,1,ok,0,1,0.4407,0.0005,0.0000,0.4397,0.0005,0.0525,0.2995,0.0844,0.0032,
96.6247,172,1,ok,0,1,0.5136,0.0008,0.0425,0.4699,0.0004,0.0518,0.3215,0.0930,0.0036,
96.6247,173,1,ok,0,1,0.4404,0.0009,0.0000,0.4389,0.0005,0.0518,0.2993,0.0843,0.0034,
96.6247,174,1,ok,0,1,0.4391,0.0022,0.0000,0.4365,0.0005,0.0521,0.2974,0.0836,0.0032,
96.6247,175,1,ok,0,1,0.7499,0.0004,0.3076,0.4415,0.0004,0.0525,0.2992,0.0861,0.0037,
96.6247,176,1,ok,0,1,1.1269,0.0002,0.6864,0.4399,0.0004,0.0526,0.2984,0.0847,0.0042,
96.6247,177,1,ok,0,1,1.2190,0.0008,0.7759,0.4419,0.0004,0.0525,0.3001,0.0861,0.0031,
96.6247,178,1,ok,0,1,1.3194,0.0006,0.8763,0.4421,0.0004,0.0527,0.2995,0.0866,0.0033,
96.6247,179,1,ok,0,1,1.3705,0.0014,0.9273,0.4414,0.0004,0.0526,0.2990,0.0859,0.0038,
96.6247,180,1,ok,0,1,1.0250,0.0008,0.5588,0.4650,0.0004,0.0523,0.3153,0.0935,0.0038,
96.6247,181,1,ok,0,1,0.7988,0.0003,0.3299,0.4681,0.0004,0.0520,0.3180,0.0949,0.0032,
96.6247,182,1,ok,0,1,0.4381,0.0009,0.0000,0.4366,0.0005,0.0515,0.2975,0.0846,0.0029,
96.6247,183,1,ok,0,1,0.8151,0.0009,0.3729,0.4409,0.0004,0.0531,0.2988,0.0855,0.0035,
96.6247,184,1,ok,0,1,0.9377,0.0006,0.4947,0.4420,0.0005,0.0525,0.2991,0.0871,0.0033,
96.6247,185,1,ok,0,1,1.1232,0.0009,0.6795,0.4425,0.0004,0.0526,0.2992,0.0868,0.0038,
96.6247,186,1,ok,0,1,0.4445,0.0011,0.0000,0.4427,0.0006,0.0517,0.2998,0.0879,0.0033,
96.6247,187,1,ok,0,1,0.7105,0.0010,0.2659,0.4432,0.0004,0.0524,0.2996,0.0876,0.0035,
96.6247,188,1,ok,0,1,1.0280,0.0003,0.5793,0.4481,0.0004,0.0525,0.3026,0.0896,0.0033,
96.6247,189,1,ok,0,1,1.1099,0.0008,0.6575,0.4511,0.0004,0.0527,0.3050,0.0905,0.0029,
96.6247,190,1,ok,0,1,1.2328,0.0009,0.7687,0.4628,0.0004,0.0522,0.3152,0.0918,0.0036,
96.6247,191,1,ok,0,1,1.4881,0.0006,1.0295,0.4576,0.0004,0.0522,0.3112,0.0911,0.0030,
96.6247,192,1,ok,0,1,1.7749,0.0011,1.3085,0.4648,0.0005,0.0526,0.3161,0.0924,0.0036,
96.6247,193,1,ok,0,1,0.6400,0.0019,0.1787,0.4589,0.0004,0.0519,0.3108,0.0925,0.0037,
96.6247,194,1,ok,0,1,0.7349,0.0006,0.2759,0.4581,0.0004,0.0521,0.3113,0.0915,0.0032,
96.6247,195,1,ok,0,1,0.4420,0.0009,0.0000,0.4406,0.0006,0.0523,0.2994,0.0854,0.0034,
96.6247,196,1,ok,0,1,0.4432,0.0010,0.0000,0.4417,0.0005,0.0512,0.2997,0.0872,0.0035,
96.6247,197,1,ok,0,1,0.8586,0.0010,0.4099,0.4473,0.0004,0.0522,0.3023,0.0886,0.0041,
96.6247,198,1,ok,0,1,0.4396,0.0015,0.0000,0.4375,0.0006,0.0524,0.2984,0.0829,0.0036,
96.6247,199,1,ok,0,1,0.4391,0.0019,0.0000,0.4366,0.0006,0.0518,0.2985,0.0829,0.0034,
96.6247,200,1,ok,0,1,0.4369,0.0012,0.0000,0.4351,0.0005,0.0516,0.2971,0.0824,0.0039,
96.6247,201,1,ok,0,1,0.4382,0.0016,0.0000,0.4359,0.0006,0.0517,0.2977,0.0827,0.0037,
96.6247,202,1,ok,0,1,0.4350,0.0005,0.0000,0.4339,0.0005,0.0520,0.2964,0.0822,0.0032,
96.6247,203,1,ok,0,1,0.7574,0.0009,0.3212,0.4349,0.0004,0.0524,0.2970,0.0823,0.0031,
96.6247,204,1,ok,0,1,0.7821,0.0006,0.3440,0.4372,0.0004,0.0529,0.2975,0.0834,0.0034,
96.6247,205,1,ok,0,1,1.0715,0.0005,0.6323,0.4383,0.0004,0.0524,0.2979,0.0840,0.0040,
96.6247,206,1,ok,0,1,1.1905,0.0003,0.7529,0.4369,0.0004,0.0523,0.2971,0.0838,0.0038,
96.6247,207,1,ok,0,1,1.5920,0.0009,1.1521,0.4386,0.0004,0.0525,0.2978,0.0847,0.0036,
96.6247,208,1,ok,0,1,1.7344,0.0004,1.2958,0.4379,0.0004,0.0524,0.2973,0.0842,0.0039,
96.6247,209,1,ok,0,1,0.4398,0.0013,0.0000,0.4379,0.0005,0.0521,0.2982,0.0837,0.0039,
117.3300,0,0,ok,0,1,0.4375,0.0009,0.0000,0.4359,0.0006,0.0521,0.2974,0.0829,0.0035,
117.3300,1,0,ok,0,1,0.8623,0.0003,0.4243,0.4373,0.0004,0.0524,0.2978,0.0837,0.0033,
117.3300,2,0,ok,0,1,1.1360,0.0011,0.6968,0.4377,0.0004,0.0527,0.2972,0.0838,0.0040,
117.3300,3,0,ok,0,1,1.4513,0.0011,1.0057,0.4440,0.0004,0.0527,0.2999,0.0884,0.0030,
117.3300,4,0,ok,0,1,1.2096,0.0011,0.7682,0.4399,0.0004,0.0532,0.2981,0.0845,0.0040,
117.3300,5,0,ok,0,1,1.0700,0.0011,0.6311,0.4374,0.0004,0.0524,0.2977,0.0833,0.0040,
117.3300,6,0,ok,0,1,0.4391,0.0003,0.0000,0.4383,0.0005,0.0520,0.2975,0.0854,0.0034,
117.3300,7,0,ok,0,1,0.8299,0.0011,0.3916,0.4369,0.0004,0.0526,0.2973,0.0834,0.0035,
117.3300,8,0,ok,0,1,0.9879,0.0012,0.5484,0.4378,0.0004,0.0525,0.2974,0.0846,0.0032,
117.3300,9,0,ok,0,1,1.4131,0.0008,0.9716,0.4403,0.0004,0.0531,0.2980,0.0855,0.0036,
117.3300,10,1,ok,0,1,1.7275,0.0009,1.2860,0.4402,0.0004,0.0525,0.2980,0.0856,0.0040,
117.3300,11,1,ok,0,1,1.8068,0.0006,1.3670,0.4389,0.0003,0.0524,0.2978,0.0849,0.0038,
117.3300,12,1,ok,0,1,2.2337,0.0010,1.7920,0.4403,0.0004,0.0529,0.2983,0.0858,0.0033,
117.3300,13,1,ok,0,1,2.5597,0.0002,2.1201,0.4389,0.0004,0.0528,0.2979,0.0852,0.0030,
117.3300,14,1,ok,0,1,2.4992,0.0008,2.0222,0.4758,0.0004,0.0516,0.3247,0.0957,0.0038,
117.3300,15,1,ok,0,1,2.5509,0.0009,2.0957,0.4540,0.0004,0.0527,0.3088,0.0894,0.0030,
117.3300,16,1,ok,0,1,2.8743,0.0007,2.4229,0.4503,0.0004,0.0526,0.3039,0.0898,0.0040,
117.3300,17,1,ok,0,1,2.8745,0.0012,2.4181,0.4548,0.0004,0.0522,0.3067,0.0923,0.0036,
117.3300,18,1,ok,0,1,2.4839,0.0004,2.0263,0.4568,0.0004,0.0526,0.3089,0.0915,0.0038,
117.3300,19,1,ok,0,1,2.9402,0.0003,2.4804,0.4592,0.0004,0.0520,0.3125,0.0910,0.0036,
117.3300,20,1,ok,0,1,2.5653,0.0014,2.1006,0.4629,0.0004,0.0521,0.3158,0.0916,0.0033,
117.3300,21,1,ok,0,1,2.4130,0.0005,1.9523,0.4598,0.0004,0.0526,0.3126,0.0917,0.0028,
117.3300,22,1,ok,0,1,2.6593,0.0012,2.1992,0.4587,0.0003,0.0524,0.3114,0.0917,0.0031,
117.3300,23,1,ok,0,1,3.0308,0.0009,2.5720,0.4575,0.0003,0.0524,0.3105,0.0913,0.0032,
117.3300,24,1,ok,0,1,1.8856,0.0006,1.4186,0.4660,0.0004,0.0525,0.3174,0.0931,0.0029,
117.3300,25,1,ok,0,1,2.1403,0.0007,1.6751,0.4642,0.0004,0.0525,0.3151,0.0930,0.0036,
117.3300,26,1,ok,0,1,2.5556,0.0010,2.0895,0.4647,0.0004,0.0520,0.3154,0.0940,0.0034,
117.3300,27,1,ok,0,1,2.9900,0.0002,2.5034,0.4860,0.0004,0.0521,0.3313,0.0990,0.0036,
117.3300,28,1,ok,0,1,2.5197,0.0006,2.0277,0.4910,0.0004,0.0518,0.3379,0.0979,0.0034,
117.3300,29,1,ok,0,1,2.5157,0.0010,2.0453,0.4689,0.0004,0.0521,0.3193,0.0940,0.0035,
117.3300,30,1,ok,0,1,2.1363,0.0023,1.6718,0.4618,0.0003,0.0524,0.3139,0.0919,0.0036,
117.3300,31,1,ok,0,1,1.9293,0.0007,1.4666,0.4616,0.0004,0.0520,0.3121,0.0940,0.0034,
117.3300,32,1,ok,0,1,2.0046,0.0019,1.5344,0.4679,0.0004,0.0520,0.3180,0.0942,0.0036,
117.3300,33,1,ok,0,1,0.6427,0.0006,0.1547,0.4870,0.0004,0.0519,0.3335,0.0983,0.0033,
117.3300,34,1,ok,0,1,0.8981,0.0004,0.3991,0.4982,0.0004,0.0517,0.3401,0.1030,0.0033,
117.3300,35,1,ok,0,1,0.9855,0.0011,0.4864,0.4976,0.0004,0.0520,0.3393,0.1025,0.0038,
117.3300,36,1,ok,0,1,0.5814,0.0009,0.0803,0.4999,0.0004,0.0517,0.3422,0.1026,0.0033,
117.3300,37,1,ok,0,1,0.5866,0.0020,0.0867,0.4976,0.0004,0.0518,0.3429,0.0993,0.0035,
117.3300,38,1,ok,0,1,0.4409,0.0015,0.0001,0.4388,0.0005,0.0514,0.2987,0.0850,0.0036,
117.3300,39,1,ok,0,1,0.4434,0.0006,0.0000,0.4423,0.0004,0.0528,0.2991,0.0873,0.0031,
117.3300,40,1,ok,0,1,0.4438,0.0012,0.0000,0.4421,0.0005,0.0519,0.3005,0.0864,0.0032,
117.3300,41,1,ok,0,1,0.9001,0.0004,0.4194,0.4799,0.0004,0.0516,0.3289,0.0960,0.0034,
117.3300,42,1,ok,0,1,1.2381,0.0004,0.7674,0.4699,0.0004,0.0527,0.3194,0.0944,0.0034,
117.3300,43,1,ok,0,1,1.5346,0.0020,1.0615,0.4708,0.0004,0.0525,0.3209,0.0942,0.0033,
117.3300,44,1,ok,0,1,1.9592,0.0006,1.4915,0.4667,0.0004,0.0524,0.3156,0.0955,0.0031,
117.3300,45,1,ok,0,1,2.2987,0.0011,1.8226,0.4746,0.0004,0.0530,0.3240,0.0938,0.0038,
117.3300,46,1,ok,0,1,2.7278,0.0008,2.2435,0.4831,0.0004,0.0517,0.3314,0.0969,0.0032,
117.3300,47,1,ok,0,1,3.0545,0.0005,2.5607,0.4929,0.0004,0.0526,0.3358,0.1009,0.0036,
117.3300,48,1,ok,0,1,3.0233,0.0013,2.5369,0.4847,0.0004,0.0525,0.3289,0.0994,0.0039,
117.3300,49,1,ok,0,1,3.2693,0.0012,2.7900,0.4777,0.0004,0.0521,0.3257,0.0963,0.0035,
117.3300,50,1,ok,0,1,3.5155,0.0021,3.0308,0.4822,0.0004,0.0522,0.3248,0.1004,0.0048,
117.3300,51,1,ok,0,1,3.8869,0.0021,3.3931,0.4912,0.0004,0.0521,0.3359,0.0998,0.0034,
117.3300,52,1,ok,0,1,4.2184,0.0010,3.7271,0.4900,0.0004,0.0522,0.3372,0.0968,0.0038,
117.3300,53,1,ok,0,1,3.2859,0.0008,2.8067,0.4780,0.0004,0.0526,0.3251,0.0967,0.0036,
117.3300,54,1,ok,0,1,3.2585,0.0010,2.7509,0.5062,0.0004,0.0522,0.3484,0.1024,0.0032,
117.3300,55,1,ok,0,1,3.2773,0.0009,2.7772,0.4988,0.0004,0.0522,0.3427,0.1005,0.0033,
117.3300,56,1,ok,0,1,3.6668,0.0011,3.1802,0.4851,0.0004,0.0526,0.3302,0.0991,0.0032,
117.3300,57,1,ok,0,1,3.4895,0.0012,2.9977,0.4901,0.0004,0.0527,0.3360,0.0981,0.0033,
117.3300,58,1,ok,0,1,3.8749,0.0002,3.3980,0.4763,0.0004,0.0526,0.3253,0.0945,0.0039,
117.3300,59,1,ok,0,1,4.1157,0.0007,3.6303,0.4844,0.0004,0.0521,0.3287,0.1003,0.0033,
117.3300,60,1,ok,0,1,2.2706,0.0004,1.7842,0.4857,0.0004,0.0528,0.3319,0.0977,0.0032,
117.3300,61,1,ok,0,1,2.2420,0.0004,1.7477,0.4934,0.0004,0.0522,0.3352,0.1025,0.0035,
117.3300,62,1,ok,0,1,2.3161,0.0006,1.8250,0.4900,0.0004,0.0527,0.3356,0.0981,0.0036,
117.3300,63,1,ok,0,1,2.2104,0.0013,1.7247,0.4840,0.0004,0.0524,0.3298,0.0983,0.0033,
117.3300,64,1,ok,0,1,1.7433,0.0018,1.2622,0.4789,0.0004,0.0522,0.3280,0.0953,0.0034,
117.3300,65,1,ok,0,1,1.4654,0.0019,0.9764,0.4867,0.0004,0.0522,0.3317,0.0996,0.0032,
117.3300,66,1,ok,0,1,1.8204,0.0018,1.3305,0.4876,0.0004,0.0529,0.3311,0.1000,0.0036,
117.3300,67,1,ok,0,1,2.3193,0.0003,1.8034,0.5152,0.0004,0.0511,0.3538,0.1068,0.0034,
117.3300,68,1,ok,0,1,2.6271,0.0009,2.1246,0.5012,0.0004,0.0524,0.3419,0.1033,0.0036,
117.3300,69,1,ok,0,1,2.9708,0.0003,2.4674,0.5026,0.0004,0.0528,0.3454,0.1007,0.0037,
117.3300,70,1,ok,0,1,3.3682,0.0004,2.8492,0.5182,0.0004,0.0511,0.3530,0.1104,0.0036,
117.3300,71,1,ok,0,1,2.4158,0.0005,1.9035,0.5114,0.0004,0.0520,0.3490,0.1065,0.0039,
117.3300,72,1,ok,0,1,1.8543,0.0008,1.3460,0.5071,0.0004,0.0523,0.3482,0.1034,0.0031,
117.3300,73,1,ok,0,1,2.1729,0.0010,1.6601,0.5115,0.0004,0.0522,0.3473,0.1086,0.0034,
117.3300,74,1,ok,0,1,2.1319,0.0010,1.6271,0.5034,0.0004,0.0523,0.3479,0.0996,0.0035,
117.3300,75,1,ok,0,1,2.3630,0.0008,1.8736,0.4848,0.0039,0.0517,0.3320,0.0976,0.0034,
117.3300,76,1,ok,0,1,1.6138,0.0005,1.1047,0.5083,0.0004,0.0510,0.3481,0.1061,0.0031,
117.3300,77,1,ok,0,1,1.8094,0.0011,1.2987,0.5092,0.0004,0.0527,0.3460,0.1069,0.0036,
117.3300,78,1,ok,0,1,2.1660,0.0010,1.6510,0.5136,0.0004,0.0520,0.3492,0.1092,0.0032,
117.3300,79,1,ok,0,1,2.5384,0.0038,2.0175,0.5168,0.0004,0.0524,0.3503,0.1108,0.0033,
117.3300,80,1,ok,0,1,2.6310,0.0010,2.1160,0.5136,0.0004,0.0525,0.3536,0.1036,0.0038,
117.3300,81,1,ok,0,1,2.9695,0.0009,2.4742,0.4939,0.0004,0.0525,0.3379,0.0998,0.0037,
117.3300,82,1,ok,0,1,2.9955,0.0004,2.5199,0.4748,0.0004,0.0524,0.3254,0.0937,0.0032,
117.3300,83,1,ok,0,1,2.3029,0.0006,1.8283,0.4735,0.0004,0.0525,0.3213,0.0965,0.0032,
117.3300,84,1,ok,0,1,2.5354,0.0015,2.0407,0.4928,0.0004,0.0526,0.3359,0.1007,0.0036,
117.3300,85,1,ok,0,1,2.9141,0.0004,2.4085,0.5048,0.0004,0.0513,0.3444,0.1057,0.0034,
117.3300,86,1,ok,0,1,0.4460,0.0007,0.0000,0.4447,0.0005,0.0516,0.3009,0.0887,0.0035,
117.3300,87,1,ok,0,1,0.5447,0.0010,0.0807,0.4626,0.0004,0.0524,0.3127,0.0938,0.0037,
117.3300,88,1,ok,0,1,0.9738,0.0005,0.4955,0.4774,0.0004,0.0525,0.3223,0.0991,0.0035,
117.3300,89,1,ok,0,1,1.4508,0.0009,0.9482,0.5013,0.0004,0.0515,0.3412,0.1052,0.0034,
117.3300,90,1,ok,0,1,1.9164,0.0021,1.3892,0.5246,0.0004,0.0520,0.3573,0.1125,0.0028,
117.3300,91,1,ok,0,1,1.9209,0.0003,1.4112,0.5090,0.0004,0.0517,0.3485,0.1048,0.0040,
117.3300,92,1,ok,0,1,1.6246,0.0014,1.1164,0.5065,0.0004,0.0513,0.3453,0.1065,0.0034,
117.3300,93,1,ok,0,1,1.8610,0.0012,1.3429,0.5165,0.0004,0.0520,0.3523,0.1088,0.0034,
117.3300,94,1,ok,0,1,2.3381,0.0008,1.8267,0.5102,0.0004,0.0518,0.3506,0.1046,0.0032,
117.3300,95,1,ok,0,1,2.5995,0.0003,2.0919,0.5068,0.0004,0.0518,0.3439,0.1079,0.0031,
117.3300,96,1,ok,0,1,0.4447,0.0006,0.0000,0.4425,0.0015,0.0528,0.2996,0.0861,0.0040,
117.3300,97,1,ok,0,1,0.5650,0.0012,0.0583,0.5051,0.0004,0.0499,0.3505,0.1015,0.0031,
117.3300,98,1,ok,0,1,0.4426,0.0016,0.0000,0.4404,0.0005,0.0520,0.2990,0.0864,0.0030,
117.3300,99,1,ok,0,1,0.4453,0.0010,0.0000,0.4427,0.0017,0.0530,0.2994,0.0865,0.0037,
117.3300,100,1,ok,0,1,0.8824,0.0004,0.4391,0.4412,0.0017,0.0522,0.2996,0.0864,0.0029,
117.3300,101,1,ok,0,1,0.6721,0.0006,0.2295,0.4409,0.0011,0.0525,0.2988,0.0863,0.0032,
117.3300,102,1,ok,0,1,0.5487,0.0011,0.0855,0.4607,0.0013,0.0521,0.3124,0.0927,0.0035,
117.3300,103,1,ok,0,1,0.6319,0.0012,0.1537,0.4750,0.0019,0.0514,0.3242,0.0961,0.0033,
117.3300,104,1,ok,0,1,0.9652,0.0005,0.4727,0.4912,0.0008,0.0511,0.3334,0.1029,0.0037,
117.3300,105,1,ok,0,1,0.9414,0.0006,0.4408,0.4994,0.0006,0.0519,0.3400,0.1042,0.0033,
117.3300,106,1,ok,0,1,1.3808,0.0003,0.8806,0.4996,0.0003,0.0518,0.3427,0.1016,0.0035,
117.3300,107,1,ok,0,1,1.5922,0.0009,1.0882,0.5024,0.0006,0.0519,0.3433,0.1036,0.0036,
117.3300,108,1,ok,0,1,1.7900,0.0012,1.2818,0.5066,0.0004,0.0519,0.3460,0.1059,0.0028,
117.3300,109,1,ok,0,1,0.7214,0.0017,0.2157,0.5031,0.0009,0.0519,0.3439,0.1032,0.0040,
117.3300,110,1,ok,0,1,0.4426,0.0010,0.0000,0.4396,0.0020,0.0514,0.2987,0.0860,0.0034,
117.3300,111,1,ok,0,1,0.7292,0.0012,0.2851,0.4423,0.0006,0.0523,0.2991,0.0874,0.0034,
117.3300,112,1,ok,0,1,0.8161,0.0005,0.3737,0.4417,0.0003,0.0527,0.2987,0.0865,0.0038,
117.3300,113,1,ok,0,1,1.2195,0.0011,0.7144,0.5031,0.0009,0.0505,0.3442,0.1047,0.0037,
117.3300,114,1,ok,0,1,0.5011,0.0011,0.0000,0.4996,0.0003,0.0507,0.3392,0.1060,0.0036,
117.3300,115,1,ok,0,1,0.4456,0.0015,0.0000,0.4423,0.0017,0.0545,0.2985,0.0858,0.0034,
117.3300,116,1,ok,0,1,0.7113,0.0007,0.2637,0.4465,0.0005,0.0520,0.3022,0.0886,0.0036,
117.3300,117,1,ok,0,1,0.6454,0.0008,0.1895,0.4542,0.0008,0.0527,0.3067,0.0915,0.0033,
117.3300,118,1,ok,0,1,0.6412,0.0015,0.1637,0.4741,0.0019,0.0520,0.3208,0.0980,0.0032,
117.3300,119,1,ok,0,1,1.0364,0.0008,0.5556,0.4788,0.0012,0.0511,0.3283,0.0964,0.0029,
117.3300,120,1,ok,0,1,0.7892,0.0006,0.3007,0.4870,0.0010,0.0516,0.3314,0.1006,0.0034,
117.3300,121,1,ok,0,1,0.8830,0.0011,0.3918,0.4889,0.0012,0.0516,0.3346,0.0996,0.0032,
117.3300,122,1,ok,0,1,0.5978,0.0011,0.1109,0.4854,0.0005,0.0513,0.3298,0.1005,0.0038,
117.3300,123,1,ok,0,1,0.7013,0.0011,0.2103,0.4894,0.0005,0.0520,0.3360,0.0986,0.0029,
117.3300,124,1,ok,0,1,1.2039,0.0008,0.7002,0.5025,0.0004,0.0516,0.3413,0.1063,0.0034,
117.3300,125,1,ok,0,1,1.5198,0.0009,1.0027,0.5158,0.0004,0.0520,0.3535,0.1070,0.0033,
117.3300,126,1,ok,0,1,2.0224,0.0008,1.5089,0.5123,0.0004,0.0519,0.3497,0.1073,0.0034,
117.3300,127,1,ok,0,1,1.1802,0.0007,0.6684,0.5108,0.0004,0.0516,0.3502,0.1052,0.0037,
117.3300,128,1,ok,0,1,0.5845,0.0018,0.0996,0.4827,0.0004,0.0520,0.3308,0.0962,0.0036,
117.3300,129,1,ok,0,1,0.4434,0.0008,0.0000,0.4422,0.0004,0.0525,0.3006,0.0857,0.0033,
117.3300,130,1,ok,0,1,0.7527,0.0012,0.2543,0.4968,0.0004,0.0514,0.3416,0.1002,0.0035,
117.3300,131,1,ok,0,1,1.2282,0.0008,0.7213,0.5057,0.0004,0.0522,0.3482,0.1022,0.0031,
117.3300,132,1,ok,0,1,0.6563,0.0009,0.1515,0.5036,0.0004,0.0530,0.3446,0.1029,0.0031,
117.3300,133,1,ok,0,1,0.4414,0.0007,0.0000,0.4403,0.0004,0.0518,0.2990,0.0862,0.0033,
117.3300,134,1,ok,0,1,0.8580,0.0011,0.3945,0.4620,0.0004,0.0522,0.3138,0.0930,0.0029,
117.3300,135,1,ok,0,1,0.9907,0.0012,0.5164,0.4726,0.0003,0.0526,0.3205,0.0957,0.0038,
117.3300,136,1,ok,0,1,1.4531,0.0017,0.9523,0.4988,0.0003,0.0511,0.3395,0.1049,0.0032,
117.3300,137,1,ok,0,1,1.2064,0.0013,0.7207,0.4839,0.0004,0.0524,0.3335,0.0948,0.0032,
117.3300,138,1,ok,0,1,0.9378,0.0009,0.4631,0.4734,0.0004,0.0527,0.3219,0.0958,0.0029,
117.3300,139,1,ok,0,1,1.3599,0.0008,0.8667,0.4920,0.0004,0.0517,0.3343,0.1028,0.0030,
117.3300,140,1,ok,0,1,1.5345,0.0014,1.0287,0.5041,0.0003,0.0520,0.3422,0.1060,0.0039,
117.3300,141,1,ok,0,1,1.6283,0.0013,1.1251,0.5015,0.0003,0.0525,0.3460,0.0999,0.0031,
117.3300,142,1,ok,0,1,1.9643,0.0004,1.4704,0.4931,0.0004,0.0520,0.3360,0.1019,0.0031,
117.3300,143,1,ok,0,1,1.4039,0.0012,0.9101,0.4923,0.0003,0.0526,0.3349,0.1017,0.0031,
117.3300,144,1,ok,0,1,1.6263,0.0009,1.1217,0.5033,0.0004,0.0520,0.3423,0.1055,0.0035,
117.3300,145,1,ok,0,1,2.0173,0.0004,1.5042,0.5123,0.0004,0.0514,0.3524,0.1050,0.0035,
117.3300,146,1,ok,0,1,2.1096,0.0010,1.6200,0.4882,0.0003,0.0520,0.3351,0.0980,0.0030,
117.3300,147,1,ok,0,1,1.9260,0.0004,1.4397,0.4855,0.0003,0.0527,0.3308,0.0980,0.0039,
117.3300,148,1,ok,0,1,2.3140,0.0008,1.8103,0.5025,0.0003,0.0511,0.3448,0.1031,0.0034,
117.3300,149,1,ok,0,1,2.6176,0.0011,2.1219,0.4943,0.0004,0.0522,0.3344,0.1046,0.0031,
117.3300,150,1,ok,0,1,0.4428,0.0009,0.0000,0.4414,0.0004,0.0521,0.2990,0.0863,0.0039,
117.3300,151,1,ok,0,1,0.4522,0.0003,0.0000,0.4514,0.0004,0.0510,0.3061,0.0910,0.0033,
117.3300,152,1,ok,0,1,0.6453,0.0010,0.1564,0.4875,0.0004,0.0512,0.3317,0.1007,0.0040,
117.3300,153,1,ok,0,1,0.7659,0.0011,0.2715,0.4930,0.0003,0.0518,0.3368,0.1008,0.0035,
117.3300,154,1,ok,0,1,1.2140,0.0003,0.6997,0.5137,0.0004,0.0513,0.3471,0.1123,0.0029,
117.3300,155,1,ok,0,1,1.6031,0.0003,1.0835,0.5189,0.0004,0.0521,0.3554,0.1081,0.0033,
117.3300,156,1,ok,0,1,1.9049,0.0008,1.3913,0.5124,0.0004,0.0516,0.3503,0.1073,0.0031,
117.3300,157,1,ok,0,1,1.9485,0.0002,1.4508,0.4970,0.0004,0.0519,0.3395,0.1024,0.0032,
117.3300,158,1,ok,0,1,2.3284,0.0017,1.8130,0.5133,0.0003,0.0516,0.3522,0.1063,0.0032,
117.3300,159,1,ok,0,1,2.7084,0.0007,2.2005,0.5068,0.0003,0.0520,0.3477,0.1037,0.0033,
117.3300,160,1,ok,0,1,3.1809,0.0002,2.6705,0.5098,0.0004,0.0515,0.3501,0.1053,0.0029,
117.3300,161,1,ok,0,1,3.1715,0.0010,2.6700,0.5002,0.0004,0.0519,0.3430,0.1011,0.0041,
117.3300,162,1,ok,0,1,3.5200,0.0010,3.0375,0.4811,0.0004,0.0518,0.3306,0.0953,0.0034,
117.3300,163,1,ok,0,1,2.7970,0.0004,2.3137,0.4826,0.0004,0.0515,0.3300,0.0979,0.0032,
117.3300,164,1,ok,0,1,2.2848,0.0011,1.7918,0.4916,0.0003,0.0518,0.3349,0.1014,0.0034,
117.3300,165,1,ok,0,1,2.7399,0.0006,2.2466,0.4923,0.0004,0.0516,0.3387,0.0994,0.0026,
117.3300,166,1,ok,0,1,3.0887,0.0009,2.6000,0.4874,0.0004,0.0521,0.3301,0.1018,0.0034,
117.3300,167,1,ok,0,1,3.0170,0.0016,2.5217,0.4933,0.0004,0.0513,0.3384,0.1004,0.0031,
117.3300,168,1,ok,0,1,3.3977,0.0004,2.8933,0.5036,0.0004,0.0516,0.3440,0.1047,0.0032,
117.3300,169,1,ok,0,1,3.8277,0.0011,3.3241,0.5022,0.0004,0.0513,0.3415,0.1057,0.0038,
117.3300,170,1,ok,0,1,2.9235,0.0004,2.4255,0.4972,0.0004,0.0511,0.3409,0.1012,0.0040,
117.3300,171,1,ok,0,1,2.9722,0.0010,2.4896,0.4812,0.0004,0.0516,0.3284,0.0979,0.0032,
117.3300,172,1,ok,0,1,3.1414,0.0012,2.6437,0.4961,0.0004,0.0508,0.3405,0.1014,0.0035,
117.3300,173,1,ok,0,1,2.8399,0.0005,2.3558,0.4833,0.0003,0.0516,0.3302,0.0980,0.0034,
117.3300,174,1,ok,0,1,2.5156,0.0012,1.9962,0.5178,0.0004,0.0501,0.3589,0.1056,0.0032,
117.3300,175,1,ok,0,1,2.8974,0.0003,2.4072,0.4895,0.0004,0.0518,0.3355,0.0984,0.0036,
117.3300,176,1,ok,0,1,3.3450,0.0014,2.8439,0.4994,0.0003,0.0510,0.3397,0.1046,0.0042,
117.3300,177,1,ok,0,1,3.5685,0.0023,3.0543,0.5115,0.0003,0.0515,0.3478,0.1091,0.0031,
117.3300,178,1,ok,0,1,3.8084,0.0008,3.2860,0.5214,0.0003,0.0516,0.3525,0.1140,0.0033,
117.3300,179,1,ok,0,1,4.0091,0.0004,3.4863,0.5221,0.0003,0.0515,0.3573,0.1095,0.0037,
117.3300,180,1,ok,0,1,3.8522,0.0022,3.3391,0.5106,0.0003,0.0520,0.3507,0.1041,0.0038,
117.3300,181,1,ok,0,1,3.7762,0.0008,3.2793,0.4958,0.0003,0.0513,0.3396,0.1017,0.0031,
117.3300,182,1,ok,0,1,2.1552,0.0006,1.6557,0.4986,0.0004,0.0515,0.3416,0.1025,0.0029,
117.3300,183,1,ok,0,1,2.6161,0.0007,2.1015,0.5135,0.0004,0.0520,0.3472,0.1107,0.0035,
117.3300,184,1,ok,0,1,2.8660,0.0006,2.3520,0.5131,0.0003,0.0518,0.3555,0.1024,0.0033,
117.3300,185,1,ok,0,1,3.1593,0.0010,2.6531,0.5048,0.0003,0.0511,0.3452,0.1047,0.0038,
117.3300,186,1,ok,0,1,2.6595,0.0007,2.1470,0.5115,0.0003,0.0513,0.3483,0.1086,0.0033,
117.3300,187,1,ok,0,1,3.0213,0.0004,2.5130,0.5076,0.0003,0.0514,0.3478,0.1049,0.0035,
117.3300,188,1,ok,0,1,3.4164,0.0007,2.9128,0.5026,0.0003,0.0510,0.3438,0.1045,0.0033,
117.3300,189,1,ok,0,1,3.6188,0.0007,3.1112,0.5064,0.0004,0.0516,0.3477,0.1040,0.0031,
117.3300,190,1,ok,0,1,3.8570,0.0009,3.3376,0.5181,0.0004,0.0518,0.3569,0.1057,0.0036,
117.3300,191,1,ok,0,1,4.1914,0.0012,3.6888,0.5010,0.0003,0.0514,0.3429,0.1035,0.0032,
117.3300,192,1,ok,0,1,4.5449,0.0006,4.0438,0.5002,0.0003,0.0522,0.3396,0.1048,0.0036,
117.3300,193,1,ok,0,1,3.7262,0.0006,3.2314,0.4938,0.0003,0.0515,0.3386,0.1001,0.0036,
117.3300,194,1,ok,0,1,3.9187,0.0009,3.4260,0.4915,0.0003,0.0515,0.3375,0.0993,0.0031,
117.3300,195,1,ok,0,1,3.3919,0.0004,2.9079,0.4833,0.0003,0.0520,0.3299,0.0981,0.0032,
117.3300,196,1,ok,0,1,3.4635,0.0005,2.9827,0.4800,0.0003,0.0516,0.3272,0.0976,0.0035,
117.3300,197,1,ok,0,1,3.9219,0.0011,3.4359,0.4846,0.0004,0.0513,0.3308,0.0984,0.0040,
117.3300,198,1,ok,0,1,0.7099,0.0012,0.2185,0.4898,0.0003,0.0518,0.3345,0.0999,0.0036,
117.3300,199,1,ok,0,1,0.4396,0.0006,0.0000,0.4386,0.0004,0.0514,0.2985,0.0852,0.0035,
117.3300,200,1,ok,0,1,0.4414,0.0009,0.0000,0.4400,0.0005,0.0516,0.2987,0.0856,0.0041,
117.3300,201,1,ok,0,1,0.4451,0.0025,0.0000,0.4421,0.0005,0.0522,0.2999,0.0862,0.0038,
117.3300,202,1,ok,0,1,0.4444,0.0011,0.0000,0.4428,0.0005,0.0520,0.3008,0.0867,0.0033,
117.3300,203,1,ok,0,1,0.8053,0.0004,0.3510,0.4535,0.0004,0.0525,0.3074,0.0905,0.0031,
117.3300,204,1,ok,0,1,0.9308,0.0008,0.4645,0.4651,0.0004,0.0529,0.3144,0.0943,0.0035,
117.3300,205,1,ok,0,1,1.2859,0.0007,0.8071,0.4777,0.0004,0.0519,0.3262,0.0956,0.0040,
117.3300,206,1,ok,0,1,1.5093,0.0011,1.0227,0.4851,0.0003,0.0522,0.3311,0.0979,0.0039,
117.3300,207,1,ok,0,1,1.9598,0.0003,1.4781,0.4810,0.0004,0.0522,0.3288,0.0964,0.0036,
117.3300,208,1,ok,0,1,2.1925,0.0011,1.7151,0.4759,0.0004,0.0521,0.3249,0.0949,0.0040,
117.3300,209,1,ok,0,1,0.5050,0.0019,0.0323,0.4704,0.0004,0.0521,0.3193,0.0951,0.0038,
138.0353,0,0,ok,0,1,0.4420,0.0010,0.0000,0.4404,0.0005,0.0516,0.2984,0.0869,0.0035,
138.0353,1,0,ok,0,1,0.8884,0.0002,0.4307,0.4570,0.0004,0.0519,0.3098,0.0920,0.0033,
138.0353,2,0,ok,0,1,1.2220,0.0007,0.7479,0.4730,0.0004,0.0516,0.3203,0.0970,0.0040,
138.0353,3,0,ok,0,1,1.5902,0.0011,1.1111,0.4777,0.0003,0.0516,0.3282,0.0950,0.0029,
138.0353,4,0,ok,0,1,1.4818,0.0014,1.0092,0.4709,0.0003,0.0518,0.3186,0.0965,0.0039,
138.0353,5,0,ok,0,1,1.4672,0.0009,0.9900,0.4758,0.0003,0.0516,0.3239,0.0962,0.0040,
138.0353,6,0,ok,0,1,0.9844,0.0013,0.4978,0.4850,0.0004,0.0519,0.3313,0.0984,0.0034,
138.0353,7,0,ok,0,1,1.4222,0.0005,0.9444,0.4770,0.0003,0.0518,0.3255,0.0961,0.0036,
138.0353,8,0,ok,0,1,1.6624,0.0017,1.1823,0.4781,0.0003,0.0517,0.3264,0.0968,0.0032,
138.0353,9,0,ok,0,1,2.1539,0.0007,1.6486,0.5042,0.0004,0.0519,0.3432,0.1055,0.0037,
138.0353,10,1,ok,0,1,2.5605,0.0006,2.0460,0.5135,0.0003,0.0512,0.3505,0.1080,0.0039,
138.0353,11,1,ok,0,1,2.7619,0.0023,2.2523,0.5069,0.0003,0.0512,0.3493,0.1027,0.0037,
138.0353,12,1,ok,0,1,3.2515,0.0007,2.7495,0.5009,0.0004,0.0519,0.3425,0.1033,0.0033,
138.0353,13,1,ok,0,1,3.6413,0.0005,3.1546,0.4859,0.0003,0.0516,0.3320,0.0992,0.0030,
138.0353,14,1,ok,0,1,3.6843,0.0006,3.1845,0.4988,0.0003,0.0512,0.3401,0.1037,0.0038,
138.0353,15,1,ok,0,1,3.8219,0.0005,3.3415,0.4795,0.0003,0.0517,0.3280,0.0967,0.0030,
138.0353,16,1,ok,0,1,4.1949,0.0005,3.7132,0.4810,0.0003,0.0516,0.3271,0.0983,0.0040,
138.0353,17,1,ok,0,1,4.3030,0.0009,3.8072,0.4945,0.0004,0.0508,0.3380,0.1020,0.0036,
138.0353,18,1,ok,0,1,4.0878,0.0012,3.5812,0.5051,0.0003,0.0517,0.3440,0.1055,0.0039,
138.0353,19,1,ok,0,1,4.5952,0.0005,4.0846,0.5098,0.0003,0.0512,0.3486,0.1063,0.0037,
138.0353,20,1,ok,0,1,4.3860,0.0008,3.8820,0.5028,0.0004,0.0518,0.3423,0.1052,0.0034,
138.0353,21,1,ok,0,1,4.3606,0.0005,3.8648,0.4949,0.0003,0.0518,0.3414,0.0989,0.0028,
138.0353,22,1,ok,0,1,4.6911,0.0011,4.1787,0.5110,0.0003,0.0515,0.3484,0.1079,0.0032,
138.0353,23,1,ok,0,1,5.1283,0.0008,4.6169,0.5103,0.0003,0.0516,0.3481,0.1074,0.0032,
138.0353,24,1,ok,0,1,4.2757,0.0007,3.7577,0.5169,0.0003,0.0519,0.3518,0.1102,0.0029,
138.0353,25,1,ok,0,1,4.6120,0.0006,4.0967,0.5144,0.0003,0.0520,0.3522,0.1067,0.0035,
138.0353,26,1,ok,0,1,5.0696,0.0004,4.5693,0.4995,0.0003,0.0514,0.3446,0.0999,0.0035,
138.0353,27,1,ok,0,1,5.5249,0.0009,5.0244,0.4992,0.0003,0.0520,0.3378,0.1057,0.0036,
138.0353,28,1,ok,0,1,5.2077,0.0006,4.7068,0.4999,0.0003,0.0514,0.3409,0.1041,0.0034,
138.0353,29,1,ok,0,1,5.3025,0.0007,4.8047,0.4967,0.0004,0.0516,0.3387,0.1028,0.0035,
138.0353,30,1,ok,0,1,5.0884,0.0007,4.5865,0.5009,0.0003,0.0514,0.3424,0.1035,0.0036,
138.0353,31,1,ok,0,1,5.0068,0.0010,4.5187,0.4868,0.0003,0.0517,0.3337,0.0981,0.0034,
138.0353,32,1,ok,0,1,5.1598,0.0014,4.6714,0.4867,0.0003,0.0517,0.3322,0.0992,0.0036,
138.0353,33,1,ok,0,1,4.0696,0.0008,3.5872,0.4813,0.0004,0.0516,0.3271,0.0992,0.0032,
138.0353,34,1,ok,0,1,4.3670,0.0004,3.8625,0.5038,0.0003,0.0509,0.3441,0.1054,0.0033,
138.0353,35,1,ok,0,1,4.5248,0.0017,4.0162,0.5066,0.0003,0.0515,0.3451,0.1063,0.0037,
138.0353,36,1,ok,0,1,4.2595,0.0011,3.7551,0.5030,0.0003,0.0517,0.3453,0.1028,0.0032,
138.0353,37,1,ok,0,1,4.3283,0.0004,3.8403,0.4873,0.0003,0.0518,0.3331,0.0989,0.0035,
138.0353,38,1,ok,0,1,3.9716,0.0009,3.4675,0.5029,0.0003,0.0505,0.3470,0.1017,0.0036,
138.0353,39,1,ok,0,1,4.0789,0.0007,3.5965,0.4813,0.0003,0.0521,0.3288,0.0971,0.0032,
138.0353,40,1,ok,0,1,4.0428,0.0008,3.5481,0.4932,0.0007,0.0514,0.3368,0.1018,0.0032,
138.0353,41,1,ok,0,1,4.5263,0.0006,4.0219,0.5035,0.0004,0.0516,0.3439,0.1047,0.0033,
138.0353,42,1,ok,0,1,4.9256,0.0007,4.4133,0.5112,0.0004,0.0517,0.3483,0.1079,0.0033,
138.0353,43,1,ok,0,1,5.2778,0.0004,4.7767,0.5003,0.0004,0.0521,0.3450,0.0999,0.0032,
138.0353,44,1,ok,0,1,5.7214,0.0005,5.2412,0.4794,0.0004,0.0518,0.3269,0.0976,0.0031,
138.0353,45,1,ok,0,1,6.1030,0.0005,5.6057,0.4965,0.0003,0.0512,0.3400,0.1015,0.0038,
138.0353,46,1,ok,0,1,6.5396,0.0003,6.0564,0.4825,0.0004,0.0515,0.3291,0.0987,0.0031,
138.0353,47,1,ok,0,1,6.8891,0.0016,6.3965,0.4907,0.0003,0.0515,0.3340,0.1016,0.0035,
138.0353,48,1,ok,0,1,6.9470,0.0012,6.4490,0.4964,0.0004,0.0516,0.3393,0.1016,0.0039,
138.0353,49,1,ok,0,1,7.2514,0.0007,6.7491,0.5013,0.0003,0.0509,0.3413,0.1055,0.0036,
138.0353,50,1,ok,0,1,7.5651,0.0011,7.0494,0.5143,0.0003,0.0512,0.3477,0.1105,0.0049,
138.0353,51,1,ok,0,1,7.9654,0.0011,7.4618,0.5022,0.0004,0.0528,0.3416,0.1043,0.0034,
138.0353,52,1,ok,0,1,8.3381,0.0004,7.8300,0.5073,0.0004,0.0511,0.3439,0.1085,0.0037,
138.0353,53,1,ok,0,1,7.6568,0.0014,7.1374,0.5176,0.0004,0.0515,0.3538,0.1088,0.0035,
138.0353,54,1,ok,0,1,7.7036,0.0007,7.2021,0.5004,0.0003,0.0520,0.3438,0.1014,0.0032,
138.0353,55,1,ok,0,1,7.8020,0.0022,7.2931,0.5063,0.0003,0.0515,0.3495,0.1020,0.0034,
138.0353,56,1,ok,0,1,8.2144,0.0008,7.7196,0.4937,0.0003,0.0516,0.3371,0.1018,0.0031,
138.0353,57,1,ok,0,1,8.1400,0.0008,7.6459,0.4930,0.0003,0.0524,0.3354,0.1019,0.0033,
138.0353,58,1,ok,0,1,8.5612,0.0004,8.0621,0.4983,0.0004,0.0515,0.3393,0.1037,0.0038,
138.0353,59,1,ok,0,1,8.8555,0.0015,8.3523,0.5014,0.0003,0.0510,0.3438,0.1033,0.0033,
138.0353,60,1,ok,0,1,7.3688,0.0009,6.8731,0.4944,0.0003,0.0520,0.3372,0.1019,0.0032,
138.0353,61,1,ok,0,1,7.4142,0.0006,6.9241,0.4891,0.0003,0.0515,0.3343,0.0998,0.0035,
138.0353,62,1,ok,0,1,7.5672,0.0003,7.0601,0.5065,0.0003,0.0515,0.3428,0.1087,0.0036,
138.0353,63,1,ok,0,1,7.5676,0.0006,7.0650,0.5016,0.0004,0.0524,0.3449,0.1010,0.0033,
138.0353,64,1,ok,0,1,7.2518,0.0015,6.7618,0.4882,0.0003,0.0515,0.3329,0.1005,0.0034,
138.0353,65,1,ok,0,1,7.0888,0.0013,6.6002,0.4870,0.0003,0.0517,0.3328,0.0992,0.0032,
138.0353,66,1,ok,0,1,7.4627,0.0011,6.9747,0.4866,0.0003,0.0522,0.3326,0.0982,0.0035,
138.0353,67,1,ok,0,1,7.9584,0.0010,7.4475,0.5096,0.0003,0.0504,0.3507,0.1051,0.0034,
138.0353,68,1,ok,0,1,8.3094,0.0005,7.7932,0.5154,0.0004,0.0513,0.3460,0.1145,0.0036,
138.0353,69,1,ok,0,1,8.6965,0.0003,8.1737,0.5221,0.0003,0.0519,0.3580,0.1086,0.0036,
138.0353,70,1,ok,0,1,9.0986,0.0015,8.5920,0.5048,0.0003,0.0515,0.3428,0.1070,0.0035,
138.0353,71,1,ok,0,1,8.3425,0.0006,7.8534,0.4881,0.0003,0.0518,0.3342,0.0984,0.0038,
138.0353,72,1,ok,0,1,7.9204,0.0006,7.4332,0.4862,0.0003,0.0515,0.3319,0.0997,0.0031,
138.0353,73,1,ok,0,1,8.2432,0.0007,7.7555,0.4867,0.0003,0.0520,0.3328,0.0985,0.0034,
138.0353,74,1,ok,0,1,8.2660,0.0007,7.7793,0.4856,0.0004,0.0515,0.3318,0.0986,0.0036,
138.0353,75,1,ok,0,1,8.5319,0.0012,8.0460,0.4844,0.0004,0.0516,0.3307,0.0988,0.0034,
138.0353,76,1,ok,0,1,7.9589,0.0014,7.4614,0.4958,0.0003,0.0513,0.3394,0.1021,0.0031,
138.0353,77,1,ok,0,1,8.1956,0.0010,7.6910,0.5033,0.0003,0.0513,0.3432,0.1053,0.0036,
138.0353,78,1,ok,0,1,8.5753,0.0005,8.0614,0.5130,0.0003,0.0515,0.3520,0.1063,0.0031,
138.0353,79,1,ok,0,1,8.9658,0.0004,8.4518,0.5133,0.0003,0.0520,0.3507,0.1074,0.0033,
138.0353,80,1,ok,0,1,9.0978,0.0006,8.6070,0.4898,0.0003,0.0554,0.3331,0.0976,0.0038,
138.0353,81,1,ok,0,1,9.4522,0.0006,8.9647,0.4865,0.0004,0.0520,0.3320,0.0985,0.0039,
138.0353,82,1,ok,0,1,9.5548,0.0003,9.0700,0.4842,0.0003,0.0514,0.3310,0.0985,0.0032,
138.0353,83,1,ok,0,1,9.0537,0.0002,8.5631,0.4900,0.0004,0.0516,0.3335,0.1016,0.0032,
138.0353,84,1,ok,0,1,9.3275,0.0006,8.8315,0.4950,0.0004,0.0518,0.3375,0.1021,0.0036,
138.0353,85,1,ok,0,1,9.7403,0.0012,9.2187,0.5201,0.0004,0.0501,0.3585,0.1081,0.0034,
138.0353,86,1,ok,0,1,7.6525,0.0006,7.1289,0.5227,0.0003,0.0513,0.3498,0.1180,0.0035,
138.0353,87,1,ok,0,1,7.8744,0.0011,7.3418,0.5312,0.0003,0.0521,0.3615,0.1139,0.0036,
138.0353,88,1,ok,0,1,8.3415,0.0008,7.8322,0.5083,0.0003,0.0520,0.3490,0.1037,0.0035,
138.0353,89,1,ok,0,1,8.8337,0.0009,8.3197,0.5128,0.0003,0.0506,0.3509,0.1079,0.0033,
138.0353,90,1,ok,0,1,9.2791,0.0006,8.7827,0.4955,0.0003,0.0526,0.3426,0.0975,0.0028,
138.0353,91,1,ok,0,1,9.3338,0.0016,8.8483,0.4836,0.0003,0.0522,0.3282,0.0991,0.0040,
138.0353,92,1,ok,0,1,9.1360,0.0010,8.6501,0.4845,0.0004,0.0513,0.3300,0.0998,0.0033,
138.0353,93,1,ok,0,1,9.3889,0.0005,8.8971,0.4910,0.0003,0.0520,0.3326,0.1029,0.0034,
138.0353,94,1,ok,0,1,9.8666,0.0011,9.3593,0.5058,0.0004,0.0514,0.3454,0.1058,0.0032,
138.0353,95,1,ok,0,1,10.1610,0.0005,9.6572,0.5029,0.0004,0.0519,0.3433,0.1045,0.0031,
138.0353,96,1,ok,0,1,8.2655,0.0004,7.7471,0.5176,0.0004,0.0515,0.3539,0.1081,0.0040,
138.0353,97,1,ok,0,1,8.4446,0.0010,7.9371,0.5061,0.0004,0.0512,0.3467,0.1051,0.0030,
138.0353,98,1,ok,0,1,7.4203,0.0008,6.9037,0.5154,0.0004,0.0516,0.3509,0.1098,0.0030,
138.0353,99,1,ok,0,1,7.0914,0.0004,6.5628,0.5279,0.0003,0.0525,0.3627,0.1090,0.0037,
138.0353,100,1,ok,0,1,7.6006,0.0006,7.0858,0.5138,0.0003,0.0515,0.3513,0.1082,0.0029,
138.0353,101,1,ok,0,1,7.5599,0.0010,7.0451,0.5134,0.0004,0.0516,0.3532,0.1054,0.0032,
138.0353,102,1,ok,0,1,7.5617,0.0010,7.0614,0.4990,0.0004,0.0520,0.3405,0.1031,0.0034,
138.0353,103,1,ok,0,1,7.7115,0.0007,7.2263,0.4841,0.0004,0.0517,0.3331,0.0959,0.0033,
138.0353,104,1,ok,0,1,8.0597,0.0010,7.5756,0.4827,0.0004,0.0514,0.3293,0.0984,0.0036,
138.0353,105,1,ok,0,1,8.1106,0.0012,7.6132,0.4959,0.0003,0.0516,0.3369,0.1040,0.0033,
138.0353,106,1,ok,0,1,8.5565,0.0010,8.0583,0.4969,0.0003,0.0513,0.3393,0.1029,0.0034,
138.0353,107,1,ok,0,1,8.8037,0.0007,8.3078,0.4948,0.0003,0.0513,0.3380,0.1018,0.0037,
138.0353,108,1,ok,0,1,9.0396,0.0012,8.5397,0.4984,0.0003,0.0518,0.3424,0.1014,0.0028,
138.0353,109,1,ok,0,1,8.1879,0.0010,7.7019,0.4846,0.0003,0.0520,0.3296,0.0990,0.0040,
138.0353,110,1,ok,0,1,7.7621,0.0006,7.2805,0.4807,0.0003,0.0515,0.3260,0.0997,0.0035,
138.0353,111,1,ok,0,1,8.1441,0.0010,7.6282,0.5145,0.0003,0.0514,0.3503,0.1094,0.0034,
138.0353,112,1,ok,0,1,8.3589,0.0011,7.8412,0.5163,0.0003,0.0513,0.3514,0.1098,0.0038,
138.0353,113,1,ok,0,1,8.7862,0.0007,8.2726,0.5125,0.0003,0.0515,0.3497,0.1076,0.0037,
138.0353,114,1,ok,0,1,8.2426,0.0005,7.7261,0.5155,0.0004,0.0514,0.3543,0.1062,0.0036,
138.0353,115,1,ok,0,1,7.8658,0.0008,7.3532,0.5114,0.0003,0.0514,0.3468,0.1097,0.0035,
138.0353,116,1,ok,0,1,8.2215,0.0010,7.7108,0.5095,0.0003,0.0515,0.3486,0.1058,0.0037,
138.0353,117,1,ok,0,1,8.2879,0.0003,7.7784,0.5089,0.0003,0.0512,0.3457,0.1087,0.0033,
138.0353,118,1,ok,0,1,8.3858,0.0007,7.8790,0.5057,0.0003,0.0517,0.3455,0.1053,0.0032,
138.0353,119,1,ok,0,1,8.8098,0.0018,8.3119,0.4958,0.0003,0.0513,0.3405,0.1011,0.0029,
138.0353,120,1,ok,0,1,8.6792,0.0004,8.1846,0.4938,0.0004,0.0524,0.3385,0.0996,0.0034,
138.0353,121,1,ok,0,1,8.8380,0.0007,8.3416,0.4954,0.0003,0.0516,0.3389,0.1017,0.0032,
138.0353,122,1,ok,0,1,8.6686,0.0005,8.1820,0.4857,0.0004,0.0517,0.3332,0.0969,0.0038,
138.0353,123,1,ok,0,1,8.8308,0.0010,8.3391,0.4904,0.0004,0.0518,0.3333,0.1023,0.0028,
138.0353,124,1,ok,0,1,9.3386,0.0008,8.8298,0.5077,0.0003,0.0512,0.3455,0.1077,0.0033,
138.0353,125,1,ok,0,1,9.6825,0.0007,9.1676,0.5139,0.0003,0.0518,0.3542,0.1046,0.0033,
138.0353,126,1,ok,0,1,10.1695,0.0003,9.6737,0.4952,0.0004,0.0519,0.3383,0.1016,0.0034,
138.0353,127,1,ok,0,1,9.5030,0.0006,9.0186,0.4834,0.0003,0.0516,0.3309,0.0971,0.0037,
138.0353,128,1,ok,0,1,9.1104,0.0009,8.5850,0.5241,0.0003,0.0497,0.3582,0.1125,0.0037,
138.0353,129,1,ok,0,1,8.8655,0.0021,8.3337,0.5293,0.0003,0.0522,0.3612,0.1126,0.0033,
138.0353,130,1,ok,0,1,9.2317,0.0007,8.7052,0.5255,0.0004,0.0517,0.3605,0.1097,0.0035,
138.0353,131,1,ok,0,1,9.7053,0.0019,9.2039,0.4992,0.0004,0.0516,0.3434,0.1011,0.0031,
138.0353,132,1,ok,0,1,9.2807,0.0006,8.7903,0.4895,0.0004,0.0519,0.3324,0.1020,0.0031,
138.0353,133,1,ok,0,1,8.5227,0.0004,8.0039,0.5180,0.0004,0.0511,0.3542,0.1094,0.0033,
138.0353,134,1,ok,0,1,8.9952,0.0006,8.4832,0.5110,0.0003,0.0516,0.3484,0.1080,0.0029,
138.0353,135,1,ok,0,1,9.2017,0.0008,8.7051,0.4955,0.0003,0.0522,0.3411,0.0984,0.0038,
138.0353,136,1,ok,0,1,9.6519,0.0007,9.1698,0.4810,0.0004,0.0513,0.3284,0.0980,0.0032,
138.0353,137,1,ok,0,1,9.5146,0.0008,9.0297,0.4838,0.0003,0.0515,0.3293,0.0998,0.0032,
138.0353,138,1,ok,0,1,9.3746,0.0010,8.8825,0.4907,0.0003,0.0515,0.3358,0.1005,0.0029,
138.0353,139,1,ok,0,1,9.8135,0.0015,9.3134,0.4983,0.0003,0.0519,0.3412,0.1021,0.0030,
138.0353,140,1,ok,0,1,10.0474,0.0005,9.5327,0.5138,0.0003,0.0513,0.3507,0.1078,0.0040,
138.0353,141,1,ok,0,1,10.2163,0.0006,9.6999,0.5155,0.0004,0.0526,0.3557,0.1040,0.0031,
138.0353,142,1,ok,0,1,10.5797,0.0020,10.0805,0.4969,0.0003,0.0513,0.3423,0.1001,0.0030,
138.0353,143,1,ok,0,1,10.1761,0.0005,9.6841,0.4911,0.0003,0.0517,0.3356,0.1007,0.0031,
138.0353,144,1,ok,0,1,10.4351,0.0018,9.9352,0.4978,0.0004,0.0519,0.3402,0.1022,0.0034,
138.0353,145,1,ok,0,1,10.8369,0.0006,10.3311,0.5048,0.0004,0.0516,0.3415,0.1082,0.0035,
138.0353,146,1,ok,0,1,11.0152,0.0005,10.4995,0.5148,0.0004,0.0514,0.3537,0.1067,0.0030,
138.0353,147,1,ok,0,1,10.9578,0.0007,10.4454,0.5113,0.0004,0.0520,0.3508,0.1046,0.0039,
138.0353,148,1,ok,0,1,11.3611,0.0003,10.8599,0.5005,0.0004,0.0508,0.3452,0.1011,0.0034,
138.0353,149,1,ok,0,1,11.6892,0.0012,11.1975,0.4901,0.0004,0.0512,0.3345,0.1014,0.0030,
138.0353,150,1,ok,0,1,9.8671,0.0009,9.3722,0.4938,0.0003,0.0520,0.3358,0.1019,0.0040,
138.0353,151,1,ok,0,1,9.9018,0.0012,9.4097,0.4905,0.0003,0.0518,0.3356,0.0999,0.0032,
138.0353,152,1,ok,0,1,10.1414,0.0010,9.6502,0.4899,0.0003,0.0517,0.3340,0.1002,0.0039,
138.0353,153,1,ok,0,1,10.3292,0.0008,9.8238,0.5042,0.0003,0.0512,0.3443,0.1051,0.0036,
138.0353,154,1,ok,0,1,10.7929,0.0020,10.2711,0.5195,0.0003,0.0512,0.3552,0.1102,0.0029,
138.0353,155,1,ok,0,1,11.2043,0.0006,10.6818,0.5217,0.0003,0.0522,0.3558,0.1103,0.0034,
138.0353,156,1,ok,0,1,11.5359,0.0005,11.0245,0.5105,0.0004,0.0520,0.3493,0.1061,0.0030,
138.0353,157,1,ok,0,1,11.6641,0.0006,11.1495,0.5137,0.0003,0.0512,0.3568,0.1024,0.0032,
138.0353,158,1,ok,0,1,12.0489,0.0011,11.5493,0.4981,0.0004,0.0515,0.3394,0.1039,0.0032,
138.0353,159,1,ok,0,1,12.4402,0.0008,11.9400,0.4990,0.0004,0.0520,0.3403,0.1034,0.0033,
138.0353,160,1,ok,0,1,12.9300,0.0010,12.4072,0.5215,0.0004,0.0512,0.3541,0.1131,0.0030,
138.0353,161,1,ok,0,1,13.0093,0.0012,12.4954,0.5124,0.0004,0.0515,0.3495,0.1072,0.0041,
138.0353,162,1,ok,0,1,13.4078,0.0004,12.8960,0.5112,0.0003,0.0514,0.3462,0.1102,0.0034,
138.0353,163,1,ok,0,1,12.8968,0.0017,12.3810,0.5137,0.0003,0.0513,0.3504,0.1088,0.0031,
138.0353,164,1,ok,0,1,12.5403,0.0008,12.0426,0.4966,0.0003,0.0519,0.3388,0.1024,0.0034,
138.0353,165,1,ok,0,1,13.0180,0.0010,12.5074,0.5094,0.0003,0.0519,0.3493,0.1055,0.0026,
138.0353,166,1,ok,0,1,13.4020,0.0021,12.8978,0.5017,0.0004,0.0517,0.3452,0.1014,0.0034,
138.0353,167,1,ok,0,1,13.4054,0.0005,12.9209,0.4836,0.0004,0.0518,0.3319,0.0968,0.0031,
138.0353,168,1,ok,0,1,13.7876,0.0009,13.2998,0.4866,0.0003,0.0522,0.3312,0.0998,0.0032,
138.0353,169,1,ok,0,1,14.2241,0.0004,13.7255,0.4978,0.0004,0.0512,0.3405,0.1023,0.0038,
138.0353,170,1,ok,0,1,13.5216,0.0018,13.0308,0.4887,0.0004,0.0519,0.3335,0.0993,0.0041,
138.0353,171,1,ok,0,1,13.6380,0.0013,13.1524,0.4839,0.0004,0.0519,0.3297,0.0992,0.0032,
138.0353,172,1,ok,0,1,13.8459,0.0021,13.3578,0.4856,0.0004,0.0519,0.3326,0.0976,0.0035,
138.0353,173,1,ok,0,1,13.6644,0.0010,13.1775,0.4855,0.0004,0.0517,0.3308,0.0996,0.0034,
138.0353,174,1,ok,0,1,13.4326,0.0013,12.9469,0.4840,0.0003,0.0520,0.3294,0.0994,0.0032,
138.0353,175,1,ok,0,1,13.8603,0.0006,13.3401,0.5192,0.0003,0.0508,0.3504,0.1144,0.0037,
138.0353,176,1,ok,0,1,14.3337,0.0004,13.8156,0.5173,0.0004,0.0512,0.3522,0.1097,0.0042,
138.0353,177,1,ok,0,1,14.5954,0.0006,14.0880,0.5064,0.0003,0.0512,0.3476,0.1045,0.0031,
138.0353,178,1,ok,0,1,14.8641,0.0006,14.3553,0.5078,0.0004,0.0514,0.3439,0.1092,0.0033,
138.0353,179,1,ok,0,1,15.1003,0.0005,14.5901,0.5093,0.0003,0.0519,0.3495,0.1041,0.0038,
138.0353,180,1,ok,0,1,15.0460,0.0008,14.5318,0.5130,0.0004,0.0513,0.3499,0.1080,0.0037,
138.0353,181,1,ok,0,1,15.0588,0.0004,14.5593,0.4988,0.0004,0.0516,0.3407,0.1033,0.0032,
138.0353,182,1,ok,0,1,13.7484,0.0004,13.2565,0.4912,0.0003,0.0515,0.3351,0.1016,0.0029,
138.0353,183,1,ok,0,1,14.2067,0.0005,13.7029,0.5029,0.0003,0.0519,0.3430,0.1045,0.0035,
138.0353,184,1,ok,0,1,14.4931,0.0011,13.9816,0.5101,0.0003,0.0513,0.3494,0.1061,0.0033,
138.0353,185,1,ok,0,1,14.8200,0.0012,14.3118,0.5067,0.0003,0.0516,0.3447,0.1066,0.0038,
138.0353,186,1,ok,0,1,14.4747,0.0010,13.9592,0.5142,0.0004,0.0512,0.3519,0.1078,0.0032,
138.0353,187,1,ok,0,1,14.8806,0.0010,14.3495,0.5298,0.0004,0.0513,0.3647,0.1102,0.0035,
138.0353,188,1,ok,0,1,15.3045,0.0004,14.7885,0.5153,0.0003,0.0517,0.3500,0.1104,0.0033,
138.0353,189,1,ok,0,1,15.5564,0.0007,15.0450,0.5102,0.0004,0.0523,0.3509,0.1041,0.0029,
138.0353,190,1,ok,0,1,15.8146,0.0010,15.3172,0.4960,0.0003,0.0517,0.3355,0.1052,0.0035,
138.0353,191,1,ok,0,1,16.1780,0.0003,15.6724,0.5050,0.0003,0.0513,0.3452,0.1055,0.0030,
138.0353,192,1,ok,0,1,16.5707,0.0011,16.0520,0.5173,0.0003,0.0518,0.3498,0.1120,0.0036,
138.0353,193,1,ok,0,1,15.9683,0.0008,15.4540,0.5131,0.0004,0.0509,0.3521,0.1065,0.0037,
138.0353,194,1,ok,0,1,16.2252,0.0007,15.7131,0.5110,0.0003,0.0515,0.3493,0.1071,0.0032,
138.0353,195,1,ok,0,1,15.8773,0.0012,15.3652,0.5105,0.0004,0.0520,0.3473,0.1079,0.0033,
138.0353,196,1,ok,0,1,16.0442,0.0006,15.5293,0.5140,0.0003,0.0513,0.3505,0.1088,0.0034,
138.0353,197,1,ok,0,1,16.5201,0.0002,16.0215,0.4981,0.0003,0.0516,0.3416,0.1008,0.0040,
138.0353,198,1,ok,0,1,13.8803,0.0005,13.3727,0.5067,0.0003,0.0515,0.3419,0.1097,0.0036,
138.0353,199,1,ok,0,1,13.6186,0.0006,13.0938,0.5239,0.0003,0.0507,0.3627,0.1072,0.0033,
138.0353,200,1,ok,0,1,12.5955,0.0005,12.1082,0.4864,0.0004,0.0519,0.3303,0.1003,0.0039,
138.0353,201,1,ok,0,1,11.9455,0.0022,11.4594,0.4835,0.0003,0.0516,0.3278,0.1003,0.0037,
138.0353,202,1,ok,0,1,11.6353,0.0011,11.1235,0.5103,0.0003,0.0511,0.3512,0.1048,0.0032,
138.0353,203,1,ok,0,1,12.0556,0.0002,11.5560,0.4990,0.0003,0.0514,0.3414,0.1033,0.0030,
138.0353,204,1,ok,0,1,12.2753,0.0006,11.7660,0.5083,0.0004,0.0513,0.3465,0.1071,0.0034,
138.0353,205,1,ok,0,1,12.6704,0.0009,12.1700,0.4992,0.0003,0.0517,0.3416,0.1019,0.0040,
138.0353,206,1,ok,0,1,12.9452,0.0004,12.4472,0.4972,0.0004,0.0515,0.3397,0.1022,0.0038,
138.0353,207,1,ok,0,1,13.4160,0.0013,12.9176,0.4968,0.0003,0.0517,0.3396,0.1020,0.0035,
138.0353,208,1,ok,0,1,13.7188,0.0015,13.2074,0.5095,0.0003,0.0507,0.3454,0.1094,0.0039,
138.0353,209,1,ok,0,1,12.3946,0.0024,11.8819,0.5101,0.0003,0.0512,0.3489,0.1060,0.0038,
127.2622,0,0,ok,0,1,0.4433,0.0015,0.0000,0.4413,0.0005,0.0519,0.2989,0.0868,0.0037,
127.2622,1,0,ok,0,1,0.8795,0.0009,0.4305,0.4477,0.0004,0.0523,0.3024,0.0896,0.0033,
127.2622,2,0,ok,0,1,1.2018,0.0005,0.7274,0.4736,0.0004,0.0516,0.3207,0.0973,0.0040,
127.2622,3,0,ok,0,1,1.5663,0.0016,1.0811,0.4832,0.0003,0.0521,0.3271,0.1011,0.0029,
127.2622,4,0,ok,0,1,1.4276,0.0003,0.9373,0.4897,0.0004,0.0519,0.3342,0.0996,0.0039,
127.2622,5,0,ok,0,1,1.3811,0.0010,0.8942,0.4855,0.0004,0.0516,0.3318,0.0981,0.0040,
127.2622,6,0,ok,0,1,0.8229,0.0006,0.3304,0.4915,0.0003,0.0520,0.3367,0.0992,0.0035,
127.2622,7,0,ok,0,1,1.2815,0.0009,0.7791,0.5012,0.0003,0.0513,0.3422,0.1040,0.0037,
127.2622,8,0,ok,0,1,1.5330,0.0008,1.0224,0.5094,0.0004,0.0514,0.3478,0.1068,0.0034,
127.2622,9,0,ok,0,1,2.0278,0.0007,1.5180,0.5087,0.0003,0.0519,0.3471,0.1061,0.0036,
127.2622,10,1,ok,0,1,2.4269,0.0004,1.9110,0.5151,0.0004,0.0512,0.3526,0.1073,0.0039,
127.2622,11,1,ok,0,1,2.5978,0.0010,2.0940,0.5025,0.0004,0.0514,0.3444,0.1030,0.0036,
127.2622,12,1,ok,0,1,3.0767,0.0004,2.5847,0.4912,0.0003,0.0519,0.3363,0.0996,0.0033,
127.2622,13,1,ok,0,1,3.4686,0.0002,2.9720,0.4961,0.0003,0.0514,0.3384,0.1032,0.0030,
127.2622,14,1,ok,0,1,3.4773,0.0020,2.9719,0.5031,0.0003,0.0521,0.3434,0.1038,0.0038,
127.2622,15,1,ok,0,1,3.5971,0.0012,3.1048,0.4907,0.0003,0.0519,0.3351,0.1007,0.0030,
127.2622,16,1,ok,0,1,3.9898,0.0011,3.4786,0.5097,0.0004,0.0512,0.3471,0.1074,0.0040,
127.2622,17,1,ok,0,1,4.0851,0.0012,3.5691,0.5144,0.0004,0.0511,0.3532,0.1065,0.0037,
127.2622,18,1,ok,0,1,3.8103,0.0008,3.3028,0.5064,0.0004,0.0519,0.3460,0.1046,0.0038,
127.2622,19,1,ok,0,1,4.3164,0.0009,3.8064,0.5088,0.0003,0.0510,0.3482,0.1058,0.0036,
127.2622,20,1,ok,0,1,4.0433,0.0010,3.5427,0.4992,0.0003,0.0515,0.3407,0.1037,0.0034,
127.2622,21,1,ok,0,1,3.9761,0.0009,3.4777,0.4972,0.0003,0.0516,0.3401,0.1027,0.0028,
127.2622,22,1,ok,0,1,4.2861,0.0011,3.7790,0.5057,0.0004,0.0519,0.3426,0.1080,0.0031,
127.2622,23,1,ok,0,1,4.7184,0.0006,4.2059,0.5116,0.0004,0.0517,0.3503,0.1064,0.0032,
127.2622,24,1,ok,0,1,3.7461,0.0022,3.2304,0.5131,0.0004,0.0517,0.3462,0.1123,0.0029,
127.2622,25,1,ok,0,1,4.0734,0.0010,3.5516,0.5205,0.0003,0.0517,0.3569,0.1082,0.0035,
127.2622,26,1,ok,0,1,4.5336,0.0004,4.0272,0.5057,0.0003,0.0515,0.3460,0.1046,0.0035,
127.2622,27,1,ok,0,1,4.9960,0.0006,4.4851,0.5100,0.0003,0.0517,0.3459,0.1088,0.0036,
127.2622,28,1,ok,0,1,4.6216,0.0020,4.1073,0.5119,0.0003,0.0512,0.3502,0.1071,0.0034,
127.2622,29,1,ok,0,1,4.7009,0.0006,4.1846,0.5118,0.0039,0.0509,0.3525,0.1048,0.0035,
127.2622,30,1,ok,0,1,4.4229,0.0006,3.9244,0.4974,0.0005,0.0512,0.3402,0.1024,0.0036,
127.2622,31,1,ok,0,1,4.3011,0.0021,3.8040,0.4946,0.0004,0.0517,0.3374,0.1021,0.0034,
127.2622,32,1,ok,0,1,4.4462,0.0006,3.9383,0.5069,0.0004,0.0515,0.3478,0.1040,0.0036,
127.2622,33,1,ok,0,1,3.2483,0.0011,2.7402,0.5066,0.0004,0.0512,0.3447,0.1074,0.0033,
127.2622,34,1,ok,0,1,3.5438,0.0010,3.0231,0.5193,0.0004,0.0516,0.3551,0.1094,0.0033,
127.2622,35,1,ok,0,1,3.6779,0.0006,3.1646,0.5124,0.0004,0.0519,0.3524,0.1044,0.0037,
127.2622,36,1,ok,0,1,3.3306,0.0009,2.8433,0.4861,0.0004,0.0518,0.3332,0.0978,0.0033,
127.2622,37,1,ok,0,1,3.3563,0.0013,2.8750,0.4795,0.0004,0.0518,0.3275,0.0967,0.0035,
127.2622,38,1,ok,0,1,2.9021,0.0009,2.4227,0.4782,0.0004,0.0516,0.3272,0.0958,0.0036,
127.2622,39,1,ok,0,1,2.9893,0.0014,2.4947,0.4928,0.0004,0.0517,0.3373,0.1007,0.0031,
127.2622,40,1,ok,0,1,2.9072,0.0006,2.4138,0.4924,0.0004,0.0513,0.3364,0.1014,0.0032,
127.2622,41,1,ok,0,1,3.3832,0.0007,2.8845,0.4977,0.0004,0.0516,0.3397,0.1030,0.0033,
127.2622,42,1,ok,0,1,3.7645,0.0009,3.2603,0.5029,0.0004,0.0516,0.3441,0.1039,0.0033,
127.2622,43,1,ok,0,1,4.1160,0.0011,3.6024,0.5122,0.0004,0.0509,0.3509,0.1072,0.0032,
127.2622,44,1,ok,0,1,4.5986,0.0010,4.0758,0.5213,0.0004,0.0510,0.3599,0.1072,0.0031,
127.2622,45,1,ok,0,1,4.9789,0.0004,4.4733,0.5049,0.0004,0.0519,0.3444,0.1046,0.0038,
127.2622,46,1,ok,0,1,5.4464,0.0010,4.9278,0.5172,0.0004,0.0510,0.3541,0.1090,0.0031,
127.2622,47,1,ok,0,1,5.8044,0.0007,5.2922,0.5111,0.0004,0.0516,0.3507,0.1053,0.0035,
127.2622,48,1,ok,0,1,5.8249,0.0010,5.3274,0.4962,0.0004,0.0515,0.3411,0.0998,0.0037,
127.2622,49,1,ok,0,1,6.1061,0.0013,5.6097,0.4948,0.0004,0.0510,0.3359,0.1044,0.0035,
127.2622,50,1,ok,0,1,6.3932,0.0010,5.8872,0.5047,0.0004,0.0513,0.3455,0.1033,0.0046,
127.2622,51,1,ok,0,1,6.7863,0.0003,6.2820,0.5035,0.0004,0.0519,0.3437,0.1045,0.0034,
127.2622,52,1,ok,0,1,7.1384,0.0011,6.6387,0.4982,0.0004,0.0514,0.3404,0.1025,0.0038,
127.2622,53,1,ok,0,1,6.3206,0.0005,5.8371,0.4826,0.0004,0.0514,0.3296,0.0981,0.0036,
127.2622,54,1,ok,0,1,6.3207,0.0013,5.8270,0.4920,0.0004,0.0514,0.3357,0.1017,0.0032,
127.2622,55,1,ok,0,1,6.3828,0.0006,5.8773,0.5046,0.0004,0.0513,0.3451,0.1049,0.0033,
127.2622,56,1,ok,0,1,6.8023,0.0003,6.2941,0.5076,0.0004,0.0511,0.3476,0.1057,0.0031,
127.2622,57,1,ok,0,1,6.6883,0.0012,6.1854,0.5013,0.0004,0.0520,0.3428,0.1032,0.0033,
127.2622,58,1,ok,0,1,7.0902,0.0003,6.6039,0.4856,0.0004,0.0517,0.3326,0.0974,0.0039,
127.2622,59,1,ok,0,1,7.3484,0.0005,6.8647,0.4828,0.0004,0.0513,0.3301,0.0982,0.0032,
127.2622,60,1,ok,0,1,5.6826,0.0005,5.1987,0.4830,0.0004,0.0517,0.3305,0.0976,0.0032,
127.2622,61,1,ok,0,1,5.6941,0.0010,5.1999,0.4928,0.0004,0.0518,0.3353,0.1021,0.0035,
127.2622,62,1,ok,0,1,5.8057,0.0011,5.3092,0.4950,0.0004,0.0514,0.3388,0.1011,0.0036,
127.2622,63,1,ok,0,1,5.7547,0.0011,5.2606,0.4927,0.0004,0.0520,0.3370,0.1004,0.0033,
127.2622,64,1,ok,0,1,5.3795,0.0011,4.8811,0.4968,0.0004,0.0514,0.3391,0.1030,0.0034,
127.2622,65,1,ok,0,1,5.1645,0.0013,4.6728,0.4900,0.0004,0.0516,0.3357,0.0994,0.0032,
127.2622,66,1,ok,0,1,5.5396,0.0012,5.0407,0.4973,0.0004,0.0520,0.3400,0.1017,0.0035,
127.2622,67,1,ok,0,1,6.0474,0.0010,5.5232,0.5226,0.0006,0.0511,0.3560,0.1121,0.0034,
127.2622,68,1,ok,0,1,6.3913,0.0004,5.8683,0.5221,0.0004,0.0514,0.3595,0.1076,0.0036,
127.2622,69,1,ok,0,1,6.7435,0.0008,6.2436,0.4987,0.0003,0.0518,0.3392,0.1040,0.0036,
127.2622,70,1,ok,0,1,7.1485,0.0003,6.6315,0.5164,0.0004,0.0513,0.3547,0.1069,0.0035,
127.2622,71,1,ok,0,1,6.2924,0.0008,5.7979,0.4934,0.0004,0.0523,0.3380,0.0994,0.0037,
127.2622,72,1,ok,0,1,5.8057,0.0008,5.3060,0.4984,0.0004,0.0516,0.3395,0.1042,0.0031,
127.2622,73,1,ok,0,1,6.1421,0.0009,5.6266,0.5142,0.0003,0.0513,0.3522,0.1074,0.0034,
127.2622,74,1,ok,0,1,6.1422,0.0007,5.6390,0.5021,0.0004,0.0514,0.3437,0.1034,0.0035,
127.2622,75,1,ok,0,1,6.4043,0.0004,5.9044,0.4992,0.0003,0.0514,0.3409,0.1036,0.0033,
127.2622,76,1,ok,0,1,5.7405,0.0005,5.2441,0.4956,0.0003,0.0513,0.3409,0.1004,0.0030,
127.2622,77,1,ok,0,1,5.9457,0.0010,5.4500,0.4943,0.0003,0.0514,0.3366,0.1027,0.0035,
127.2622,78,1,ok,0,1,6.2922,0.0012,5.7994,0.4912,0.0003,0.0522,0.3355,0.1004,0.0031,
127.2622,79,1,ok,0,1,6.6591,0.0009,6.1578,0.5001,0.0003,0.0515,0.3416,0.1037,0.0032,
127.2622,80,1,ok,0,1,6.7888,0.0008,6.2698,0.5179,0.0003,0.0511,0.3521,0.1108,0.0038,
127.2622,81,1,ok,0,1,7.1601,0.0013,6.6438,0.5147,0.0003,0.0513,0.3529,0.1068,0.0036,
127.2622,82,1,ok,0,1,7.2570,0.0012,6.7448,0.5106,0.0004,0.0512,0.3493,0.1070,0.0032,
127.2622,83,1,ok,0,1,6.6982,0.0011,6.1805,0.5163,0.0003,0.0514,0.3544,0.1073,0.0032,
127.2622,84,1,ok,0,1,6.9675,0.0004,6.4574,0.5093,0.0003,0.0519,0.3515,0.1023,0.0036,
127.2622,85,1,ok,0,1,7.3532,0.0009,6.8498,0.5021,0.0004,0.0514,0.3432,0.1041,0.0034,
127.2622,86,1,ok,0,1,5.0260,0.0008,4.5205,0.5044,0.0003,0.0515,0.3450,0.1044,0.0035,
127.2622,87,1,ok,0,1,5.1982,0.0013,4.6888,0.5077,0.0004,0.0515,0.3458,0.1068,0.0036,
127.2622,88,1,ok,0,1,5.6467,0.0005,5.1528,0.4931,0.0003,0.0515,0.3378,0.1002,0.0035,
127.2622,89,1,ok,0,1,6.1235,0.0009,5.6231,0.4992,0.0004,0.0511,0.3405,0.1042,0.0033,
127.2622,90,1,ok,0,1,6.5780,0.0011,6.0676,0.5089,0.0003,0.0511,0.3519,0.1031,0.0028,
127.2622,91,1,ok,0,1,6.6217,0.0003,6.1122,0.5089,0.0003,0.0518,0.3459,0.1071,0.0040,
127.2622,92,1,ok,0,1,6.3782,0.0013,5.8799,0.4966,0.0003,0.0513,0.3404,0.1015,0.0034,
127.2622,93,1,ok,0,1,6.6187,0.0012,6.1184,0.4988,0.0003,0.0513,0.3407,0.1033,0.0034,
127.2622,94,1,ok,0,1,7.0935,0.0004,6.5875,0.5054,0.0003,0.0517,0.3456,0.1048,0.0032,
127.2622,95,1,ok,0,1,7.3586,0.0004,6.8665,0.4913,0.0004,0.0517,0.3373,0.0991,0.0031,
127.2622,96,1,ok,0,1,5.2308,0.0006,4.7403,0.4896,0.0004,0.0519,0.3327,0.1010,0.0040,
127.2622,97,1,ok,0,1,5.3684,0.0011,4.8747,0.4923,0.0003,0.0515,0.3359,0.1020,0.0030,
127.2622,98,1,ok,0,1,4.1970,0.0008,3.6971,0.4987,0.0003,0.0513,0.3407,0.1037,0.0029,
127.2622,99,1,ok,0,1,3.7816,0.0016,3.2658,0.5138,0.0003,0.0525,0.3509,0.1068,0.0036,
127.2622,100,1,ok,0,1,4.2877,0.0003,3.7758,0.5112,0.0003,0.0511,0.3512,0.1061,0.0028,
127.2622,101,1,ok,0,1,4.2080,0.0008,3.6855,0.5213,0.0003,0.0515,0.3540,0.1127,0.0032,
127.2622,102,1,ok,0,1,4.1922,0.0013,3.6669,0.5236,0.0004,0.0514,0.3608,0.1080,0.0034,
127.2622,103,1,ok,0,1,4.3396,0.0008,3.8284,0.5100,0.0004,0.0517,0.3505,0.1044,0.0033,
127.2622,104,1,ok,0,1,4.6988,0.0008,4.1925,0.5052,0.0004,0.0514,0.3448,0.1054,0.0035,
127.2622,105,1,ok,0,1,4.7154,0.0014,4.2145,0.4992,0.0003,0.0518,0.3416,0.1024,0.0033,
127.2622,106,1,ok,0,1,5.1874,0.0009,4.6588,0.5274,0.0003,0.0506,0.3586,0.1147,0.0035,
127.2622,107,1,ok,0,1,5.4339,0.0005,4.9180,0.5151,0.0003,0.0520,0.3531,0.1062,0.0036,
127.2622,108,1,ok,0,1,5.6651,0.0018,5.1470,0.5159,0.0004,0.0515,0.3537,0.1078,0.0028,
127.2622,109,1,ok,0,1,4.7144,0.0018,4.2135,0.4988,0.0004,0.0516,0.3405,0.1026,0.0040,
127.2622,110,1,ok,0,1,4.2150,0.0003,3.7305,0.4839,0.0004,0.0512,0.3334,0.0959,0.0034,
127.2622,111,1,ok,0,1,4.5570,0.0015,4.0694,0.4857,0.0004,0.0518,0.3328,0.0977,0.0035,
127.2622,112,1,ok,0,1,4.7240,0.0007,4.2289,0.4941,0.0003,0.0513,0.3378,0.1013,0.0037,
127.2622,113,1,ok,0,1,5.1327,0.0011,4.6301,0.5011,0.0004,0.0515,0.3413,0.1046,0.0036,
127.2622,114,1,ok,0,1,4.4928,0.0009,3.9826,0.5090,0.0004,0.0516,0.3447,0.1091,0.0036,
127.2622,115,1,ok,0,1,4.0456,0.0024,3.5267,0.5162,0.0004,0.0515,0.3522,0.1091,0.0035,
127.2622,116,1,ok,0,1,4.3888,0.0003,3.8782,0.5099,0.0003,0.0516,0.3490,0.1057,0.0036,
127.2622,117,1,ok,0,1,4.4128,0.0002,3.9082,0.5040,0.0003,0.0520,0.3431,0.1057,0.0033,
127.2622,118,1,ok,0,1,4.4667,0.0006,3.9695,0.4962,0.0004,0.0516,0.3411,0.1003,0.0032,
127.2622,119,1,ok,0,1,4.8816,0.0006,4.3880,0.4927,0.0003,0.0517,0.3369,0.1012,0.0030,
127.2622,120,1,ok,0,1,4.6972,0.0011,4.2027,0.4930,0.0004,0.0518,0.3376,0.1002,0.0034,
127.2622,121,1,ok,0,1,4.8296,0.0006,4.3312,0.4975,0.0003,0.0515,0.3402,0.1026,0.0032,
127.2622,122,1,ok,0,1,4.6221,0.0014,4.1174,0.5031,0.0004,0.0516,0.3431,0.1046,0.0038,
127.2622,123,1,ok,0,1,4.7754,0.0013,4.2645,0.5093,0.0004,0.0512,0.3494,0.1059,0.0028,
127.2622,124,1,ok,0,1,5.2874,0.0011,4.7741,0.5118,0.0004,0.0515,0.3516,0.1054,0.0033,
127.2622,125,1,ok,0,1,5.6119,0.0007,5.1020,0.5089,0.0003,0.0515,0.3498,0.1043,0.0033,
127.2622,126,1,ok,0,1,6.1173,0.0016,5.6011,0.5142,0.0004,0.0512,0.3540,0.1056,0.0034,
127.2622,127,1,ok,0,1,5.3843,0.0004,4.8692,0.5144,0.0003,0.0514,0.3474,0.1119,0.0037,
127.2622,128,1,ok,0,1,4.9091,0.0007,4.3890,0.5191,0.0004,0.0514,0.3541,0.1099,0.0037,
127.2622,129,1,ok,0,1,4.5846,0.0021,4.0670,0.5152,0.0004,0.0519,0.3539,0.1061,0.0032,
127.2622,130,1,ok,0,1,4.9234,0.0011,4.4103,0.5116,0.0004,0.0514,0.3508,0.1059,0.0035,
127.2622,131,1,ok,0,1,5.3962,0.0011,4.8942,0.5005,0.0004,0.0510,0.3445,0.1020,0.0031,
127.2622,132,1,ok,0,1,4.8905,0.0022,4.4021,0.4858,0.0004,0.0520,0.3327,0.0978,0.0031,
127.2622,133,1,ok,0,1,3.9974,0.0007,3.5053,0.4909,0.0004,0.0516,0.3353,0.1007,0.0033,
127.2622,134,1,ok,0,1,4.4462,0.0007,3.9545,0.4907,0.0004,0.0514,0.3336,0.1028,0.0029,
127.2622,135,1,ok,0,1,4.6226,0.0004,4.1321,0.4898,0.0003,0.0522,0.3326,0.1013,0.0037,
127.2622,136,1,ok,0,1,5.0993,0.0007,4.5881,0.5101,0.0004,0.0503,0.3521,0.1045,0.0032,
127.2622,137,1,ok,0,1,4.9293,0.0004,4.4249,0.5036,0.0004,0.0515,0.3432,0.1057,0.0032,
127.2622,138,1,ok,0,1,4.7744,0.0005,4.2443,0.5293,0.0003,0.0518,0.3609,0.1136,0.0029,
127.2622,139,1,ok,0,1,5.2137,0.0009,4.7088,0.5037,0.0003,0.0525,0.3463,0.1019,0.0030,
127.2622,140,1,ok,0,1,5.4064,0.0011,4.9086,0.4964,0.0003,0.0517,0.3384,0.1024,0.0038,
127.2622,141,1,ok,0,1,5.5459,0.0014,5.0288,0.5154,0.0004,0.0512,0.3469,0.1141,0.0031,
127.2622,142,1,ok,0,1,5.9149,0.0008,5.4000,0.5138,0.0004,0.0516,0.3487,0.1104,0.0030,
127.2622,143,1,ok,0,1,5.4545,0.0020,4.9421,0.5100,0.0004,0.0517,0.3502,0.1050,0.0031,
127.2622,144,1,ok,0,1,5.7244,0.0010,5.1941,0.5289,0.0004,0.0513,0.3614,0.1128,0.0034,
127.2622,145,1,ok,0,1,6.1181,0.0010,5.6112,0.5055,0.0004,0.0522,0.3470,0.1028,0.0034,
127.2622,146,1,ok,0,1,6.2326,0.0007,5.7521,0.4795,0.0003,0.0518,0.3274,0.0973,0.0030,
127.2622,147,1,ok,0,1,6.0950,0.0026,5.6128,0.4793,0.0004,0.0521,0.3246,0.0986,0.0039,
127.2622,148,1,ok,0,1,6.4751,0.0005,5.9887,0.4857,0.0003,0.0510,0.3315,0.0997,0.0034,
127.2622,149,1,ok,0,1,6.7814,0.0007,6.2983,0.4820,0.0003,0.0517,0.3315,0.0957,0.0031,
127.2622,150,1,ok,0,1,4.7598,0.0012,4.2679,0.4903,0.0004,0.0518,0.3332,0.1013,0.0040,
127.2622,151,1,ok,0,1,4.7559,0.0002,4.2648,0.4905,0.0003,0.0512,0.3355,0.1006,0.0033,
127.2622,152,1,ok,0,1,4.9989,0.0008,4.4833,0.5144,0.0004,0.0512,0.3518,0.1074,0.0040,
127.2622,153,1,ok,0,1,5.1761,0.0009,4.6543,0.5205,0.0003,0.0515,0.3562,0.1092,0.0035,
127.2622,154,1,ok,0,1,5.6394,0.0003,5.1151,0.5237,0.0003,0.0513,0.3583,0.1112,0.0029,
127.2622,155,1,ok,0,1,6.0394,0.0005,5.5189,0.5196,0.0003,0.0520,0.3544,0.1099,0.0033,
127.2622,156,1,ok,0,1,6.3408,0.0009,5.8440,0.4955,0.0004,0.0523,0.3391,0.1011,0.0030,
127.2622,157,1,ok,0,1,6.4042,0.0006,5.9217,0.4815,0.0003,0.0521,0.3309,0.0953,0.0032,
127.2622,158,1,ok,0,1,6.7692,0.0005,6.2804,0.4879,0.0004,0.0515,0.3328,0.1004,0.0032,
127.2622,159,1,ok,0,1,7.1511,0.0005,6.6515,0.4988,0.0003,0.0522,0.3419,0.1014,0.0033,
127.2622,160,1,ok,0,1,7.6296,0.0009,7.1155,0.5128,0.0003,0.0509,0.3497,0.1093,0.0029,
127.2622,161,1,ok,0,1,7.6792,0.0004,7.1590,0.5194,0.0004,0.0515,0.3554,0.1083,0.0041,
127.2622,162,1,ok,0,1,8.0684,0.0010,7.5556,0.5115,0.0003,0.0518,0.3501,0.1062,0.0034,
127.2622,163,1,ok,0,1,7.4822,0.0012,6.9554,0.5252,0.0004,0.0511,0.3594,0.1116,0.0031,
127.2622,164,1,ok,0,1,7.0663,0.0004,6.5561,0.5095,0.0004,0.0517,0.3520,0.1023,0.0034,
127.2622,165,1,ok,0,1,7.5401,0.0009,7.0308,0.5081,0.0003,0.0523,0.3466,0.1066,0.0026,
127.2622,166,1,ok,0,1,7.9195,0.0010,7.4110,0.5071,0.0003,0.0518,0.3454,0.1065,0.0034,
127.2622,167,1,ok,0,1,7.9034,0.0005,7.3977,0.5048,0.0003,0.0517,0.3470,0.1030,0.0031,
127.2622,168,1,ok,0,1,8.2935,0.0011,7.7887,0.5034,0.0003,0.0518,0.3443,0.1041,0.0032,
127.2622,169,1,ok,0,1,8.7154,0.0003,8.2263,0.4885,0.0003,0.0514,0.3318,0.1015,0.0038,
127.2622,170,1,ok,0,1,7.9333,0.0011,7.4219,0.5100,0.0003,0.0509,0.3455,0.1096,0.0040,
127.2622,171,1,ok,0,1,8.0399,0.0019,7.5324,0.5052,0.0004,0.0511,0.3454,0.1054,0.0032,
127.2622,172,1,ok,0,1,8.2346,0.0007,7.7375,0.4960,0.0003,0.0516,0.3390,0.1019,0.0035,
127.2622,173,1,ok,0,1,7.9899,0.0012,7.5095,0.4788,0.0004,0.0517,0.3287,0.0949,0.0034,
127.2622,174,1,ok,0,1,7.6873,0.0009,7.2121,0.4738,0.0004,0.0517,0.3221,0.0967,0.0032,
127.2622,175,1,ok,0,1,8.0736,0.0006,7.5871,0.4856,0.0004,0.0517,0.3309,0.0993,0.0036,
127.2622,176,1,ok,0,1,8.5389,0.0011,8.0244,0.5130,0.0003,0.0502,0.3494,0.1092,0.0042,
127.2622,177,1,ok,0,1,8.7627,0.0007,8.2724,0.4893,0.0003,0.0520,0.3351,0.0991,0.0031,
127.2622,178,1,ok,0,1,9.0082,0.0007,8.5023,0.5049,0.0004,0.0512,0.3438,0.1066,0.0033,
127.2622,179,1,ok,0,1,9.2296,0.0004,8.7112,0.5177,0.0003,0.0513,0.3548,0.1077,0.0037,
127.2622,180,1,ok,0,1,9.1326,0.0005,8.6134,0.5182,0.0004,0.0518,0.3554,0.1073,0.0037,
127.2622,181,1,ok,0,1,9.1248,0.0008,8.6042,0.5194,0.0004,0.0511,0.3534,0.1118,0.0031,
127.2622,182,1,ok,0,1,7.6917,0.0006,7.1697,0.5209,0.0004,0.0518,0.3589,0.1072,0.0029,
127.2622,183,1,ok,0,1,8.1567,0.0009,7.6419,0.5134,0.0005,0.0517,0.3522,0.1060,0.0035,
127.2622,184,1,ok,0,1,8.4191,0.0009,7.9129,0.5049,0.0004,0.0510,0.3450,0.1055,0.0033,
127.2622,185,1,ok,0,1,8.7401,0.0008,8.2229,0.5160,0.0004,0.0513,0.3503,0.1106,0.0037,
127.2622,186,1,ok,0,1,8.3151,0.0006,7.8069,0.5073,0.0004,0.0520,0.3492,0.1028,0.0033,
127.2622,187,1,ok,0,1,8.6815,0.0010,8.1793,0.5008,0.0004,0.0513,0.3434,0.1026,0.0035,
127.2622,188,1,ok,0,1,9.0909,0.0007,8.5813,0.5085,0.0004,0.0509,0.3488,0.1055,0.0032,
127.2622,189,1,ok,0,1,9.3231,0.0010,8.8093,0.5125,0.0004,0.0515,0.3478,0.1102,0.0029,
127.2622,190,1,ok,0,1,9.5798,0.0010,9.0638,0.5147,0.0003,0.0515,0.3523,0.1074,0.0035,
127.2622,191,1,ok,0,1,9.9408,0.0004,9.4255,0.5145,0.0004,0.0513,0.3539,0.1062,0.0030,
127.2622,192,1,ok,0,1,10.3025,0.0011,9.8042,0.4967,0.0005,0.0524,0.3416,0.0991,0.0036,
127.2622,193,1,ok,0,1,9.8468,0.0009,9.0912,0.7543,0.0004,0.3617,0.3001,0.0887,0.0037,
127.2622,194,1,ok,0,1,10.0138,0.0013,9.5695,0.4426,0.0004,0.0516,0.2997,0.0881,0.0032,
127.2622,195,1,ok,0,1,9.5561,0.0008,9.0815,0.4734,0.0004,0.0503,0.3218,0.0978,0.0033,
127.2622,196,1,ok,0,1,9.6781,0.0007,9.1786,0.4985,0.0004,0.0510,0.3408,0.1031,0.0034,
127.2622,197,1,ok,0,1,10.1731,0.0004,9.6533,0.5191,0.0004,0.0504,0.3545,0.1102,0.0040,
127.2622,198,1,ok,0,1,7.2791,0.0011,6.7588,0.5189,0.0003,0.0505,0.3546,0.1102,0.0037,
127.2622,199,1,ok,0,1,6.9421,0.0005,6.4262,0.5150,0.0004,0.0511,0.3539,0.1065,0.0034,
127.2622,200,1,ok,0,1,5.8222,0.0014,5.3029,0.5175,0.0004,0.0507,0.3583,0.1046,0.0039,
127.2622,201,1,ok,0,1,5.1051,0.0010,4.5913,0.5124,0.0003,0.0502,0.3473,0.1110,0.0038,
127.2622,202,1,ok,0,1,4.7358,0.0004,4.2143,0.5207,0.0004,0.0510,0.3536,0.1128,0.0033,
127.2622,203,1,ok,0,1,5.1722,0.0008,4.6492,0.5218,0.0003,0.0510,0.3615,0.1063,0.0030,
127.2622,204,1,ok,0,1,5.3715,0.0004,4.8583,0.5124,0.0004,0.0513,0.3484,0.1091,0.0035,
127.2622,205,1,ok,0,1,5.7685,0.0003,5.2579,0.5100,0.0004,0.0513,0.3486,0.1062,0.0039,
127.2622,206,1,ok,0,1,6.0189,0.0004,5.5265,0.4917,0.0003,0.0516,0.3398,0.0965,0.0038,
127.2622,207,1,ok,0,1,6.4678,0.0010,5.9894,0.4770,0.0003,0.0512,0.3233,0.0989,0.0036,
127.2622,208,1,ok,0,1,6.7377,0.0008,6.2424,0.4942,0.0004,0.0513,0.3372,0.1015,0.0040,
127.2622,209,1,ok,0,1,5.2416,0.0016,4.7463,0.4934,0.0004,0.0514,0.3369,0.1012,0.0039,
132.5393,0,0,ok,0,1,0.4659,0.0016,0.0000,0.4637,0.0005,0.0505,0.3151,0.0945,0.0036,
132.5393,1,0,ok,0,1,0.9399,0.0004,0.4540,0.4851,0.0004,0.0514,0.3316,0.0987,0.0034,
132.5393,2,0,ok,0,1,1.2759,0.0011,0.7932,0.4812,0.0004,0.0516,0.3279,0.0977,0.0041,
132.5393,3,0,ok,0,1,1.6465,0.0010,1.1606,0.4846,0.0003,0.0507,0.3310,0.1000,0.0030,
132.5393,4,0,ok,0,1,1.5296,0.0024,1.0405,0.4864,0.0003,0.0516,0.3334,0.0974,0.0040,
132.5393,5,0,ok,0,1,1.5074,0.0007,1.0177,0.4886,0.0003,0.0513,0.3333,0.0999,0.0041,
132.5393,6,0,ok,0,1,0.9890,0.0020,0.4970,0.4896,0.0003,0.0509,0.3345,0.1007,0.0034,
132.5393,7,0,ok,0,1,1.4625,0.0012,0.9467,0.5143,0.0004,0.0507,0.3544,0.1056,0.0036,
132.5393,8,0,ok,0,1,1.7168,0.0005,1.2139,0.5020,0.0003,0.0508,0.3430,0.1049,0.0033,
132.5393,9,0,ok,0,1,2.2414,0.0009,1.7021,0.5380,0.0004,0.0504,0.3621,0.1217,0.0037,
132.5393,10,1,ok,0,1,2.6588,0.0005,2.1293,0.5287,0.0003,0.0520,0.3601,0.1125,0.0041,
132.5393,11,1,ok,0,1,2.8610,0.0012,2.3390,0.5205,0.0004,0.0512,0.3580,0.1076,0.0037,
132.5393,12,1,ok,0,1,3.3452,0.0011,2.8477,0.4960,0.0003,0.0516,0.3402,0.1009,0.0034,
132.5393,13,1,ok,0,1,3.7374,0.0010,3.2439,0.4922,0.0003,0.0513,0.3363,0.1015,0.0031,
132.5393,14,1,ok,0,1,3.7448,0.0006,3.2617,0.4821,0.0003,0.0515,0.3299,0.0969,0.0038,
132.5393,15,1,ok,0,1,3.8745,0.0016,3.3867,0.4858,0.0003,0.0511,0.3332,0.0983,0.0031,
132.5393,16,1,ok,0,1,4.2515,0.0011,3.7606,0.4894,0.0004,0.0517,0.3333,0.1003,0.0041,
132.5393,17,1,ok,0,1,4.3390,0.0006,3.8481,0.4899,0.0003,0.0508,0.3324,0.1031,0.0036,
132.5393,18,1,ok,0,1,4.0794,0.0006,3.5880,0.4906,0.0003,0.0515,0.3354,0.0997,0.0039,
132.5393,19,1,ok,0,1,4.5837,0.0008,4.0757,0.5069,0.0003,0.0503,0.3455,0.1074,0.0037,
132.5393,20,1,ok,0,1,4.3606,0.0004,3.8414,0.5185,0.0003,0.0507,0.3564,0.1079,0.0034,
132.5393,21,1,ok,0,1,4.3384,0.0005,3.8179,0.5197,0.0003,0.0511,0.3583,0.1075,0.0029,
132.5393,22,1,ok,0,1,4.6717,0.0005,4.1496,0.5212,0.0003,0.0515,0.3561,0.1103,0.0032,
132.5393,23,1,ok,0,1,5.1062,0.0002,4.5950,0.5107,0.0003,0.0519,0.3500,0.1055,0.0032,
132.5393,24,1,ok,0,1,4.1787,0.0014,3.6782,0.4987,0.0004,0.0511,0.3414,0.1032,0.0030,
132.5393,25,1,ok,0,1,4.4935,0.0002,3.9927,0.5002,0.0003,0.0513,0.3421,0.1032,0.0036,
132.5393,26,1,ok,0,1,4.9320,0.0003,4.4491,0.4823,0.0003,0.0515,0.3308,0.0965,0.0035,
132.5393,27,1,ok,0,1,5.3686,0.0004,4.8856,0.4822,0.0003,0.0513,0.3288,0.0984,0.0037,
132.5393,28,1,ok,0,1,5.0311,0.0009,4.5164,0.5135,0.0004,0.0503,0.3529,0.1067,0.0035,
132.5393,29,1,ok,0,1,5.0949,0.0015,4.6107,0.4825,0.0003,0.0515,0.3302,0.0972,0.0036,
132.5393,30,1,ok,0,1,4.8336,0.0011,4.3488,0.4833,0.0003,0.0512,0.3271,0.1013,0.0037,
132.5393,31,1,ok,0,1,4.7555,0.0019,4.2395,0.5138,0.0003,0.0504,0.3516,0.1083,0.0034,
132.5393,32,1,ok,0,1,4.9229,0.0004,4.4073,0.5149,0.0003,0.0505,0.3503,0.1103,0.0037,
132.5393,33,1,ok,0,1,3.8043,0.0012,3.2847,0.5180,0.0004,0.0513,0.3528,0.1105,0.0033,
132.5393,34,1,ok,0,1,4.1053,0.0012,3.5877,0.5160,0.0003,0.0512,0.3570,0.1044,0.0034,
132.5393,35,1,ok,0,1,4.2700,0.0021,3.7397,0.5279,0.0003,0.0509,0.3576,0.1156,0.0037,
132.5393,36,1,ok,0,1,4.0017,0.0008,3.4687,0.5319,0.0003,0.0510,0.3672,0.1103,0.0034,
132.5393,37,1,ok,0,1,4.0812,0.0003,3.5651,0.5154,0.0004,0.0520,0.3529,0.1068,0.0037,
132.5393,38,1,ok,0,1,3.6965,0.0009,3.1847,0.5106,0.0003,0.0511,0.3509,0.1049,0.0037,
132.5393,39,1,ok,0,1,3.8112,0.0009,3.3057,0.5042,0.0003,0.0510,0.3456,0.1044,0.0032,
132.5393,40,1,ok,0,1,3.7533,0.0013,3.2579,0.4938,0.0003,0.0514,0.3381,0.1010,0.0032,
132.5393,41,1,ok,0,1,4.2169,0.0002,3.7319,0.4844,0.0004,0.0518,0.3329,0.0963,0.0034,
132.5393,42,1,ok,0,1,4.5819,0.0003,4.0995,0.4818,0.0003,0.0511,0.3285,0.0988,0.0034,
132.5393,43,1,ok,0,1,4.9096,0.0014,4.4259,0.4819,0.0003,0.0517,0.3288,0.0981,0.0032,
132.5393,44,1,ok,0,1,5.3594,0.0009,4.8710,0.4871,0.0003,0.0513,0.3337,0.0989,0.0032,
132.5393,45,1,ok,0,1,5.7442,0.0012,5.2383,0.5044,0.0003,0.0514,0.3432,0.1059,0.0039,
132.5393,46,1,ok,0,1,6.2151,0.0011,5.6949,0.5187,0.0003,0.0511,0.3559,0.1086,0.0032,
132.5393,47,1,ok,0,1,6.5793,0.0010,6.0667,0.5114,0.0003,0.0516,0.3505,0.1055,0.0037,
132.5393,48,1,ok,0,1,6.6157,0.0007,6.1215,0.4931,0.0004,0.0515,0.3367,0.1010,0.0039,
132.5393,49,1,ok,0,1,6.9032,0.0012,6.4090,0.4926,0.0004,0.0515,0.3369,0.1007,0.0035,
132.5393,50,1,ok,0,1,7.1825,0.0012,6.6927,0.4882,0.0004,0.0514,0.3330,0.0990,0.0048,
132.5393,51,1,ok,0,1,7.5846,0.0021,7.0740,0.5081,0.0004,0.0495,0.3513,0.1038,0.0034,
132.5393,52,1,ok,0,1,7.9448,0.0011,7.4429,0.5005,0.0003,0.0513,0.3414,0.1040,0.0038,
132.5393,53,1,ok,0,1,7.1802,0.0009,6.6949,0.4840,0.0004,0.0513,0.3319,0.0972,0.0036,
132.5393,54,1,ok,0,1,7.1977,0.0007,6.7068,0.4899,0.0003,0.0510,0.3335,0.1021,0.0032,
132.5393,55,1,ok,0,1,7.2814,0.0005,6.7720,0.5086,0.0004,0.0514,0.3480,0.1058,0.0033,
132.5393,56,1,ok,0,1,7.7180,0.0007,7.1958,0.5212,0.0004,0.0508,0.3536,0.1136,0.0032,
132.5393,57,1,ok,0,1,7.6459,0.0023,7.1245,0.5188,0.0003,0.0516,0.3562,0.1076,0.0033,
132.5393,58,1,ok,0,1,8.0707,0.0007,7.5644,0.5053,0.0003,0.0517,0.3452,0.1044,0.0040,
132.5393,59,1,ok,0,1,8.3590,0.0005,7.8543,0.5039,0.0004,0.0507,0.3447,0.1052,0.0033,
132.5393,60,1,ok,0,1,6.8226,0.0003,6.2951,0.5269,0.0003,0.0510,0.3593,0.1134,0.0032,
132.5393,61,1,ok,0,1,6.8852,0.0006,6.3596,0.5247,0.0003,0.0518,0.3558,0.1134,0.0036,
132.5393,62,1,ok,0,1,7.0360,0.0004,6.5162,0.5190,0.0003,0.0511,0.3509,0.1134,0.0036,
132.5393,63,1,ok,0,1,7.0330,0.0011,6.5125,0.5190,0.0003,0.0512,0.3541,0.1104,0.0033,
132.5393,64,1,ok,0,1,6.7080,0.0013,6.1940,0.5124,0.0004,0.0514,0.3497,0.1079,0.0034,
132.5393,65,1,ok,0,1,6.5370,0.0010,6.0297,0.5059,0.0004,0.0517,0.3479,0.1030,0.0032,
132.5393,66,1,ok,0,1,6.9024,0.0005,6.4187,0.4828,0.0003,0.0517,0.3322,0.0953,0.0036,
132.5393,67,1,ok,0,1,7.3733,0.0008,6.8868,0.4854,0.0004,0.0512,0.3309,0.0997,0.0035,
132.5393,68,1,ok,0,1,7.6995,0.0005,7.2012,0.4974,0.0004,0.0511,0.3397,0.1029,0.0037,
132.5393,69,1,ok,0,1,8.0726,0.0002,7.5583,0.5138,0.0004,0.0513,0.3492,0.1096,0.0037,
132.5393,70,1,ok,0,1,8.4910,0.0011,7.9642,0.5253,0.0003,0.0513,0.3533,0.1172,0.0035,
132.5393,71,1,ok,0,1,7.7211,0.0005,7.1944,0.5258,0.0003,0.0507,0.3597,0.1116,0.0038,
132.5393,72,1,ok,0,1,7.2949,0.0007,6.7741,0.5198,0.0004,0.0518,0.3585,0.1064,0.0031,
132.5393,73,1,ok,0,1,7.6365,0.0009,7.1230,0.5123,0.0003,0.0515,0.3507,0.1066,0.0034,
132.5393,74,1,ok,0,1,7.6529,0.0008,7.1533,0.4984,0.0003,0.0517,0.3440,0.0992,0.0036,
132.5393,75,1,ok,0,1,7.9029,0.0012,7.4238,0.4776,0.0003,0.0514,0.3255,0.0974,0.0034,
132.5393,76,1,ok,0,1,7.2779,0.0009,6.7885,0.4881,0.0003,0.0514,0.3317,0.1018,0.0031,
132.5393,77,1,ok,0,1,7.5113,0.0010,6.9989,0.5110,0.0004,0.0510,0.3475,0.1089,0.0035,
132.5393,78,1,ok,0,1,7.8810,0.0010,7.3710,0.5086,0.0003,0.0512,0.3482,0.1060,0.0032,
132.5393,79,1,ok,0,1,8.2673,0.0010,7.7518,0.5142,0.0003,0.0513,0.3539,0.1057,0.0032,
132.5393,80,1,ok,0,1,8.4116,0.0009,7.8933,0.5171,0.0003,0.0504,0.3558,0.1069,0.0039,
132.5393,81,1,ok,0,1,8.7674,0.0003,8.2734,0.4935,0.0003,0.0510,0.3384,0.1004,0.0037,
132.5393,82,1,ok,0,1,8.8651,0.0011,8.3687,0.4950,0.0003,0.0512,0.3399,0.1006,0.0033,
132.5393,83,1,ok,0,1,8.3229,0.0009,7.8316,0.4900,0.0003,0.0513,0.3355,0.1000,0.0032,
132.5393,84,1,ok,0,1,8.5766,0.0006,8.0914,0.4842,0.0004,0.0513,0.3318,0.0974,0.0037,
132.5393,85,1,ok,0,1,8.9590,0.0007,8.4638,0.4941,0.0004,0.0508,0.3374,0.1026,0.0034,
132.5393,86,1,ok,0,1,6.7344,0.0005,6.2394,0.4941,0.0003,0.0510,0.3392,0.1004,0.0035,
132.5393,87,1,ok,0,1,6.9149,0.0015,6.4104,0.5027,0.0003,0.0509,0.3429,0.1052,0.0037,
132.5393,88,1,ok,0,1,7.3756,0.0005,6.8713,0.5034,0.0004,0.0513,0.3478,0.1007,0.0036,
132.5393,89,1,ok,0,1,7.8405,0.0008,7.3529,0.4865,0.0003,0.0512,0.3326,0.0993,0.0033,
132.5393,90,1,ok,0,1,8.2756,0.0014,7.7866,0.4872,0.0003,0.0512,0.3344,0.0988,0.0028,
132.5393,91,1,ok,0,1,8.3368,0.0008,7.8278,0.5079,0.0003,0.0513,0.3465,0.1059,0.0041,
132.5393,92,1,ok,0,1,8.1321,0.0011,7.6248,0.5058,0.0004,0.0503,0.3466,0.1056,0.0034,
132.5393,93,1,ok,0,1,8.3995,0.0020,7.8819,0.5153,0.0004,0.0509,0.3529,0.1080,0.0035,
132.5393,94,1,ok,0,1,8.8800,0.0004,8.3694,0.5096,0.0006,0.0514,0.3508,0.1042,0.0032,
132.5393,95,1,ok,0,1,9.1713,0.0011,8.6613,0.5084,0.0004,0.0512,0.3481,0.1059,0.0032,
132.5393,96,1,ok,0,1,7.1726,0.0005,6.6573,0.5144,0.0004,0.0511,0.3491,0.1102,0.0040,
132.5393,97,1,ok,0,1,7.3546,0.0007,6.8310,0.5225,0.0003,0.0509,0.3549,0.1136,0.0030,
132.5393,98,1,ok,0,1,6.2547,0.0004,5.7502,0.5037,0.0003,0.0520,0.3462,0.1025,0.0030,
132.5393,99,1,ok,0,1,5.8745,0.0022,5.3599,0.5120,0.0004,0.0510,0.3514,0.1058,0.0037,
132.5393,100,1,ok,0,1,6.3661,0.0011,5.8682,0.4965,0.0003,0.0517,0.3417,0.1003,0.0029,
132.5393,101,1,ok,0,1,6.2754,0.0014,5.7873,0.4864,0.0003,0.0514,0.3315,0.1002,0.0032,
132.5393,102,1,ok,0,1,6.2629,0.0011,5.7561,0.5054,0.0003,0.0505,0.3477,0.1038,0.0034,
132.5393,103,1,ok,0,1,6.4103,0.0009,5.9135,0.4955,0.0004,0.0514,0.3395,0.1012,0.0033,
132.5393,104,1,ok,0,1,6.7570,0.0006,6.2691,0.4868,0.0004,0.0514,0.3342,0.0975,0.0036,
132.5393,105,1,ok,0,1,6.7814,0.0002,6.2931,0.4878,0.0004,0.0513,0.3341,0.0990,0.0033,
132.5393,106,1,ok,0,1,7.2153,0.0008,6.7271,0.4871,0.0003,0.0514,0.3319,0.1002,0.0035,
132.5393,107,1,ok,0,1,7.4618,0.0003,6.9567,0.5045,0.0004,0.0507,0.3442,0.1059,0.0037,
132.5393,108,1,ok,0,1,7.7123,0.0010,7.1872,0.5237,0.0004,0.0506,0.3594,0.1107,0.0029,
132.5393,109,1,ok,0,1,6.8317,0.0004,6.3198,0.5112,0.0004,0.0523,0.3486,0.1061,0.0041,
132.5393,110,1,ok,0,1,6.3920,0.0015,5.8857,0.5044,0.0004,0.0509,0.3462,0.1039,0.0034,
132.5393,111,1,ok,0,1,6.7548,0.0015,6.2522,0.5008,0.0004,0.0513,0.3442,0.1018,0.0035,
132.5393,112,1,ok,0,1,6.9674,0.0019,6.4386,0.5265,0.0003,0.0511,0.3580,0.1136,0.0038,
132.5393,113,1,ok,0,1,7.3921,0.0010,6.8774,0.5134,0.0003,0.0515,0.3529,0.1054,0.0037,
132.5393,114,1,ok,0,1,6.7866,0.0007,6.2879,0.4976,0.0004,0.0513,0.3412,0.1015,0.0036,
132.5393,115,1,ok,0,1,6.3778,0.0008,5.8604,0.5163,0.0003,0.0508,0.3500,0.1120,0.0035,
132.5393,116,1,ok,0,1,6.7539,0.0006,6.2168,0.5362,0.0003,0.0515,0.3704,0.1106,0.0037,
132.5393,117,1,ok,0,1,6.8070,0.0003,6.2925,0.5139,0.0003,0.0510,0.3533,0.1063,0.0033,
132.5393,118,1,ok,0,1,6.8817,0.0012,6.3807,0.4994,0.0003,0.0516,0.3425,0.1020,0.0032,
132.5393,119,1,ok,0,1,7.3008,0.0003,6.8063,0.4938,0.0003,0.0517,0.3377,0.1013,0.0030,
132.5393,120,1,ok,0,1,7.1629,0.0008,6.6492,0.5126,0.0003,0.0512,0.3473,0.1108,0.0034,
132.5393,121,1,ok,0,1,7.3292,0.0020,6.8099,0.5169,0.0004,0.0520,0.3557,0.1060,0.0032,
132.5393,122,1,ok,0,1,7.1309,0.0011,6.6455,0.4840,0.0004,0.0515,0.3327,0.0959,0.0038,
132.5393,123,1,ok,0,1,7.2739,0.0014,6.7874,0.4848,0.0003,0.0511,0.3317,0.0991,0.0029,
132.5393,124,1,ok,0,1,7.7850,0.0012,7.2725,0.5110,0.0003,0.0514,0.3453,0.1108,0.0034,
132.5393,125,1,ok,0,1,8.1240,0.0009,7.6067,0.5160,0.0004,0.0512,0.3507,0.1108,0.0033,
132.5393,126,1,ok,0,1,8.6264,0.0001,8.1150,0.5108,0.0004,0.0509,0.3511,0.1053,0.0034,
132.5393,127,1,ok,0,1,7.9370,0.0002,7.4281,0.5083,0.0003,0.0514,0.3491,0.1041,0.0037,
132.5393,128,1,ok,0,1,7.4702,0.0006,6.9814,0.4878,0.0004,0.0513,0.3359,0.0968,0.0037,
132.5393,129,1,ok,0,1,7.1637,0.0013,6.6623,0.4997,0.0003,0.0513,0.3402,0.1049,0.0033,
132.5393,130,1,ok,0,1,7.5102,0.0002,6.9971,0.5125,0.0004,0.0516,0.3477,0.1097,0.0035,
132.5393,131,1,ok,0,1,7.9907,0.0004,7.4829,0.5072,0.0003,0.0513,0.3466,0.1062,0.0031,
132.5393,132,1,ok,0,1,7.5528,0.0006,7.0378,0.5141,0.0004,0.0516,0.3486,0.1107,0.0031,
132.5393,133,1,ok,0,1,6.7284,0.0006,6.2229,0.5046,0.0004,0.0518,0.3445,0.1050,0.0033,
132.5393,134,1,ok,0,1,7.1927,0.0002,6.6877,0.5044,0.0003,0.0515,0.3444,0.1056,0.0029,
132.5393,135,1,ok,0,1,7.4055,0.0004,6.8910,0.5138,0.0003,0.0515,0.3523,0.1061,0.0038,
132.5393,136,1,ok,0,1,7.8900,0.0011,7.3719,0.5166,0.0004,0.0511,0.3558,0.1065,0.0032,
132.5393,137,1,ok,0,1,7.7422,0.0023,7.2406,0.4990,0.0004,0.0517,0.3415,0.1025,0.0032,
132.5393,138,1,ok,0,1,7.5667,0.0012,7.0839,0.4813,0.0004,0.0516,0.3289,0.0979,0.0030,
132.5393,139,1,ok,0,1,7.9939,0.0002,7.5043,0.4890,0.0003,0.0518,0.3327,0.1014,0.0031,
132.5393,140,1,ok,0,1,8.2154,0.0007,7.7013,0.5131,0.0004,0.0512,0.3507,0.1073,0.0039,
132.5393,141,1,ok,0,1,8.3759,0.0014,7.8528,0.5214,0.0003,0.0509,0.3592,0.1081,0.0032,
132.5393,142,1,ok,0,1,8.7457,0.0012,8.2353,0.5089,0.0003,0.0516,0.3506,0.1036,0.0031,
132.5393,143,1,ok,0,1,8.3040,0.0014,7.8122,0.4900,0.0004,0.0518,0.3373,0.0977,0.0032,
132.5393,144,1,ok,0,1,8.5491,0.0008,8.0542,0.4938,0.0003,0.0514,0.3368,0.1021,0.0035,
132.5393,145,1,ok,0,1,8.9350,0.0003,8.4410,0.4933,0.0004,0.0512,0.3376,0.1010,0.0035,
132.5393,146,1,ok,0,1,9.0802,0.0019,8.5823,0.4956,0.0004,0.0515,0.3398,0.1013,0.0030,
132.5393,147,1,ok,0,1,9.0013,0.0010,8.4866,0.5133,0.0004,0.0516,0.3504,0.1074,0.0039,
132.5393,148,1,ok,0,1,9.4155,0.0005,8.8991,0.5155,0.0003,0.0510,0.3541,0.1068,0.0036,
132.5393,149,1,ok,0,1,9.7385,0.0007,9.2457,0.4917,0.0003,0.0519,0.3376,0.0990,0.0031,
132.5393,150,1,ok,0,1,7.8224,0.0007,7.3255,0.4958,0.0003,0.0513,0.3354,0.1051,0.0041,
132.5393,151,1,ok,0,1,7.8705,0.0007,7.3466,0.5229,0.0004,0.0505,0.3571,0.1118,0.0033,
132.5393,152,1,ok,0,1,8.1119,0.0011,7.6085,0.5020,0.0003,0.0519,0.3432,0.1029,0.0040,
132.5393,153,1,ok,0,1,8.2942,0.0008,7.7811,0.5120,0.0003,0.0508,0.3490,0.1085,0.0036,
132.5393,154,1,ok,0,1,8.7559,0.0006,8.2353,0.5198,0.0003,0.0516,0.3575,0.1077,0.0029,
132.5393,155,1,ok,0,1,9.1529,0.0006,8.6402,0.5117,0.0004,0.0520,0.3496,0.1068,0.0033,
132.5393,156,1,ok,0,1,9.4883,0.0006,8.9655,0.5219,0.0003,0.0510,0.3514,0.1163,0.0031,
132.5393,157,1,ok,0,1,9.6008,0.0005,9.0860,0.5139,0.0003,0.0510,0.3572,0.1025,0.0032,
132.5393,158,1,ok,0,1,9.9683,0.0014,9.4811,0.4855,0.0003,0.0522,0.3298,0.1002,0.0033,
132.5393,159,1,ok,0,1,10.3359,0.0010,9.8547,0.4799,0.0003,0.0512,0.3263,0.0991,0.0033,
132.5393,160,1,ok,0,1,10.7946,0.0008,10.3019,0.4917,0.0003,0.0513,0.3362,0.1012,0.0030,
132.5393,161,1,ok,0,1,10.8642,0.0004,10.3428,0.5207,0.0003,0.0509,0.3534,0.1122,0.0042,
132.5393,162,1,ok,0,1,11.2733,0.0019,10.7446,0.5264,0.0003,0.0510,0.3617,0.1103,0.0034,
132.5393,163,1,ok,0,1,10.7139,0.0024,10.2033,0.5079,0.0003,0.0513,0.3469,0.1065,0.0032,
132.5393,164,1,ok,0,1,10.3474,0.0011,9.8240,0.5220,0.0004,0.0511,0.3556,0.1117,0.0035,
132.5393,165,1,ok,0,1,10.8139,0.0009,10.3132,0.4994,0.0004,0.0516,0.3440,0.1011,0.0026,
132.5393,166,1,ok,0,1,11.1808,0.0011,10.6898,0.4896,0.0003,0.0520,0.3363,0.0978,0.0034,
132.5393,167,1,ok,0,1,11.1733,0.0016,10.6787,0.4926,0.0003,0.0511,0.3361,0.1023,0.0031,
132.5393,168,1,ok,0,1,11.5499,0.0007,11.0634,0.4854,0.0003,0.0518,0.3323,0.0981,0.0033,
132.5393,169,1,ok,0,1,11.9718,0.0007,11.4850,0.4858,0.0003,0.0519,0.3291,0.1010,0.0039,
132.5393,170,1,ok,0,1,11.2445,0.0005,10.7304,0.5133,0.0004,0.0510,0.3482,0.1100,0.0041,
132.5393,171,1,ok,0,1,11.3726,0.0021,10.8592,0.5109,0.0003,0.0510,0.3498,0.1068,0.0032,
132.5393,172,1,ok,0,1,11.5782,0.0013,11.0817,0.4949,0.0003,0.0519,0.3381,0.1014,0.0035,
132.5393,173,1,ok,0,1,11.3890,0.0006,10.8825,0.5055,0.0004,0.0508,0.3464,0.1048,0.0035,
132.5393,174,1,ok,0,1,11.1563,0.0012,10.6420,0.5128,0.0003,0.0512,0.3500,0.1082,0.0033,
132.5393,175,1,ok,0,1,11.5768,0.0005,11.0602,0.5158,0.0004,0.0517,0.3524,0.1079,0.0037,
132.5393,176,1,ok,0,1,12.0457,0.0005,11.5302,0.5146,0.0004,0.0512,0.3480,0.1111,0.0043,
132.5393,177,1,ok,0,1,12.3052,0.0005,11.7899,0.5145,0.0003,0.0510,0.3511,0.1092,0.0031,
132.5393,178,1,ok,0,1,12.5532,0.0010,12.0548,0.4970,0.0004,0.0520,0.3405,0.1012,0.0033,
132.5393,179,1,ok,0,1,12.7716,0.0015,12.2668,0.5030,0.0003,0.0511,0.3429,0.1052,0.0038,
132.5393,180,1,ok,0,1,12.6712,0.0005,12.1799,0.4905,0.0003,0.0516,0.3341,0.1010,0.0038,
132.5393,181,1,ok,0,1,12.6560,0.0010,12.1637,0.4910,0.0003,0.0511,0.3374,0.0992,0.0032,
132.5393,182,1,ok,0,1,11.2926,0.0008,10.7785,0.5130,0.0003,0.0513,0.3505,0.1081,0.0030,
132.5393,183,1,ok,0,1,11.7769,0.0010,11.2447,0.5308,0.0004,0.0514,0.3596,0.1161,0.0036,
132.5393,184,1,ok,0,1,12.0551,0.0005,11.5432,0.5111,0.0003,0.0513,0.3527,0.1037,0.0034,
132.5393,185,1,ok,0,1,12.3705,0.0011,11.8664,0.5027,0.0003,0.0516,0.3424,0.1049,0.0038,
132.5393,186,1,ok,0,1,11.9626,0.0012,11.4739,0.4872,0.0003,0.0517,0.3332,0.0991,0.0033,
132.5393,187,1,ok,0,1,12.3225,0.0010,11.8322,0.4890,0.0003,0.0514,0.3351,0.0987,0.0038,
132.5393,188,1,ok,0,1,12.7177,0.0007,12.2263,0.4904,0.0003,0.0514,0.3349,0.1005,0.0035,
132.5393,189,1,ok,0,1,12.9497,0.0010,12.4472,0.5012,0.0003,0.0509,0.3415,0.1056,0.0032,
132.5393,190,1,ok,0,1,13.1992,0.0013,12.7004,0.4972,0.0003,0.0518,0.3395,0.1021,0.0038,
132.5393,191,1,ok,0,1,13.5411,0.0007,13.0507,0.4893,0.0004,0.0510,0.3342,0.1007,0.0032,
132.5393,192,1,ok,0,1,13.9082,0.0004,13.4106,0.4968,0.0004,0.0513,0.3395,0.1023,0.0037,
132.5393,193,1,ok,0,1,13.2512,0.0010,12.7449,0.5050,0.0004,0.0513,0.3442,0.1057,0.0037,
132.5393,194,1,ok,0,1,13.4760,0.0017,12.9845,0.4894,0.0004,0.0518,0.3361,0.0983,0.0032,
132.5393,195,1,ok,0,1,13.0787,0.0005,12.5810,0.4968,0.0004,0.0511,0.3402,0.1022,0.0033,
132.5393,196,1,ok,0,1,13.2159,0.0006,12.7164,0.4986,0.0004,0.0512,0.3405,0.1035,0.0034,
132.5393,197,1,ok,0,1,13.7007,0.0002,13.1922,0.5080,0.0003,0.0512,0.3444,0.1083,0.0041,
132.5393,198,1,ok,0,1,10.9342,0.0019,10.4214,0.5105,0.0003,0.0512,0.3486,0.1070,0.0036,
132.5393,199,1,ok,0,1,10.6300,0.0006,10.1152,0.5139,0.0003,0.0513,0.3509,0.1083,0.0034,
132.5393,200,1,ok,0,1,9.5567,0.0007,9.0568,0.4988,0.0004,0.0517,0.3413,0.1018,0.0040,
132.5393,201,1,ok,0,1,8.8768,0.0011,8.3747,0.5007,0.0003,0.0512,0.3426,0.1030,0.0039,
132.5393,202,1,ok,0,1,8.5384,0.0011,8.0209,0.5161,0.0003,0.0512,0.3533,0.1082,0.0034,
132.5393,203,1,ok,0,1,8.9677,0.0003,8.4558,0.5113,0.0004,0.0514,0.3513,0.1054,0.0032,
132.5393,204,1,ok,0,1,9.1730,0.0005,8.6662,0.5059,0.0004,0.0512,0.3463,0.1048,0.0035,
132.5393,205,1,ok,0,1,9.5760,0.0008,9.0633,0.5114,0.0004,0.0514,0.3456,0.1104,0.0040,
132.5393,206,1,ok,0,1,9.8519,0.0011,9.3428,0.5076,0.0003,0.0509,0.3468,0.1060,0.0038,
132.5393,207,1,ok,0,1,10.3436,0.0009,9.8236,0.5188,0.0003,0.0512,0.3565,0.1073,0.0037,
132.5393,208,1,ok,0,1,10.6453,0.0006,10.1274,0.5170,0.0003,0.0523,0.3513,0.1094,0.0040,
132.5393,209,1,ok,0,1,9.2488,0.0013,8.7334,0.5138,0.0003,0.0510,0.3547,0.1042,0.0039,
