level_rpm,index,measured,status,replica,batch_size,latency_s,harness_lag_s,queue_wait_s,service_s,ipc_s,text_encode_s,denoise_s,decode_s,jpeg_s,error
72.5914,0,0,ok,0,1,0.4106,0.0013,0.0001,0.4080,0.0012,0.0518,0.2708,0.0819,0.0035,
72.5914,1,0,ok,0,1,0.8001,0.0003,0.3894,0.4097,0.0006,0.0527,0.2707,0.0830,0.0034,
72.5914,2,0,ok,0,1,0.9448,0.0010,0.5332,0.4101,0.0005,0.0534,0.2707,0.0819,0.0039,
72.5914,3,0,ok,0,1,1.1447,0.0005,0.7355,0.4083,0.0004,0.0528,0.2707,0.0819,0.0029,
72.5914,4,0,ok,0,1,0.4549,0.0014,0.0411,0.4120,0.0004,0.0533,0.2721,0.0825,0.0041,
72.5914,5,0,ok,0,1,0.4113,0.0014,0.0000,0.4093,0.0006,0.0528,0.2706,0.0819,0.0040,
72.5914,6,0,ok,0,1,0.4092,0.0012,0.0000,0.4074,0.0005,0.0520,0.2699,0.0819,0.0035,
72.5914,7,0,ok,0,1,0.7430,0.0004,0.3336,0.4086,0.0004,0.0530,0.2700,0.0820,0.0036,
72.5914,8,0,ok,0,1,0.6986,0.0013,0.2887,0.4083,0.0004,0.0532,0.2700,0.0818,0.0033,
72.5914,9,0,ok,0,1,1.0852,0.0005,0.6731,0.4112,0.0003,0.0528,0.2731,0.0815,0.0037,
72.5914,10,1,ok,0,1,1.2907,0.0010,0.8803,0.4090,0.0004,0.0532,0.2698,0.0818,0.0041,
72.5914,11,1,ok,0,1,1.1183,0.0012,0.7077,0.4090,0.0004,0.0531,0.2701,0.0822,0.0037,
72.5914,12,1,ok,0,1,1.5051,0.0011,1.0950,0.4087,0.0004,0.0529,0.2703,0.0822,0.0033,
72.5914,13,1,ok,0,1,1.7309,0.0011,1.3208,0.4086,0.0004,0.0536,0.2699,0.0821,0.0030,
72.5914,14,1,ok,0,1,1.2734,0.0006,0.8629,0.4096,0.0003,0.0534,0.2701,0.0821,0.0040,
72.5914,15,1,ok,0,1,1.0307,0.0011,0.6215,0.4076,0.0004,0.0527,0.2699,0.0819,0.0031,
72.5914,16,1,ok,0,1,1.2342,0.0016,0.8232,0.4089,0.0004,0.0530,0.2698,0.0821,0.0040,
72.5914,17,1,ok,0,1,0.9089,0.0010,0.4977,0.4098,0.0004,0.0530,0.2706,0.0825,0.0036,
72.5914,18,1,ok,0,1,0.4101,0.0014,0.0000,0.4082,0.0005,0.0522,0.2700,0.0821,0.0038,
72.5914,19,1,ok,0,1,0.8144,0.0002,0.4045,0.4093,0.0004,0.0528,0.2700,0.0828,0.0037,
72.5914,20,1,ok,0,1,0.4118,0.0006,0.0000,0.4107,0.0005,0.0555,0.2698,0.0822,0.0031,
72.5914,21,1,ok,0,1,0.4089,0.0007,0.0000,0.4077,0.0005,0.0524,0.2705,0.0822,0.0027,
72.5914,22,1,ok,0,1,0.4754,0.0005,0.0647,0.4098,0.0004,0.0536,0.2707,0.0825,0.0030,
72.5914,23,1,ok,0,1,0.7459,0.0008,0.3350,0.4097,0.0004,0.0538,0.2705,0.0822,0.0031,
72.5914,24,1,ok,0,1,0.4094,0.0013,0.0000,0.4076,0.0005,0.0522,0.2703,0.0822,0.0029,
72.5914,25,1,ok,0,1,0.4805,0.0006,0.0696,0.4099,0.0003,0.0534,0.2706,0.0825,0.0034,
72.5914,26,1,ok,0,1,0.8102,0.0010,0.3991,0.4098,0.0004,0.0535,0.2705,0.0822,0.0036,
72.5914,27,1,ok,0,1,1.1372,0.0011,0.7251,0.4106,0.0004,0.0530,0.2711,0.0828,0.0037,
72.5914,28,1,ok,0,1,0.4093,0.0005,0.0000,0.4083,0.0005,0.0526,0.2700,0.0823,0.0033,
72.5914,29,1,ok,0,1,0.4095,0.0007,0.0000,0.4083,0.0005,0.0523,0.2702,0.0823,0.0034,
72.5914,30,1,ok,0,1,0.4098,0.0015,0.0000,0.4077,0.0006,0.0519,0.2700,0.0823,0.0035,
72.5914,31,1,ok,0,1,0.4094,0.0014,0.0000,0.4075,0.0005,0.0519,0.2700,0.0823,0.0032,
72.5914,32,1,ok,0,1,0.4123,0.0008,0.0000,0.4110,0.0005,0.0523,0.2698,0.0852,0.0037,
72.5914,33,1,ok,0,1,0.4097,0.0014,0.0000,0.4078,0.0005,0.0520,0.2701,0.0824,0.0032,
72.5914,34,1,ok,0,1,0.4254,0.0010,0.0156,0.4085,0.0004,0.0529,0.2700,0.0823,0.0033,
72.5914,35,1,ok,0,1,0.4097,0.0012,0.0000,0.4080,0.0004,0.0522,0.2698,0.0823,0.0038,
72.5914,36,1,ok,0,1,0.4101,0.0013,0.0000,0.4082,0.0005,0.0523,0.2703,0.0823,0.0033,
72.5914,37,1,ok,0,1,0.4098,0.0012,0.0000,0.4081,0.0005,0.0521,0.2701,0.0823,0.0035,
72.5914,38,1,ok,0,1,0.4104,0.0021,0.0000,0.4078,0.0005,0.0522,0.2698,0.0822,0.0036,
72.5914,39,1,ok,0,1,0.4088,0.0011,0.0000,0.4072,0.0005,0.0516,0.2700,0.0824,0.0032,
72.5914,40,1,ok,0,1,0.4110,0.0017,0.0000,0.4088,0.0005,0.0523,0.2708,0.0824,0.0032,
72.5914,41,1,ok,0,1,0.7831,0.0002,0.3721,0.4104,0.0004,0.0537,0.2708,0.0825,0.0034,
72.5914,42,1,ok,0,1,0.9814,0.0007,0.5686,0.4118,0.0004,0.0531,0.2710,0.0842,0.0035,
72.5914,43,1,ok,0,1,1.1084,0.0004,0.6987,0.4090,0.0004,0.0526,0.2709,0.0823,0.0032,
72.5914,44,1,ok,0,1,1.4506,0.0009,1.0389,0.4104,0.0004,0.0536,0.2711,0.0826,0.0030,
72.5914,45,1,ok,0,1,1.6424,0.0004,1.2312,0.4105,0.0004,0.0533,0.2709,0.0824,0.0039,
72.5914,46,1,ok,0,1,1.9643,0.0006,1.5539,0.4095,0.0004,0.0527,0.2710,0.0826,0.0031,
72.5914,47,1,ok,0,1,2.1148,0.0007,1.6944,0.4193,0.0003,0.0536,0.2715,0.0907,0.0035,
72.5914,48,1,ok,0,1,1.6920,0.0015,1.2787,0.4114,0.0004,0.0536,0.2711,0.0830,0.0037,
72.5914,49,1,ok,0,1,1.7272,0.0003,1.3166,0.4100,0.0003,0.0532,0.2711,0.0825,0.0033,
72.5914,50,1,ok,0,1,1.7578,0.0009,1.3442,0.4123,0.0004,0.0538,0.2712,0.0829,0.0044,
72.5914,51,1,ok,0,1,1.9742,0.0012,1.5623,0.4103,0.0004,0.0528,0.2712,0.0829,0.0033,
72.5914,52,1,ok,0,1,2.1283,0.0008,1.7166,0.4105,0.0003,0.0532,0.2710,0.0824,0.0038,
72.5914,53,1,ok,0,1,0.4110,0.0010,0.0000,0.4095,0.0005,0.0525,0.2707,0.0827,0.0035,
72.5914,54,1,ok,0,1,0.4093,0.0006,0.0000,0.4081,0.0005,0.0520,0.2705,0.0824,0.0031,
72.5914,55,1,ok,0,1,0.4104,0.0014,0.0000,0.4085,0.0005,0.0519,0.2705,0.0828,0.0032,
72.5914,56,1,ok,0,1,0.6649,0.0006,0.2547,0.4092,0.0004,0.0533,0.2705,0.0825,0.0029,
72.5914,57,1,ok,0,1,0.4135,0.0020,0.0000,0.4111,0.0005,0.0526,0.2714,0.0839,0.0032,
72.5914,58,1,ok,0,1,0.6782,0.0009,0.2652,0.4117,0.0004,0.0535,0.2715,0.0829,0.0038,
72.5914,59,1,ok,0,1,0.6949,0.0011,0.2828,0.4107,0.0004,0.0536,0.2715,0.0827,0.0030,
72.5914,60,1,ok,0,1,0.4100,0.0008,0.0000,0.4086,0.0006,0.0522,0.2707,0.0826,0.0031,
72.5914,61,1,ok,0,1,0.4101,0.0004,0.0001,0.4091,0.0005,0.0521,0.2706,0.0829,0.0035,
72.5914,62,1,ok,0,1,0.4119,0.0006,0.0000,0.4107,0.0005,0.0538,0.2705,0.0828,0.0036,
72.5914,63,1,ok,0,1,0.4099,0.0008,0.0000,0.4085,0.0005,0.0518,0.2706,0.0830,0.0032,
72.5914,64,1,ok,0,1,0.4101,0.0008,0.0000,0.4089,0.0005,0.0518,0.2704,0.0832,0.0034,
72.5914,65,1,ok,0,1,0.4106,0.0016,0.0000,0.4085,0.0005,0.0522,0.2705,0.0827,0.0030,
72.5914,66,1,ok,0,1,0.6057,0.0010,0.1946,0.4097,0.0004,0.0529,0.2705,0.0828,0.0035,
72.5914,67,1,ok,0,1,0.9888,0.0012,0.5775,0.4096,0.0004,0.0525,0.2707,0.0829,0.0034,
72.5914,68,1,ok,0,1,1.0861,0.0009,0.6747,0.4102,0.0004,0.0532,0.2706,0.0829,0.0035,
72.5914,69,1,ok,0,1,1.2389,0.0007,0.8279,0.4100,0.0004,0.0526,0.2708,0.0829,0.0036,
72.5914,70,1,ok,0,1,1.4533,0.0005,1.0426,0.4099,0.0003,0.0527,0.2708,0.0830,0.0034,
72.5914,71,1,ok,0,1,0.4120,0.0019,0.0000,0.4095,0.0005,0.0521,0.2708,0.0828,0.0038,
72.5914,72,1,ok,0,1,0.4121,0.0017,0.0000,0.4098,0.0005,0.0525,0.2713,0.0829,0.0030,
72.5914,73,1,ok,0,1,0.5108,0.0010,0.0988,0.4106,0.0004,0.0533,0.2714,0.0827,0.0032,
72.5914,74,1,ok,0,1,0.4118,0.0007,0.0000,0.4106,0.0005,0.0528,0.2713,0.0828,0.0037,
72.5914,75,1,ok,0,1,0.4115,0.0008,0.0000,0.4102,0.0004,0.0520,0.2717,0.0831,0.0033,
72.5914,76,1,ok,0,1,0.4121,0.0014,0.0000,0.4102,0.0005,0.0533,0.2707,0.0832,0.0030,
72.5914,77,1,ok,0,1,0.4128,0.0008,0.0000,0.4115,0.0005,0.0544,0.2707,0.0829,0.0034,
72.5914,78,1,ok,0,1,0.5702,0.0013,0.1572,0.4113,0.0004,0.0541,0.2710,0.0831,0.0031,
72.5914,79,1,ok,0,1,0.7473,0.0007,0.3354,0.4109,0.0003,0.0540,0.2707,0.0830,0.0032,
72.5914,80,1,ok,0,1,0.4788,0.0005,0.0657,0.4122,0.0003,0.0546,0.2708,0.0829,0.0039,
72.5914,81,1,ok,0,1,0.6391,0.0007,0.2262,0.4119,0.0004,0.0539,0.2712,0.0831,0.0036,
72.5914,82,1,ok,0,1,0.4131,0.0013,0.0000,0.4113,0.0005,0.0540,0.2709,0.0832,0.0031,
72.5914,83,1,ok,0,1,0.4126,0.0015,0.0000,0.4106,0.0005,0.0537,0.2707,0.0830,0.0031,
72.5914,84,1,ok,0,1,0.4130,0.0014,0.0000,0.4111,0.0004,0.0533,0.2709,0.0831,0.0038,
72.5914,85,1,ok,0,1,0.6207,0.0012,0.2071,0.4120,0.0004,0.0541,0.2712,0.0832,0.0034,
72.5914,86,1,ok,0,1,0.4133,0.0010,0.0000,0.4118,0.0005,0.0542,0.2712,0.0829,0.0034,
72.5914,87,1,ok,0,1,0.4137,0.0009,0.0000,0.4123,0.0005,0.0538,0.2715,0.0832,0.0037,
72.5914,88,1,ok,0,1,0.7481,0.0004,0.3345,0.4128,0.0004,0.0545,0.2716,0.0831,0.0035,
72.5914,89,1,ok,0,1,1.1216,0.0007,0.7075,0.4131,0.0004,0.0550,0.2716,0.0831,0.0033,
72.5914,90,1,ok,0,1,1.4381,0.0009,1.0247,0.4121,0.0004,0.0547,0.2717,0.0831,0.0026,
72.5914,91,1,ok,0,1,1.0365,0.0015,0.6205,0.4141,0.0004,0.0548,0.2718,0.0833,0.0041,
72.5914,92,1,ok,0,1,0.4123,0.0008,0.0000,0.4109,0.0006,0.0538,0.2707,0.0830,0.0033,
72.5914,93,1,ok,0,1,0.4128,0.0002,0.0000,0.4120,0.0005,0.0538,0.2716,0.0832,0.0034,
72.5914,94,1,ok,0,1,0.7718,0.0003,0.3583,0.4128,0.0004,0.0546,0.2717,0.0833,0.0032,
72.5914,95,1,ok,0,1,0.7881,0.0006,0.3739,0.4133,0.0003,0.0551,0.2718,0.0832,0.0032,
72.5914,96,1,ok,0,1,0.4140,0.0023,0.0000,0.4111,0.0005,0.0532,0.2706,0.0831,0.0042,
72.5914,97,1,ok,0,1,0.4118,0.0009,0.0000,0.4104,0.0005,0.0535,0.2708,0.0831,0.0029,
72.5914,98,1,ok,0,1,0.4122,0.0012,0.0000,0.4105,0.0006,0.0539,0.2707,0.0829,0.0029,
72.5914,99,1,ok,0,1,0.4150,0.0021,0.0000,0.4122,0.0006,0.0539,0.2715,0.0831,0.0036,
72.5914,100,1,ok,0,1,0.8179,0.0009,0.4046,0.4121,0.0004,0.0544,0.2715,0.0831,0.0030,
72.5914,101,1,ok,0,1,0.4125,0.0011,0.0000,0.4108,0.0005,0.0538,0.2710,0.0830,0.0030,
72.5914,102,1,ok,0,1,0.4126,0.0011,0.0000,0.4109,0.0005,0.0534,0.2711,0.0831,0.0033,
72.5914,103,1,ok,0,1,0.4124,0.0006,0.0000,0.4112,0.0005,0.0537,0.2710,0.0832,0.0032,
72.5914,104,1,ok,0,1,0.5687,0.0006,0.1553,0.4125,0.0004,0.0549,0.2712,0.0829,0.0034,
72.5914,105,1,ok,0,1,0.4134,0.0005,0.0000,0.4122,0.0006,0.0539,0.2718,0.0832,0.0032,
72.5914,106,1,ok,0,1,0.7294,0.0011,0.3145,0.4134,0.0004,0.0547,0.2720,0.0831,0.0035,
72.5914,107,1,ok,0,1,0.6719,0.0005,0.2574,0.4138,0.0004,0.0549,0.2720,0.0832,0.0037,
72.5914,108,1,ok,0,1,0.5853,0.0005,0.1717,0.4127,0.0004,0.0547,0.2720,0.0833,0.0027,
72.5914,109,1,ok,0,1,0.4151,0.0020,0.0000,0.4125,0.0005,0.0537,0.2713,0.0834,0.0041,
72.5914,110,1,ok,0,1,0.4127,0.0004,0.0000,0.4117,0.0006,0.0541,0.2712,0.0830,0.0034,
72.5914,111,1,ok,0,1,0.5727,0.0013,0.1588,0.4123,0.0004,0.0543,0.2714,0.0832,0.0033,
72.5914,112,1,ok,0,1,0.4141,0.0010,0.0000,0.4127,0.0004,0.0542,0.2715,0.0835,0.0035,
72.5914,113,1,ok,0,1,0.6648,0.0007,0.2507,0.4129,0.0004,0.0547,0.2714,0.0831,0.0037,
72.5914,114,1,ok,0,1,0.4136,0.0007,0.0000,0.4123,0.0005,0.0538,0.2716,0.0833,0.0036,
72.5914,115,1,ok,0,1,0.4148,0.0016,0.0000,0.4126,0.0006,0.0541,0.2718,0.0831,0.0035,
72.5914,116,1,ok,0,1,0.5367,0.0002,0.1217,0.4143,0.0005,0.0551,0.2720,0.0834,0.0038,
72.5914,117,1,ok,0,1,0.4143,0.0012,0.0000,0.4126,0.0005,0.0539,0.2718,0.0835,0.0033,
72.5914,118,1,ok,0,1,0.4135,0.0008,0.0000,0.4121,0.0005,0.0539,0.2717,0.0833,0.0032,
72.5914,119,1,ok,0,1,0.6898,0.0011,0.2753,0.4129,0.0004,0.0551,0.2718,0.0831,0.0028,
72.5914,120,1,ok,0,1,0.4144,0.0012,0.0000,0.4125,0.0007,0.0536,0.2719,0.0836,0.0033,
72.5914,121,1,ok,0,1,0.4138,0.0011,0.0000,0.4122,0.0005,0.0543,0.2713,0.0835,0.0031,
72.5914,122,1,ok,0,1,0.4142,0.0015,0.0000,0.4122,0.0005,0.0537,0.2712,0.0834,0.0038,
72.5914,123,1,ok,0,1,0.4135,0.0007,0.0000,0.4122,0.0005,0.0540,0.2718,0.0835,0.0028,
72.5914,124,1,ok,0,1,0.8276,0.0002,0.4128,0.4142,0.0004,0.0550,0.2721,0.0837,0.0033,
72.5914,125,1,ok,0,1,0.9186,0.0010,0.5028,0.4145,0.0003,0.0551,0.2722,0.0838,0.0033,
72.5914,126,1,ok,0,1,1.3167,0.0009,0.9015,0.4140,0.0003,0.0549,0.2721,0.0837,0.0034,
72.5914,127,1,ok,0,1,0.4140,0.0004,0.0000,0.4131,0.0005,0.0539,0.2718,0.0837,0.0037,
72.5914,128,1,ok,0,1,0.4144,0.0018,0.0000,0.4121,0.0005,0.0540,0.2711,0.0833,0.0036,
72.5914,129,1,ok,0,1,0.4127,0.0009,0.0000,0.4112,0.0005,0.0534,0.2711,0.0833,0.0034,
72.5914,130,1,ok,0,1,0.5251,0.0007,0.1083,0.4158,0.0003,0.0544,0.2714,0.0864,0.0035,
72.5914,131,1,ok,0,1,0.8877,0.0005,0.4753,0.4116,0.0003,0.0540,0.2711,0.0833,0.0031,
72.5914,132,1,ok,0,1,0.4126,0.0009,0.0000,0.4113,0.0004,0.0535,0.2713,0.0834,0.0031,
72.5914,133,1,ok,0,1,0.4141,0.0017,0.0000,0.4119,0.0005,0.0539,0.2715,0.0833,0.0032,
72.5914,134,1,ok,0,1,0.7532,0.0009,0.3392,0.4126,0.0004,0.0549,0.2716,0.0833,0.0028,
72.5914,135,1,ok,0,1,0.6173,0.0004,0.2027,0.4139,0.0004,0.0549,0.2718,0.0834,0.0038,
72.5914,136,1,ok,0,1,0.9713,0.0013,0.5568,0.4129,0.0004,0.0544,0.2718,0.0834,0.0032,
72.5914,137,1,ok,0,1,0.4137,0.0011,0.0000,0.4121,0.0005,0.0538,0.2715,0.0838,0.0031,
72.5914,138,1,ok,0,1,0.4133,0.0017,0.0000,0.4111,0.0004,0.0535,0.2712,0.0836,0.0027,
72.5914,139,1,ok,0,1,0.7141,0.0005,0.2993,0.4140,0.0004,0.0545,0.2713,0.0852,0.0029,
72.5914,140,1,ok,0,1,0.5950,0.0011,0.1799,0.4136,0.0003,0.0544,0.2717,0.0835,0.0040,
72.5914,141,1,ok,0,1,0.4125,0.0005,0.0000,0.4116,0.0004,0.0533,0.2715,0.0835,0.0032,
72.5914,142,1,ok,0,1,0.5703,0.0004,0.1576,0.4120,0.0003,0.0541,0.2714,0.0836,0.0029,
72.5914,143,1,ok,0,1,0.4142,0.0008,0.0000,0.4130,0.0004,0.0542,0.2720,0.0837,0.0030,
72.5914,144,1,ok,0,1,0.4138,0.0007,0.0000,0.4127,0.0004,0.0536,0.2718,0.0837,0.0035,
72.5914,145,1,ok,0,1,0.6305,0.0003,0.2168,0.4130,0.0004,0.0546,0.2716,0.0835,0.0033,
72.5914,146,1,ok,0,1,0.4139,0.0011,0.0000,0.4124,0.0004,0.0539,0.2719,0.0836,0.0029,
72.5914,147,1,ok,0,1,0.4138,0.0008,0.0000,0.4126,0.0005,0.0536,0.2714,0.0835,0.0040,
72.5914,148,1,ok,0,1,0.6409,0.0005,0.2277,0.4123,0.0003,0.0541,0.2716,0.0834,0.0033,
72.5914,149,1,ok,0,1,0.7545,0.0007,0.3314,0.4220,0.0003,0.0548,0.2719,0.0923,0.0030,
72.5914,150,1,ok,0,1,0.4164,0.0022,0.0000,0.4138,0.0005,0.0544,0.2719,0.0835,0.0039,
72.5914,151,1,ok,0,1,0.4132,0.0006,0.0000,0.4121,0.0005,0.0539,0.2717,0.0833,0.0032,
72.5914,152,1,ok,0,1,0.4155,0.0010,0.0000,0.4141,0.0004,0.0540,0.2719,0.0838,0.0043,
72.5914,153,1,ok,0,1,0.4138,0.0013,0.0000,0.4120,0.0004,0.0533,0.2715,0.0836,0.0036,
72.5914,154,1,ok,0,1,0.7195,0.0010,0.3062,0.4120,0.0003,0.0539,0.2717,0.0835,0.0029,
72.5914,155,1,ok,0,1,0.9228,0.0009,0.5082,0.4133,0.0003,0.0545,0.2719,0.0836,0.0032,
72.5914,156,1,ok,0,1,0.9949,0.0012,0.5805,0.4129,0.0003,0.0541,0.2720,0.0837,0.0030,
72.5914,157,1,ok,0,1,0.6748,0.0005,0.2609,0.4131,0.0003,0.0542,0.2722,0.0837,0.0031,
72.5914,158,1,ok,0,1,0.8726,0.0006,0.4581,0.4135,0.0004,0.0545,0.2721,0.0837,0.0032,
72.5914,159,1,ok,0,1,1.0820,0.0010,0.6660,0.4147,0.0003,0.0541,0.2722,0.0850,0.0034,
72.5914,160,1,ok,0,1,1.4339,0.0003,1.0208,0.4125,0.0003,0.0541,0.2718,0.0837,0.0028,
72.5914,161,1,ok,0,1,1.0249,0.0013,0.6084,0.4148,0.0004,0.0546,0.2721,0.0838,0.0042,
72.5914,162,1,ok,0,1,1.2228,0.0012,0.8088,0.4125,0.0003,0.0534,0.2720,0.0838,0.0033,
72.5914,163,1,ok,0,1,0.4128,0.0005,0.0000,0.4118,0.0005,0.0534,0.2717,0.0838,0.0028,
72.5914,164,1,ok,0,1,0.4146,0.0008,0.0000,0.4133,0.0004,0.0539,0.2723,0.0837,0.0034,
72.5914,165,1,ok,0,1,0.7670,0.0003,0.3535,0.4129,0.0004,0.0542,0.2723,0.0839,0.0025,
72.5914,166,1,ok,0,1,0.9570,0.0020,0.5404,0.4143,0.0003,0.0545,0.2724,0.0838,0.0035,
72.5914,167,1,ok,0,1,0.4573,0.0011,0.0421,0.4138,0.0003,0.0546,0.2723,0.0838,0.0030,
72.5914,168,1,ok,0,1,0.6728,0.0012,0.2568,0.4145,0.0003,0.0543,0.2723,0.0845,0.0032,
72.5914,169,1,ok,0,1,0.9717,0.0011,0.5544,0.4159,0.0003,0.0553,0.2726,0.0841,0.0039,
72.5914,170,1,ok,0,1,0.4163,0.0014,0.0000,0.4144,0.0005,0.0541,0.2725,0.0837,0.0041,
72.5914,171,1,ok,0,1,0.4154,0.0012,0.0000,0.4137,0.0005,0.0538,0.2728,0.0839,0.0031,
72.5914,172,1,ok,0,1,0.4138,0.0007,0.0000,0.4126,0.0004,0.0531,0.2719,0.0840,0.0034,
72.5914,173,1,ok,0,1,0.4146,0.0009,0.0000,0.4132,0.0005,0.0535,0.2722,0.0839,0.0035,
72.5914,174,1,ok,0,1,0.4141,0.0010,0.0000,0.4125,0.0005,0.0535,0.2722,0.0836,0.0031,
72.5914,175,1,ok,0,1,0.6541,0.0019,0.2376,0.4142,0.0004,0.0544,0.2723,0.0839,0.0036,
72.5914,176,1,ok,0,1,0.9853,0.0008,0.5690,0.4150,0.0004,0.0546,0.2723,0.0840,0.0041,
72.5914,177,1,ok,0,1,0.9329,0.0007,0.5185,0.4134,0.0004,0.0540,0.2724,0.0838,0.0031,
72.5914,178,1,ok,0,1,0.8925,0.0009,0.4766,0.4145,0.0004,0.0543,0.2729,0.0840,0.0033,
72.5914,179,1,ok,0,1,0.7877,0.0006,0.3717,0.4150,0.0004,0.0546,0.2727,0.0840,0.0037,
72.5914,180,1,ok,0,1,0.4159,0.0009,0.0000,0.4145,0.0005,0.0537,0.2730,0.0840,0.0037,
72.5914,181,1,ok,0,1,0.4142,0.0008,0.0000,0.4129,0.0005,0.0533,0.2726,0.0839,0.0031,
72.5914,182,1,ok,0,1,0.4163,0.0014,0.0000,0.4143,0.0006,0.0543,0.2726,0.0840,0.0034,
72.5914,183,1,ok,0,1,0.7460,0.0011,0.3295,0.4149,0.0004,0.0545,0.2727,0.0840,0.0036,
72.5914,184,1,ok,0,1,0.7349,0.0002,0.3200,0.4143,0.0004,0.0544,0.2728,0.0839,0.0032,
72.5914,185,1,ok,0,1,0.8082,0.0008,0.3915,0.4154,0.0004,0.0547,0.2729,0.0839,0.0040,
72.5914,186,1,ok,0,1,0.4148,0.0003,0.0000,0.4140,0.0005,0.0538,0.2730,0.0839,0.0032,
72.5914,187,1,ok,0,1,0.5940,0.0014,0.1771,0.4151,0.0004,0.0546,0.2729,0.0841,0.0035,
72.5914,188,1,ok,0,1,0.8356,0.0003,0.4193,0.4156,0.0004,0.0549,0.2732,0.0841,0.0034,
72.5914,189,1,ok,0,1,0.7595,0.0009,0.3427,0.4156,0.0003,0.0550,0.2734,0.0843,0.0029,
72.5914,190,1,ok,0,1,0.7225,0.0009,0.3057,0.4156,0.0003,0.0547,0.2732,0.0841,0.0035,
72.5914,191,1,ok,0,1,0.8682,0.0004,0.4522,0.4153,0.0003,0.0551,0.2735,0.0839,0.0028,
72.5914,192,1,ok,0,1,1.0469,0.0005,0.6302,0.4159,0.0003,0.0547,0.2734,0.0842,0.0035,
72.5914,193,1,ok,0,1,0.4162,0.0021,0.0000,0.4136,0.0005,0.0533,0.2725,0.0840,0.0037,
72.5914,194,1,ok,0,1,0.4145,0.0005,0.0000,0.4135,0.0004,0.0537,0.2725,0.0840,0.0032,
72.5914,195,1,ok,0,1,0.4150,0.0011,0.0000,0.4133,0.0006,0.0536,0.2724,0.0840,0.0032,
72.5914,196,1,ok,0,1,0.4158,0.0008,0.0000,0.4145,0.0005,0.0538,0.2732,0.0841,0.0033,
72.5914,197,1,ok,0,1,0.7900,0.0012,0.3718,0.4167,0.0004,0.0549,0.2736,0.0842,0.0040,
72.5914,198,1,ok,0,1,0.4160,0.0010,0.0000,0.4144,0.0005,0.0545,0.2722,0.0842,0.0034,
72.5914,199,1,ok,0,1,0.4166,0.0020,0.0000,0.4141,0.0005,0.0538,0.2729,0.0839,0.0034,
72.5914,200,1,ok,0,1,0.4146,0.0004,0.0000,0.4134,0.0007,0.0538,0.2717,0.0838,0.0040,
72.5914,201,1,ok,0,1,0.4138,0.0005,0.0000,0.4127,0.0005,0.0534,0.2718,0.0838,0.0038,
72.5914,202,1,ok,0,1,0.4151,0.0013,0.0000,0.4132,0.0005,0.0535,0.2722,0.0838,0.0036,
72.5914,203,1,ok,0,1,0.6790,0.0004,0.2643,0.4139,0.0005,0.0548,0.2722,0.0838,0.0030,
72.5914,204,1,ok,0,1,0.5441,0.0018,0.1278,0.4142,0.0004,0.0545,0.2724,0.0838,0.0035,
72.5914,205,1,ok,0,1,0.7604,0.0010,0.3443,0.4147,0.0004,0.0545,0.2724,0.0839,0.0040,
72.5914,206,1,ok,0,1,0.7524,0.0010,0.3358,0.4152,0.0004,0.0546,0.2727,0.0841,0.0039,
72.5914,207,1,ok,0,1,1.1178,0.0002,0.7022,0.4149,0.0004,0.0543,0.2730,0.0841,0.0035,
72.5914,208,1,ok,0,1,1.1399,0.0004,0.7237,0.4155,0.0004,0.0549,0.2725,0.0839,0.0042,
72.5914,209,1,ok,0,1,0.4161,0.0008,0.0000,0.4146,0.0006,0.0545,0.2726,0.0838,0.0037,
101.6280,0,0,ok,0,1,0.4156,0.0024,0.0000,0.4128,0.0005,0.0535,0.2719,0.0839,0.0034,
101.6280,1,0,ok,0,1,0.8151,0.0017,0.3990,0.4141,0.0004,0.0544,0.2726,0.0837,0.0033,
101.6280,2,0,ok,0,1,1.0408,0.0012,0.6241,0.4151,0.0004,0.0548,0.2726,0.0838,0.0039,
101.6280,3,0,ok,0,1,1.3055,0.0003,0.8914,0.4135,0.0004,0.0543,0.2725,0.0837,0.0029,
101.6280,4,0,ok,0,1,0.9339,0.0013,0.5169,0.4153,0.0004,0.0546,0.2727,0.0839,0.0040,
101.6280,5,0,ok,0,1,0.6830,0.0009,0.2663,0.4154,0.0004,0.0547,0.2729,0.0839,0.0039,
101.6280,6,0,ok,0,1,0.4148,0.0008,0.0000,0.4135,0.0004,0.0535,0.2726,0.0840,0.0034,
101.6280,7,0,ok,0,1,0.7764,0.0003,0.3607,0.4149,0.0004,0.0544,0.2729,0.0840,0.0035,
101.6280,8,0,ok,0,1,0.8680,0.0003,0.4526,0.4147,0.0004,0.0546,0.2729,0.0840,0.0032,
101.6280,9,0,ok,0,1,1.2652,0.0016,0.8485,0.4147,0.0004,0.0544,0.2728,0.0840,0.0035,
101.6280,10,1,ok,0,1,1.5358,0.0003,1.1192,0.4159,0.0004,0.0544,0.2734,0.0841,0.0040,
101.6280,11,1,ok,0,1,1.5362,0.0011,1.1192,0.4156,0.0004,0.0546,0.2731,0.0842,0.0037,
101.6280,12,1,ok,0,1,1.9356,0.0004,1.5200,0.4148,0.0004,0.0542,0.2733,0.0840,0.0032,
101.6280,13,1,ok,0,1,2.2197,0.0007,1.8040,0.4146,0.0004,0.0542,0.2735,0.0839,0.0030,
101.6280,14,1,ok,0,1,2.0165,0.0009,1.5993,0.4160,0.0003,0.0548,0.2732,0.0840,0.0039,
101.6280,15,1,ok,0,1,1.9672,0.0006,1.5511,0.4152,0.0004,0.0541,0.2736,0.0843,0.0031,
101.6280,16,1,ok,0,1,2.2370,0.0008,1.8194,0.4164,0.0004,0.0542,0.2737,0.0844,0.0040,
101.6280,17,1,ok,0,1,2.1296,0.0013,1.7104,0.4175,0.0004,0.0558,0.2740,0.0841,0.0036,
101.6280,18,1,ok,0,1,1.5672,0.0009,1.1500,0.4160,0.0003,0.0543,0.2738,0.0842,0.0038,
101.6280,19,1,ok,0,1,1.9800,0.0002,1.5632,0.4162,0.0004,0.0543,0.2738,0.0842,0.0037,
101.6280,20,1,ok,0,1,1.4286,0.0019,1.0104,0.4159,0.0004,0.0546,0.2738,0.0843,0.0031,
101.6280,21,1,ok,0,1,1.1373,0.0009,0.7206,0.4155,0.0003,0.0545,0.2741,0.0842,0.0027,
101.6280,22,1,ok,0,1,1.3082,0.0007,0.8910,0.4161,0.0004,0.0546,0.2742,0.0843,0.0030,
101.6280,23,1,ok,0,1,1.6252,0.0011,1.2074,0.4163,0.0004,0.0550,0.2740,0.0842,0.0031,
101.6280,24,1,ok,0,1,0.4170,0.0019,0.0000,0.4146,0.0004,0.0535,0.2740,0.0842,0.0029,
101.6280,25,1,ok,0,1,0.5919,0.0011,0.1736,0.4168,0.0004,0.0548,0.2744,0.0842,0.0034,
101.6280,26,1,ok,0,1,0.9519,0.0008,0.5336,0.4171,0.0004,0.0549,0.2743,0.0844,0.0035,
101.6280,27,1,ok,0,1,1.3124,0.0009,0.8910,0.4201,0.0004,0.0544,0.2748,0.0873,0.0036,
101.6280,28,1,ok,0,1,0.6190,0.0002,0.2019,0.4165,0.0004,0.0539,0.2748,0.0844,0.0033,
101.6280,29,1,ok,0,1,0.4900,0.0012,0.0714,0.4171,0.0004,0.0548,0.2746,0.0843,0.0034,
101.6280,30,1,ok,0,1,0.4180,0.0010,0.0000,0.4165,0.0005,0.0540,0.2746,0.0844,0.0035,
101.6280,31,1,ok,0,1,0.4178,0.0011,0.0000,0.4162,0.0005,0.0539,0.2745,0.0845,0.0032,
101.6280,32,1,ok,0,1,0.4188,0.0014,0.0000,0.4169,0.0004,0.0541,0.2746,0.0844,0.0037,
101.6280,33,1,ok,0,1,0.4187,0.0018,0.0000,0.4163,0.0005,0.0541,0.2744,0.0845,0.0033,
101.6280,34,1,ok,0,1,0.5554,0.0006,0.1373,0.4172,0.0004,0.0548,0.2747,0.0844,0.0033,
101.6280,35,1,ok,0,1,0.5110,0.0013,0.0800,0.4293,0.0004,0.0557,0.2747,0.0950,0.0038,
101.6280,36,1,ok,0,1,0.4188,0.0026,0.0000,0.4157,0.0005,0.0536,0.2744,0.0843,0.0033,
101.6280,37,1,ok,0,1,0.4174,0.0011,0.0000,0.4157,0.0005,0.0536,0.2742,0.0843,0.0035,
101.6280,38,1,ok,0,1,0.4172,0.0013,0.0000,0.4154,0.0005,0.0536,0.2739,0.0842,0.0036,
101.6280,39,1,ok,0,1,0.4164,0.0010,0.0000,0.4149,0.0005,0.0534,0.2739,0.0844,0.0031,
101.6280,40,1,ok,0,1,0.4175,0.0010,0.0000,0.4160,0.0005,0.0538,0.2742,0.0846,0.0032,
101.6280,41,1,ok,0,1,0.8080,0.0006,0.3893,0.4177,0.0004,0.0551,0.2748,0.0845,0.0034,
101.6280,42,1,ok,0,1,1.0732,0.0011,0.6542,0.4175,0.0004,0.0546,0.2750,0.0844,0.0035,
101.6280,43,1,ok,0,1,1.2890,0.0009,0.8707,0.4170,0.0004,0.0546,0.2749,0.0843,0.0032,
101.6280,44,1,ok,0,1,1.6580,0.0006,1.2393,0.4177,0.0004,0.0550,0.2751,0.0845,0.0031,
101.6280,45,1,ok,0,1,1.9200,0.0004,1.5011,0.4180,0.0004,0.0546,0.2750,0.0844,0.0039,
101.6280,46,1,ok,0,1,2.2751,0.0007,1.8564,0.4176,0.0004,0.0546,0.2753,0.0845,0.0032,
101.6280,47,1,ok,0,1,2.5023,0.0011,2.0817,0.4190,0.0004,0.0553,0.2754,0.0848,0.0035,
101.6280,48,1,ok,0,1,2.3253,0.0003,1.9059,0.4187,0.0004,0.0547,0.2756,0.0847,0.0037,
101.6280,49,1,ok,0,1,2.4762,0.0014,2.0559,0.4184,0.0005,0.0547,0.2755,0.0848,0.0033,
101.6280,50,1,ok,0,1,2.6233,0.0008,2.2024,0.4197,0.0004,0.0551,0.2755,0.0846,0.0044,
101.6280,51,1,ok,0,1,2.9030,0.0009,2.4837,0.4180,0.0004,0.0543,0.2757,0.0846,0.0034,
101.6280,52,1,ok,0,1,3.1391,0.0008,2.7188,0.4190,0.0004,0.0546,0.2756,0.0850,0.0038,
101.6280,53,1,ok,0,1,1.9296,0.0007,1.5094,0.4191,0.0004,0.0549,0.2758,0.0849,0.0035,
101.6280,54,1,ok,0,1,1.7323,0.0004,1.3127,0.4188,0.0004,0.0546,0.2763,0.0849,0.0031,
101.6280,55,1,ok,0,1,1.6018,0.0009,1.1769,0.4237,0.0004,0.0546,0.2800,0.0858,0.0032,
101.6280,56,1,ok,0,1,1.9256,0.0003,1.4908,0.4342,0.0004,0.0545,0.2894,0.0872,0.0030,
101.6280,57,1,ok,0,1,1.5819,0.0009,1.1536,0.4270,0.0004,0.0547,0.2828,0.0864,0.0032,
101.6280,58,1,ok,0,1,1.9026,0.0008,1.4758,0.4256,0.0003,0.0546,0.2809,0.0862,0.0039,
101.6280,59,1,ok,0,1,2.0654,0.0002,1.6207,0.4441,0.0004,0.0538,0.3008,0.0864,0.0030,
101.6280,60,1,ok,0,1,0.4194,0.0008,0.0000,0.4180,0.0005,0.0537,0.2754,0.0857,0.0031,
101.6280,61,1,ok,0,1,0.4183,0.0005,0.0000,0.4173,0.0005,0.0536,0.2753,0.0848,0.0035,
101.6280,62,1,ok,0,1,0.4192,0.0009,0.0000,0.4177,0.0005,0.0536,0.2756,0.0849,0.0036,
101.6280,63,1,ok,0,1,0.4178,0.0013,0.0000,0.4159,0.0005,0.0533,0.2748,0.0847,0.0031,
101.6280,64,1,ok,0,1,0.4194,0.0012,0.0000,0.4176,0.0006,0.0538,0.2755,0.0848,0.0033,
101.6280,65,1,ok,0,1,0.4182,0.0009,0.0000,0.4167,0.0006,0.0539,0.2752,0.0845,0.0030,
101.6280,66,1,ok,0,1,0.6833,0.0010,0.2637,0.4182,0.0004,0.0544,0.2755,0.0849,0.0035,
101.6280,67,1,ok,0,1,1.0830,0.0009,0.6632,0.4185,0.0004,0.0544,0.2759,0.0849,0.0034,
101.6280,68,1,ok,0,1,1.2817,0.0005,0.8587,0.4221,0.0004,0.0545,0.2785,0.0855,0.0036,
101.6280,69,1,ok,0,1,1.5191,0.0011,1.0966,0.4210,0.0004,0.0541,0.2778,0.0855,0.0036,
101.6280,70,1,ok,0,1,1.8022,0.0005,1.3787,0.4226,0.0004,0.0541,0.2789,0.0861,0.0035,
101.6280,71,1,ok,0,1,0.5375,0.0014,0.1104,0.4253,0.0004,0.0545,0.2810,0.0860,0.0038,
101.6280,72,1,ok,0,1,0.4204,0.0003,0.0000,0.4196,0.0005,0.0555,0.2757,0.0852,0.0031,
101.6280,73,1,ok,0,1,0.6155,0.0007,0.1967,0.4178,0.0004,0.0542,0.2757,0.0846,0.0032,
101.6280,74,1,ok,0,1,0.4326,0.0007,0.0000,0.4314,0.0004,0.0529,0.2869,0.0880,0.0036,
101.6280,75,1,ok,0,1,0.5699,0.0010,0.1343,0.4343,0.0004,0.0536,0.2894,0.0879,0.0033,
101.6280,76,1,ok,0,1,0.4198,0.0009,0.0000,0.4184,0.0005,0.0540,0.2764,0.0849,0.0030,
101.6280,77,1,ok,0,1,0.4778,0.0011,0.0562,0.4202,0.0004,0.0551,0.2768,0.0848,0.0034,
101.6280,78,1,ok,0,1,0.7323,0.0009,0.2952,0.4358,0.0005,0.0540,0.2912,0.0874,0.0031,
101.6280,79,1,ok,0,1,1.0211,0.0009,0.5642,0.4555,0.0004,0.0536,0.3077,0.0911,0.0032,
101.6280,80,1,ok,0,1,1.0004,0.0010,0.5336,0.4655,0.0004,0.0542,0.3147,0.0925,0.0040,
101.6280,81,1,ok,0,1,1.2836,0.0021,0.8185,0.4627,0.0004,0.0536,0.3137,0.0918,0.0036,
101.6280,82,1,ok,0,1,1.2254,0.0003,0.7647,0.4600,0.0004,0.0534,0.3133,0.0901,0.0031,
101.6280,83,1,ok,0,1,0.4201,0.0010,0.0000,0.4186,0.0004,0.0542,0.2762,0.0851,0.0031,
101.6280,84,1,ok,0,1,0.5525,0.0006,0.1185,0.4330,0.0004,0.0538,0.2879,0.0875,0.0037,
101.6280,85,1,ok,0,1,0.8646,0.0002,0.4062,0.4579,0.0004,0.0529,0.3087,0.0929,0.0034,
101.6280,86,1,ok,0,1,0.4191,0.0015,0.0000,0.4170,0.0005,0.0539,0.2751,0.0846,0.0033,
101.6280,87,1,ok,0,1,0.4205,0.0007,0.0000,0.4194,0.0004,0.0540,0.2767,0.0850,0.0036,
101.6280,88,1,ok,0,1,0.7845,0.0007,0.3636,0.4198,0.0004,0.0543,0.2769,0.0850,0.0035,
101.6280,89,1,ok,0,1,1.2177,0.0003,0.7557,0.4613,0.0004,0.0529,0.3135,0.0917,0.0033,
101.6280,90,1,ok,0,1,1.6160,0.0009,1.1482,0.4665,0.0004,0.0533,0.3188,0.0917,0.0026,
101.6280,91,1,ok,0,1,1.5058,0.0009,1.0321,0.4724,0.0004,0.0541,0.3205,0.0936,0.0042,
101.6280,92,1,ok,0,1,1.0362,0.0015,0.5771,0.4571,0.0004,0.0535,0.3088,0.0914,0.0035,
101.6280,93,1,ok,0,1,1.1747,0.0004,0.7120,0.4620,0.0004,0.0538,0.3127,0.0922,0.0033,
101.6280,94,1,ok,0,1,1.5955,0.0008,1.1352,0.4591,0.0004,0.0537,0.3106,0.0917,0.0032,
101.6280,95,1,ok,0,1,1.7734,0.0005,1.3112,0.4612,0.0004,0.0538,0.3109,0.0934,0.0031,
101.6280,96,1,ok,0,1,0.4251,0.0012,0.0000,0.4234,0.0005,0.0531,0.2799,0.0862,0.0041,
101.6280,97,1,ok,0,1,0.4203,0.0007,0.0000,0.4192,0.0005,0.0540,0.2771,0.0851,0.0029,
101.6280,98,1,ok,0,1,0.4196,0.0015,0.0000,0.4175,0.0006,0.0542,0.2756,0.0847,0.0029,
101.6280,99,1,ok,0,1,0.4196,0.0016,0.0000,0.4175,0.0005,0.0535,0.2755,0.0848,0.0036,
101.6280,100,1,ok,0,1,0.8617,0.0010,0.4118,0.4485,0.0004,0.0530,0.3029,0.0896,0.0030,
101.6280,101,1,ok,0,1,0.5596,0.0013,0.1074,0.4506,0.0004,0.0539,0.3043,0.0893,0.0030,
101.6280,102,1,ok,0,1,0.4475,0.0011,0.0000,0.4460,0.0004,0.0519,0.3036,0.0873,0.0032,
101.6280,103,1,ok,0,1,0.4474,0.0011,0.0000,0.4458,0.0004,0.0516,0.3003,0.0906,0.0032,
101.6280,104,1,ok,0,1,0.7163,0.0013,0.2629,0.4517,0.0004,0.0544,0.3031,0.0908,0.0034,
101.6280,105,1,ok,0,1,0.5601,0.0010,0.1105,0.4483,0.0004,0.0536,0.3012,0.0903,0.0032,
101.6280,106,1,ok,0,1,0.9380,0.0004,0.4900,0.4473,0.0004,0.0539,0.2997,0.0903,0.0034,
101.6280,107,1,ok,0,1,1.0580,0.0014,0.5998,0.4565,0.0003,0.0535,0.3064,0.0928,0.0037,
101.6280,108,1,ok,0,1,1.1720,0.0010,0.7001,0.4706,0.0004,0.0528,0.3210,0.0939,0.0027,
101.6280,109,1,ok,0,1,0.4262,0.0013,0.0000,0.4244,0.0004,0.0530,0.2808,0.0865,0.0041,
101.6280,110,1,ok,0,1,0.4194,0.0006,0.0000,0.4184,0.0005,0.0538,0.2762,0.0849,0.0034,
101.6280,111,1,ok,0,1,0.6798,0.0005,0.2385,0.4404,0.0004,0.0533,0.2943,0.0894,0.0034,
101.6280,112,1,ok,0,1,0.7104,0.0004,0.2694,0.4402,0.0004,0.0538,0.2939,0.0889,0.0035,
101.6280,113,1,ok,0,1,1.0314,0.0005,0.5937,0.4368,0.0004,0.0541,0.2905,0.0885,0.0037,
101.6280,114,1,ok,0,1,0.4244,0.0010,0.0000,0.4229,0.0005,0.0538,0.2793,0.0862,0.0036,
101.6280,115,1,ok,0,1,0.4217,0.0015,0.0000,0.4197,0.0005,0.0537,0.2768,0.0856,0.0035,
101.6280,116,1,ok,0,1,0.6345,0.0017,0.2108,0.4216,0.0004,0.0550,0.2777,0.0851,0.0039,
101.6280,117,1,ok,0,1,0.4600,0.0008,0.0323,0.4265,0.0004,0.0541,0.2824,0.0866,0.0033,
101.6280,118,1,ok,0,1,0.4344,0.0009,0.0000,0.4330,0.0004,0.0526,0.2889,0.0882,0.0032,
101.6280,119,1,ok,0,1,0.7740,0.0003,0.3361,0.4372,0.0004,0.0539,0.2921,0.0884,0.0028,
101.6280,120,1,ok,0,1,0.4184,0.0005,0.0000,0.4175,0.0004,0.0532,0.2762,0.0849,0.0032,
101.6280,121,1,ok,0,1,0.4220,0.0010,0.0000,0.4206,0.0004,0.0531,0.2790,0.0853,0.0031,
101.6280,122,1,ok,0,1,0.4209,0.0005,0.0000,0.4199,0.0005,0.0540,0.2768,0.0852,0.0039,
101.6280,123,1,ok,0,1,0.4222,0.0019,0.0000,0.4198,0.0005,0.0535,0.2781,0.0854,0.0028,
101.6280,124,1,ok,0,1,0.8467,0.0016,0.4203,0.4244,0.0004,0.0546,0.2804,0.0861,0.0033,
101.6280,125,1,ok,0,1,1.0408,0.0007,0.6146,0.4251,0.0004,0.0548,0.2808,0.0862,0.0033,
101.6280,126,1,ok,0,1,1.5118,0.0003,1.0290,0.4822,0.0004,0.0521,0.3251,0.1016,0.0034,
101.6280,127,1,ok,0,1,0.4555,0.0006,0.0000,0.4545,0.0004,0.0517,0.3064,0.0925,0.0038,
101.6280,128,1,ok,0,1,0.4295,0.0011,0.0000,0.4279,0.0005,0.0533,0.2837,0.0872,0.0036,
101.6280,129,1,ok,0,1,0.4199,0.0013,0.0000,0.4180,0.0005,0.0533,0.2764,0.0849,0.0033,
101.6280,130,1,ok,0,1,0.6255,0.0008,0.2021,0.4222,0.0004,0.0541,0.2789,0.0856,0.0036,
101.6280,131,1,ok,0,1,1.0730,0.0008,0.5895,0.4823,0.0004,0.0522,0.3243,0.1027,0.0031,
101.6280,132,1,ok,0,1,0.4218,0.0014,0.0000,0.4199,0.0005,0.0536,0.2778,0.0854,0.0031,
101.6280,133,1,ok,0,1,0.4199,0.0017,0.0000,0.4177,0.0004,0.0533,0.2762,0.0849,0.0032,
101.6280,134,1,ok,0,1,0.8424,0.0021,0.3650,0.4750,0.0004,0.0524,0.3229,0.0968,0.0028,
101.6280,135,1,ok,0,1,0.9599,0.0014,0.4481,0.5100,0.0004,0.0522,0.3477,0.1063,0.0037,
101.6280,136,1,ok,0,1,1.4213,0.0002,0.9174,0.5033,0.0004,0.0534,0.3455,0.1013,0.0032,
101.6280,137,1,ok,0,1,1.0907,0.0009,0.5764,0.5130,0.0004,0.0530,0.3511,0.1058,0.0031,
101.6280,138,1,ok,0,1,0.7535,0.0008,0.2328,0.5195,0.0004,0.0531,0.3580,0.1056,0.0028,
101.6280,139,1,ok,0,1,1.1869,0.0008,0.6715,0.5141,0.0004,0.0534,0.3516,0.1062,0.0029,
101.6280,140,1,ok,0,1,1.3121,0.0011,0.8050,0.5056,0.0004,0.0532,0.3487,0.0996,0.0041,
101.6280,141,1,ok,0,1,1.3391,0.0008,0.8401,0.4978,0.0004,0.0528,0.3411,0.1006,0.0032,
101.6280,142,1,ok,0,1,1.6733,0.0004,1.1569,0.5157,0.0003,0.0525,0.3527,0.1077,0.0029,
101.6280,143,1,ok,0,1,0.9642,0.0018,0.4559,0.5061,0.0004,0.0529,0.3463,0.1038,0.0030,
101.6280,144,1,ok,0,1,1.1612,0.0005,0.6389,0.5214,0.0004,0.0530,0.3565,0.1084,0.0034,
101.6280,145,1,ok,0,1,1.5463,0.0006,1.0201,0.5253,0.0004,0.0527,0.3597,0.1095,0.0033,
101.6280,146,1,ok,0,1,1.6032,0.0007,1.0881,0.5140,0.0004,0.0536,0.3527,0.1047,0.0029,
101.6280,147,1,ok,0,1,1.3398,0.0008,0.8295,0.5091,0.0004,0.0531,0.3474,0.1046,0.0040,
101.6280,148,1,ok,0,1,1.7256,0.0004,1.2068,0.5180,0.0004,0.0523,0.3535,0.1089,0.0033,
101.6280,149,1,ok,0,1,2.0132,0.0010,1.5041,0.5077,0.0004,0.0533,0.3478,0.1036,0.0030,
101.6280,150,1,ok,0,1,0.4224,0.0027,0.0000,0.4192,0.0006,0.0536,0.2766,0.0849,0.0040,
101.6280,151,1,ok,0,1,0.4198,0.0013,0.0000,0.4180,0.0005,0.0535,0.2764,0.0849,0.0032,
101.6280,152,1,ok,0,1,0.5039,0.0005,0.0790,0.4240,0.0004,0.0545,0.2794,0.0857,0.0044,
101.6280,153,1,ok,0,1,0.5989,0.0017,0.0719,0.5249,0.0004,0.0512,0.3611,0.1090,0.0036,
101.6280,154,1,ok,0,1,1.0544,0.0007,0.5221,0.5313,0.0004,0.0531,0.3646,0.1107,0.0029,
101.6280,155,1,ok,0,1,1.4128,0.0007,0.9035,0.5082,0.0004,0.0536,0.3477,0.1037,0.0032,
101.6280,156,1,ok,0,1,1.6815,0.0004,1.1688,0.5120,0.0004,0.0532,0.3509,0.1049,0.0030,
101.6280,157,1,ok,0,1,1.6623,0.0015,1.1561,0.5043,0.0004,0.0529,0.3455,0.1027,0.0031,
101.6280,158,1,ok,0,1,2.0123,0.0014,1.5065,0.5041,0.0004,0.0533,0.3446,0.1030,0.0032,
101.6280,159,1,ok,0,1,2.3854,0.0008,1.8647,0.5195,0.0004,0.0532,0.3552,0.1077,0.0034,
101.6280,160,1,ok,0,1,2.8626,0.0005,2.3414,0.5204,0.0003,0.0531,0.3565,0.1080,0.0028,
101.6280,161,1,ok,0,1,2.7927,0.0013,2.2726,0.5185,0.0004,0.0538,0.3539,0.1064,0.0043,
101.6280,162,1,ok,0,1,3.1564,0.0011,2.6381,0.5168,0.0004,0.0529,0.3542,0.1064,0.0033,
101.6280,163,1,ok,0,1,2.2872,0.0009,1.7631,0.5228,0.0004,0.0528,0.3588,0.1083,0.0028,
101.6280,164,1,ok,0,1,1.6367,0.0014,1.1266,0.5083,0.0004,0.0540,0.3507,0.1003,0.0033,
101.6280,165,1,ok,0,1,2.0866,0.0002,1.5931,0.4929,0.0004,0.0531,0.3384,0.0989,0.0025,
101.6280,166,1,ok,0,1,2.4305,0.0011,1.9250,0.5040,0.0004,0.0531,0.3448,0.1026,0.0034,
101.6280,167,1,ok,0,1,2.2846,0.0007,1.7771,0.5064,0.0004,0.0533,0.3473,0.1028,0.0030,
101.6280,168,1,ok,0,1,2.6497,0.0016,2.1407,0.5071,0.0004,0.0528,0.3466,0.1045,0.0032,
101.6280,169,1,ok,0,1,3.0864,0.0010,2.5650,0.5201,0.0004,0.0531,0.3560,0.1070,0.0039,
101.6280,170,1,ok,0,1,1.9878,0.0015,1.4664,0.5195,0.0003,0.0532,0.3545,0.1076,0.0042,
101.6280,171,1,ok,0,1,2.0179,0.0006,1.4875,0.5294,0.0004,0.0527,0.3622,0.1114,0.0030,
101.6280,172,1,ok,0,1,2.1499,0.0003,1.6398,0.5094,0.0004,0.0532,0.3496,0.1032,0.0034,
101.6280,173,1,ok,0,1,1.7617,0.0016,1.2419,0.5178,0.0004,0.0531,0.3539,0.1072,0.0036,
101.6280,174,1,ok,0,1,1.3204,0.0004,0.7885,0.5312,0.0003,0.0528,0.3634,0.1119,0.0031,
101.6280,175,1,ok,0,1,1.7056,0.0009,1.1948,0.5095,0.0004,0.0529,0.3482,0.1046,0.0036,
101.6280,176,1,ok,0,1,2.1685,0.0009,1.6445,0.5228,0.0004,0.0531,0.3567,0.1088,0.0042,
101.6280,177,1,ok,0,1,2.3575,0.0013,1.8343,0.5216,0.0003,0.0529,0.3569,0.1087,0.0031,
101.6280,178,1,ok,0,1,2.5484,0.0011,2.0312,0.5158,0.0003,0.0532,0.3530,0.1063,0.0033,
101.6280,179,1,ok,0,1,2.7035,0.0011,2.1758,0.5262,0.0004,0.0534,0.3600,0.1090,0.0037,
101.6280,180,1,ok,0,1,2.4685,0.0012,1.9313,0.5356,0.0004,0.0523,0.3667,0.1129,0.0037,
101.6280,181,1,ok,0,1,2.3254,0.0007,1.8072,0.5171,0.0003,0.0530,0.3539,0.1071,0.0031,
101.6280,182,1,ok,0,1,0.4216,0.0011,0.0000,0.4200,0.0004,0.0537,0.2772,0.0856,0.0034,
101.6280,183,1,ok,0,1,0.8686,0.0002,0.3602,0.5078,0.0004,0.0515,0.3457,0.1069,0.0036,
101.6280,184,1,ok,0,1,1.0927,0.0004,0.5640,0.5279,0.0004,0.0526,0.3599,0.1121,0.0032,
101.6280,185,1,ok,0,1,1.3910,0.0009,0.8471,0.5426,0.0004,0.0538,0.3723,0.1127,0.0039,
101.6280,186,1,ok,0,1,0.7386,0.0007,0.2225,0.5151,0.0003,0.0533,0.3531,0.1055,0.0032,
101.6280,187,1,ok,0,1,1.0930,0.0013,0.5686,0.5228,0.0003,0.0534,0.3577,0.1083,0.0034,
101.6280,188,1,ok,0,1,1.4869,0.0021,0.9664,0.5180,0.0004,0.0533,0.3543,0.1070,0.0033,
101.6280,189,1,ok,0,1,1.6600,0.0020,1.1333,0.5243,0.0004,0.0531,0.3588,0.1094,0.0029,
101.6280,190,1,ok,0,1,1.8675,0.0007,1.3358,0.5306,0.0004,0.0535,0.3624,0.1112,0.0034,
101.6280,191,1,ok,0,1,2.2049,0.0003,1.6744,0.5297,0.0004,0.0534,0.3637,0.1100,0.0027,
101.6280,192,1,ok,0,1,2.5558,0.0003,2.0349,0.5202,0.0004,0.0530,0.3560,0.1077,0.0035,
101.6280,193,1,ok,0,1,1.5612,0.0006,1.0395,0.5207,0.0004,0.0529,0.3566,0.1076,0.0037,
101.6280,194,1,ok,0,1,1.7296,0.0005,1.2151,0.5137,0.0004,0.0532,0.3515,0.1058,0.0032,
101.6280,195,1,ok,0,1,1.0980,0.0007,0.5624,0.5345,0.0004,0.0526,0.3659,0.1127,0.0032,
101.6280,196,1,ok,0,1,1.1652,0.0008,0.6253,0.5387,0.0004,0.0531,0.3690,0.1132,0.0033,
101.6280,197,1,ok,0,1,1.6758,0.0003,1.1342,0.5409,0.0004,0.0534,0.3741,0.1092,0.0042,
101.6280,198,1,ok,0,1,0.4667,0.0006,0.0000,0.4655,0.0005,0.0514,0.3172,0.0932,0.0036,
101.6280,199,1,ok,0,1,0.4216,0.0011,0.0000,0.4200,0.0005,0.0539,0.2768,0.0856,0.0036,
101.6280,200,1,ok,0,1,0.4198,0.0008,0.0000,0.4185,0.0005,0.0538,0.2757,0.0848,0.0042,
101.6280,201,1,ok,0,1,0.4195,0.0011,0.0000,0.4179,0.0006,0.0535,0.2757,0.0849,0.0038,
101.6280,202,1,ok,0,1,0.4211,0.0025,0.0000,0.4181,0.0005,0.0535,0.2760,0.0849,0.0037,
101.6280,203,1,ok,0,1,0.7338,0.0005,0.3133,0.4196,0.0004,0.0547,0.2770,0.0849,0.0030,
101.6280,204,1,ok,0,1,0.7849,0.0006,0.3407,0.4433,0.0004,0.0536,0.2965,0.0897,0.0035,
101.6280,205,1,ok,0,1,1.1051,0.0019,0.6411,0.4618,0.0004,0.0535,0.3119,0.0923,0.0041,
101.6280,206,1,ok,0,1,1.2776,0.0020,0.8005,0.4747,0.0003,0.0539,0.3226,0.0942,0.0040,
101.6280,207,1,ok,0,1,1.7039,0.0005,1.2414,0.4616,0.0004,0.0532,0.3124,0.0924,0.0036,
101.6280,208,1,ok,0,1,1.8980,0.0007,1.4220,0.4750,0.0004,0.0532,0.3224,0.0951,0.0042,
101.6280,209,1,ok,0,1,0.4226,0.0016,0.0000,0.4206,0.0005,0.0545,0.2770,0.0852,0.0038,
123.4054,0,0,ok,0,1,0.4213,0.0016,0.0000,0.4191,0.0006,0.0540,0.2766,0.0849,0.0035,
123.4054,1,0,ok,0,1,0.8307,0.0006,0.4085,0.4212,0.0005,0.0546,0.2778,0.0853,0.0034,
123.4054,2,0,ok,0,1,1.1004,0.0005,0.6738,0.4257,0.0004,0.0552,0.2805,0.0860,0.0040,
123.4054,3,0,ok,0,1,1.4054,0.0009,0.9767,0.4274,0.0004,0.0542,0.2834,0.0869,0.0029,
123.4054,4,0,ok,0,1,1.1923,0.0004,0.7567,0.4350,0.0003,0.0545,0.2883,0.0880,0.0041,
123.4054,5,0,ok,0,1,1.1223,0.0007,0.6426,0.4786,0.0004,0.0530,0.3227,0.0987,0.0041,
123.4054,6,0,ok,0,1,0.5528,0.0012,0.0382,0.5131,0.0004,0.0526,0.3505,0.1065,0.0035,
123.4054,7,0,ok,0,1,1.0213,0.0004,0.5082,0.5123,0.0004,0.0535,0.3496,0.1056,0.0036,
123.4054,8,0,ok,0,1,1.2659,0.0023,0.7525,0.5107,0.0004,0.0541,0.3497,0.1035,0.0033,
123.4054,9,0,ok,0,1,1.7616,0.0017,1.2495,0.5100,0.0004,0.0538,0.3483,0.1043,0.0037,
123.4054,10,1,ok,0,1,2.1524,0.0020,1.6397,0.5103,0.0004,0.0536,0.3489,0.1037,0.0041,
123.4054,11,1,ok,0,1,2.3213,0.0007,1.8095,0.5107,0.0004,0.0535,0.3495,0.1039,0.0038,
123.4054,12,1,ok,0,1,2.8076,0.0018,2.3064,0.4990,0.0004,0.0536,0.3415,0.1005,0.0033,
123.4054,13,1,ok,0,1,3.2168,0.0013,2.6985,0.5167,0.0004,0.0530,0.3535,0.1071,0.0030,
123.4054,14,1,ok,0,1,3.2252,0.0014,2.7052,0.5182,0.0004,0.0537,0.3530,0.1074,0.0041,
123.4054,15,1,ok,0,1,3.3509,0.0005,2.8418,0.5082,0.0004,0.0533,0.3486,0.1030,0.0032,
123.4054,16,1,ok,0,1,3.7310,0.0008,3.2291,0.5008,0.0004,0.0532,0.3447,0.0986,0.0042,
123.4054,17,1,ok,0,1,3.7950,0.0012,3.2972,0.4962,0.0004,0.0531,0.3378,0.1016,0.0037,
123.4054,18,1,ok,0,1,3.4923,0.0009,2.9881,0.5029,0.0004,0.0531,0.3433,0.1025,0.0040,
123.4054,19,1,ok,0,1,3.9973,0.0009,3.4883,0.5077,0.0004,0.0529,0.3474,0.1035,0.0039,
123.4054,20,1,ok,0,1,3.7140,0.0006,3.1998,0.5132,0.0004,0.0536,0.3508,0.1056,0.0032,
123.4054,21,1,ok,0,1,3.6479,0.0013,3.1304,0.5159,0.0004,0.0531,0.3536,0.1065,0.0027,
123.4054,22,1,ok,0,1,3.9630,0.0004,3.4454,0.5169,0.0004,0.0536,0.3542,0.1059,0.0031,
123.4054,23,1,ok,0,1,4.3959,0.0004,3.8805,0.5147,0.0004,0.0535,0.3515,0.1066,0.0031,
123.4054,24,1,ok,0,1,3.3836,0.0014,2.8623,0.5196,0.0004,0.0536,0.3559,0.1070,0.0029,
123.4054,25,1,ok,0,1,3.7089,0.0011,3.1830,0.5244,0.0004,0.0537,0.3584,0.1088,0.0035,
123.4054,26,1,ok,0,1,4.1819,0.0010,3.6606,0.5198,0.0004,0.0540,0.3564,0.1058,0.0036,
123.4054,27,1,ok,0,1,4.6448,0.0002,4.1322,0.5120,0.0004,0.0533,0.3501,0.1048,0.0037,
123.4054,28,1,ok,0,1,4.2484,0.0024,3.7281,0.5176,0.0004,0.0535,0.3557,0.1050,0.0035,
123.4054,29,1,ok,0,1,4.3067,0.0010,3.7975,0.5079,0.0004,0.0535,0.3473,0.1035,0.0035,
123.4054,30,1,ok,0,1,4.0185,0.0010,3.5055,0.5115,0.0004,0.0533,0.3498,0.1048,0.0036,
123.4054,31,1,ok,0,1,3.9039,0.0011,3.3813,0.5211,0.0004,0.0531,0.3588,0.1059,0.0033,
123.4054,32,1,ok,0,1,4.0548,0.0014,3.5289,0.5241,0.0004,0.0535,0.3574,0.1094,0.0038,
123.4054,33,1,ok,0,1,2.8199,0.0018,2.2948,0.5229,0.0003,0.0536,0.3580,0.1080,0.0034,
123.4054,34,1,ok,0,1,3.1056,0.0004,2.5882,0.5166,0.0004,0.0534,0.3523,0.1075,0.0034,
123.4054,35,1,ok,0,1,3.2395,0.0005,2.7147,0.5240,0.0003,0.0538,0.3598,0.1066,0.0038,
123.4054,36,1,ok,0,1,2.8946,0.0006,2.3791,0.5145,0.0004,0.0536,0.3522,0.1054,0.0033,
123.4054,37,1,ok,0,1,2.9409,0.0003,2.4257,0.5145,0.0004,0.0534,0.3517,0.1057,0.0036,
123.4054,38,1,ok,0,1,2.4989,0.0012,1.9779,0.5194,0.0004,0.0535,0.3540,0.1081,0.0037,
123.4054,39,1,ok,0,1,2.6147,0.0011,2.0791,0.5342,0.0004,0.0534,0.3646,0.1129,0.0032,
123.4054,40,1,ok,0,1,2.5435,0.0009,2.0209,0.5212,0.0004,0.0535,0.3562,0.1081,0.0034,
123.4054,41,1,ok,0,1,3.0587,0.0003,2.5204,0.5377,0.0003,0.0524,0.3694,0.1125,0.0035,
123.4054,42,1,ok,0,1,3.4558,0.0008,2.9322,0.5225,0.0004,0.0529,0.3556,0.1103,0.0037,
123.4054,43,1,ok,0,1,3.8127,0.0010,3.2888,0.5226,0.0004,0.0529,0.3564,0.1101,0.0032,
123.4054,44,1,ok,0,1,4.2993,0.0008,3.7716,0.5266,0.0004,0.0541,0.3606,0.1088,0.0031,
123.4054,45,1,ok,0,1,4.6939,0.0009,4.1696,0.5231,0.0004,0.0537,0.3568,0.1086,0.0040,
123.4054,46,1,ok,0,1,5.1632,0.0003,4.6419,0.5207,0.0004,0.0534,0.3557,0.1083,0.0032,
123.4054,47,1,ok,0,1,5.5238,0.0012,5.0037,0.5185,0.0004,0.0537,0.3542,0.1069,0.0037,
123.4054,48,1,ok,0,1,5.5499,0.0009,5.0319,0.5166,0.0004,0.0533,0.3533,0.1062,0.0038,
123.4054,49,1,ok,0,1,5.8647,0.0007,5.3285,0.5351,0.0004,0.0529,0.3654,0.1134,0.0034,
123.4054,50,1,ok,0,1,6.1708,0.0022,5.6378,0.5305,0.0004,0.0539,0.3612,0.1108,0.0046,
123.4054,51,1,ok,0,1,6.5771,0.0011,6.0554,0.5203,0.0004,0.0530,0.3556,0.1082,0.0035,
123.4054,52,1,ok,0,1,6.9359,0.0003,6.4258,0.5094,0.0004,0.0534,0.3478,0.1042,0.0040,
123.4054,53,1,ok,0,1,6.1237,0.0006,5.5938,0.5289,0.0004,0.0530,0.3611,0.1111,0.0037,
123.4054,54,1,ok,0,1,6.1377,0.0008,5.6152,0.5213,0.0004,0.0533,0.3564,0.1083,0.0031,
123.4054,55,1,ok,0,1,6.1997,0.0010,5.6800,0.5184,0.0004,0.0534,0.3548,0.1070,0.0033,
123.4054,56,1,ok,0,1,6.6263,0.0009,6.1076,0.5174,0.0004,0.0532,0.3533,0.1078,0.0030,
123.4054,57,1,ok,0,1,6.5157,0.0009,5.9904,0.5240,0.0004,0.0532,0.3581,0.1095,0.0033,
123.4054,58,1,ok,0,1,6.9527,0.0003,6.4286,0.5234,0.0004,0.0532,0.3571,0.1091,0.0040,
123.4054,59,1,ok,0,1,7.2490,0.0004,6.7202,0.5280,0.0004,0.0537,0.3621,0.1091,0.0030,
123.4054,60,1,ok,0,1,5.5559,0.0007,5.0319,0.5229,0.0004,0.0536,0.3580,0.1080,0.0032,
123.4054,61,1,ok,0,1,5.5859,0.0007,5.0585,0.5264,0.0004,0.0531,0.3592,0.1104,0.0036,
123.4054,62,1,ok,0,1,5.7127,0.0006,5.1895,0.5221,0.0005,0.0535,0.3563,0.1086,0.0037,
123.4054,63,1,ok,0,1,5.6755,0.0002,5.1514,0.5234,0.0004,0.0532,0.3598,0.1072,0.0032,
123.4054,64,1,ok,0,1,5.2946,0.0012,4.7746,0.5185,0.0004,0.0533,0.3546,0.1070,0.0034,
123.4054,65,1,ok,0,1,5.0910,0.0019,4.5654,0.5234,0.0004,0.0539,0.3587,0.1077,0.0031,
123.4054,66,1,ok,0,1,5.4943,0.0007,4.9639,0.5293,0.0005,0.0535,0.3610,0.1111,0.0036,
123.4054,67,1,ok,0,1,6.0052,0.0009,5.4775,0.5264,0.0004,0.0529,0.3624,0.1076,0.0035,
123.4054,68,1,ok,0,1,6.3466,0.0009,5.8200,0.5252,0.0004,0.0536,0.3587,0.1091,0.0037,
123.4054,69,1,ok,0,1,6.7162,0.0015,6.1935,0.5207,0.0004,0.0535,0.3564,0.1071,0.0037,
123.4054,70,1,ok,0,1,7.1160,0.0006,6.6004,0.5146,0.0004,0.0531,0.3513,0.1067,0.0036,
123.4054,71,1,ok,0,1,6.2726,0.0008,5.7232,0.5483,0.0004,0.0529,0.3702,0.1212,0.0039,
123.4054,72,1,ok,0,1,5.8048,0.0003,5.2560,0.5481,0.0004,0.0532,0.3757,0.1161,0.0031,
123.4054,73,1,ok,0,1,6.1594,0.0009,5.6202,0.5379,0.0004,0.0536,0.3661,0.1148,0.0033,
123.4054,74,1,ok,0,1,6.1930,0.0004,5.6409,0.5513,0.0004,0.0535,0.3814,0.1126,0.0037,
123.4054,75,1,ok,0,1,6.4692,0.0011,5.9472,0.5206,0.0004,0.0533,0.3556,0.1083,0.0034,
123.4054,76,1,ok,0,1,5.7956,0.0010,5.2722,0.5220,0.0004,0.0532,0.3571,0.1086,0.0030,
123.4054,77,1,ok,0,1,6.0360,0.0009,5.4962,0.5386,0.0004,0.0528,0.3680,0.1142,0.0035,
123.4054,78,1,ok,0,1,6.4128,0.0005,5.8859,0.5260,0.0004,0.0529,0.3596,0.1102,0.0032,
123.4054,79,1,ok,0,1,6.8201,0.0010,6.2742,0.5445,0.0004,0.0536,0.3730,0.1145,0.0033,
123.4054,80,1,ok,0,1,6.9553,0.0009,6.4185,0.5355,0.0004,0.0541,0.3653,0.1118,0.0042,
123.4054,81,1,ok,0,1,7.3560,0.0008,6.8063,0.5485,0.0004,0.0531,0.3766,0.1147,0.0040,
123.4054,82,1,ok,0,1,7.4573,0.0003,6.9286,0.5280,0.0004,0.0531,0.3612,0.1105,0.0032,
123.4054,83,1,ok,0,1,6.8810,0.0015,6.3467,0.5323,0.0004,0.0540,0.3655,0.1096,0.0033,
123.4054,84,1,ok,0,1,7.1542,0.0010,6.6321,0.5206,0.0004,0.0530,0.3559,0.1077,0.0039,
123.4054,85,1,ok,0,1,7.5515,0.0009,7.0330,0.5172,0.0004,0.0531,0.3537,0.1067,0.0036,
123.4054,86,1,ok,0,1,5.1511,0.0004,4.6307,0.5196,0.0004,0.0535,0.3542,0.1084,0.0035,
123.4054,87,1,ok,0,1,5.3236,0.0004,4.8043,0.5184,0.0004,0.0531,0.3545,0.1069,0.0038,
123.4054,88,1,ok,0,1,5.8191,0.0015,5.2758,0.5414,0.0004,0.0523,0.3698,0.1157,0.0036,
123.4054,89,1,ok,0,1,6.3183,0.0002,5.7954,0.5223,0.0004,0.0538,0.3572,0.1079,0.0034,
123.4054,90,1,ok,0,1,6.7954,0.0009,6.2610,0.5331,0.0004,0.0528,0.3646,0.1131,0.0027,
123.4054,91,1,ok,0,1,6.8440,0.0020,6.3133,0.5283,0.0004,0.0540,0.3605,0.1096,0.0042,
123.4054,92,1,ok,0,1,6.6042,0.0006,6.0798,0.5234,0.0004,0.0530,0.3581,0.1090,0.0033,
123.4054,93,1,ok,0,1,6.8833,0.0005,6.3370,0.5454,0.0004,0.0536,0.3737,0.1146,0.0034,
123.4054,94,1,ok,0,1,7.3931,0.0007,6.8507,0.5413,0.0004,0.0537,0.3706,0.1138,0.0032,
123.4054,95,1,ok,0,1,7.7084,0.0004,7.1590,0.5486,0.0004,0.0534,0.3740,0.1181,0.0031,
123.4054,96,1,ok,0,1,5.5514,0.0016,5.0072,0.5421,0.0004,0.0535,0.3700,0.1144,0.0042,
123.4054,97,1,ok,0,1,5.7266,0.0012,5.1840,0.5410,0.0004,0.0528,0.3717,0.1135,0.0029,
123.4054,98,1,ok,0,1,4.5532,0.0010,4.0029,0.5489,0.0004,0.0538,0.3775,0.1146,0.0030,
123.4054,99,1,ok,0,1,4.1236,0.0005,3.5941,0.5286,0.0004,0.0534,0.3614,0.1100,0.0037,
123.4054,100,1,ok,0,1,4.6468,0.0010,4.1170,0.5284,0.0004,0.0533,0.3615,0.1104,0.0032,
123.4054,101,1,ok,0,1,4.5451,0.0006,4.0260,0.5180,0.0004,0.0543,0.3543,0.1064,0.0030,
123.4054,102,1,ok,0,1,4.5041,0.0008,3.9877,0.5152,0.0004,0.0537,0.3528,0.1054,0.0033,
123.4054,103,1,ok,0,1,4.6722,0.0010,4.1287,0.5421,0.0004,0.0529,0.3692,0.1168,0.0032,
123.4054,104,1,ok,0,1,5.0670,0.0003,4.5210,0.5452,0.0004,0.0540,0.3739,0.1139,0.0034,
123.4054,105,1,ok,0,1,5.0974,0.0011,4.5678,0.5281,0.0004,0.0534,0.3603,0.1111,0.0032,
123.4054,106,1,ok,0,1,5.5599,0.0007,5.0392,0.5196,0.0004,0.0539,0.3564,0.1059,0.0035,
123.4054,107,1,ok,0,1,5.8336,0.0006,5.2820,0.5507,0.0004,0.0529,0.3731,0.1210,0.0037,
123.4054,108,1,ok,0,1,6.0761,0.0011,5.5385,0.5360,0.0004,0.0533,0.3681,0.1119,0.0027,
123.4054,109,1,ok,0,1,5.1096,0.0014,4.5796,0.5283,0.0004,0.0537,0.3608,0.1096,0.0041,
123.4054,110,1,ok,0,1,4.6206,0.0022,4.0930,0.5250,0.0004,0.0530,0.3591,0.1093,0.0035,
123.4054,111,1,ok,0,1,5.0024,0.0008,4.4712,0.5301,0.0004,0.0536,0.3626,0.1104,0.0035,
123.4054,112,1,ok,0,1,5.1950,0.0007,4.6642,0.5298,0.0004,0.0534,0.3612,0.1115,0.0037,
123.4054,113,1,ok,0,1,5.6324,0.0002,5.0991,0.5326,0.0004,0.0536,0.3632,0.1120,0.0037,
123.4054,114,1,ok,0,1,4.9848,0.0011,4.4462,0.5372,0.0004,0.0527,0.3659,0.1149,0.0036,
123.4054,115,1,ok,0,1,4.5316,0.0006,3.9902,0.5404,0.0004,0.0534,0.3688,0.1147,0.0034,
123.4054,116,1,ok,0,1,4.8939,0.0006,4.3587,0.5342,0.0004,0.0536,0.3634,0.1133,0.0039,
123.4054,117,1,ok,0,1,4.9440,0.0002,4.3983,0.5450,0.0004,0.0534,0.3751,0.1132,0.0033,
123.4054,118,1,ok,0,1,5.0144,0.0009,4.4865,0.5266,0.0004,0.0531,0.3600,0.1102,0.0031,
123.4054,119,1,ok,0,1,5.4648,0.0005,4.9333,0.5306,0.0004,0.0540,0.3625,0.1113,0.0028,
123.4054,120,1,ok,0,1,5.3118,0.0011,4.7648,0.5455,0.0004,0.0531,0.3724,0.1168,0.0032,
123.4054,121,1,ok,0,1,5.4739,0.0007,4.9342,0.5386,0.0004,0.0531,0.3674,0.1150,0.0031,
123.4054,122,1,ok,0,1,5.2781,0.0007,4.7400,0.5369,0.0004,0.0533,0.3651,0.1147,0.0039,
123.4054,123,1,ok,0,1,5.4372,0.0008,4.9098,0.5262,0.0004,0.0530,0.3610,0.1094,0.0028,
123.4054,124,1,ok,0,1,5.9760,0.0005,5.4364,0.5387,0.0004,0.0539,0.3666,0.1149,0.0033,
123.4054,125,1,ok,0,1,6.3227,0.0016,5.7839,0.5368,0.0004,0.0536,0.3674,0.1125,0.0033,
123.4054,126,1,ok,0,1,6.8356,0.0002,6.3129,0.5221,0.0004,0.0532,0.3564,0.1091,0.0033,
123.4054,127,1,ok,0,1,6.0919,0.0009,5.5480,0.5426,0.0004,0.0525,0.3711,0.1153,0.0037,
123.4054,128,1,ok,0,1,5.6073,0.0012,5.0650,0.5408,0.0004,0.0537,0.3716,0.1118,0.0036,
123.4054,129,1,ok,0,1,5.2801,0.0006,4.7404,0.5387,0.0004,0.0535,0.3674,0.1144,0.0033,
123.4054,130,1,ok,0,1,5.6479,0.0012,5.1002,0.5461,0.0004,0.0535,0.3765,0.1124,0.0036,
123.4054,131,1,ok,0,1,6.1407,0.0003,5.6186,0.5214,0.0004,0.0537,0.3562,0.1084,0.0031,
123.4054,132,1,ok,0,1,5.6344,0.0021,5.1157,0.5161,0.0004,0.0537,0.3537,0.1056,0.0031,
123.4054,133,1,ok,0,1,4.7291,0.0012,4.2055,0.5222,0.0004,0.0536,0.3566,0.1087,0.0033,
123.4054,134,1,ok,0,1,5.2154,0.0008,4.6848,0.5294,0.0004,0.0536,0.3616,0.1114,0.0028,
123.4054,135,1,ok,0,1,5.4186,0.0008,4.8911,0.5264,0.0004,0.0537,0.3593,0.1096,0.0037,
123.4054,136,1,ok,0,1,5.9232,0.0010,5.3827,0.5391,0.0004,0.0534,0.3692,0.1132,0.0032,
123.4054,137,1,ok,0,1,5.7575,0.0008,5.2273,0.5290,0.0004,0.0541,0.3619,0.1099,0.0031,
123.4054,138,1,ok,0,1,5.5755,0.0011,5.0506,0.5235,0.0004,0.0536,0.3592,0.1078,0.0029,
123.4054,139,1,ok,0,1,6.0483,0.0004,5.5083,0.5392,0.0004,0.0530,0.3697,0.1136,0.0029,
123.4054,140,1,ok,0,1,6.2614,0.0008,5.7340,0.5263,0.0004,0.0540,0.3579,0.1103,0.0040,
123.4054,141,1,ok,0,1,6.4139,0.0013,5.8721,0.5402,0.0004,0.0532,0.3690,0.1147,0.0033,
123.4054,142,1,ok,0,1,6.8037,0.0011,6.2631,0.5392,0.0004,0.0537,0.3700,0.1125,0.0029,
123.4054,143,1,ok,0,1,6.3405,0.0012,5.8015,0.5373,0.0006,0.0542,0.3671,0.1130,0.0031,
123.4054,144,1,ok,0,1,6.5999,0.0020,6.0710,0.5265,0.0004,0.0540,0.3617,0.1073,0.0035,
123.4054,145,1,ok,0,1,6.9979,0.0006,6.4836,0.5133,0.0004,0.0535,0.3513,0.1051,0.0034,
123.4054,146,1,ok,0,1,7.1419,0.0021,6.6190,0.5205,0.0004,0.0538,0.3561,0.1076,0.0029,
123.4054,147,1,ok,0,1,7.0373,0.0011,6.5043,0.5315,0.0004,0.0535,0.3626,0.1114,0.0040,
123.4054,148,1,ok,0,1,7.4611,0.0002,6.9279,0.5326,0.0004,0.0523,0.3659,0.1111,0.0033,
123.4054,149,1,ok,0,1,7.8097,0.0008,7.2787,0.5297,0.0004,0.0536,0.3621,0.1110,0.0031,
123.4054,150,1,ok,0,1,5.7524,0.0010,5.2179,0.5332,0.0004,0.0533,0.3634,0.1125,0.0040,
123.4054,151,1,ok,0,1,5.7782,0.0004,5.2418,0.5356,0.0004,0.0529,0.3646,0.1148,0.0032,
123.4054,152,1,ok,0,1,6.0318,0.0006,5.4974,0.5335,0.0004,0.0542,0.3633,0.1116,0.0043,
123.4054,153,1,ok,0,1,6.2191,0.0004,5.6769,0.5414,0.0004,0.0534,0.3695,0.1149,0.0036,
123.4054,154,1,ok,0,1,6.7037,0.0009,6.1556,0.5469,0.0004,0.0534,0.3770,0.1136,0.0029,
123.4054,155,1,ok,0,1,7.1075,0.0005,6.5795,0.5271,0.0004,0.0540,0.3592,0.1106,0.0032,
123.4054,156,1,ok,0,1,7.4373,0.0008,6.9061,0.5301,0.0004,0.0531,0.3615,0.1125,0.0030,
123.4054,157,1,ok,0,1,7.5462,0.0008,7.0050,0.5400,0.0004,0.0533,0.3666,0.1170,0.0031,
123.4054,158,1,ok,0,1,7.9714,0.0011,7.4181,0.5517,0.0006,0.0543,0.3787,0.1153,0.0032,
123.4054,159,1,ok,0,1,8.3922,0.0003,7.8501,0.5413,0.0004,0.0536,0.3691,0.1151,0.0034,
123.4054,160,1,ok,0,1,8.8821,0.0008,8.3556,0.5253,0.0004,0.0541,0.3623,0.1060,0.0028,
123.4054,161,1,ok,0,1,8.9237,0.0014,8.3958,0.5261,0.0004,0.0540,0.3582,0.1095,0.0043,
123.4054,162,1,ok,0,1,9.3211,0.0002,8.7971,0.5234,0.0004,0.0529,0.3589,0.1082,0.0034,
123.4054,163,1,ok,0,1,8.7108,0.0011,8.1734,0.5360,0.0004,0.0532,0.3678,0.1121,0.0028,
123.4054,164,1,ok,0,1,8.2799,0.0013,7.7549,0.5233,0.0004,0.0537,0.3571,0.1091,0.0034,
123.4054,165,1,ok,0,1,8.7842,0.0007,8.2435,0.5397,0.0004,0.0534,0.3692,0.1145,0.0025,
123.4054,166,1,ok,0,1,9.1837,0.0008,8.6512,0.5313,0.0004,0.0542,0.3638,0.1098,0.0035,
123.4054,167,1,ok,0,1,9.1704,0.0013,8.6449,0.5237,0.0004,0.0537,0.3581,0.1089,0.0030,
123.4054,168,1,ok,0,1,9.5747,0.0011,9.0520,0.5211,0.0004,0.0531,0.3565,0.1083,0.0032,
123.4054,169,1,ok,0,1,10.0432,0.0003,9.5054,0.5371,0.0004,0.0534,0.3664,0.1134,0.0039,
123.4054,170,1,ok,0,1,9.2304,0.0015,8.7089,0.5196,0.0004,0.0533,0.3543,0.1078,0.0041,
123.4054,171,1,ok,0,1,9.3348,0.0006,8.8183,0.5156,0.0004,0.0529,0.3536,0.1059,0.0031,
123.4054,172,1,ok,0,1,9.5384,0.0009,9.0228,0.5144,0.0004,0.0533,0.3510,0.1066,0.0034,
123.4054,173,1,ok,0,1,9.3117,0.0007,8.7912,0.5193,0.0004,0.0544,0.3544,0.1070,0.0036,
123.4054,174,1,ok,0,1,9.0390,0.0005,8.5101,0.5280,0.0004,0.0535,0.3609,0.1105,0.0031,
123.4054,175,1,ok,0,1,9.4769,0.0006,8.9357,0.5402,0.0004,0.0530,0.3675,0.1161,0.0036,
123.4054,176,1,ok,0,1,9.9554,0.0002,9.4271,0.5277,0.0004,0.0535,0.3604,0.1097,0.0040,
123.4054,177,1,ok,0,1,10.2149,0.0004,9.6809,0.5332,0.0004,0.0537,0.3671,0.1094,0.0031,
123.4054,178,1,ok,0,1,10.4570,0.0015,9.9456,0.5095,0.0004,0.0535,0.3487,0.1041,0.0033,
123.4054,179,1,ok,0,1,10.6660,0.0009,10.1501,0.5146,0.0004,0.0540,0.3510,0.1059,0.0037,
123.4054,180,1,ok,0,1,10.5678,0.0006,10.0304,0.5363,0.0004,0.0527,0.3644,0.1154,0.0037,
123.4054,181,1,ok,0,1,10.5538,0.0014,10.0224,0.5296,0.0004,0.0532,0.3624,0.1109,0.0031,
123.4054,182,1,ok,0,1,9.0637,0.0020,8.5363,0.5251,0.0004,0.0538,0.3574,0.1104,0.0034,
123.4054,183,1,ok,0,1,9.5320,0.0007,9.0126,0.5184,0.0004,0.0533,0.3544,0.1071,0.0035,
123.4054,184,1,ok,0,1,9.8099,0.0009,9.2807,0.5280,0.0004,0.0529,0.3602,0.1116,0.0032,
123.4054,185,1,ok,0,1,10.1361,0.0007,9.6077,0.5274,0.0004,0.0540,0.3624,0.1072,0.0037,
123.4054,186,1,ok,0,1,9.6961,0.0006,9.1738,0.5214,0.0004,0.0532,0.3566,0.1083,0.0032,
123.4054,187,1,ok,0,1,10.0733,0.0011,9.5561,0.5158,0.0004,0.0534,0.3524,0.1065,0.0034,
123.4054,188,1,ok,0,1,10.4959,0.0007,9.9700,0.5249,0.0004,0.0538,0.3579,0.1097,0.0034,
123.4054,189,1,ok,0,1,10.7294,0.0021,10.2044,0.5225,0.0004,0.0536,0.3578,0.1081,0.0030,
123.4054,190,1,ok,0,1,10.9895,0.0009,10.4620,0.5262,0.0004,0.0530,0.3618,0.1079,0.0035,
123.4054,191,1,ok,0,1,11.3633,0.0004,10.8303,0.5321,0.0004,0.0536,0.3634,0.1122,0.0028,
123.4054,192,1,ok,0,1,11.7452,0.0010,11.2226,0.5213,0.0004,0.0536,0.3562,0.1080,0.0035,
123.4054,193,1,ok,0,1,11.0101,0.0019,10.4950,0.5128,0.0004,0.0531,0.3507,0.1053,0.0037,
123.4054,194,1,ok,0,1,11.2527,0.0007,10.7248,0.5268,0.0004,0.0530,0.3590,0.1116,0.0032,
123.4054,195,1,ok,0,1,10.8148,0.0010,10.2911,0.5224,0.0004,0.0532,0.3566,0.1093,0.0033,
123.4054,196,1,ok,0,1,10.9463,0.0009,10.4254,0.5197,0.0004,0.0534,0.3567,0.1063,0.0033,
123.4054,197,1,ok,0,1,11.4385,0.0008,10.9203,0.5170,0.0004,0.0541,0.3531,0.1057,0.0041,
123.4054,198,1,ok,0,1,8.4471,0.0006,7.9180,0.5281,0.0004,0.0524,0.3598,0.1124,0.0035,
123.4054,199,1,ok,0,1,8.0978,0.0005,7.5675,0.5294,0.0004,0.0539,0.3639,0.1081,0.0034,
123.4054,200,1,ok,0,1,6.9238,0.0015,6.4074,0.5145,0.0004,0.0533,0.3513,0.1058,0.0040,
123.4054,201,1,ok,0,1,6.1668,0.0011,5.6544,0.5109,0.0004,0.0532,0.3496,0.1043,0.0038,
123.4054,202,1,ok,0,1,5.7631,0.0010,5.2476,0.5141,0.0004,0.0535,0.3507,0.1062,0.0036,
123.4054,203,1,ok,0,1,6.1836,0.0005,5.6741,0.5085,0.0004,0.0535,0.3478,0.1043,0.0030,
123.4054,204,1,ok,0,1,6.3748,0.0007,5.8597,0.5141,0.0004,0.0536,0.3516,0.1053,0.0035,
123.4054,205,1,ok,0,1,6.7799,0.0010,6.2569,0.5216,0.0004,0.0534,0.3571,0.1071,0.0040,
123.4054,206,1,ok,0,1,7.0597,0.0010,6.5297,0.5286,0.0004,0.0536,0.3608,0.1102,0.0039,
123.4054,207,1,ok,0,1,7.5519,0.0008,7.0295,0.5212,0.0004,0.0536,0.3590,0.1051,0.0035,
123.4054,208,1,ok,0,1,7.8368,0.0006,7.3197,0.5161,0.0004,0.0535,0.3529,0.1056,0.0042,
123.4054,209,1,ok,0,1,6.3048,0.0010,5.7838,0.5197,0.0004,0.0533,0.3548,0.1078,0.0037,
145.1829,0,0,ok,0,1,0.4227,0.0009,0.0000,0.4212,0.0006,0.0537,0.2784,0.0857,0.0034,
145.1829,1,0,ok,0,1,0.8394,0.0007,0.4115,0.4267,0.0005,0.0543,0.2825,0.0866,0.0033,
145.1829,2,0,ok,0,1,1.2189,0.0011,0.7054,0.5120,0.0004,0.0516,0.3472,0.1092,0.0039,
145.1829,3,0,ok,0,1,1.6293,0.0019,1.1126,0.5144,0.0004,0.0528,0.3520,0.1067,0.0029,
145.1829,4,0,ok,0,1,1.5965,0.0005,1.0777,0.5180,0.0004,0.0539,0.3532,0.1068,0.0040,
145.1829,5,0,ok,0,1,1.6434,0.0020,1.1279,0.5131,0.0004,0.0535,0.3506,0.1051,0.0040,
145.1829,6,0,ok,0,1,1.2552,0.0006,0.7224,0.5319,0.0004,0.0529,0.3628,0.1127,0.0034,
145.1829,7,0,ok,0,1,1.7433,0.0011,1.2165,0.5252,0.0004,0.0534,0.3587,0.1096,0.0035,
145.1829,8,0,ok,0,1,2.0405,0.0006,1.5162,0.5233,0.0004,0.0538,0.3581,0.1082,0.0032,
145.1829,9,0,ok,0,1,2.5633,0.0003,2.0277,0.5349,0.0004,0.0534,0.3643,0.1137,0.0035,
145.1829,10,1,ok,0,1,3.0017,0.0006,2.4608,0.5400,0.0004,0.0530,0.3701,0.1129,0.0040,
145.1829,11,1,ok,0,1,3.2381,0.0011,2.7097,0.5270,0.0004,0.0531,0.3586,0.1116,0.0037,
145.1829,12,1,ok,0,1,3.7516,0.0011,3.2259,0.5242,0.0003,0.0539,0.3598,0.1073,0.0032,
145.1829,13,1,ok,0,1,4.1882,0.0010,3.6590,0.5278,0.0004,0.0529,0.3638,0.1081,0.0030,
145.1829,14,1,ok,0,1,4.2832,0.0008,3.7537,0.5283,0.0004,0.0536,0.3606,0.1101,0.0039,
145.1829,15,1,ok,0,1,4.4904,0.0005,3.9574,0.5322,0.0004,0.0533,0.3634,0.1124,0.0031,
145.1829,16,1,ok,0,1,4.9093,0.0018,4.3857,0.5214,0.0004,0.0536,0.3568,0.1069,0.0041,
145.1829,17,1,ok,0,1,5.0598,0.0003,4.5413,0.5178,0.0004,0.0536,0.3555,0.1050,0.0036,
145.1829,18,1,ok,0,1,4.8904,0.0011,4.3736,0.5153,0.0004,0.0532,0.3511,0.1072,0.0038,
145.1829,19,1,ok,0,1,5.4014,0.0006,4.8872,0.5133,0.0004,0.0529,0.3506,0.1061,0.0037,
145.1829,20,1,ok,0,1,5.2388,0.0006,4.7235,0.5143,0.0004,0.0538,0.3518,0.1055,0.0031,
145.1829,21,1,ok,0,1,5.2645,0.0008,4.7430,0.5203,0.0004,0.0535,0.3559,0.1083,0.0027,
145.1829,22,1,ok,0,1,5.6188,0.0010,5.0917,0.5258,0.0004,0.0539,0.3592,0.1097,0.0030,
145.1829,23,1,ok,0,1,6.0588,0.0003,5.5487,0.5095,0.0004,0.0542,0.3486,0.1035,0.0032,
145.1829,24,1,ok,0,1,5.2776,0.0009,4.7555,0.5208,0.0004,0.0536,0.3566,0.1076,0.0030,
145.1829,25,1,ok,0,1,5.6413,0.0016,5.1064,0.5329,0.0004,0.0535,0.3650,0.1109,0.0034,
145.1829,26,1,ok,0,1,6.1105,0.0005,5.6006,0.5091,0.0004,0.0534,0.3482,0.1039,0.0035,
145.1829,27,1,ok,0,1,6.5875,0.0007,6.0679,0.5186,0.0004,0.0532,0.3544,0.1074,0.0036,
145.1829,28,1,ok,0,1,6.3366,0.0012,5.8092,0.5258,0.0004,0.0536,0.3604,0.1084,0.0033,
145.1829,29,1,ok,0,1,6.4671,0.0012,5.9528,0.5126,0.0004,0.0543,0.3503,0.1046,0.0034,
145.1829,30,1,ok,0,1,6.3062,0.0006,5.7864,0.5189,0.0004,0.0533,0.3548,0.1072,0.0035,
145.1829,31,1,ok,0,1,6.3140,0.0015,5.7640,0.5481,0.0004,0.0528,0.3760,0.1161,0.0032,
145.1829,32,1,ok,0,1,6.5189,0.0005,5.9960,0.5220,0.0004,0.0540,0.3566,0.1077,0.0037,
145.1829,33,1,ok,0,1,5.5391,0.0005,5.0239,0.5143,0.0004,0.0532,0.3518,0.1060,0.0033,
145.1829,34,1,ok,0,1,5.8729,0.0013,5.3413,0.5300,0.0004,0.0529,0.3622,0.1115,0.0033,
145.1829,35,1,ok,0,1,6.0561,0.0010,5.5401,0.5147,0.0003,0.0537,0.3512,0.1060,0.0037,
145.1829,36,1,ok,0,1,5.8436,0.0015,5.3237,0.5180,0.0003,0.0529,0.3529,0.1089,0.0032,
145.1829,37,1,ok,0,1,5.9596,0.0004,5.4449,0.5139,0.0004,0.0536,0.3511,0.1057,0.0035,
145.1829,38,1,ok,0,1,5.6560,0.0002,5.1418,0.5136,0.0004,0.0540,0.3509,0.1052,0.0036,
145.1829,39,1,ok,0,1,5.8196,0.0007,5.2993,0.5192,0.0003,0.0531,0.3558,0.1071,0.0031,
145.1829,40,1,ok,0,1,5.8429,0.0018,5.3139,0.5268,0.0003,0.0534,0.3599,0.1103,0.0032,
145.1829,41,1,ok,0,1,6.3513,0.0015,5.8220,0.5274,0.0003,0.0537,0.3601,0.1103,0.0033,
145.1829,42,1,ok,0,1,6.7527,0.0003,6.2441,0.5080,0.0003,0.0531,0.3471,0.1043,0.0034,
145.1829,43,1,ok,0,1,7.1253,0.0003,6.6112,0.5134,0.0004,0.0536,0.3529,0.1038,0.0031,
145.1829,44,1,ok,0,1,7.6044,0.0011,7.0899,0.5131,0.0004,0.0535,0.3511,0.1054,0.0031,
145.1829,45,1,ok,0,1,8.0044,0.0007,7.4942,0.5091,0.0003,0.0538,0.3481,0.1033,0.0039,
145.1829,46,1,ok,0,1,8.4646,0.0010,7.9594,0.5038,0.0003,0.0529,0.3452,0.1026,0.0031,
145.1829,47,1,ok,0,1,8.8448,0.0017,8.3283,0.5145,0.0003,0.0540,0.3526,0.1044,0.0035,
145.1829,48,1,ok,0,1,8.9648,0.0009,8.4266,0.5370,0.0003,0.0525,0.3665,0.1143,0.0036,
145.1829,49,1,ok,0,1,9.2918,0.0005,8.7769,0.5141,0.0003,0.0530,0.3511,0.1068,0.0033,
145.1829,50,1,ok,0,1,9.6093,0.0007,9.1001,0.5081,0.0004,0.0537,0.3465,0.1036,0.0043,
145.1829,51,1,ok,0,1,10.0208,0.0007,9.5114,0.5083,0.0003,0.0527,0.3476,0.1046,0.0034,
145.1829,52,1,ok,0,1,10.4054,0.0006,9.8918,0.5127,0.0003,0.0532,0.3493,0.1064,0.0038,
145.1829,53,1,ok,0,1,9.7819,0.0020,9.2632,0.5164,0.0004,0.0536,0.3534,0.1059,0.0035,
145.1829,54,1,ok,0,1,9.8670,0.0011,9.3493,0.5162,0.0004,0.0527,0.3521,0.1083,0.0030,
145.1829,55,1,ok,0,1,9.9967,0.0006,9.4782,0.5176,0.0004,0.0531,0.3543,0.1070,0.0032,
145.1829,56,1,ok,0,1,10.4352,0.0002,9.9190,0.5156,0.0004,0.0538,0.3527,0.1062,0.0029,
145.1829,57,1,ok,0,1,10.4135,0.0008,9.8947,0.5177,0.0004,0.0536,0.3555,0.1054,0.0032,
145.1829,58,1,ok,0,1,10.8622,0.0002,10.3396,0.5221,0.0004,0.0535,0.3572,0.1075,0.0039,
145.1829,59,1,ok,0,1,11.1797,0.0008,10.6642,0.5144,0.0003,0.0539,0.3520,0.1056,0.0030,
145.1829,60,1,ok,0,1,9.8209,0.0010,9.2948,0.5248,0.0003,0.0533,0.3582,0.1102,0.0031,
145.1829,61,1,ok,0,1,9.9228,0.0014,9.3973,0.5237,0.0003,0.0535,0.3572,0.1096,0.0035,
145.1829,62,1,ok,0,1,10.1017,0.0011,9.5853,0.5150,0.0003,0.0539,0.3537,0.1038,0.0036,
145.1829,63,1,ok,0,1,10.1476,0.0012,9.6236,0.5224,0.0004,0.0530,0.3565,0.1098,0.0031,
145.1829,64,1,ok,0,1,9.9089,0.0010,9.3818,0.5258,0.0003,0.0533,0.3598,0.1094,0.0033,
145.1829,65,1,ok,0,1,9.8046,0.0009,9.2898,0.5136,0.0003,0.0538,0.3517,0.1051,0.0030,
145.1829,66,1,ok,0,1,10.2030,0.0006,9.6965,0.5056,0.0003,0.0536,0.3462,0.1024,0.0035,
145.1829,67,1,ok,0,1,10.6914,0.0012,10.1884,0.5015,0.0003,0.0530,0.3434,0.1017,0.0034,
145.1829,68,1,ok,0,1,11.0579,0.0009,10.5339,0.5227,0.0003,0.0529,0.3548,0.1114,0.0036,
145.1829,69,1,ok,0,1,11.4641,0.0003,10.9288,0.5347,0.0004,0.0534,0.3657,0.1118,0.0036,
145.1829,70,1,ok,0,1,11.8946,0.0004,11.3658,0.5281,0.0004,0.0531,0.3631,0.1084,0.0034,
145.1829,71,1,ok,0,1,11.2330,0.0011,10.7103,0.5213,0.0003,0.0539,0.3556,0.1080,0.0038,
145.1829,72,1,ok,0,1,10.8824,0.0002,10.3688,0.5129,0.0004,0.0532,0.3515,0.1051,0.0030,
145.1829,73,1,ok,0,1,11.2373,0.0003,10.7259,0.5107,0.0003,0.0537,0.3492,0.1045,0.0032,
145.1829,74,1,ok,0,1,11.3021,0.0008,10.7961,0.5048,0.0004,0.0537,0.3456,0.1020,0.0036,
145.1829,75,1,ok,0,1,11.6098,0.0011,11.0929,0.5155,0.0003,0.0528,0.3534,0.1060,0.0033,
145.1829,76,1,ok,0,1,11.1088,0.0008,10.5925,0.5152,0.0003,0.0531,0.3531,0.1060,0.0030,
145.1829,77,1,ok,0,1,11.3775,0.0007,10.8544,0.5220,0.0004,0.0538,0.3565,0.1084,0.0034,
145.1829,78,1,ok,0,1,11.7679,0.0007,11.2496,0.5173,0.0003,0.0532,0.3545,0.1064,0.0031,
145.1829,79,1,ok,0,1,12.1659,0.0009,11.6500,0.5146,0.0003,0.0538,0.3521,0.1055,0.0032,
145.1829,80,1,ok,0,1,12.3534,0.0010,11.8243,0.5278,0.0003,0.0541,0.3598,0.1100,0.0039,
145.1829,81,1,ok,0,1,12.7493,0.0003,12.2272,0.5215,0.0003,0.0533,0.3582,0.1064,0.0036,
145.1829,82,1,ok,0,1,12.9000,0.0009,12.3853,0.5134,0.0004,0.0532,0.3520,0.1051,0.0031,
145.1829,83,1,ok,0,1,12.4803,0.0019,11.9554,0.5227,0.0003,0.0538,0.3565,0.1092,0.0031,
145.1829,84,1,ok,0,1,12.7897,0.0008,12.2688,0.5197,0.0003,0.0537,0.3556,0.1066,0.0038,
145.1829,85,1,ok,0,1,13.1984,0.0007,12.6867,0.5106,0.0003,0.0535,0.3492,0.1045,0.0035,
145.1829,86,1,ok,0,1,11.2248,0.0006,10.7154,0.5084,0.0003,0.0539,0.3476,0.1036,0.0034,
145.1829,87,1,ok,0,1,11.4357,0.0006,10.9298,0.5050,0.0003,0.0534,0.3453,0.1026,0.0037,
145.1829,88,1,ok,0,1,11.9009,0.0004,11.3960,0.5042,0.0003,0.0531,0.3452,0.1023,0.0035,
145.1829,89,1,ok,0,1,12.3929,0.0005,11.8804,0.5115,0.0004,0.0533,0.3486,0.1063,0.0033,
145.1829,90,1,ok,0,1,12.8658,0.0018,12.3431,0.5205,0.0004,0.0534,0.3562,0.1082,0.0026,
145.1829,91,1,ok,0,1,12.9796,0.0003,12.4574,0.5215,0.0003,0.0535,0.3564,0.1075,0.0041,
145.1829,92,1,ok,0,1,12.8467,0.0005,12.3300,0.5158,0.0004,0.0530,0.3522,0.1073,0.0033,
145.1829,93,1,ok,0,1,13.1319,0.0011,12.6190,0.5115,0.0003,0.0535,0.3494,0.1052,0.0033,
145.1829,94,1,ok,0,1,13.6258,0.0011,13.1036,0.5206,0.0003,0.0537,0.3556,0.1081,0.0032,
145.1829,95,1,ok,0,1,13.9598,0.0011,13.4261,0.5323,0.0004,0.0536,0.3669,0.1087,0.0031,
145.1829,96,1,ok,0,1,12.1745,0.0010,11.6642,0.5090,0.0003,0.0533,0.3478,0.1038,0.0041,
145.1829,97,1,ok,0,1,12.3897,0.0007,11.8626,0.5261,0.0003,0.0528,0.3611,0.1092,0.0029,
145.1829,98,1,ok,0,1,11.4399,0.0009,10.9246,0.5140,0.0003,0.0540,0.3519,0.1053,0.0029,
145.1829,99,1,ok,0,1,11.1449,0.0008,10.6243,0.5195,0.0004,0.0538,0.3549,0.1072,0.0036,
145.1829,100,1,ok,0,1,11.6576,0.0011,11.1390,0.5171,0.0003,0.0536,0.3542,0.1063,0.0030,
145.1829,101,1,ok,0,1,11.6633,0.0004,11.1301,0.5324,0.0003,0.0540,0.3662,0.1092,0.0030,
145.1829,102,1,ok,0,1,11.7112,0.0003,11.1898,0.5206,0.0004,0.0529,0.3557,0.1087,0.0033,
145.1829,103,1,ok,0,1,11.9151,0.0005,11.3924,0.5218,0.0004,0.0531,0.3546,0.1109,0.0032,
145.1829,104,1,ok,0,1,12.3141,0.0008,11.7860,0.5269,0.0004,0.0538,0.3598,0.1099,0.0034,
145.1829,105,1,ok,0,1,12.4242,0.0002,11.8906,0.5331,0.0003,0.0533,0.3655,0.1111,0.0032,
145.1829,106,1,ok,0,1,12.9047,0.0005,12.3748,0.5290,0.0004,0.0534,0.3631,0.1090,0.0034,
145.1829,107,1,ok,0,1,13.1823,0.0011,12.6678,0.5130,0.0004,0.0540,0.3504,0.1049,0.0037,
145.1829,108,1,ok,0,1,13.4497,0.0005,12.9320,0.5169,0.0003,0.0536,0.3549,0.1056,0.0027,
145.1829,109,1,ok,0,1,12.6990,0.0010,12.1778,0.5197,0.0004,0.0534,0.3549,0.1073,0.0041,
145.1829,110,1,ok,0,1,12.3567,0.0003,11.8364,0.5195,0.0004,0.0534,0.3564,0.1063,0.0034,
145.1829,111,1,ok,0,1,12.7413,0.0002,12.2301,0.5106,0.0004,0.0536,0.3495,0.1040,0.0034,
145.1829,112,1,ok,0,1,12.9747,0.0005,12.4539,0.5199,0.0003,0.0532,0.3556,0.1076,0.0035,
145.1829,113,1,ok,0,1,13.6203,0.0003,12.8930,0.7265,0.0004,0.3585,0.2776,0.0865,0.0038,
145.1829,114,1,ok,0,1,13.0750,0.0002,12.6127,0.4617,0.0004,0.0527,0.3102,0.0951,0.0037,
145.1829,115,1,ok,0,1,12.7251,0.0006,12.2296,0.4945,0.0004,0.0521,0.3368,0.1022,0.0035,
145.1829,116,1,ok,0,1,13.1124,0.0006,12.5780,0.5334,0.0004,0.0519,0.3597,0.1178,0.0039,
145.1829,117,1,ok,0,1,13.2355,0.0011,12.6903,0.5437,0.0004,0.0547,0.3743,0.1113,0.0033,
145.1829,118,1,ok,0,1,13.3816,0.0010,12.8464,0.5338,0.0004,0.0522,0.3677,0.1106,0.0032,
145.1829,119,1,ok,0,1,13.8447,0.0007,13.3124,0.5312,0.0003,0.0531,0.3635,0.1119,0.0028,
145.1829,120,1,ok,0,1,13.7688,0.0013,13.2492,0.5178,0.0004,0.0533,0.3543,0.1069,0.0034,
145.1829,121,1,ok,0,1,13.9716,0.0018,13.4466,0.5229,0.0003,0.0520,0.3607,0.1070,0.0032,
145.1829,122,1,ok,0,1,13.8684,0.0014,13.3471,0.5196,0.0003,0.0531,0.3546,0.1080,0.0039,
145.1829,123,1,ok,0,1,14.0765,0.0012,13.5549,0.5201,0.0004,0.0528,0.3569,0.1076,0.0028,
145.1829,124,1,ok,0,1,14.5977,0.0010,14.0753,0.5210,0.0004,0.0531,0.3569,0.1077,0.0034,
145.1829,125,1,ok,0,1,14.9715,0.0003,14.4355,0.5354,0.0004,0.0531,0.3685,0.1105,0.0033,
145.1829,126,1,ok,0,1,15.4835,0.0003,14.9631,0.5197,0.0004,0.0525,0.3543,0.1094,0.0034,
145.1829,127,1,ok,0,1,14.9042,0.0003,14.3895,0.5140,0.0004,0.0529,0.3519,0.1054,0.0038,
145.1829,128,1,ok,0,1,14.5424,0.0016,14.0307,0.5097,0.0004,0.0530,0.3484,0.1047,0.0037,
145.1829,129,1,ok,0,1,14.3345,0.0012,13.8048,0.5281,0.0004,0.0524,0.3602,0.1121,0.0034,
145.1829,130,1,ok,0,1,14.7009,0.0020,14.1806,0.5179,0.0004,0.0532,0.3548,0.1063,0.0036,
145.1829,131,1,ok,0,1,15.2082,0.0005,14.6757,0.5316,0.0004,0.0525,0.3635,0.1125,0.0031,
145.1829,132,1,ok,0,1,14.8584,0.0014,14.3373,0.5193,0.0004,0.0532,0.3570,0.1059,0.0031,
145.1829,133,1,ok,0,1,14.1689,0.0016,13.6432,0.5238,0.0003,0.0525,0.3575,0.1105,0.0032,
145.1829,134,1,ok,0,1,14.6649,0.0017,14.1302,0.5326,0.0004,0.0534,0.3653,0.1111,0.0028,
145.1829,135,1,ok,0,1,14.9189,0.0011,14.3888,0.5286,0.0004,0.0523,0.3612,0.1112,0.0038,
145.1829,136,1,ok,0,1,15.4171,0.0006,14.8886,0.5275,0.0004,0.0528,0.3613,0.1102,0.0032,
145.1829,137,1,ok,0,1,15.3515,0.0008,14.8255,0.5249,0.0003,0.0532,0.3562,0.1124,0.0031,
145.1829,138,1,ok,0,1,15.2644,0.0009,14.7507,0.5124,0.0003,0.0533,0.3517,0.1047,0.0028,
145.1829,139,1,ok,0,1,15.7380,0.0002,15.2074,0.5301,0.0003,0.0520,0.3656,0.1096,0.0029,
145.1829,140,1,ok,0,1,16.0005,0.0021,15.4695,0.5287,0.0003,0.0534,0.3621,0.1091,0.0040,
145.1829,141,1,ok,0,1,16.1827,0.0009,15.6698,0.5117,0.0003,0.0527,0.3503,0.1053,0.0033,
145.1829,142,1,ok,0,1,16.5726,0.0008,16.0546,0.5168,0.0003,0.0530,0.3548,0.1060,0.0029,
145.1829,143,1,ok,0,1,16.2488,0.0008,15.7208,0.5269,0.0003,0.0534,0.3603,0.1101,0.0031,
145.1829,144,1,ok,0,1,16.5335,0.0008,16.0207,0.5117,0.0003,0.0533,0.3506,0.1042,0.0035,
145.1829,145,1,ok,0,1,16.9436,0.0006,16.4345,0.5082,0.0003,0.0529,0.3481,0.1037,0.0033,
145.1829,146,1,ok,0,1,17.1528,0.0006,16.6228,0.5291,0.0003,0.0528,0.3658,0.1075,0.0030,
145.1829,147,1,ok,0,1,17.1309,0.0008,16.6110,0.5188,0.0003,0.0529,0.3540,0.1079,0.0041,
145.1829,148,1,ok,0,1,17.5507,0.0011,17.0370,0.5122,0.0003,0.0527,0.3513,0.1048,0.0033,
145.1829,149,1,ok,0,1,17.9023,0.0010,17.3953,0.5056,0.0003,0.0533,0.3465,0.1028,0.0030,
145.1829,150,1,ok,0,1,16.2070,0.0007,15.6994,0.5065,0.0004,0.0526,0.3458,0.1041,0.0039,
145.1829,151,1,ok,0,1,16.2886,0.0006,15.7727,0.5150,0.0004,0.0529,0.3526,0.1062,0.0032,
145.1829,152,1,ok,0,1,16.5804,0.0002,16.0502,0.5296,0.0003,0.0534,0.3613,0.1106,0.0043,
145.1829,153,1,ok,0,1,16.8106,0.0014,16.2778,0.5311,0.0003,0.0529,0.3656,0.1091,0.0036,
145.1829,154,1,ok,0,1,17.2732,0.0012,16.7561,0.5156,0.0004,0.0527,0.3554,0.1046,0.0029,
145.1829,155,1,ok,0,1,17.6843,0.0007,17.1674,0.5159,0.0004,0.0527,0.3534,0.1065,0.0033,
145.1829,156,1,ok,0,1,18.0239,0.0005,17.5133,0.5097,0.0003,0.0530,0.3491,0.1047,0.0030,
145.1829,157,1,ok,0,1,18.1949,0.0003,17.6568,0.5374,0.0004,0.0526,0.3682,0.1135,0.0031,
145.1829,158,1,ok,0,1,18.6128,0.0004,18.0864,0.5256,0.0004,0.0534,0.3602,0.1088,0.0032,
145.1829,159,1,ok,0,1,19.0408,0.0018,18.5082,0.5305,0.0003,0.0525,0.3645,0.1100,0.0035,
145.1829,160,1,ok,0,1,19.5209,0.0005,19.0099,0.5102,0.0003,0.0526,0.3491,0.1056,0.0028,
145.1829,161,1,ok,0,1,19.6280,0.0015,19.1073,0.5188,0.0003,0.0535,0.3541,0.1069,0.0042,
145.1829,162,1,ok,0,1,20.0316,0.0003,19.5203,0.5107,0.0003,0.0530,0.3498,0.1045,0.0034,
145.1829,163,1,ok,0,1,19.5776,0.0017,19.0552,0.5204,0.0003,0.0530,0.3546,0.1098,0.0029,
145.1829,164,1,ok,0,1,19.2873,0.0015,18.7646,0.5208,0.0003,0.0532,0.3560,0.1081,0.0034,
145.1829,165,1,ok,0,1,19.7854,0.0011,19.2559,0.5281,0.0003,0.0525,0.3615,0.1116,0.0025,
145.1829,166,1,ok,0,1,20.1910,0.0010,19.6720,0.5176,0.0004,0.0536,0.3547,0.1058,0.0035,
145.1829,167,1,ok,0,1,20.2514,0.0010,19.7332,0.5169,0.0004,0.0528,0.3551,0.1059,0.0030,
145.1829,168,1,ok,0,1,20.6729,0.0005,20.1513,0.5207,0.0004,0.0530,0.3567,0.1078,0.0032,
145.1829,169,1,ok,0,1,21.1389,0.0020,20.6122,0.5242,0.0004,0.0535,0.3586,0.1083,0.0038,
145.1829,170,1,ok,0,1,20.5202,0.0007,20.0052,0.5138,0.0004,0.0536,0.3510,0.1051,0.0041,
145.1829,171,1,ok,0,1,20.6976,0.0007,20.1697,0.5268,0.0004,0.0528,0.3623,0.1085,0.0031,
145.1829,172,1,ok,0,1,20.9586,0.0006,20.4326,0.5250,0.0004,0.0527,0.3621,0.1068,0.0034,
145.1829,173,1,ok,0,1,20.8258,0.0008,20.3233,0.5013,0.0004,0.0531,0.3428,0.1019,0.0036,
145.1829,174,1,ok,0,1,20.6638,0.0006,20.1443,0.5184,0.0005,0.0521,0.3547,0.1084,0.0031,
145.1829,175,1,ok,0,1,21.0807,0.0015,20.5750,0.5038,0.0004,0.0526,0.3450,0.1025,0.0037,
145.1829,176,1,ok,0,1,21.5665,0.0005,21.0381,0.5275,0.0004,0.0524,0.3608,0.1102,0.0041,
145.1829,177,1,ok,0,1,21.8549,0.0008,21.3326,0.5211,0.0004,0.0526,0.3576,0.1077,0.0031,
145.1829,178,1,ok,0,1,22.1457,0.0004,21.6268,0.5180,0.0004,0.0534,0.3540,0.1074,0.0033,
145.1829,179,1,ok,0,1,22.3968,0.0007,21.8849,0.5108,0.0004,0.0535,0.3496,0.1039,0.0037,
145.1829,180,1,ok,0,1,22.3775,0.0007,21.8564,0.5199,0.0004,0.0522,0.3554,0.1085,0.0038,
145.1829,181,1,ok,0,1,22.4317,0.0006,21.9144,0.5163,0.0004,0.0526,0.3533,0.1072,0.0031,
145.1829,182,1,ok,0,1,21.2315,0.0003,20.7182,0.5126,0.0004,0.0532,0.3497,0.1063,0.0034,
145.1829,183,1,ok,0,1,21.7117,0.0006,21.1881,0.5226,0.0004,0.0525,0.3576,0.1090,0.0035,
145.1829,184,1,ok,0,1,22.0075,0.0010,21.4978,0.5083,0.0004,0.0530,0.3486,0.1034,0.0032,
145.1829,185,1,ok,0,1,22.3658,0.0010,21.8353,0.5292,0.0004,0.0527,0.3634,0.1093,0.0038,
145.1829,186,1,ok,0,1,22.0628,0.0013,21.5470,0.5141,0.0004,0.0531,0.3523,0.1054,0.0032,
145.1829,187,1,ok,0,1,22.4625,0.0004,21.9443,0.5174,0.0004,0.0533,0.3534,0.1073,0.0035,
145.1829,188,1,ok,0,1,22.8899,0.0014,22.3740,0.5141,0.0004,0.0548,0.3519,0.1040,0.0034,
145.1829,189,1,ok,0,1,23.1620,0.0010,22.6429,0.5177,0.0005,0.0528,0.3524,0.1095,0.0029,
145.1829,190,1,ok,0,1,23.4522,0.0008,22.9347,0.5162,0.0004,0.0536,0.3529,0.1061,0.0035,
145.1829,191,1,ok,0,1,23.8210,0.0009,23.3164,0.5034,0.0004,0.0534,0.3482,0.0990,0.0028,
145.1829,192,1,ok,0,1,24.2122,0.0013,23.7009,0.5096,0.0004,0.0528,0.3478,0.1054,0.0035,
145.1829,193,1,ok,0,1,23.6624,0.0007,23.1504,0.5109,0.0004,0.0532,0.3507,0.1033,0.0037,
145.1829,194,1,ok,0,1,23.9390,0.0011,23.4194,0.5181,0.0004,0.0528,0.3541,0.1080,0.0032,
145.1829,195,1,ok,0,1,23.6303,0.0009,23.1216,0.5075,0.0004,0.0534,0.3476,0.1032,0.0033,
145.1829,196,1,ok,0,1,23.8237,0.0003,23.2998,0.5233,0.0004,0.0532,0.3561,0.1106,0.0033,
145.1829,197,1,ok,0,1,24.3234,0.0010,23.8013,0.5207,0.0004,0.0528,0.3581,0.1057,0.0040,
145.1829,198,1,ok,0,1,21.8492,0.0012,21.3302,0.5174,0.0004,0.0530,0.3540,0.1069,0.0035,
145.1829,199,1,ok,0,1,21.6254,0.0006,21.1014,0.5229,0.0006,0.0532,0.3570,0.1091,0.0035,
145.1829,200,1,ok,0,1,20.7063,0.0003,20.1896,0.5160,0.0005,0.0535,0.3525,0.1058,0.0041,
145.1829,201,1,ok,0,1,20.1440,0.0004,19.6279,0.5153,0.0004,0.0531,0.3528,0.1056,0.0038,
145.1829,202,1,ok,0,1,19.8716,0.0009,19.3627,0.5076,0.0004,0.0533,0.3484,0.1023,0.0036,
145.1829,203,1,ok,0,1,20.3031,0.0011,19.7954,0.5063,0.0004,0.0537,0.3464,0.1032,0.0030,
145.1829,204,1,ok,0,1,20.5339,0.0010,20.0274,0.5051,0.0004,0.0533,0.3453,0.1030,0.0035,
145.1829,205,1,ok,0,1,20.9466,0.0008,20.4337,0.5117,0.0004,0.0533,0.3481,0.1063,0.0040,
145.1829,206,1,ok,0,1,21.2397,0.0013,20.7335,0.5046,0.0004,0.0529,0.3446,0.1031,0.0039,
145.1829,207,1,ok,0,1,21.7214,0.0004,21.2144,0.5062,0.0004,0.0528,0.3463,0.1035,0.0036,
145.1829,208,1,ok,0,1,22.0401,0.0014,21.5231,0.5152,0.0004,0.0531,0.3519,0.1061,0.0041,
145.1829,209,1,ok,0,1,20.8371,0.0012,20.2947,0.5407,0.0005,0.0526,0.3706,0.1138,0.0037,
133.8520,0,0,ok,0,1,0.4207,0.0012,0.0000,0.4190,0.0006,0.0534,0.2770,0.0851,0.0035,
133.8520,1,0,ok,0,1,0.8703,0.0011,0.4083,0.4604,0.0004,0.0525,0.3105,0.0941,0.0033,
133.8520,2,0,ok,0,1,1.2310,0.0022,0.7239,0.5045,0.0004,0.0525,0.3434,0.1046,0.0039,
133.8520,3,0,ok,0,1,1.6288,0.0012,1.1166,0.5106,0.0004,0.0525,0.3508,0.1043,0.0029,
133.8520,4,0,ok,0,1,1.5606,0.0010,1.0300,0.5292,0.0004,0.0530,0.3610,0.1111,0.0040,
133.8520,5,0,ok,0,1,1.5693,0.0016,1.0529,0.5145,0.0004,0.0532,0.3520,0.1053,0.0040,
133.8520,6,0,ok,0,1,1.0873,0.0021,0.5688,0.5160,0.0004,0.0526,0.3532,0.1068,0.0034,
133.8520,7,0,ok,0,1,1.5712,0.0005,1.0460,0.5243,0.0004,0.0529,0.3585,0.1093,0.0036,
133.8520,8,0,ok,0,1,1.8471,0.0012,1.3244,0.5211,0.0004,0.0535,0.3562,0.1082,0.0032,
133.8520,9,0,ok,0,1,2.3586,0.0018,1.8317,0.5247,0.0004,0.0529,0.3585,0.1097,0.0036,
133.8520,10,1,ok,0,1,2.7657,0.0004,2.2476,0.5173,0.0004,0.0529,0.3554,0.1049,0.0040,
133.8520,11,1,ok,0,1,2.9711,0.0012,2.4490,0.5205,0.0004,0.0524,0.3565,0.1078,0.0038,
133.8520,12,1,ok,0,1,3.4718,0.0003,2.9588,0.5124,0.0004,0.0528,0.3510,0.1053,0.0033,
133.8520,13,1,ok,0,1,3.8953,0.0011,3.3713,0.5225,0.0004,0.0529,0.3578,0.1087,0.0030,
133.8520,14,1,ok,0,1,3.9399,0.0007,3.4241,0.5147,0.0004,0.0536,0.3510,0.1061,0.0040,
133.8520,15,1,ok,0,1,4.0962,0.0003,3.5867,0.5088,0.0003,0.0527,0.3484,0.1046,0.0032,
133.8520,16,1,ok,0,1,4.4973,0.0009,3.9837,0.5124,0.0003,0.0528,0.3497,0.1057,0.0041,
133.8520,17,1,ok,0,1,4.6213,0.0003,4.0981,0.5225,0.0004,0.0531,0.3566,0.1092,0.0036,
133.8520,18,1,ok,0,1,4.4036,0.0005,3.8777,0.5250,0.0004,0.0528,0.3581,0.1101,0.0039,
133.8520,19,1,ok,0,1,4.9116,0.0007,4.3999,0.5105,0.0004,0.0526,0.3512,0.1029,0.0038,
133.8520,20,1,ok,0,1,4.6915,0.0019,4.1750,0.5143,0.0004,0.0531,0.3530,0.1050,0.0032,
133.8520,21,1,ok,0,1,4.6663,0.0010,4.1536,0.5114,0.0004,0.0528,0.3501,0.1058,0.0027,
133.8520,22,1,ok,0,1,4.9957,0.0009,4.4791,0.5154,0.0004,0.0532,0.3550,0.1041,0.0030,
133.8520,23,1,ok,0,1,5.4363,0.0003,4.9197,0.5158,0.0004,0.0553,0.3519,0.1054,0.0032,
133.8520,24,1,ok,0,1,4.5485,0.0005,4.0230,0.5246,0.0004,0.0524,0.3596,0.1096,0.0029,
133.8520,25,1,ok,0,1,4.8835,0.0009,4.3638,0.5185,0.0003,0.0531,0.3552,0.1066,0.0036,
133.8520,26,1,ok,0,1,5.3617,0.0006,4.8393,0.5215,0.0003,0.0532,0.3572,0.1076,0.0035,
133.8520,27,1,ok,0,1,5.8415,0.0011,5.3150,0.5251,0.0003,0.0530,0.3598,0.1086,0.0036,
133.8520,28,1,ok,0,1,5.5149,0.0010,4.9976,0.5160,0.0003,0.0528,0.3544,0.1054,0.0034,
133.8520,29,1,ok,0,1,5.6093,0.0004,5.0996,0.5090,0.0003,0.0531,0.3502,0.1022,0.0034,
133.8520,30,1,ok,0,1,5.3765,0.0009,4.8707,0.5045,0.0004,0.0527,0.3436,0.1046,0.0036,
133.8520,31,1,ok,0,1,5.3174,0.0011,4.7890,0.5270,0.0003,0.0526,0.3604,0.1107,0.0033,
133.8520,32,1,ok,0,1,5.4891,0.0013,4.9717,0.5158,0.0003,0.0538,0.3533,0.1050,0.0037,
133.8520,33,1,ok,0,1,4.3814,0.0013,3.8668,0.5129,0.0003,0.0527,0.3516,0.1054,0.0033,
133.8520,34,1,ok,0,1,4.6906,0.0004,4.1678,0.5220,0.0004,0.0526,0.3566,0.1095,0.0034,
133.8520,35,1,ok,0,1,4.8634,0.0012,4.3295,0.5324,0.0003,0.0535,0.3639,0.1112,0.0037,
133.8520,36,1,ok,0,1,4.5804,0.0014,4.0694,0.5093,0.0003,0.0528,0.3495,0.1037,0.0033,
133.8520,37,1,ok,0,1,4.6682,0.0010,4.1474,0.5195,0.0003,0.0530,0.3552,0.1078,0.0035,
133.8520,38,1,ok,0,1,4.3078,0.0007,3.7807,0.5261,0.0003,0.0532,0.3620,0.1072,0.0036,
133.8520,39,1,ok,0,1,4.4381,0.0013,3.9204,0.5161,0.0004,0.0526,0.3534,0.1069,0.0031,
133.8520,40,1,ok,0,1,4.4051,0.0012,3.8904,0.5132,0.0003,0.0532,0.3516,0.1052,0.0032,
133.8520,41,1,ok,0,1,4.8993,0.0003,4.3838,0.5148,0.0003,0.0537,0.3520,0.1058,0.0034,
133.8520,42,1,ok,0,1,5.2967,0.0006,4.7828,0.5130,0.0003,0.0528,0.3514,0.1053,0.0035,
133.8520,43,1,ok,0,1,5.6511,0.0009,5.1426,0.5073,0.0003,0.0532,0.3477,0.1032,0.0032,
133.8520,44,1,ok,0,1,6.1173,0.0008,5.6131,0.5031,0.0003,0.0531,0.3443,0.1027,0.0030,
133.8520,45,1,ok,0,1,6.5080,0.0012,5.9974,0.5091,0.0003,0.0532,0.3483,0.1037,0.0039,
133.8520,46,1,ok,0,1,6.9753,0.0006,6.4596,0.5147,0.0003,0.0527,0.3528,0.1060,0.0031,
133.8520,47,1,ok,0,1,7.3508,0.0009,6.8284,0.5211,0.0003,0.0537,0.3563,0.1075,0.0036,
133.8520,48,1,ok,0,1,7.4165,0.0012,6.8970,0.5181,0.0003,0.0531,0.3546,0.1066,0.0037,
133.8520,49,1,ok,0,1,7.7378,0.0008,7.2123,0.5238,0.0009,0.0531,0.3582,0.1092,0.0033,
133.8520,50,1,ok,0,1,8.0488,0.0018,7.5288,0.5175,0.0007,0.0546,0.3513,0.1072,0.0044,
133.8520,51,1,ok,0,1,8.4800,0.0016,7.9418,0.5361,0.0004,0.0524,0.3636,0.1166,0.0034,
133.8520,52,1,ok,0,1,8.8558,0.0006,8.3401,0.5146,0.0004,0.0538,0.3526,0.1044,0.0038,
133.8520,53,1,ok,0,1,8.1243,0.0005,7.6185,0.5049,0.0004,0.0534,0.3455,0.1024,0.0035,
133.8520,54,1,ok,0,1,8.1624,0.0007,7.6555,0.5058,0.0004,0.0531,0.3473,0.1024,0.0031,
133.8520,55,1,ok,0,1,8.2483,0.0019,7.7394,0.5065,0.0004,0.0532,0.3469,0.1032,0.0032,
133.8520,56,1,ok,0,1,8.6925,0.0019,8.1622,0.5280,0.0004,0.0526,0.3611,0.1112,0.0030,
133.8520,57,1,ok,0,1,8.6375,0.0011,8.1060,0.5300,0.0004,0.0533,0.3616,0.1119,0.0032,
133.8520,58,1,ok,0,1,9.0881,0.0002,8.5573,0.5301,0.0004,0.0529,0.3638,0.1094,0.0040,
133.8520,59,1,ok,0,1,9.3909,0.0007,8.8735,0.5164,0.0004,0.0551,0.3520,0.1062,0.0030,
133.8520,60,1,ok,0,1,7.8700,0.0007,7.3468,0.5222,0.0003,0.0532,0.3571,0.1087,0.0032,
133.8520,61,1,ok,0,1,7.9263,0.0011,7.4110,0.5139,0.0003,0.0535,0.3520,0.1048,0.0035,
133.8520,62,1,ok,0,1,8.0729,0.0010,7.5603,0.5112,0.0004,0.0535,0.3504,0.1036,0.0036,
133.8520,63,1,ok,0,1,8.0689,0.0012,7.5544,0.5129,0.0004,0.0528,0.3508,0.1061,0.0032,
133.8520,64,1,ok,0,1,7.7576,0.0010,7.2384,0.5178,0.0003,0.0534,0.3547,0.1064,0.0033,
133.8520,65,1,ok,0,1,7.6194,0.0004,7.0865,0.5321,0.0004,0.0531,0.3639,0.1121,0.0030,
133.8520,66,1,ok,0,1,8.0183,0.0005,7.5024,0.5151,0.0004,0.0529,0.3546,0.1040,0.0035,
133.8520,67,1,ok,0,1,8.5277,0.0010,8.0027,0.5237,0.0003,0.0525,0.3585,0.1092,0.0035,
133.8520,68,1,ok,0,1,8.8708,0.0004,8.3574,0.5126,0.0003,0.0531,0.3498,0.1061,0.0036,
133.8520,69,1,ok,0,1,9.2400,0.0011,8.7300,0.5086,0.0003,0.0530,0.3483,0.1035,0.0037,
133.8520,70,1,ok,0,1,9.6363,0.0010,9.1328,0.5021,0.0003,0.0526,0.3440,0.1020,0.0035,
133.8520,71,1,ok,0,1,8.8787,0.0012,8.3517,0.5255,0.0003,0.0528,0.3592,0.1097,0.0038,
133.8520,72,1,ok,0,1,8.4609,0.0012,7.9405,0.5189,0.0003,0.0529,0.3558,0.1071,0.0030,
133.8520,73,1,ok,0,1,8.8161,0.0008,8.2907,0.5242,0.0003,0.0535,0.3585,0.1089,0.0033,
133.8520,74,1,ok,0,1,8.8525,0.0010,8.3375,0.5136,0.0003,0.0537,0.3508,0.1056,0.0036,
133.8520,75,1,ok,0,1,9.1554,0.0011,8.6257,0.5283,0.0004,0.0528,0.3625,0.1097,0.0033,
133.8520,76,1,ok,0,1,8.5796,0.0018,8.0510,0.5265,0.0004,0.0528,0.3595,0.1110,0.0030,
133.8520,77,1,ok,0,1,8.8295,0.0009,8.3035,0.5247,0.0004,0.0537,0.3593,0.1082,0.0034,
133.8520,78,1,ok,0,1,9.2244,0.0011,8.6905,0.5325,0.0003,0.0531,0.3674,0.1089,0.0031,
133.8520,79,1,ok,0,1,9.6119,0.0003,9.0971,0.5141,0.0004,0.0525,0.3532,0.1051,0.0032,
133.8520,80,1,ok,0,1,9.7593,0.0008,9.2417,0.5164,0.0003,0.0531,0.3528,0.1067,0.0039,
133.8520,81,1,ok,0,1,10.1309,0.0004,9.6222,0.5079,0.0003,0.0529,0.3481,0.1032,0.0037,
133.8520,82,1,ok,0,1,10.2458,0.0011,9.7361,0.5083,0.0004,0.0527,0.3484,0.1041,0.0031,
133.8520,83,1,ok,0,1,9.7287,0.0019,9.2214,0.5051,0.0003,0.0537,0.3466,0.1015,0.0032,
133.8520,84,1,ok,0,1,10.0292,0.0007,9.4994,0.5288,0.0003,0.0524,0.3612,0.1114,0.0038,
133.8520,85,1,ok,0,1,10.4517,0.0010,9.9173,0.5331,0.0003,0.0525,0.3657,0.1114,0.0035,
133.8520,86,1,ok,0,1,8.2702,0.0002,7.7589,0.5106,0.0004,0.0527,0.3487,0.1058,0.0034,
133.8520,87,1,ok,0,1,8.4681,0.0013,7.9495,0.5169,0.0004,0.0531,0.3535,0.1066,0.0037,
133.8520,88,1,ok,0,1,8.9529,0.0007,8.4247,0.5272,0.0003,0.0530,0.3610,0.1097,0.0035,
133.8520,89,1,ok,0,1,9.4437,0.0002,8.9311,0.5120,0.0003,0.0536,0.3506,0.1046,0.0033,
133.8520,90,1,ok,0,1,9.8979,0.0013,9.3903,0.5059,0.0003,0.0534,0.3468,0.1031,0.0027,
133.8520,91,1,ok,0,1,9.9771,0.0020,9.4532,0.5215,0.0003,0.0530,0.3563,0.1080,0.0041,
133.8520,92,1,ok,0,1,9.7844,0.0015,9.2715,0.5111,0.0003,0.0530,0.3498,0.1049,0.0033,
133.8520,93,1,ok,0,1,10.0520,0.0010,9.5376,0.5131,0.0003,0.0532,0.3525,0.1041,0.0034,
133.8520,94,1,ok,0,1,10.5266,0.0008,10.0217,0.5036,0.0004,0.0529,0.3440,0.1035,0.0032,
133.8520,95,1,ok,0,1,10.8081,0.0008,10.3104,0.4966,0.0003,0.0527,0.3390,0.1017,0.0032,
133.8520,96,1,ok,0,1,8.8181,0.0008,8.3185,0.4984,0.0003,0.0529,0.3411,0.1002,0.0042,
133.8520,97,1,ok,0,1,8.9776,0.0005,8.4799,0.4968,0.0003,0.0524,0.3397,0.1018,0.0029,
133.8520,98,1,ok,0,1,7.8940,0.0009,7.3884,0.5042,0.0003,0.0535,0.3450,0.1027,0.0030,
133.8520,99,1,ok,0,1,7.5204,0.0005,7.0097,0.5100,0.0003,0.0526,0.3503,0.1034,0.0036,
133.8520,100,1,ok,0,1,8.0362,0.0004,7.5148,0.5206,0.0003,0.0525,0.3567,0.1083,0.0030,
133.8520,101,1,ok,0,1,7.9809,0.0011,7.4634,0.5161,0.0003,0.0534,0.3531,0.1065,0.0030,
133.8520,102,1,ok,0,1,7.9952,0.0008,7.4670,0.5270,0.0003,0.0531,0.3598,0.1108,0.0033,
133.8520,103,1,ok,0,1,8.1707,0.0008,7.6492,0.5203,0.0003,0.0531,0.3563,0.1077,0.0032,
133.8520,104,1,ok,0,1,8.5424,0.0010,8.0306,0.5105,0.0003,0.0534,0.3485,0.1051,0.0034,
133.8520,105,1,ok,0,1,8.5995,0.0011,8.0821,0.5159,0.0003,0.0529,0.3541,0.1057,0.0032,
133.8520,106,1,ok,0,1,9.0786,0.0012,8.5453,0.5318,0.0003,0.0527,0.3653,0.1103,0.0035,
133.8520,107,1,ok,0,1,9.3381,0.0008,8.8221,0.5148,0.0004,0.0534,0.3529,0.1048,0.0037,
133.8520,108,1,ok,0,1,9.5919,0.0009,9.0662,0.5244,0.0004,0.0522,0.3611,0.1083,0.0027,
133.8520,109,1,ok,0,1,8.7283,0.0007,8.2127,0.5145,0.0003,0.0531,0.3515,0.1058,0.0041,
133.8520,110,1,ok,0,1,8.3067,0.0012,7.7918,0.5133,0.0003,0.0532,0.3512,0.1056,0.0034,
133.8520,111,1,ok,0,1,8.6757,0.0018,8.1679,0.5056,0.0004,0.0530,0.3462,0.1030,0.0034,
133.8520,112,1,ok,0,1,8.8841,0.0010,8.3635,0.5193,0.0003,0.0528,0.3540,0.1089,0.0036,
133.8520,113,1,ok,0,1,9.3136,0.0010,8.7949,0.5174,0.0003,0.0536,0.3538,0.1062,0.0037,
133.8520,114,1,ok,0,1,8.7360,0.0007,8.2203,0.5148,0.0003,0.0528,0.3533,0.1050,0.0036,
133.8520,115,1,ok,0,1,8.3404,0.0013,7.8184,0.5204,0.0003,0.0525,0.3572,0.1073,0.0034,
133.8520,116,1,ok,0,1,8.6966,0.0004,8.1812,0.5147,0.0003,0.0530,0.3519,0.1060,0.0038,
133.8520,117,1,ok,0,1,8.7637,0.0007,8.2393,0.5234,0.0004,0.0521,0.3580,0.1100,0.0033,
133.8520,118,1,ok,0,1,8.8568,0.0004,8.3425,0.5137,0.0003,0.0528,0.3518,0.1058,0.0032,
133.8520,119,1,ok,0,1,9.2971,0.0019,8.7806,0.5143,0.0003,0.0533,0.3514,0.1067,0.0028,
133.8520,120,1,ok,0,1,9.1712,0.0020,8.6507,0.5181,0.0004,0.0531,0.3546,0.1071,0.0033,
133.8520,121,1,ok,0,1,9.3461,0.0010,8.8227,0.5221,0.0003,0.0534,0.3572,0.1082,0.0033,
133.8520,122,1,ok,0,1,9.1957,0.0010,8.6692,0.5251,0.0003,0.0535,0.3591,0.1086,0.0040,
133.8520,123,1,ok,0,1,9.3761,0.0018,8.8551,0.5189,0.0003,0.0527,0.3568,0.1065,0.0028,
133.8520,124,1,ok,0,1,9.8969,0.0015,9.3743,0.5207,0.0003,0.0529,0.3562,0.1083,0.0033,
133.8520,125,1,ok,0,1,10.2381,0.0006,9.7206,0.5164,0.0003,0.0531,0.3529,0.1071,0.0033,
133.8520,126,1,ok,0,1,10.7405,0.0020,10.2273,0.5109,0.0003,0.0529,0.3501,0.1046,0.0034,
133.8520,127,1,ok,0,1,10.0718,0.0010,9.5532,0.5172,0.0004,0.0528,0.3533,0.1073,0.0037,
133.8520,128,1,ok,0,1,9.6456,0.0009,9.1252,0.5192,0.0003,0.0529,0.3531,0.1094,0.0037,
133.8520,129,1,ok,0,1,9.3702,0.0012,8.8457,0.5230,0.0003,0.0525,0.3580,0.1090,0.0034,
133.8520,130,1,ok,0,1,9.7402,0.0011,9.2044,0.5344,0.0003,0.0529,0.3670,0.1109,0.0036,
133.8520,131,1,ok,0,1,10.2276,0.0015,9.7120,0.5137,0.0004,0.0529,0.3514,0.1062,0.0031,
133.8520,132,1,ok,0,1,9.8019,0.0006,9.2840,0.5169,0.0004,0.0529,0.3540,0.1069,0.0031,
133.8520,133,1,ok,0,1,9.0019,0.0013,8.4843,0.5159,0.0004,0.0532,0.3534,0.1061,0.0032,
133.8520,134,1,ok,0,1,9.4835,0.0003,8.9614,0.5214,0.0004,0.0535,0.3570,0.1081,0.0028,
133.8520,135,1,ok,0,1,9.7185,0.0009,9.1843,0.5330,0.0003,0.0530,0.3645,0.1116,0.0038,
133.8520,136,1,ok,0,1,10.2035,0.0009,9.6855,0.5167,0.0004,0.0521,0.3544,0.1070,0.0032,
133.8520,137,1,ok,0,1,10.0850,0.0007,9.5619,0.5220,0.0003,0.0527,0.3571,0.1091,0.0031,
133.8520,138,1,ok,0,1,9.9538,0.0012,9.4330,0.5192,0.0004,0.0529,0.3560,0.1075,0.0028,
133.8520,139,1,ok,0,1,10.4063,0.0006,9.8916,0.5138,0.0003,0.0531,0.3520,0.1058,0.0029,
133.8520,140,1,ok,0,1,10.6386,0.0009,10.1163,0.5210,0.0004,0.0532,0.3548,0.1089,0.0040,
133.8520,141,1,ok,0,1,10.7931,0.0006,10.2802,0.5118,0.0004,0.0526,0.3504,0.1056,0.0033,
133.8520,142,1,ok,0,1,11.1701,0.0008,10.6543,0.5147,0.0004,0.0530,0.3529,0.1059,0.0029,
133.8520,143,1,ok,0,1,10.7667,0.0004,10.2467,0.5192,0.0004,0.0531,0.3561,0.1069,0.0031,
133.8520,144,1,ok,0,1,11.0374,0.0011,10.5190,0.5169,0.0004,0.0530,0.3528,0.1076,0.0035,
133.8520,145,1,ok,0,1,11.4442,0.0006,10.9301,0.5131,0.0003,0.0530,0.3527,0.1041,0.0033,
133.8520,146,1,ok,0,1,11.6243,0.0010,11.0958,0.5272,0.0004,0.0527,0.3604,0.1111,0.0029,
133.8520,147,1,ok,0,1,11.5600,0.0005,11.0371,0.5221,0.0003,0.0530,0.3569,0.1080,0.0041,
133.8520,148,1,ok,0,1,11.9850,0.0010,11.4583,0.5253,0.0003,0.0528,0.3600,0.1091,0.0033,
133.8520,149,1,ok,0,1,12.3402,0.0008,11.8167,0.5223,0.0003,0.0541,0.3580,0.1071,0.0030,
133.8520,150,1,ok,0,1,10.4635,0.0002,9.9514,0.5115,0.0004,0.0532,0.3502,0.1042,0.0039,
133.8520,151,1,ok,0,1,10.5227,0.0014,9.9917,0.5294,0.0003,0.0523,0.3633,0.1106,0.0032,
133.8520,152,1,ok,0,1,10.7855,0.0010,10.2634,0.5208,0.0003,0.0535,0.3554,0.1075,0.0043,
133.8520,153,1,ok,0,1,10.9690,0.0007,10.4580,0.5099,0.0004,0.0526,0.3492,0.1045,0.0036,
133.8520,154,1,ok,0,1,11.4261,0.0006,10.9106,0.5146,0.0003,0.0532,0.3534,0.1050,0.0029,
133.8520,155,1,ok,0,1,11.8273,0.0007,11.3113,0.5149,0.0003,0.0532,0.3513,0.1071,0.0032,
133.8520,156,1,ok,0,1,12.1549,0.0010,11.6413,0.5122,0.0003,0.0530,0.3508,0.1054,0.0030,
133.8520,157,1,ok,0,1,12.2724,0.0011,11.7560,0.5149,0.0004,0.0531,0.3529,0.1059,0.0031,
133.8520,158,1,ok,0,1,12.6806,0.0011,12.1541,0.5251,0.0004,0.0538,0.3586,0.1094,0.0032,
133.8520,159,1,ok,0,1,13.0966,0.0019,12.5672,0.5271,0.0004,0.0531,0.3612,0.1094,0.0034,
133.8520,160,1,ok,0,1,13.5784,0.0010,13.0626,0.5144,0.0004,0.0526,0.3527,0.1063,0.0028,
133.8520,161,1,ok,0,1,13.6419,0.0014,13.1300,0.5102,0.0003,0.0537,0.3483,0.1040,0.0042,
133.8520,162,1,ok,0,1,14.0414,0.0010,13.5243,0.5157,0.0003,0.0525,0.3525,0.1073,0.0034,
133.8520,163,1,ok,0,1,13.4882,0.0012,12.9831,0.5036,0.0003,0.0528,0.3460,0.1020,0.0028,
133.8520,164,1,ok,0,1,13.1197,0.0008,12.6073,0.5113,0.0003,0.0533,0.3496,0.1051,0.0033,
133.8520,165,1,ok,0,1,13.6017,0.0010,13.0858,0.5144,0.0004,0.0529,0.3524,0.1066,0.0025,
133.8520,166,1,ok,0,1,14.0045,0.0004,13.4794,0.5243,0.0004,0.0532,0.3591,0.1085,0.0035,
133.8520,167,1,ok,0,1,14.0273,0.0008,13.5082,0.5179,0.0004,0.0533,0.3541,0.1075,0.0030,
133.8520,168,1,ok,0,1,14.4412,0.0006,13.9187,0.5216,0.0004,0.0533,0.3586,0.1064,0.0032,
133.8520,169,1,ok,0,1,14.9054,0.0011,14.3765,0.5275,0.0004,0.0526,0.3598,0.1112,0.0038,
133.8520,170,1,ok,0,1,14.1998,0.0008,13.6758,0.5228,0.0004,0.0522,0.3569,0.1096,0.0041,
133.8520,171,1,ok,0,1,14.3516,0.0009,13.8195,0.5307,0.0004,0.0527,0.3660,0.1089,0.0031,
133.8520,172,1,ok,0,1,14.5662,0.0014,14.0633,0.5011,0.0004,0.0534,0.3437,0.1005,0.0035,
133.8520,173,1,ok,0,1,14.3840,0.0005,13.8774,0.5056,0.0004,0.0527,0.3456,0.1037,0.0035,
133.8520,174,1,ok,0,1,14.1540,0.0006,13.6449,0.5081,0.0004,0.0528,0.3481,0.1041,0.0031,
133.8520,175,1,ok,0,1,14.5686,0.0011,14.0582,0.5088,0.0004,0.0533,0.3482,0.1038,0.0036,
133.8520,176,1,ok,0,1,15.0368,0.0006,14.5223,0.5135,0.0004,0.0529,0.3500,0.1065,0.0040,
133.8520,177,1,ok,0,1,15.2913,0.0008,14.7831,0.5069,0.0004,0.0528,0.3477,0.1033,0.0030,
133.8520,178,1,ok,0,1,15.5503,0.0012,15.0431,0.5054,0.0005,0.0530,0.3457,0.1035,0.0032,
133.8520,179,1,ok,0,1,15.8039,0.0003,15.2679,0.5353,0.0004,0.0527,0.3644,0.1146,0.0037,
133.8520,180,1,ok,0,1,15.7565,0.0008,15.2177,0.5376,0.0004,0.0527,0.3684,0.1127,0.0037,
133.8520,181,1,ok,0,1,15.7788,0.0010,15.2539,0.5234,0.0004,0.0527,0.3576,0.1101,0.0031,
133.8520,182,1,ok,0,1,14.4560,0.0006,13.9200,0.5350,0.0004,0.0538,0.3661,0.1118,0.0034,
133.8520,183,1,ok,0,1,14.9302,0.0003,14.4093,0.5202,0.0004,0.0531,0.3573,0.1062,0.0035,
133.8520,184,1,ok,0,1,15.2089,0.0006,14.6986,0.5093,0.0004,0.0528,0.3478,0.1054,0.0032,
133.8520,185,1,ok,0,1,15.5574,0.0002,15.0229,0.5339,0.0004,0.0529,0.3632,0.1140,0.0037,
133.8520,186,1,ok,0,1,15.2038,0.0008,14.6699,0.5326,0.0004,0.0533,0.3663,0.1099,0.0032,
133.8520,187,1,ok,0,1,15.5837,0.0010,15.0747,0.5076,0.0004,0.0531,0.3479,0.1032,0.0034,
133.8520,188,1,ok,0,1,16.0075,0.0011,15.4880,0.5181,0.0004,0.0530,0.3547,0.1069,0.0034,
133.8520,189,1,ok,0,1,16.2713,0.0006,15.7401,0.5303,0.0004,0.0527,0.3634,0.1112,0.0029,
133.8520,190,1,ok,0,1,16.5425,0.0010,16.0247,0.5163,0.0004,0.0533,0.3534,0.1061,0.0035,
133.8520,191,1,ok,0,1,16.9062,0.0009,16.3952,0.5096,0.0004,0.0535,0.3488,0.1045,0.0028,
133.8520,192,1,ok,0,1,17.2850,0.0003,16.7770,0.5073,0.0004,0.0530,0.3473,0.1034,0.0035,
133.8520,193,1,ok,0,1,16.6601,0.0007,16.1334,0.5255,0.0004,0.0524,0.3601,0.1092,0.0037,
133.8520,194,1,ok,0,1,16.9091,0.0005,16.3971,0.5110,0.0004,0.0534,0.3495,0.1049,0.0032,
133.8520,195,1,ok,0,1,16.5384,0.0007,16.0227,0.5146,0.0004,0.0533,0.3522,0.1058,0.0032,
133.8520,196,1,ok,0,1,16.6902,0.0009,16.1792,0.5096,0.0004,0.0530,0.3493,0.1039,0.0033,
133.8520,197,1,ok,0,1,17.1753,0.0008,16.6661,0.5080,0.0004,0.0534,0.3469,0.1037,0.0040,
133.8520,198,1,ok,0,1,14.4447,0.0006,13.9294,0.5143,0.0004,0.0522,0.3517,0.1068,0.0036,
133.8520,199,1,ok,0,1,14.1478,0.0006,13.6336,0.5132,0.0004,0.0528,0.3510,0.1060,0.0035,
133.8520,200,1,ok,0,1,13.1104,0.0007,12.5900,0.5193,0.0004,0.0537,0.3544,0.1071,0.0041,
133.8520,201,1,ok,0,1,12.4639,0.0004,11.9406,0.5224,0.0004,0.0527,0.3572,0.1087,0.0038,
133.8520,202,1,ok,0,1,12.1432,0.0022,11.6151,0.5254,0.0004,0.0531,0.3600,0.1086,0.0036,
133.8520,203,1,ok,0,1,12.5820,0.0009,12.0608,0.5200,0.0004,0.0528,0.3563,0.1078,0.0030,
133.8520,204,1,ok,0,1,12.8053,0.0012,12.2828,0.5210,0.0004,0.0527,0.3556,0.1091,0.0035,
133.8520,205,1,ok,0,1,13.2051,0.0006,12.6970,0.5071,0.0005,0.0531,0.3465,0.1035,0.0040,
133.8520,206,1,ok,0,1,13.4945,0.0011,12.9743,0.5187,0.0004,0.0532,0.3545,0.1071,0.0039,
133.8520,207,1,ok,0,1,13.9896,0.0004,13.4670,0.5218,0.0004,0.0528,0.3567,0.1088,0.0034,
133.8520,208,1,ok,0,1,14.3107,0.0012,13.7748,0.5343,0.0004,0.0530,0.3650,0.1121,0.0041,
133.8520,209,1,ok,0,1,12.9444,0.0010,12.4178,0.5252,0.0004,0.0530,0.3591,0.1094,0.0037,
128.5226,0,0,ok,0,1,0.4254,0.0023,0.0000,0.4225,0.0007,0.0545,0.2786,0.0858,0.0034,
128.5226,1,0,ok,0,1,0.9019,0.0007,0.4129,0.4877,0.0005,0.0517,0.3325,0.1001,0.0033,
128.5226,2,0,ok,0,1,1.2652,0.0008,0.7509,0.5131,0.0004,0.0529,0.3500,0.1061,0.0040,
128.5226,3,0,ok,0,1,1.6537,0.0021,1.1451,0.5060,0.0004,0.0527,0.3467,0.1036,0.0029,
128.5226,4,0,ok,0,1,1.5364,0.0018,1.0293,0.5049,0.0004,0.0532,0.3462,0.1015,0.0040,
128.5226,5,0,ok,0,1,1.5166,0.0007,1.0085,0.5070,0.0004,0.0532,0.3472,0.1025,0.0040,
128.5226,6,0,ok,0,1,0.9855,0.0007,0.4761,0.5083,0.0004,0.0527,0.3479,0.1042,0.0034,
128.5226,7,0,ok,0,1,1.4584,0.0004,0.9427,0.5149,0.0004,0.0530,0.3510,0.1074,0.0035,
128.5226,8,0,ok,0,1,1.7182,0.0009,1.2016,0.5152,0.0004,0.0530,0.3530,0.1060,0.0032,
128.5226,9,0,ok,0,1,2.2171,0.0009,1.7031,0.5127,0.0004,0.0532,0.3508,0.1051,0.0035,
128.5226,10,1,ok,0,1,2.6100,0.0009,2.1010,0.5078,0.0004,0.0533,0.3475,0.1029,0.0040,
128.5226,11,1,ok,0,1,2.7869,0.0011,2.2804,0.5050,0.0004,0.0531,0.3455,0.1027,0.0037,
128.5226,12,1,ok,0,1,3.2847,0.0006,2.7737,0.5100,0.0004,0.0526,0.3490,0.1052,0.0032,
128.5226,13,1,ok,0,1,3.7051,0.0013,3.1799,0.5236,0.0004,0.0529,0.3584,0.1092,0.0030,
128.5226,14,1,ok,0,1,3.7298,0.0009,3.2143,0.5142,0.0004,0.0536,0.3516,0.1050,0.0040,
128.5226,15,1,ok,0,1,3.8824,0.0005,3.3618,0.5197,0.0004,0.0529,0.3559,0.1078,0.0031,
128.5226,16,1,ok,0,1,4.2929,0.0004,3.7657,0.5264,0.0004,0.0533,0.3598,0.1093,0.0040,
128.5226,17,1,ok,0,1,4.3891,0.0005,3.8770,0.5112,0.0004,0.0531,0.3494,0.1051,0.0036,
128.5226,18,1,ok,0,1,4.1438,0.0010,3.6142,0.5282,0.0004,0.0527,0.3616,0.1099,0.0039,
128.5226,19,1,ok,0,1,4.6644,0.0005,4.1403,0.5233,0.0004,0.0536,0.3566,0.1093,0.0038,
128.5226,20,1,ok,0,1,4.4109,0.0010,3.8983,0.5111,0.0005,0.0533,0.3501,0.1045,0.0031,
128.5226,21,1,ok,0,1,4.3625,0.0013,3.8504,0.5104,0.0004,0.0534,0.3497,0.1047,0.0026,
128.5226,22,1,ok,0,1,4.6721,0.0004,4.1679,0.5034,0.0004,0.0536,0.3444,0.1024,0.0030,
128.5226,23,1,ok,0,1,5.1044,0.0019,4.5914,0.5108,0.0004,0.0539,0.3492,0.1046,0.0031,
128.5226,24,1,ok,0,1,4.1469,0.0020,3.6312,0.5133,0.0004,0.0530,0.3517,0.1057,0.0029,
128.5226,25,1,ok,0,1,4.4729,0.0007,3.9546,0.5172,0.0004,0.0534,0.3532,0.1072,0.0034,
128.5226,26,1,ok,0,1,4.9445,0.0004,4.4270,0.5167,0.0004,0.0536,0.3534,0.1062,0.0035,
128.5226,27,1,ok,0,1,5.4168,0.0011,4.8960,0.5194,0.0004,0.0534,0.3534,0.1090,0.0036,
128.5226,28,1,ok,0,1,5.0681,0.0010,4.5379,0.5288,0.0004,0.0531,0.3615,0.1108,0.0034,
128.5226,29,1,ok,0,1,5.1606,0.0014,4.6346,0.5243,0.0004,0.0532,0.3598,0.1078,0.0034,
128.5226,30,1,ok,0,1,4.9055,0.0010,4.3913,0.5128,0.0004,0.0525,0.3509,0.1058,0.0035,
128.5226,31,1,ok,0,1,4.8092,0.0012,4.2935,0.5141,0.0004,0.0528,0.3520,0.1060,0.0033,
128.5226,32,1,ok,0,1,4.9754,0.0011,4.4494,0.5246,0.0004,0.0534,0.3577,0.1098,0.0037,
128.5226,33,1,ok,0,1,3.8145,0.0006,3.2866,0.5268,0.0004,0.0531,0.3603,0.1101,0.0033,
128.5226,34,1,ok,0,1,4.1222,0.0002,3.5922,0.5294,0.0003,0.0522,0.3637,0.1102,0.0033,
128.5226,35,1,ok,0,1,4.2747,0.0008,3.7465,0.5270,0.0004,0.0538,0.3603,0.1093,0.0037,
128.5226,36,1,ok,0,1,3.9630,0.0008,3.4483,0.5135,0.0004,0.0532,0.3505,0.1066,0.0032,
128.5226,37,1,ok,0,1,4.0281,0.0007,3.5124,0.5147,0.0004,0.0531,0.3528,0.1052,0.0035,
128.5226,38,1,ok,0,1,3.6231,0.0005,3.1040,0.5182,0.0003,0.0536,0.3542,0.1067,0.0036,
128.5226,39,1,ok,0,1,3.7364,0.0010,3.2200,0.5150,0.0003,0.0531,0.3533,0.1054,0.0031,
128.5226,40,1,ok,0,1,3.6805,0.0016,3.1656,0.5129,0.0003,0.0530,0.3509,0.1058,0.0032,
128.5226,41,1,ok,0,1,4.1688,0.0008,3.6578,0.5098,0.0004,0.0535,0.3482,0.1048,0.0034,
128.5226,42,1,ok,0,1,4.5729,0.0009,4.0472,0.5244,0.0005,0.0527,0.3585,0.1097,0.0035,
128.5226,43,1,ok,0,1,4.9468,0.0006,4.4128,0.5329,0.0005,0.0534,0.3662,0.1101,0.0031,
128.5226,44,1,ok,0,1,5.4161,0.0009,4.9071,0.5076,0.0005,0.0536,0.3475,0.1035,0.0030,
128.5226,45,1,ok,0,1,5.8065,0.0004,5.2921,0.5136,0.0005,0.0532,0.3505,0.1059,0.0039,
128.5226,46,1,ok,0,1,6.2801,0.0009,5.7560,0.5229,0.0004,0.0530,0.3580,0.1088,0.0031,
128.5226,47,1,ok,0,1,6.6546,0.0008,6.1273,0.5261,0.0004,0.0538,0.3591,0.1096,0.0035,
128.5226,48,1,ok,0,1,6.6971,0.0008,6.1824,0.5135,0.0004,0.0531,0.3529,0.1038,0.0037,
128.5226,49,1,ok,0,1,7.0040,0.0012,6.4841,0.5183,0.0004,0.0530,0.3555,0.1064,0.0033,
128.5226,50,1,ok,0,1,7.3007,0.0006,6.7875,0.5121,0.0004,0.0539,0.3509,0.1029,0.0043,
128.5226,51,1,ok,0,1,7.7005,0.0002,7.1908,0.5091,0.0004,0.0523,0.3482,0.1051,0.0034,
128.5226,52,1,ok,0,1,8.0665,0.0004,7.5551,0.5105,0.0005,0.0534,0.3502,0.1031,0.0038,
128.5226,53,1,ok,0,1,7.2863,0.0010,6.7774,0.5074,0.0005,0.0528,0.3484,0.1026,0.0035,
128.5226,54,1,ok,0,1,7.3182,0.0010,6.7978,0.5190,0.0004,0.0528,0.3547,0.1084,0.0031,
128.5226,55,1,ok,0,1,7.3926,0.0006,6.8792,0.5124,0.0004,0.0536,0.3520,0.1035,0.0033,
128.5226,56,1,ok,0,1,7.8200,0.0003,7.3047,0.5147,0.0004,0.0532,0.3525,0.1061,0.0029,
128.5226,57,1,ok,0,1,7.7247,0.0012,7.2091,0.5141,0.0003,0.0531,0.3521,0.1057,0.0032,
128.5226,58,1,ok,0,1,8.1684,0.0013,7.6402,0.5266,0.0003,0.0532,0.3611,0.1085,0.0039,
128.5226,59,1,ok,0,1,8.4543,0.0010,7.9447,0.5083,0.0004,0.0532,0.3483,0.1038,0.0030,
128.5226,60,1,ok,0,1,6.8408,0.0003,6.3259,0.5143,0.0004,0.0531,0.3524,0.1056,0.0031,
128.5226,61,1,ok,0,1,6.8752,0.0007,6.3632,0.5110,0.0004,0.0531,0.3485,0.1059,0.0035,
128.5226,62,1,ok,0,1,7.0157,0.0004,6.4948,0.5202,0.0003,0.0534,0.3561,0.1072,0.0036,
128.5226,63,1,ok,0,1,6.9990,0.0015,6.4756,0.5217,0.0003,0.0533,0.3573,0.1076,0.0034,
128.5226,64,1,ok,0,1,6.6504,0.0006,6.1345,0.5149,0.0003,0.0534,0.3520,0.1062,0.0033,
128.5226,65,1,ok,0,1,6.4863,0.0006,5.9513,0.5340,0.0004,0.0534,0.3649,0.1127,0.0030,
128.5226,66,1,ok,0,1,6.8807,0.0004,6.3644,0.5155,0.0003,0.0533,0.3532,0.1055,0.0035,
128.5226,67,1,ok,0,1,7.3755,0.0003,6.8652,0.5096,0.0004,0.0527,0.3481,0.1053,0.0034,
128.5226,68,1,ok,0,1,7.7164,0.0003,7.1983,0.5175,0.0003,0.0533,0.3532,0.1072,0.0038,
128.5226,69,1,ok,0,1,8.0927,0.0010,7.5700,0.5214,0.0003,0.0532,0.3560,0.1085,0.0037,
128.5226,70,1,ok,0,1,8.5025,0.0006,7.9815,0.5200,0.0003,0.0533,0.3559,0.1073,0.0035,
128.5226,71,1,ok,0,1,7.6998,0.0010,7.1649,0.5337,0.0003,0.0530,0.3646,0.1122,0.0039,
128.5226,72,1,ok,0,1,7.2503,0.0004,6.7235,0.5261,0.0003,0.0528,0.3605,0.1097,0.0030,
128.5226,73,1,ok,0,1,7.5987,0.0003,7.0736,0.5245,0.0003,0.0535,0.3589,0.1087,0.0033,
128.5226,74,1,ok,0,1,7.6195,0.0004,7.1009,0.5179,0.0003,0.0533,0.3533,0.1077,0.0036,
128.5226,75,1,ok,0,1,7.9161,0.0006,7.3838,0.5313,0.0003,0.0523,0.3638,0.1119,0.0033,
128.5226,76,1,ok,0,1,7.3017,0.0004,6.7674,0.5336,0.0003,0.0529,0.3661,0.1116,0.0030,
128.5226,77,1,ok,0,1,7.5308,0.0012,7.0139,0.5154,0.0003,0.0533,0.3525,0.1062,0.0034,
128.5226,78,1,ok,0,1,7.8981,0.0017,7.3854,0.5106,0.0004,0.0527,0.3501,0.1047,0.0031,
128.5226,79,1,ok,0,1,8.2908,0.0009,7.7650,0.5245,0.0003,0.0531,0.3584,0.1098,0.0032,
128.5226,80,1,ok,0,1,8.4356,0.0006,7.9054,0.5292,0.0003,0.0535,0.3610,0.1109,0.0039,
128.5226,81,1,ok,0,1,8.8141,0.0002,8.2931,0.5205,0.0003,0.0523,0.3553,0.1092,0.0036,
128.5226,82,1,ok,0,1,8.9122,0.0016,8.4024,0.5079,0.0003,0.0530,0.3481,0.1036,0.0031,
128.5226,83,1,ok,0,1,8.3551,0.0008,7.8465,0.5075,0.0003,0.0536,0.3481,0.1026,0.0031,
128.5226,84,1,ok,0,1,8.6154,0.0005,8.1166,0.4980,0.0003,0.0531,0.3410,0.1000,0.0039,
128.5226,85,1,ok,0,1,9.0014,0.0011,8.4988,0.5012,0.0004,0.0529,0.3427,0.1022,0.0034,
128.5226,86,1,ok,0,1,6.7151,0.0007,6.1965,0.5175,0.0003,0.0526,0.3544,0.1071,0.0034,
128.5226,87,1,ok,0,1,6.8988,0.0007,6.3818,0.5158,0.0004,0.0526,0.3544,0.1050,0.0037,
128.5226,88,1,ok,0,1,7.3833,0.0004,6.8539,0.5286,0.0004,0.0528,0.3616,0.1108,0.0035,
128.5226,89,1,ok,0,1,7.8735,0.0009,7.3598,0.5124,0.0003,0.0532,0.3508,0.1051,0.0033,
128.5226,90,1,ok,0,1,8.3317,0.0009,7.8185,0.5120,0.0004,0.0530,0.3510,0.1053,0.0026,
128.5226,91,1,ok,0,1,8.3895,0.0006,7.8702,0.5184,0.0004,0.0543,0.3528,0.1072,0.0041,
128.5226,92,1,ok,0,1,8.1717,0.0006,7.6557,0.5150,0.0003,0.0533,0.3524,0.1059,0.0033,
128.5226,93,1,ok,0,1,8.4276,0.0009,7.9147,0.5116,0.0004,0.0527,0.3502,0.1053,0.0034,
128.5226,94,1,ok,0,1,8.9113,0.0004,8.3966,0.5140,0.0003,0.0531,0.3518,0.1058,0.0032,
128.5226,95,1,ok,0,1,9.2054,0.0003,8.6866,0.5182,0.0003,0.0534,0.3546,0.1070,0.0032,
128.5226,96,1,ok,0,1,7.1457,0.0007,6.6127,0.5320,0.0003,0.0527,0.3628,0.1123,0.0042,
128.5226,97,1,ok,0,1,7.3084,0.0015,6.7926,0.5140,0.0003,0.0527,0.3522,0.1061,0.0029,
128.5226,98,1,ok,0,1,6.1734,0.0005,5.6538,0.5187,0.0004,0.0537,0.3547,0.1074,0.0029,
128.5226,99,1,ok,0,1,5.7783,0.0008,5.2522,0.5250,0.0003,0.0532,0.3589,0.1092,0.0036,
128.5226,100,1,ok,0,1,6.2851,0.0006,5.7724,0.5118,0.0003,0.0534,0.3502,0.1052,0.0030,
128.5226,101,1,ok,0,1,6.2017,0.0003,5.6893,0.5118,0.0003,0.0537,0.3506,0.1045,0.0030,
128.5226,102,1,ok,0,1,6.1791,0.0002,5.6671,0.5115,0.0003,0.0528,0.3499,0.1054,0.0033,
128.5226,103,1,ok,0,1,6.3352,0.0012,5.8184,0.5153,0.0004,0.0532,0.3529,0.1058,0.0032,
128.5226,104,1,ok,0,1,6.7118,0.0016,6.1888,0.5211,0.0003,0.0535,0.3567,0.1074,0.0034,
128.5226,105,1,ok,0,1,6.7672,0.0020,6.2316,0.5333,0.0003,0.0532,0.3653,0.1116,0.0032,
128.5226,106,1,ok,0,1,7.2206,0.0005,6.7115,0.5082,0.0003,0.0531,0.3479,0.1037,0.0034,
128.5226,107,1,ok,0,1,7.4679,0.0006,6.9537,0.5133,0.0003,0.0534,0.3505,0.1058,0.0037,
128.5226,108,1,ok,0,1,7.7043,0.0009,7.1848,0.5183,0.0004,0.0527,0.3557,0.1071,0.0027,
128.5226,109,1,ok,0,1,6.7910,0.0015,6.2672,0.5219,0.0003,0.0533,0.3561,0.1085,0.0040,
128.5226,110,1,ok,0,1,6.3431,0.0012,5.8158,0.5257,0.0003,0.0531,0.3597,0.1096,0.0033,
128.5226,111,1,ok,0,1,6.7321,0.0002,6.2002,0.5313,0.0004,0.0529,0.3675,0.1075,0.0033,
128.5226,112,1,ok,0,1,6.9250,0.0005,6.4074,0.5168,0.0003,0.0532,0.3545,0.1056,0.0035,
128.5226,113,1,ok,0,1,7.3375,0.0009,6.8323,0.5040,0.0003,0.0532,0.3448,0.1023,0.0037,
128.5226,114,1,ok,0,1,6.7147,0.0019,6.1977,0.5148,0.0003,0.0528,0.3511,0.1073,0.0036,
128.5226,115,1,ok,0,1,6.2815,0.0008,5.7596,0.5208,0.0003,0.0524,0.3559,0.1090,0.0034,
128.5226,116,1,ok,0,1,6.6247,0.0015,6.1145,0.5084,0.0003,0.0534,0.3475,0.1037,0.0038,
128.5226,117,1,ok,0,1,6.6624,0.0013,6.1478,0.5129,0.0004,0.0546,0.3497,0.1053,0.0033,
128.5226,118,1,ok,0,1,6.7443,0.0006,6.2235,0.5199,0.0004,0.0534,0.3566,0.1067,0.0031,
128.5226,119,1,ok,0,1,7.1779,0.0011,6.6657,0.5103,0.0007,0.0533,0.3491,0.1050,0.0028,
128.5226,120,1,ok,0,1,7.0174,0.0008,6.5060,0.5101,0.0006,0.0530,0.3492,0.1047,0.0033,
128.5226,121,1,ok,0,1,7.1686,0.0004,6.6551,0.5127,0.0004,0.0532,0.3508,0.1055,0.0031,
128.5226,122,1,ok,0,1,6.9782,0.0014,6.4633,0.5131,0.0004,0.0531,0.3504,0.1058,0.0039,
128.5226,123,1,ok,0,1,7.1412,0.0006,6.6248,0.5155,0.0003,0.0529,0.3534,0.1063,0.0030,
128.5226,124,1,ok,0,1,7.6578,0.0003,7.1407,0.5165,0.0003,0.0532,0.3537,0.1062,0.0033,
128.5226,125,1,ok,0,1,7.9945,0.0007,7.4742,0.5192,0.0003,0.0530,0.3556,0.1072,0.0033,
128.5226,126,1,ok,0,1,8.4960,0.0016,7.9837,0.5104,0.0003,0.0529,0.3494,0.1046,0.0034,
128.5226,127,1,ok,0,1,7.7947,0.0008,7.2597,0.5338,0.0003,0.0522,0.3630,0.1149,0.0038,
128.5226,128,1,ok,0,1,7.3408,0.0024,6.8074,0.5306,0.0003,0.0537,0.3625,0.1108,0.0037,
128.5226,129,1,ok,0,1,7.0220,0.0006,6.5083,0.5127,0.0003,0.0523,0.3510,0.1060,0.0034,
128.5226,130,1,ok,0,1,7.3653,0.0003,6.8501,0.5145,0.0003,0.0531,0.3521,0.1057,0.0036,
128.5226,131,1,ok,0,1,7.8614,0.0006,7.3369,0.5236,0.0003,0.0533,0.3584,0.1088,0.0031,
128.5226,132,1,ok,0,1,7.4070,0.0013,6.8780,0.5274,0.0004,0.0532,0.3618,0.1092,0.0031,
128.5226,133,1,ok,0,1,6.5511,0.0003,6.0358,0.5146,0.0004,0.0529,0.3523,0.1060,0.0032,
128.5226,134,1,ok,0,1,7.0182,0.0007,6.5086,0.5086,0.0003,0.0534,0.3485,0.1039,0.0028,
128.5226,135,1,ok,0,1,7.2166,0.0006,6.7070,0.5086,0.0003,0.0530,0.3474,0.1044,0.0037,
128.5226,136,1,ok,0,1,7.7053,0.0002,7.1828,0.5219,0.0003,0.0526,0.3566,0.1095,0.0032,
128.5226,137,1,ok,0,1,7.5669,0.0005,7.0374,0.5286,0.0003,0.0535,0.3606,0.1114,0.0031,
128.5226,138,1,ok,0,1,7.4218,0.0007,6.8885,0.5323,0.0004,0.0529,0.3660,0.1105,0.0029,
128.5226,139,1,ok,0,1,7.8663,0.0007,7.3570,0.5082,0.0004,0.0534,0.3484,0.1035,0.0029,
128.5226,140,1,ok,0,1,8.0772,0.0021,7.5631,0.5116,0.0003,0.0534,0.3497,0.1045,0.0040,
128.5226,141,1,ok,0,1,8.2159,0.0010,7.7037,0.5109,0.0003,0.0527,0.3501,0.1048,0.0034,
128.5226,142,1,ok,0,1,8.5838,0.0015,8.0707,0.5112,0.0004,0.0530,0.3520,0.1033,0.0029,
128.5226,143,1,ok,0,1,8.1279,0.0009,7.6216,0.5051,0.0004,0.0529,0.3462,0.1029,0.0030,
128.5226,144,1,ok,0,1,8.3777,0.0005,7.8706,0.5062,0.0004,0.0533,0.3466,0.1029,0.0034,
128.5226,145,1,ok,0,1,8.7910,0.0005,8.2661,0.5240,0.0004,0.0527,0.3576,0.1103,0.0033,
128.5226,146,1,ok,0,1,8.9404,0.0023,8.4269,0.5107,0.0004,0.0535,0.3504,0.1039,0.0029,
128.5226,147,1,ok,0,1,8.8520,0.0004,8.3288,0.5224,0.0004,0.0529,0.3580,0.1075,0.0040,
128.5226,148,1,ok,0,1,9.2714,0.0020,8.7452,0.5238,0.0004,0.0527,0.3591,0.1087,0.0033,
128.5226,149,1,ok,0,1,9.6172,0.0008,9.0962,0.5199,0.0003,0.0534,0.3559,0.1075,0.0030,
128.5226,150,1,ok,0,1,7.6535,0.0006,7.1290,0.5236,0.0003,0.0533,0.3594,0.1070,0.0039,
128.5226,151,1,ok,0,1,7.6814,0.0008,7.1627,0.5175,0.0004,0.0525,0.3551,0.1066,0.0032,
128.5226,152,1,ok,0,1,7.9396,0.0011,7.4112,0.5270,0.0003,0.0528,0.3595,0.1104,0.0043,
128.5226,153,1,ok,0,1,8.1062,0.0005,7.5988,0.5065,0.0004,0.0526,0.3471,0.1033,0.0035,
128.5226,154,1,ok,0,1,8.5649,0.0006,8.0454,0.5185,0.0003,0.0529,0.3554,0.1074,0.0029,
128.5226,155,1,ok,0,1,8.9669,0.0020,8.4441,0.5205,0.0003,0.0536,0.3562,0.1074,0.0032,
128.5226,156,1,ok,0,1,9.2997,0.0004,8.7739,0.5251,0.0003,0.0531,0.3594,0.1096,0.0030,
128.5226,157,1,ok,0,1,9.3958,0.0016,8.8839,0.5100,0.0003,0.0533,0.3497,0.1038,0.0031,
128.5226,158,1,ok,0,1,9.7907,0.0007,9.2730,0.5167,0.0003,0.0534,0.3534,0.1066,0.0032,
128.5226,159,1,ok,0,1,10.1957,0.0008,9.6738,0.5208,0.0004,0.0534,0.3576,0.1064,0.0034,
128.5226,160,1,ok,0,1,10.6883,0.0006,10.1607,0.5266,0.0003,0.0527,0.3603,0.1108,0.0028,
128.5226,161,1,ok,0,1,10.7376,0.0007,10.2221,0.5145,0.0004,0.0543,0.3526,0.1034,0.0042,
128.5226,162,1,ok,0,1,11.1163,0.0005,10.6157,0.4997,0.0003,0.0529,0.3422,0.1013,0.0034,
128.5226,163,1,ok,0,1,10.5212,0.0015,10.0138,0.5055,0.0004,0.0529,0.3461,0.1036,0.0028,
128.5226,164,1,ok,0,1,10.1283,0.0018,9.6027,0.5235,0.0003,0.0534,0.3568,0.1098,0.0035,
128.5226,165,1,ok,0,1,10.6211,0.0006,10.0934,0.5267,0.0003,0.0528,0.3607,0.1105,0.0027,
128.5226,166,1,ok,0,1,11.0094,0.0010,10.4932,0.5149,0.0003,0.0536,0.3524,0.1053,0.0036,
128.5226,167,1,ok,0,1,11.0034,0.0021,10.4912,0.5098,0.0003,0.0532,0.3485,0.1048,0.0031,
128.5226,168,1,ok,0,1,11.4032,0.0007,10.8901,0.5120,0.0004,0.0533,0.3505,0.1049,0.0033,
128.5226,169,1,ok,0,1,11.8521,0.0010,11.3360,0.5148,0.0003,0.0528,0.3511,0.1069,0.0039,
128.5226,170,1,ok,0,1,11.0869,0.0005,10.5719,0.5142,0.0003,0.0535,0.3509,0.1056,0.0041,
128.5226,171,1,ok,0,1,11.2175,0.0005,10.6912,0.5253,0.0005,0.0531,0.3599,0.1093,0.0031,
128.5226,172,1,ok,0,1,11.4267,0.0012,10.9176,0.5076,0.0003,0.0535,0.3491,0.1015,0.0034,
128.5226,173,1,ok,0,1,11.2183,0.0007,10.7093,0.5080,0.0004,0.0533,0.3472,0.1039,0.0035,
128.5226,174,1,ok,0,1,10.9726,0.0011,10.4480,0.5232,0.0003,0.0527,0.3578,0.1096,0.0031,
128.5226,175,1,ok,0,1,11.3875,0.0007,10.8732,0.5131,0.0004,0.0531,0.3517,0.1046,0.0037,
128.5226,176,1,ok,0,1,11.8469,0.0004,11.3395,0.5067,0.0003,0.0535,0.3463,0.1028,0.0040,
128.5226,177,1,ok,0,1,12.1180,0.0005,11.5832,0.5340,0.0003,0.0522,0.3630,0.1157,0.0030,
128.5226,178,1,ok,0,1,12.3950,0.0008,11.8600,0.5339,0.0003,0.0535,0.3689,0.1080,0.0034,
128.5226,179,1,ok,0,1,12.6096,0.0004,12.1008,0.5080,0.0004,0.0537,0.3475,0.1031,0.0037,
128.5226,180,1,ok,0,1,12.5207,0.0005,11.9994,0.5204,0.0003,0.0525,0.3562,0.1079,0.0037,
128.5226,181,1,ok,0,1,12.5308,0.0017,11.9966,0.5321,0.0003,0.0523,0.3639,0.1129,0.0031,
128.5226,182,1,ok,0,1,11.1274,0.0007,10.5948,0.5317,0.0003,0.0535,0.3633,0.1115,0.0034,
128.5226,183,1,ok,0,1,11.5843,0.0004,11.0786,0.5049,0.0003,0.0533,0.3453,0.1028,0.0035,
128.5226,184,1,ok,0,1,11.8680,0.0004,11.3434,0.5239,0.0003,0.0521,0.3588,0.1098,0.0032,
128.5226,185,1,ok,0,1,12.2014,0.0012,11.6734,0.5265,0.0003,0.0535,0.3615,0.1077,0.0038,
128.5226,186,1,ok,0,1,11.7899,0.0004,11.2775,0.5116,0.0003,0.0528,0.3504,0.1050,0.0033,
128.5226,187,1,ok,0,1,12.1789,0.0022,11.6543,0.5220,0.0003,0.0530,0.3563,0.1092,0.0035,
128.5226,188,1,ok,0,1,12.6028,0.0009,12.0795,0.5221,0.0004,0.0535,0.3574,0.1076,0.0035,
128.5226,189,1,ok,0,1,12.8460,0.0004,12.3246,0.5208,0.0003,0.0532,0.3568,0.1078,0.0029,
128.5226,190,1,ok,0,1,13.1203,0.0010,12.5892,0.5298,0.0003,0.0531,0.3625,0.1106,0.0035,
128.5226,191,1,ok,0,1,13.4944,0.0021,12.9658,0.5262,0.0003,0.0528,0.3609,0.1098,0.0027,
128.5226,192,1,ok,0,1,13.8688,0.0011,13.3591,0.5083,0.0003,0.0535,0.3493,0.1019,0.0035,
128.5226,193,1,ok,0,1,13.1718,0.0010,12.6693,0.5010,0.0006,0.0531,0.3412,0.1030,0.0037,
128.5226,194,1,ok,0,1,13.4054,0.0008,12.8978,0.5045,0.0023,0.0533,0.3436,0.1043,0.0032,
128.5226,195,1,ok,0,1,12.9940,0.0009,12.4821,0.5106,0.0004,0.0532,0.3496,0.1045,0.0033,
128.5226,196,1,ok,0,1,13.1548,0.0004,12.6205,0.5328,0.0011,0.0527,0.3671,0.1096,0.0033,
128.5226,197,1,ok,0,1,13.6478,0.0003,13.1302,0.5170,0.0002,0.0537,0.3535,0.1057,0.0041,
128.5226,198,1,ok,0,1,10.7878,0.0004,10.2676,0.5191,0.0006,0.0531,0.3550,0.1075,0.0035,
128.5226,199,1,ok,0,1,10.4739,0.0009,9.9428,0.5300,0.0002,0.0533,0.3637,0.1095,0.0035,
128.5226,200,1,ok,0,1,9.3760,0.0009,8.8513,0.5232,0.0006,0.0536,0.3579,0.1077,0.0040,
128.5226,201,1,ok,0,1,8.6751,0.0011,8.1571,0.5167,0.0003,0.0526,0.3530,0.1072,0.0038,
128.5226,202,1,ok,0,1,8.3016,0.0008,7.7927,0.5072,0.0008,0.0532,0.3468,0.1036,0.0036,
128.5226,203,1,ok,0,1,8.7288,0.0004,8.2163,0.5119,0.0002,0.0534,0.3513,0.1041,0.0030,
128.5226,204,1,ok,0,1,8.9236,0.0014,8.4171,0.5049,0.0002,0.0534,0.3452,0.1029,0.0035,
128.5226,205,1,ok,0,1,9.3180,0.0003,8.8110,0.5064,0.0002,0.0532,0.3457,0.1035,0.0040,
128.5226,206,1,ok,0,1,9.5932,0.0010,9.0778,0.5142,0.0003,0.0535,0.3514,0.1054,0.0039,
128.5226,207,1,ok,0,1,10.0821,0.0009,9.5641,0.5168,0.0002,0.0529,0.3539,0.1066,0.0034,
128.5226,208,1,ok,0,1,10.3881,0.0009,9.8588,0.5276,0.0009,0.0531,0.3600,0.1103,0.0041,
128.5226,209,1,ok,0,1,8.9328,0.0009,8.4170,0.5140,0.0010,0.0535,0.3510,0.1056,0.0037,
