level_rpm,index,measured,status,replica,batch_size,latency_s,harness_lag_s,queue_wait_s,service_s,ipc_s,text_encode_s,denoise_s,decode_s,jpeg_s,error
145.6317,0,0,ok,0,1,0.4179,0.0017,0.0000,0.4129,0.0033,0.0546,0.2714,0.0834,0.0034,
145.6317,1,0,ok,1,1,0.4120,0.0002,0.0000,0.4109,0.0009,0.0546,0.2712,0.0816,0.0034,
145.6317,2,0,ok,0,1,0.6889,0.0006,0.2744,0.4120,0.0019,0.0527,0.2717,0.0836,0.0039,
145.6317,3,0,ok,1,1,0.5858,0.0018,0.1737,0.4099,0.0004,0.0545,0.2707,0.0817,0.0030,
145.6317,4,0,ok,0,1,0.4482,0.0007,0.0347,0.4125,0.0004,0.0533,0.2715,0.0837,0.0040,
145.6317,5,0,ok,1,1,0.4111,0.0002,0.0000,0.4099,0.0011,0.0535,0.2707,0.0815,0.0040,
145.6317,6,0,ok,0,1,0.4117,0.0011,0.0000,0.4100,0.0006,0.0518,0.2713,0.0835,0.0034,
145.6317,7,0,ok,1,1,0.4110,0.0009,0.0000,0.4088,0.0013,0.0534,0.2701,0.0817,0.0035,
145.6317,8,0,ok,0,1,0.5697,0.0005,0.1480,0.4207,0.0005,0.0530,0.2712,0.0933,0.0032,
145.6317,9,0,ok,1,1,0.5816,0.0002,0.1726,0.4085,0.0003,0.0534,0.2701,0.0815,0.0035,
145.6317,10,1,ok,0,1,0.8676,0.0008,0.4547,0.4116,0.0005,0.0526,0.2714,0.0836,0.0040,
145.6317,11,1,ok,1,1,0.6011,0.0005,0.1895,0.4093,0.0018,0.0542,0.2700,0.0814,0.0037,
145.6317,12,1,ok,0,1,0.9772,0.0006,0.5660,0.4102,0.0004,0.0524,0.2713,0.0832,0.0032,
145.6317,13,1,ok,1,1,0.9088,0.0004,0.4983,0.4093,0.0008,0.0547,0.2700,0.0815,0.0030,
145.6317,14,1,ok,0,1,0.8652,0.0009,0.4526,0.4113,0.0004,0.0528,0.2713,0.0833,0.0039,
145.6317,15,1,ok,1,1,0.5619,0.0006,0.1515,0.4083,0.0016,0.0539,0.2698,0.0815,0.0031,
145.6317,16,1,ok,0,1,0.8509,0.0022,0.4360,0.4122,0.0004,0.0529,0.2717,0.0835,0.0040,
145.6317,17,1,ok,1,1,0.5018,0.0011,0.0916,0.4082,0.0009,0.0535,0.2698,0.0813,0.0035,
145.6317,18,1,ok,0,1,0.4148,0.0011,0.0000,0.4107,0.0030,0.0518,0.2713,0.0836,0.0038,
145.6317,19,1,ok,1,1,0.4122,0.0006,0.0000,0.4111,0.0005,0.0557,0.2701,0.0814,0.0038,
145.6317,20,1,ok,0,1,0.4102,0.0005,0.0000,0.4092,0.0005,0.0517,0.2711,0.0832,0.0031,
145.6317,21,1,ok,1,1,0.4104,0.0009,0.0000,0.4076,0.0019,0.0536,0.2699,0.0813,0.0027,
145.6317,22,1,ok,0,1,0.4128,0.0010,0.0000,0.4112,0.0005,0.0525,0.2720,0.0836,0.0030,
145.6317,23,1,ok,1,1,0.5794,0.0007,0.1687,0.4082,0.0017,0.0537,0.2699,0.0815,0.0031,
145.6317,24,1,ok,0,1,0.4140,0.0009,0.0000,0.4124,0.0006,0.0520,0.2727,0.0847,0.0029,
145.6317,25,1,ok,1,1,0.4119,0.0013,0.0000,0.4092,0.0014,0.0534,0.2703,0.0820,0.0034,
145.6317,26,1,ok,0,1,0.6179,0.0006,0.2042,0.4127,0.0004,0.0532,0.2718,0.0840,0.0036,
145.6317,27,1,ok,1,1,0.7399,0.0009,0.3290,0.4086,0.0014,0.0535,0.2699,0.0815,0.0037,
145.6317,28,1,ok,0,1,0.4114,0.0004,0.0000,0.4104,0.0006,0.0521,0.2713,0.0835,0.0034,
145.6317,29,1,ok,1,1,0.4087,0.0006,0.0001,0.4073,0.0008,0.0528,0.2695,0.0815,0.0035,
145.6317,30,1,ok,0,1,0.4122,0.0012,0.0000,0.4104,0.0005,0.0517,0.2714,0.0838,0.0035,
145.6317,31,1,ok,1,1,0.4106,0.0004,0.0000,0.4082,0.0020,0.0536,0.2697,0.0814,0.0033,
145.6317,32,1,ok,0,1,0.4105,0.0003,0.0000,0.4098,0.0004,0.0514,0.2711,0.0835,0.0037,
145.6317,33,1,ok,1,1,0.4122,0.0010,0.0000,0.4089,0.0023,0.0531,0.2708,0.0816,0.0034,
145.6317,34,1,ok,0,1,0.4132,0.0003,0.0000,0.4122,0.0006,0.0535,0.2715,0.0837,0.0034,
145.6317,35,1,ok,1,1,0.4104,0.0008,0.0000,0.4081,0.0014,0.0528,0.2698,0.0816,0.0039,
145.6317,36,1,ok,0,1,0.4125,0.0013,0.0000,0.4107,0.0005,0.0518,0.2719,0.0836,0.0033,
145.6317,37,1,ok,1,1,0.4117,0.0010,0.0000,0.4090,0.0017,0.0534,0.2705,0.0816,0.0035,
145.6317,38,1,ok,0,1,0.4126,0.0011,0.0000,0.4109,0.0006,0.0528,0.2711,0.0834,0.0036,
145.6317,39,1,ok,1,1,0.4128,0.0010,0.0000,0.4104,0.0014,0.0552,0.2700,0.0818,0.0033,
145.6317,40,1,ok,0,1,0.4109,0.0006,0.0000,0.4097,0.0005,0.0521,0.2710,0.0834,0.0032,
145.6317,41,1,ok,1,1,0.4101,0.0005,0.0000,0.4079,0.0017,0.0528,0.2699,0.0816,0.0034,
145.6317,42,1,ok,0,1,0.6963,0.0004,0.2847,0.4107,0.0005,0.0525,0.2713,0.0834,0.0034,
145.6317,43,1,ok,1,1,0.5719,0.0010,0.1618,0.4084,0.0006,0.0535,0.2701,0.0816,0.0032,
145.6317,44,1,ok,0,1,0.9324,0.0009,0.5204,0.4107,0.0004,0.0526,0.2716,0.0836,0.0030,
145.6317,45,1,ok,1,1,0.8384,0.0010,0.4274,0.4091,0.0008,0.0537,0.2700,0.0815,0.0039,
145.6317,46,1,ok,0,1,1.1911,0.0008,0.7786,0.4114,0.0003,0.0533,0.2713,0.0837,0.0031,
145.6317,47,1,ok,1,1,1.0703,0.0018,0.6585,0.4085,0.0015,0.0535,0.2698,0.0816,0.0035,
145.6317,48,1,ok,0,1,1.0529,0.0005,0.6404,0.4117,0.0003,0.0528,0.2714,0.0838,0.0037,
145.6317,49,1,ok,1,1,0.8767,0.0009,0.4664,0.4086,0.0008,0.0536,0.2701,0.0816,0.0033,
145.6317,50,1,ok,0,1,1.0909,0.0021,0.6733,0.4123,0.0031,0.0525,0.2717,0.0837,0.0044,
145.6317,51,1,ok,1,1,0.9988,0.0005,0.5889,0.4091,0.0003,0.0536,0.2703,0.0818,0.0034,
145.6317,52,1,ok,0,1,1.2774,0.0007,0.8653,0.4109,0.0005,0.0521,0.2714,0.0836,0.0038,
145.6317,53,1,ok,1,1,0.4093,0.0005,0.0000,0.4077,0.0011,0.0528,0.2698,0.0815,0.0035,
145.6317,54,1,ok,0,1,0.4119,0.0002,0.0000,0.4113,0.0004,0.0523,0.2722,0.0837,0.0030,
145.6317,55,1,ok,1,1,0.4100,0.0007,0.0000,0.4075,0.0018,0.0528,0.2698,0.0815,0.0033,
145.6317,56,1,ok,0,1,0.4117,0.0008,0.0000,0.4104,0.0005,0.0518,0.2719,0.0836,0.0029,
145.6317,57,1,ok,1,1,0.4116,0.0009,0.0000,0.4090,0.0017,0.0530,0.2709,0.0818,0.0032,
145.6317,58,1,ok,0,1,0.4134,0.0008,0.0000,0.4120,0.0005,0.0522,0.2720,0.0839,0.0039,
145.6317,59,1,ok,1,1,0.5515,0.0007,0.1409,0.4088,0.0011,0.0535,0.2708,0.0815,0.0030,
145.6317,60,1,ok,0,1,0.4117,0.0011,0.0000,0.4100,0.0006,0.0517,0.2715,0.0837,0.0031,
145.6317,61,1,ok,1,1,0.4134,0.0010,0.0000,0.4111,0.0014,0.0550,0.2708,0.0816,0.0036,
145.6317,62,1,ok,0,1,0.4135,0.0010,0.0000,0.4120,0.0005,0.0522,0.2725,0.0836,0.0036,
145.6317,63,1,ok,1,1,0.4088,0.0002,0.0000,0.4081,0.0005,0.0529,0.2703,0.0816,0.0032,
145.6317,64,1,ok,0,1,0.4125,0.0009,0.0000,0.4110,0.0006,0.0524,0.2717,0.0836,0.0033,
145.6317,65,1,ok,1,1,0.4095,0.0005,0.0000,0.4085,0.0005,0.0536,0.2703,0.0815,0.0030,
145.6317,66,1,ok,0,1,0.4120,0.0007,0.0000,0.4105,0.0007,0.0515,0.2716,0.0837,0.0036,
145.6317,67,1,ok,1,1,0.7011,0.0019,0.2870,0.4102,0.0020,0.0545,0.2706,0.0816,0.0035,
145.6317,68,1,ok,0,1,0.6545,0.0011,0.2414,0.4117,0.0003,0.0524,0.2720,0.0837,0.0036,
145.6317,69,1,ok,1,1,0.8276,0.0036,0.4130,0.4093,0.0017,0.0534,0.2706,0.0815,0.0037,
145.6317,70,1,ok,0,1,0.8406,0.0010,0.4275,0.4118,0.0003,0.0529,0.2718,0.0837,0.0034,
145.6317,71,1,ok,1,1,0.4094,0.0005,0.0000,0.4085,0.0004,0.0529,0.2700,0.0816,0.0039,
145.6317,72,1,ok,0,1,0.4110,0.0008,0.0000,0.4097,0.0005,0.0514,0.2716,0.0836,0.0030,
145.6317,73,1,ok,1,1,0.4098,0.0005,0.0000,0.4089,0.0004,0.0537,0.2704,0.0815,0.0032,
145.6317,74,1,ok,0,1,0.4145,0.0010,0.0000,0.4118,0.0016,0.0528,0.2715,0.0839,0.0036,
145.6317,75,1,ok,1,1,0.4088,0.0003,0.0000,0.4079,0.0005,0.0527,0.2702,0.0816,0.0033,
145.6317,76,1,ok,0,1,0.4136,0.0011,0.0000,0.4105,0.0019,0.0521,0.2715,0.0838,0.0030,
145.6317,77,1,ok,1,1,0.4118,0.0007,0.0000,0.4105,0.0005,0.0533,0.2716,0.0821,0.0035,
145.6317,78,1,ok,0,1,0.4468,0.0003,0.0335,0.4107,0.0023,0.0521,0.2716,0.0838,0.0031,
145.6317,79,1,ok,1,1,0.5801,0.0004,0.1679,0.4113,0.0005,0.0551,0.2713,0.0817,0.0032,
145.6317,80,1,ok,0,1,0.4136,0.0008,0.0000,0.4117,0.0011,0.0517,0.2721,0.0839,0.0039,
145.6317,81,1,ok,1,1,0.5266,0.0023,0.1127,0.4111,0.0005,0.0545,0.2712,0.0817,0.0036,
145.6317,82,1,ok,0,1,0.4141,0.0003,0.0000,0.4117,0.0020,0.0523,0.2725,0.0837,0.0031,
145.6317,83,1,ok,1,1,0.4102,0.0011,0.0000,0.4084,0.0007,0.0531,0.2705,0.0817,0.0031,
145.6317,84,1,ok,0,1,0.4142,0.0005,0.0000,0.4121,0.0016,0.0519,0.2724,0.0839,0.0038,
145.6317,85,1,ok,1,1,0.5088,0.0009,0.0973,0.4102,0.0004,0.0545,0.2707,0.0816,0.0035,
145.6317,86,1,ok,0,1,0.4135,0.0004,0.0000,0.4117,0.0015,0.0520,0.2724,0.0838,0.0034,
145.6317,87,1,ok,1,1,0.4100,0.0004,0.0000,0.4091,0.0005,0.0530,0.2706,0.0818,0.0037,
145.6317,88,1,ok,0,1,0.4947,0.0004,0.0804,0.4125,0.0014,0.0528,0.2725,0.0837,0.0035,
145.6317,89,1,ok,1,1,0.7604,0.0007,0.3502,0.4092,0.0003,0.0536,0.2706,0.0816,0.0033,
145.6317,90,1,ok,0,1,0.8390,0.0010,0.4260,0.4114,0.0006,0.0525,0.2727,0.0836,0.0026,
145.6317,91,1,ok,1,1,0.7172,0.0015,0.3042,0.4109,0.0007,0.0544,0.2705,0.0817,0.0043,
145.6317,92,1,ok,0,1,0.4161,0.0005,0.0000,0.4139,0.0018,0.0544,0.2724,0.0837,0.0033,
145.6317,93,1,ok,1,1,0.4094,0.0005,0.0000,0.4084,0.0004,0.0529,0.2703,0.0818,0.0035,
145.6317,94,1,ok,0,1,0.5771,0.0007,0.1625,0.4125,0.0014,0.0527,0.2726,0.0839,0.0032,
145.6317,95,1,ok,1,1,0.5951,0.0003,0.1840,0.4104,0.0004,0.0550,0.2703,0.0820,0.0031,
145.6317,96,1,ok,0,1,0.4126,0.0006,0.0000,0.4108,0.0013,0.0513,0.2716,0.0837,0.0041,
145.6317,97,1,ok,1,1,0.4105,0.0009,0.0000,0.4090,0.0005,0.0542,0.2702,0.0816,0.0029,
145.6317,98,1,ok,0,1,0.4116,0.0010,0.0000,0.4102,0.0004,0.0515,0.2718,0.0840,0.0029,
145.6317,99,1,ok,1,1,0.4143,0.0009,0.0000,0.4102,0.0031,0.0530,0.2704,0.0829,0.0038,
145.6317,100,1,ok,0,1,0.4136,0.0004,0.0000,0.4128,0.0004,0.0543,0.2716,0.0838,0.0030,
145.6317,101,1,ok,1,1,0.4103,0.0003,0.0000,0.4094,0.0005,0.0538,0.2708,0.0817,0.0030,
145.6317,102,1,ok,0,1,0.4143,0.0008,0.0000,0.4123,0.0012,0.0516,0.2724,0.0849,0.0033,
145.6317,103,1,ok,1,1,0.4119,0.0014,0.0000,0.4099,0.0006,0.0535,0.2711,0.0819,0.0033,
145.6317,104,1,ok,0,1,0.4142,0.0004,0.0000,0.4129,0.0009,0.0530,0.2724,0.0840,0.0034,
145.6317,105,1,ok,1,1,0.4086,0.0003,0.0000,0.4079,0.0004,0.0529,0.2700,0.0816,0.0033,
145.6317,106,1,ok,0,1,0.4154,0.0007,0.0000,0.4131,0.0017,0.0534,0.2725,0.0838,0.0034,
145.6317,107,1,ok,1,1,0.5347,0.0011,0.1237,0.4093,0.0005,0.0537,0.2701,0.0817,0.0038,
145.6317,108,1,ok,0,1,0.4124,0.0004,0.0000,0.4113,0.0007,0.0520,0.2727,0.0838,0.0028,
145.6317,109,1,ok,1,1,0.4114,0.0016,0.0000,0.4093,0.0005,0.0532,0.2701,0.0817,0.0042,
145.6317,110,1,ok,0,1,0.4238,0.0006,0.0000,0.4227,0.0005,0.0518,0.2724,0.0950,0.0034,
145.6317,111,1,ok,1,1,0.4101,0.0011,0.0000,0.4085,0.0005,0.0528,0.2704,0.0817,0.0035,
145.6317,112,1,ok,0,1,0.4257,0.0018,0.0100,0.4121,0.0018,0.0521,0.2725,0.0839,0.0036,
145.6317,113,1,ok,1,1,0.4531,0.0009,0.0420,0.4098,0.0003,0.0538,0.2704,0.0817,0.0038,
145.6317,114,1,ok,0,1,0.4147,0.0015,0.0000,0.4128,0.0004,0.0515,0.2725,0.0850,0.0038,
145.6317,115,1,ok,1,1,0.4115,0.0011,0.0000,0.4098,0.0006,0.0535,0.2710,0.0817,0.0035,
145.6317,116,1,ok,0,1,0.4131,0.0005,0.0000,0.4109,0.0017,0.0520,0.2714,0.0837,0.0038,
145.6317,117,1,ok,1,1,0.4104,0.0006,0.0000,0.4094,0.0005,0.0532,0.2710,0.0818,0.0033,
145.6317,118,1,ok,0,1,0.4156,0.0012,0.0000,0.4132,0.0011,0.0541,0.2717,0.0842,0.0031,
145.6317,119,1,ok,1,1,0.4089,0.0012,0.0000,0.4072,0.0005,0.0527,0.2701,0.0816,0.0028,
145.6317,120,1,ok,0,1,0.4130,0.0009,0.0000,0.4101,0.0019,0.0516,0.2714,0.0838,0.0033,
145.6317,121,1,ok,1,1,0.4104,0.0012,0.0000,0.4085,0.0006,0.0532,0.2703,0.0818,0.0031,
145.6317,122,1,ok,0,1,0.4133,0.0004,0.0000,0.4111,0.0017,0.0516,0.2718,0.0838,0.0039,
145.6317,123,1,ok,1,1,0.4107,0.0007,0.0000,0.4094,0.0006,0.0530,0.2713,0.0822,0.0028,
145.6317,124,1,ok,0,1,0.5157,0.0005,0.1012,0.4119,0.0020,0.0524,0.2723,0.0839,0.0033,
145.6317,125,1,ok,1,1,0.6588,0.0006,0.2485,0.4093,0.0004,0.0539,0.2703,0.0817,0.0034,
145.6317,126,1,ok,0,1,0.7592,0.0006,0.3455,0.4118,0.0012,0.0520,0.2724,0.0841,0.0033,
145.6317,127,1,ok,1,1,0.4121,0.0012,0.0000,0.4105,0.0004,0.0537,0.2710,0.0819,0.0038,
145.6317,128,1,ok,0,1,0.4157,0.0016,0.0000,0.4128,0.0013,0.0534,0.2720,0.0837,0.0036,
145.6317,129,1,ok,1,1,0.4103,0.0010,0.0000,0.4087,0.0006,0.0530,0.2704,0.0817,0.0034,
145.6317,130,1,ok,0,1,0.4171,0.0009,0.0000,0.4145,0.0017,0.0542,0.2725,0.0841,0.0036,
145.6317,131,1,ok,1,1,0.6438,0.0007,0.2336,0.4091,0.0004,0.0538,0.2704,0.0817,0.0031,
145.6317,132,1,ok,0,1,0.4119,0.0004,0.0000,0.4110,0.0005,0.0523,0.2719,0.0837,0.0031,
145.6317,133,1,ok,1,1,0.4110,0.0011,0.0000,0.4093,0.0006,0.0536,0.2707,0.0818,0.0033,
145.6317,134,1,ok,0,1,0.4161,0.0015,0.0000,0.4140,0.0006,0.0553,0.2721,0.0837,0.0028,
145.6317,135,1,ok,1,1,0.5107,0.0010,0.0990,0.4103,0.0004,0.0539,0.2706,0.0819,0.0038,
145.6317,136,1,ok,0,1,0.5263,0.0006,0.1118,0.4123,0.0016,0.0532,0.2723,0.0836,0.0032,
145.6317,137,1,ok,1,1,0.4097,0.0005,0.0000,0.4087,0.0005,0.0530,0.2707,0.0818,0.0032,
145.6317,138,1,ok,0,1,0.4153,0.0009,0.0000,0.4116,0.0028,0.0529,0.2720,0.0838,0.0028,
145.6317,139,1,ok,1,1,0.4118,0.0016,0.0000,0.4098,0.0005,0.0537,0.2712,0.0818,0.0029,
145.6317,140,1,ok,0,1,0.5069,0.0014,0.0915,0.4126,0.0014,0.0524,0.2723,0.0838,0.0040,
145.6317,141,1,ok,1,1,0.4102,0.0006,0.0000,0.4091,0.0004,0.0530,0.2709,0.0818,0.0033,
145.6317,142,1,ok,0,1,0.4662,0.0012,0.0501,0.4133,0.0016,0.0525,0.2729,0.0850,0.0029,
145.6317,143,1,ok,1,1,0.4107,0.0013,0.0000,0.4088,0.0005,0.0530,0.2707,0.0818,0.0031,
145.6317,144,1,ok,0,1,0.4152,0.0012,0.0000,0.4126,0.0014,0.0529,0.2724,0.0839,0.0035,
145.6317,145,1,ok,1,1,0.4970,0.0005,0.0855,0.4106,0.0004,0.0542,0.2709,0.0820,0.0034,
145.6317,146,1,ok,0,1,0.4123,0.0010,0.0000,0.4110,0.0003,0.0516,0.2725,0.0840,0.0029,
145.6317,147,1,ok,1,1,0.4116,0.0005,0.0000,0.4099,0.0012,0.0529,0.2709,0.0820,0.0041,
145.6317,148,1,ok,0,1,0.4136,0.0004,0.0000,0.4127,0.0005,0.0527,0.2727,0.0839,0.0033,
145.6317,149,1,ok,1,1,0.5752,0.0009,0.1643,0.4091,0.0010,0.0535,0.2706,0.0819,0.0031,
145.6317,150,1,ok,0,1,0.4131,0.0010,0.0000,0.4116,0.0005,0.0517,0.2715,0.0838,0.0045,
145.6317,151,1,ok,1,1,0.4114,0.0010,0.0000,0.4097,0.0008,0.0536,0.2710,0.0818,0.0033,
145.6317,152,1,ok,0,1,0.4242,0.0011,0.0000,0.4226,0.0005,0.0519,0.2723,0.0941,0.0042,
145.6317,153,1,ok,1,1,0.4122,0.0009,0.0000,0.4107,0.0005,0.0536,0.2715,0.0820,0.0037,
145.6317,154,1,ok,0,1,0.4823,0.0012,0.0696,0.4112,0.0004,0.0520,0.2726,0.0837,0.0028,
145.6317,155,1,ok,1,1,0.6657,0.0011,0.2531,0.4109,0.0006,0.0540,0.2716,0.0819,0.0033,
145.6317,156,1,ok,0,1,0.6223,0.0004,0.2071,0.4145,0.0003,0.0530,0.2734,0.0850,0.0031,
145.6317,157,1,ok,1,1,0.5418,0.0012,0.1289,0.4113,0.0004,0.0547,0.2715,0.0818,0.0032,
145.6317,158,1,ok,0,1,0.5623,0.0007,0.1482,0.4131,0.0003,0.0530,0.2729,0.0839,0.0033,
145.6317,159,1,ok,1,1,0.7436,0.0011,0.3305,0.4115,0.0004,0.0543,0.2717,0.0820,0.0035,
145.6317,160,1,ok,0,1,0.8433,0.0009,0.4287,0.4134,0.0004,0.0533,0.2729,0.0843,0.0028,
145.6317,161,1,ok,1,1,0.7155,0.0007,0.3017,0.4126,0.0005,0.0541,0.2722,0.0819,0.0044,
145.6317,162,1,ok,0,1,0.7389,0.0008,0.3245,0.4132,0.0004,0.0529,0.2730,0.0840,0.0033,
145.6317,163,1,ok,1,1,0.4113,0.0007,0.0000,0.4100,0.0006,0.0537,0.2713,0.0819,0.0029,
145.6317,164,1,ok,0,1,0.4137,0.0009,0.0000,0.4123,0.0005,0.0521,0.2727,0.0841,0.0034,
145.6317,165,1,ok,1,1,0.4103,0.0009,0.0000,0.4088,0.0005,0.0530,0.2712,0.0820,0.0025,
145.6317,166,1,ok,0,1,0.6855,0.0012,0.2703,0.4136,0.0004,0.0532,0.2728,0.0841,0.0035,
145.6317,167,1,ok,1,1,0.4102,0.0010,0.0000,0.4087,0.0005,0.0526,0.2710,0.0819,0.0031,
145.6317,168,1,ok,0,1,0.5438,0.0010,0.1297,0.4128,0.0003,0.0529,0.2728,0.0839,0.0032,
145.6317,169,1,ok,1,1,0.6638,0.0007,0.2517,0.4111,0.0004,0.0541,0.2709,0.0820,0.0040,
145.6317,170,1,ok,0,1,0.4156,0.0011,0.0000,0.4140,0.0005,0.0522,0.2734,0.0842,0.0042,
145.6317,171,1,ok,1,1,0.4110,0.0019,0.0000,0.4085,0.0006,0.0525,0.2706,0.0821,0.0032,
145.6317,172,1,ok,0,1,0.4146,0.0006,0.0000,0.4135,0.0004,0.0527,0.2731,0.0842,0.0034,
145.6317,173,1,ok,1,1,0.4095,0.0003,0.0000,0.4086,0.0005,0.0525,0.2704,0.0819,0.0037,
145.6317,174,1,ok,0,1,0.4143,0.0011,0.0000,0.4127,0.0005,0.0521,0.2732,0.0841,0.0032,
145.6317,175,1,ok,1,1,0.4117,0.0003,0.0000,0.4109,0.0005,0.0535,0.2715,0.0821,0.0038,
145.6317,176,1,ok,0,1,0.7002,0.0006,0.2847,0.4145,0.0004,0.0536,0.2728,0.0840,0.0041,
145.6317,177,1,ok,1,1,0.5483,0.0006,0.1368,0.4105,0.0004,0.0536,0.2714,0.0824,0.0031,
145.6317,178,1,ok,0,1,0.6555,0.0007,0.2402,0.4143,0.0004,0.0533,0.2735,0.0841,0.0033,
145.6317,179,1,ok,1,1,0.4736,0.0009,0.0612,0.4111,0.0004,0.0539,0.2714,0.0820,0.0039,
145.6317,180,1,ok,0,1,0.4135,0.0007,0.0000,0.4122,0.0005,0.0519,0.2726,0.0840,0.0037,
145.6317,181,1,ok,1,1,0.4116,0.0007,0.0000,0.4104,0.0005,0.0535,0.2713,0.0822,0.0033,
145.6317,182,1,ok,0,1,0.4163,0.0021,0.0002,0.4128,0.0012,0.0528,0.2728,0.0838,0.0034,
145.6317,183,1,ok,1,1,0.4117,0.0014,0.0000,0.4094,0.0009,0.0527,0.2706,0.0821,0.0039,
145.6317,184,1,ok,0,1,0.5747,0.0005,0.1609,0.4128,0.0005,0.0529,0.2727,0.0839,0.0032,
145.6317,185,1,ok,1,1,0.4399,0.0010,0.0277,0.4104,0.0007,0.0534,0.2708,0.0821,0.0041,
145.6317,186,1,ok,0,1,0.4123,0.0007,0.0000,0.4110,0.0005,0.0516,0.2722,0.0840,0.0032,
145.6317,187,1,ok,1,1,0.4111,0.0003,0.0000,0.4097,0.0011,0.0531,0.2708,0.0821,0.0036,
145.6317,188,1,ok,0,1,0.6208,0.0017,0.2060,0.4129,0.0004,0.0527,0.2726,0.0842,0.0033,
145.6317,189,1,ok,1,1,0.4891,0.0006,0.0784,0.4097,0.0004,0.0531,0.2707,0.0820,0.0038,
145.6317,190,1,ok,0,1,0.5635,0.0007,0.1491,0.4133,0.0004,0.0531,0.2728,0.0840,0.0035,
145.6317,191,1,ok,1,1,0.5384,0.0015,0.1274,0.4092,0.0004,0.0534,0.2708,0.0821,0.0028,
145.6317,192,1,ok,0,1,0.7237,0.0024,0.3082,0.4128,0.0003,0.0525,0.2727,0.0841,0.0035,
145.6317,193,1,ok,1,1,0.4108,0.0005,0.0000,0.4098,0.0005,0.0531,0.2706,0.0822,0.0038,
145.6317,194,1,ok,0,1,0.4128,0.0008,0.0000,0.4116,0.0005,0.0516,0.2727,0.0841,0.0032,
145.6317,195,1,ok,1,1,0.4117,0.0014,0.0000,0.4098,0.0005,0.0530,0.2711,0.0823,0.0034,
145.6317,196,1,ok,0,1,0.4142,0.0007,0.0000,0.4131,0.0004,0.0524,0.2729,0.0843,0.0034,
145.6317,197,1,ok,1,1,0.4730,0.0005,0.0605,0.4116,0.0003,0.0538,0.2714,0.0821,0.0042,
145.6317,198,1,ok,0,1,0.4144,0.0020,0.0000,0.4118,0.0005,0.0519,0.2725,0.0840,0.0035,
145.6317,199,1,ok,1,1,0.4108,0.0009,0.0000,0.4094,0.0005,0.0532,0.2707,0.0819,0.0036,
145.6317,200,1,ok,0,1,0.4142,0.0019,0.0000,0.4118,0.0005,0.0518,0.2718,0.0841,0.0040,
145.6317,201,1,ok,1,1,0.4110,0.0012,0.0000,0.4093,0.0005,0.0527,0.2705,0.0821,0.0039,
145.6317,202,1,ok,0,1,0.4133,0.0015,0.0000,0.4112,0.0006,0.0519,0.2718,0.0838,0.0035,
145.6317,203,1,ok,1,1,0.4098,0.0009,0.0000,0.4084,0.0005,0.0525,0.2706,0.0822,0.0031,
145.6317,204,1,ok,0,1,0.4769,0.0005,0.0639,0.4120,0.0004,0.0526,0.2721,0.0838,0.0035,
145.6317,205,1,ok,1,1,0.4480,0.0006,0.0362,0.4108,0.0004,0.0539,0.2706,0.0821,0.0042,
145.6317,206,1,ok,0,1,0.5799,0.0020,0.1646,0.4130,0.0003,0.0527,0.2725,0.0839,0.0038,
145.6317,207,1,ok,1,1,0.6313,0.0003,0.2117,0.4190,0.0003,0.0538,0.2708,0.0908,0.0036,
145.6317,208,1,ok,0,1,0.7724,0.0007,0.3581,0.4133,0.0003,0.0528,0.2725,0.0839,0.0040,
145.6317,209,1,ok,1,1,0.4138,0.0014,0.0001,0.4108,0.0014,0.0532,0.2716,0.0822,0.0038,
203.8844,0,0,ok,0,1,0.4142,0.0012,0.0000,0.4107,0.0023,0.0516,0.2719,0.0838,0.0034,
203.8844,1,0,ok,1,1,0.4117,0.0010,0.0000,0.4102,0.0005,0.0533,0.2712,0.0823,0.0034,
203.8844,2,0,ok,0,1,0.7270,0.0006,0.3114,0.4119,0.0030,0.0520,0.2720,0.0839,0.0039,
203.8844,3,0,ok,1,1,0.6539,0.0005,0.2423,0.4108,0.0003,0.0538,0.2717,0.0823,0.0029,
203.8844,4,0,ok,0,1,0.6730,0.0006,0.2596,0.4124,0.0004,0.0522,0.2723,0.0840,0.0040,
203.8844,5,0,ok,1,1,0.4139,0.0013,0.0000,0.4110,0.0016,0.0535,0.2711,0.0824,0.0040,
203.8844,6,0,ok,0,1,0.4138,0.0009,0.0000,0.4124,0.0005,0.0521,0.2727,0.0840,0.0035,
203.8844,7,0,ok,1,1,0.4127,0.0014,0.0000,0.4099,0.0014,0.0532,0.2709,0.0823,0.0035,
203.8844,8,0,ok,0,1,0.6394,0.0015,0.2243,0.4132,0.0004,0.0529,0.2730,0.0841,0.0032,
203.8844,9,0,ok,1,1,0.6545,0.0009,0.2417,0.4102,0.0017,0.0533,0.2711,0.0823,0.0036,
203.8844,10,1,ok,0,1,0.9728,0.0015,0.5564,0.4145,0.0004,0.0534,0.2732,0.0840,0.0040,
203.8844,11,1,ok,1,1,0.7858,0.0010,0.3737,0.4105,0.0006,0.0532,0.2712,0.0823,0.0037,
203.8844,12,1,ok,0,1,1.1714,0.0003,0.7575,0.4133,0.0004,0.0527,0.2733,0.0841,0.0032,
203.8844,13,1,ok,1,1,1.1237,0.0002,0.7125,0.4104,0.0006,0.0539,0.2711,0.0824,0.0030,
203.8844,14,1,ok,0,1,1.2117,0.0010,0.7964,0.4140,0.0004,0.0530,0.2731,0.0840,0.0039,
203.8844,15,1,ok,1,1,0.9942,0.0007,0.5825,0.4103,0.0007,0.0538,0.2712,0.0822,0.0031,
203.8844,16,1,ok,0,1,1.3216,0.0005,0.9062,0.4145,0.0004,0.0529,0.2732,0.0843,0.0040,
203.8844,17,1,ok,1,1,1.0706,0.0011,0.6579,0.4111,0.0004,0.0537,0.2712,0.0825,0.0036,
203.8844,18,1,ok,0,1,0.9861,0.0024,0.5695,0.4138,0.0004,0.0528,0.2732,0.0840,0.0038,
203.8844,19,1,ok,1,1,0.9926,0.0004,0.5804,0.4115,0.0003,0.0541,0.2711,0.0824,0.0038,
203.8844,20,1,ok,0,1,0.9156,0.0006,0.5013,0.4134,0.0003,0.0530,0.2732,0.0841,0.0031,
203.8844,21,1,ok,1,1,0.5678,0.0004,0.1574,0.4097,0.0003,0.0536,0.2710,0.0823,0.0027,
203.8844,22,1,ok,0,1,0.8557,0.0003,0.4405,0.4146,0.0003,0.0535,0.2740,0.0841,0.0030,
203.8844,23,1,ok,1,1,0.8068,0.0009,0.3948,0.4108,0.0003,0.0539,0.2713,0.0826,0.0031,
203.8844,24,1,ok,0,1,0.4130,0.0006,0.0000,0.4119,0.0004,0.0517,0.2732,0.0841,0.0029,
203.8844,25,1,ok,1,1,0.4133,0.0011,0.0000,0.4117,0.0005,0.0535,0.2721,0.0825,0.0034,
203.8844,26,1,ok,0,1,0.6778,0.0007,0.2629,0.4139,0.0003,0.0530,0.2733,0.0841,0.0036,
203.8844,27,1,ok,1,1,0.7676,0.0009,0.3538,0.4125,0.0004,0.0541,0.2722,0.0826,0.0036,
203.8844,28,1,ok,0,1,0.5084,0.0007,0.0938,0.4136,0.0004,0.0529,0.2733,0.0841,0.0033,
203.8844,29,1,ok,1,1,0.4131,0.0021,0.0000,0.4105,0.0005,0.0530,0.2715,0.0825,0.0034,
203.8844,30,1,ok,0,1,0.4149,0.0020,0.0000,0.4123,0.0005,0.0514,0.2731,0.0842,0.0035,
203.8844,31,1,ok,1,1,0.4115,0.0006,0.0000,0.4104,0.0005,0.0532,0.2713,0.0827,0.0032,
203.8844,32,1,ok,0,1,0.4139,0.0010,0.0001,0.4124,0.0004,0.0516,0.2729,0.0841,0.0037,
203.8844,33,1,ok,1,1,0.4114,0.0015,0.0000,0.4094,0.0005,0.0528,0.2710,0.0823,0.0033,
203.8844,34,1,ok,0,1,0.4160,0.0019,0.0000,0.4136,0.0005,0.0524,0.2735,0.0843,0.0033,
203.8844,35,1,ok,1,1,0.4467,0.0010,0.0341,0.4112,0.0004,0.0538,0.2711,0.0825,0.0038,
203.8844,36,1,ok,0,1,0.4132,0.0004,0.0000,0.4123,0.0005,0.0518,0.2730,0.0842,0.0032,
203.8844,37,1,ok,1,1,0.4120,0.0014,0.0000,0.4101,0.0005,0.0531,0.2710,0.0824,0.0035,
203.8844,38,1,ok,0,1,0.4141,0.0010,0.0000,0.4126,0.0004,0.0517,0.2730,0.0842,0.0036,
203.8844,39,1,ok,1,1,0.4114,0.0010,0.0000,0.4099,0.0005,0.0528,0.2713,0.0826,0.0032,
203.8844,40,1,ok,0,1,0.4142,0.0011,0.0000,0.4126,0.0004,0.0520,0.2732,0.0842,0.0032,
203.8844,41,1,ok,1,1,0.4508,0.0016,0.0372,0.4117,0.0004,0.0543,0.2714,0.0826,0.0034,
203.8844,42,1,ok,0,1,0.7381,0.0009,0.3234,0.4135,0.0003,0.0527,0.2733,0.0841,0.0034,
203.8844,43,1,ok,1,1,0.6858,0.0005,0.2736,0.4113,0.0004,0.0544,0.2713,0.0824,0.0032,
203.8844,44,1,ok,0,1,1.0274,0.0002,0.6130,0.4139,0.0004,0.0527,0.2737,0.0845,0.0030,
203.8844,45,1,ok,1,1,0.9960,0.0004,0.5830,0.4122,0.0003,0.0541,0.2716,0.0827,0.0039,
203.8844,46,1,ok,0,1,1.3331,0.0002,0.9179,0.4147,0.0003,0.0538,0.2736,0.0842,0.0031,
203.8844,47,1,ok,1,1,1.2808,0.0003,0.8685,0.4116,0.0003,0.0537,0.2717,0.0826,0.0036,
203.8844,48,1,ok,0,1,1.3551,0.0009,0.9392,0.4146,0.0003,0.0529,0.2738,0.0842,0.0037,
203.8844,49,1,ok,1,1,1.2627,0.0005,0.8496,0.4123,0.0003,0.0545,0.2716,0.0828,0.0033,
203.8844,50,1,ok,0,1,1.5025,0.0007,1.0847,0.4167,0.0003,0.0525,0.2746,0.0853,0.0044,
203.8844,51,1,ok,1,1,1.4693,0.0007,1.0567,0.4115,0.0003,0.0538,0.2715,0.0828,0.0034,
203.8844,52,1,ok,0,1,1.7582,0.0005,1.3415,0.4160,0.0003,0.0539,0.2740,0.0842,0.0038,
203.8844,53,1,ok,1,1,0.9778,0.0009,0.5651,0.4115,0.0004,0.0539,0.2714,0.0826,0.0035,
203.8844,54,1,ok,0,1,1.0533,0.0011,0.6379,0.4140,0.0003,0.0526,0.2742,0.0841,0.0030,
203.8844,55,1,ok,1,1,0.8062,0.0014,0.3926,0.4118,0.0003,0.0542,0.2716,0.0827,0.0032,
203.8844,56,1,ok,0,1,1.1366,0.0003,0.7213,0.4146,0.0003,0.0530,0.2743,0.0843,0.0029,
203.8844,57,1,ok,1,1,0.7788,0.0006,0.3659,0.4119,0.0003,0.0542,0.2717,0.0828,0.0032,
203.8844,58,1,ok,0,1,1.1154,0.0013,0.6984,0.4153,0.0004,0.0534,0.2739,0.0842,0.0038,
203.8844,59,1,ok,1,1,0.9978,0.0011,0.5848,0.4115,0.0004,0.0540,0.2717,0.0829,0.0029,
203.8844,60,1,ok,0,1,0.4157,0.0007,0.0000,0.4145,0.0005,0.0522,0.2746,0.0845,0.0031,
203.8844,61,1,ok,1,1,0.4127,0.0007,0.0000,0.4115,0.0005,0.0534,0.2719,0.0827,0.0035,
203.8844,62,1,ok,0,1,0.4239,0.0007,0.0000,0.4226,0.0005,0.0522,0.2746,0.0922,0.0036,
203.8844,63,1,ok,1,1,0.4125,0.0008,0.0000,0.4112,0.0005,0.0532,0.2720,0.0828,0.0032,
203.8844,64,1,ok,0,1,0.4156,0.0012,0.0000,0.4139,0.0005,0.0523,0.2737,0.0844,0.0034,
203.8844,65,1,ok,1,1,0.4107,0.0005,0.0000,0.4097,0.0005,0.0527,0.2712,0.0828,0.0030,
203.8844,66,1,ok,0,1,0.4140,0.0003,0.0000,0.4133,0.0004,0.0513,0.2740,0.0843,0.0036,
203.8844,67,1,ok,1,1,0.7370,0.0012,0.3234,0.4120,0.0004,0.0543,0.2714,0.0829,0.0034,
203.8844,68,1,ok,0,1,0.7099,0.0009,0.2920,0.4167,0.0003,0.0523,0.2751,0.0855,0.0038,
203.8844,69,1,ok,1,1,0.9454,0.0005,0.5333,0.4112,0.0004,0.0536,0.2713,0.0826,0.0036,
203.8844,70,1,ok,0,1,0.9636,0.0009,0.5476,0.4148,0.0003,0.0529,0.2741,0.0842,0.0035,
203.8844,71,1,ok,1,1,0.4454,0.0014,0.0317,0.4119,0.0004,0.0537,0.2714,0.0830,0.0039,
203.8844,72,1,ok,0,1,0.4139,0.0005,0.0000,0.4130,0.0004,0.0513,0.2741,0.0843,0.0032,
203.8844,73,1,ok,1,1,0.4119,0.0006,0.0000,0.4108,0.0004,0.0531,0.2714,0.0828,0.0034,
203.8844,74,1,ok,0,1,0.4155,0.0003,0.0000,0.4147,0.0004,0.0514,0.2745,0.0850,0.0038,
203.8844,75,1,ok,1,1,0.4115,0.0003,0.0000,0.4108,0.0004,0.0528,0.2716,0.0829,0.0034,
203.8844,76,1,ok,0,1,0.4158,0.0011,0.0000,0.4142,0.0005,0.0523,0.2746,0.0843,0.0030,
203.8844,77,1,ok,1,1,0.4129,0.0009,0.0000,0.4116,0.0004,0.0531,0.2719,0.0830,0.0035,
203.8844,78,1,ok,0,1,0.5603,0.0006,0.1440,0.4154,0.0003,0.0530,0.2750,0.0843,0.0031,
203.8844,79,1,ok,1,1,0.6521,0.0004,0.2386,0.4127,0.0003,0.0543,0.2722,0.0830,0.0032,
203.8844,80,1,ok,0,1,0.6510,0.0008,0.2337,0.4162,0.0003,0.0530,0.2749,0.0845,0.0039,
203.8844,81,1,ok,1,1,0.7332,0.0002,0.3197,0.4130,0.0003,0.0541,0.2722,0.0829,0.0037,
203.8844,82,1,ok,0,1,0.7189,0.0005,0.3023,0.4158,0.0003,0.0531,0.2751,0.0844,0.0031,
203.8844,83,1,ok,1,1,0.4131,0.0008,0.0000,0.4119,0.0005,0.0533,0.2721,0.0832,0.0032,
203.8844,84,1,ok,0,1,0.4173,0.0019,0.0000,0.4150,0.0004,0.0516,0.2749,0.0846,0.0038,
203.8844,85,1,ok,1,1,0.6035,0.0012,0.1890,0.4129,0.0004,0.0545,0.2716,0.0833,0.0035,
203.8844,86,1,ok,0,1,0.4149,0.0013,0.0000,0.4132,0.0004,0.0515,0.2737,0.0846,0.0034,
203.8844,87,1,ok,1,1,0.4122,0.0010,0.0000,0.4106,0.0006,0.0528,0.2712,0.0829,0.0037,
203.8844,88,1,ok,0,1,0.5929,0.0002,0.1771,0.4153,0.0003,0.0531,0.2744,0.0843,0.0035,
203.8844,89,1,ok,1,1,0.7815,0.0011,0.3688,0.4111,0.0004,0.0535,0.2714,0.0829,0.0033,
203.8844,90,1,ok,0,1,0.9584,0.0010,0.5435,0.4136,0.0003,0.0523,0.2745,0.0842,0.0026,
203.8844,91,1,ok,1,1,0.8699,0.0009,0.4558,0.4128,0.0003,0.0541,0.2715,0.0830,0.0041,
203.8844,92,1,ok,0,1,0.6215,0.0008,0.2049,0.4155,0.0004,0.0525,0.2749,0.0848,0.0033,
203.8844,93,1,ok,1,1,0.6580,0.0006,0.2457,0.4113,0.0003,0.0534,0.2711,0.0835,0.0034,
203.8844,94,1,ok,0,1,0.8564,0.0005,0.4404,0.4153,0.0003,0.0535,0.2744,0.0842,0.0032,
203.8844,95,1,ok,1,1,0.9090,0.0008,0.4965,0.4114,0.0003,0.0537,0.2710,0.0835,0.0031,
203.8844,96,1,ok,0,1,0.4154,0.0010,0.0000,0.4140,0.0004,0.0514,0.2740,0.0843,0.0042,
203.8844,97,1,ok,1,1,0.4118,0.0007,0.0000,0.4105,0.0005,0.0533,0.2712,0.0830,0.0029,
203.8844,98,1,ok,0,1,0.4138,0.0008,0.0000,0.4125,0.0005,0.0514,0.2738,0.0844,0.0029,
203.8844,99,1,ok,1,1,0.4128,0.0009,0.0000,0.4114,0.0005,0.0531,0.2717,0.0830,0.0036,
203.8844,100,1,ok,0,1,0.4146,0.0007,0.0000,0.4135,0.0004,0.0518,0.2743,0.0844,0.0030,
203.8844,101,1,ok,1,1,0.4460,0.0009,0.0332,0.4116,0.0004,0.0538,0.2712,0.0835,0.0030,
203.8844,102,1,ok,0,1,0.4147,0.0007,0.0000,0.4135,0.0004,0.0515,0.2744,0.0844,0.0033,
203.8844,103,1,ok,1,1,0.4143,0.0018,0.0000,0.4120,0.0005,0.0535,0.2722,0.0831,0.0032,
203.8844,104,1,ok,0,1,0.5128,0.0007,0.0960,0.4157,0.0004,0.0525,0.2751,0.0846,0.0034,
203.8844,105,1,ok,1,1,0.4349,0.0017,0.0198,0.4130,0.0004,0.0545,0.2716,0.0836,0.0032,
203.8844,106,1,ok,0,1,0.5925,0.0009,0.1756,0.4156,0.0003,0.0533,0.2744,0.0846,0.0034,
203.8844,107,1,ok,1,1,0.6456,0.0003,0.2319,0.4131,0.0004,0.0543,0.2714,0.0836,0.0037,
203.8844,108,1,ok,0,1,0.6615,0.0011,0.2456,0.4146,0.0003,0.0525,0.2749,0.0844,0.0027,
203.8844,109,1,ok,1,1,0.4136,0.0009,0.0000,0.4122,0.0005,0.0534,0.2717,0.0830,0.0041,
203.8844,110,1,ok,0,1,0.4161,0.0010,0.0000,0.4146,0.0005,0.0517,0.2750,0.0845,0.0034,
203.8844,111,1,ok,1,1,0.4117,0.0002,0.0000,0.4110,0.0005,0.0530,0.2713,0.0833,0.0034,
203.8844,112,1,ok,0,1,0.5403,0.0023,0.1196,0.4181,0.0003,0.0532,0.2758,0.0855,0.0035,
203.8844,113,1,ok,1,1,0.5623,0.0005,0.1490,0.4125,0.0003,0.0539,0.2713,0.0835,0.0037,
203.8844,114,1,ok,0,1,0.4178,0.0012,0.0000,0.4162,0.0004,0.0528,0.2750,0.0846,0.0036,
203.8844,115,1,ok,1,1,0.4131,0.0006,0.0000,0.4119,0.0005,0.0534,0.2716,0.0834,0.0034,
203.8844,116,1,ok,0,1,0.4161,0.0016,0.0000,0.4141,0.0004,0.0514,0.2745,0.0844,0.0038,
203.8844,117,1,ok,1,1,0.4220,0.0012,0.0077,0.4127,0.0004,0.0542,0.2714,0.0838,0.0033,
203.8844,118,1,ok,0,1,0.4145,0.0003,0.0000,0.4138,0.0004,0.0518,0.2744,0.0845,0.0031,
203.8844,119,1,ok,1,1,0.5092,0.0007,0.0962,0.4119,0.0003,0.0541,0.2712,0.0838,0.0028,
203.8844,120,1,ok,0,1,0.4153,0.0008,0.0000,0.4141,0.0004,0.0516,0.2747,0.0845,0.0032,
203.8844,121,1,ok,1,1,0.4145,0.0013,0.0000,0.4127,0.0005,0.0537,0.2719,0.0838,0.0032,
203.8844,122,1,ok,0,1,0.4158,0.0009,0.0000,0.4146,0.0004,0.0515,0.2748,0.0844,0.0038,
203.8844,123,1,ok,1,1,0.4122,0.0009,0.0000,0.4107,0.0005,0.0529,0.2713,0.0838,0.0028,
203.8844,124,1,ok,0,1,0.6090,0.0008,0.1925,0.4155,0.0003,0.0526,0.2750,0.0846,0.0033,
203.8844,125,1,ok,1,1,0.7096,0.0008,0.2960,0.4125,0.0003,0.0542,0.2713,0.0837,0.0033,
203.8844,126,1,ok,0,1,0.9034,0.0011,0.4868,0.4152,0.0003,0.0524,0.2749,0.0845,0.0033,
203.8844,127,1,ok,1,1,0.4142,0.0012,0.0000,0.4126,0.0004,0.0534,0.2714,0.0839,0.0037,
203.8844,128,1,ok,0,1,0.4279,0.0017,0.0000,0.4258,0.0004,0.0522,0.2747,0.0953,0.0036,
203.8844,129,1,ok,1,1,0.9164,0.0008,0.0000,0.9151,0.0005,0.5538,0.2723,0.0855,0.0035,
203.8844,130,1,ok,0,1,0.4165,0.0009,0.0000,0.4151,0.0004,0.0520,0.2750,0.0845,0.0035,
203.8844,131,1,ok,0,1,0.8156,0.0006,0.3983,0.4164,0.0003,0.0527,0.2759,0.0847,0.0031,
203.8844,132,1,ok,1,1,0.5847,0.0012,0.1704,0.4128,0.0004,0.0535,0.2719,0.0842,0.0032,
203.8844,133,1,ok,0,1,0.4170,0.0010,0.0000,0.4155,0.0005,0.0517,0.2746,0.0858,0.0033,
203.8844,134,1,ok,1,1,0.4144,0.0018,0.0000,0.4121,0.0005,0.0532,0.2722,0.0838,0.0029,
203.8844,135,1,ok,0,1,0.6127,0.0004,0.1944,0.4176,0.0003,0.0540,0.2750,0.0848,0.0037,
203.8844,136,1,ok,1,1,0.6121,0.0004,0.1971,0.4143,0.0004,0.0544,0.2724,0.0841,0.0033,
203.8844,137,1,ok,0,1,0.5867,0.0012,0.1697,0.4155,0.0003,0.0525,0.2751,0.0849,0.0030,
203.8844,138,1,ok,1,1,0.4138,0.0015,0.0000,0.4117,0.0005,0.0528,0.2721,0.0839,0.0029,
203.8844,139,1,ok,0,1,0.5352,0.0003,0.1187,0.4159,0.0003,0.0526,0.2755,0.0848,0.0028,
203.8844,140,1,ok,1,1,0.5981,0.0015,0.1822,0.4141,0.0004,0.0538,0.2722,0.0840,0.0041,
203.8844,141,1,ok,0,1,0.5276,0.0020,0.1086,0.4167,0.0003,0.0532,0.2753,0.0850,0.0032,
203.8844,142,1,ok,1,1,0.6853,0.0005,0.2720,0.4124,0.0004,0.0533,0.2723,0.0838,0.0030,
203.8844,143,1,ok,0,1,0.4157,0.0003,0.0000,0.4150,0.0004,0.0516,0.2754,0.0849,0.0030,
203.8844,144,1,ok,1,1,0.4134,0.0006,0.0000,0.4123,0.0005,0.0527,0.2722,0.0839,0.0035,
203.8844,145,1,ok,0,1,0.6061,0.0008,0.1829,0.4220,0.0003,0.0527,0.2800,0.0861,0.0033,
203.8844,146,1,ok,1,1,0.5283,0.0009,0.1144,0.4126,0.0004,0.0535,0.2722,0.0839,0.0030,
203.8844,147,1,ok,0,1,0.4183,0.0009,0.0000,0.4170,0.0003,0.0515,0.2764,0.0849,0.0042,
203.8844,148,1,ok,1,1,0.4905,0.0002,0.0768,0.4132,0.0003,0.0539,0.2721,0.0838,0.0034,
203.8844,149,1,ok,0,1,0.6592,0.0003,0.2420,0.4167,0.0003,0.0522,0.2765,0.0849,0.0030,
203.8844,150,1,ok,1,1,0.4159,0.0022,0.0000,0.4133,0.0005,0.0540,0.2714,0.0838,0.0040,
203.8844,151,1,ok,0,1,0.4173,0.0010,0.0000,0.4159,0.0004,0.0516,0.2755,0.0855,0.0032,
203.8844,152,1,ok,1,1,0.4144,0.0006,0.0000,0.4132,0.0005,0.0526,0.2722,0.0839,0.0044,
203.8844,153,1,ok,0,1,0.4520,0.0005,0.0326,0.4185,0.0003,0.0534,0.2764,0.0852,0.0035,
203.8844,154,1,ok,1,1,0.5746,0.0004,0.1615,0.4123,0.0004,0.0533,0.2723,0.0837,0.0029,
203.8844,155,1,ok,0,1,0.7581,0.0007,0.3385,0.4187,0.0003,0.0525,0.2775,0.0854,0.0032,
203.8844,156,1,ok,1,1,0.7919,0.0008,0.3775,0.4133,0.0003,0.0539,0.2724,0.0840,0.0030,
203.8844,157,1,ok,0,1,0.7960,0.0007,0.3748,0.4201,0.0003,0.0528,0.2785,0.0857,0.0031,
203.8844,158,1,ok,1,1,0.8677,0.0009,0.4528,0.4136,0.0003,0.0539,0.2724,0.0840,0.0033,
203.8844,159,1,ok,0,1,1.0676,0.0011,0.6447,0.4215,0.0003,0.0533,0.2791,0.0857,0.0034,
203.8844,160,1,ok,1,1,1.1860,0.0006,0.7722,0.4129,0.0003,0.0539,0.2722,0.0839,0.0028,
203.8844,161,1,ok,0,1,1.1719,0.0005,0.7520,0.4191,0.0003,0.0527,0.2768,0.0854,0.0042,
203.8844,162,1,ok,1,1,1.2300,0.0011,0.8150,0.4136,0.0003,0.0538,0.2724,0.0840,0.0034,
203.8844,163,1,ok,0,1,0.8207,0.0011,0.4002,0.4190,0.0003,0.0523,0.2783,0.0856,0.0028,
203.8844,164,1,ok,1,1,0.4123,0.0004,0.0000,0.4116,0.0004,0.0522,0.2719,0.0840,0.0034,
203.8844,165,1,ok,0,1,0.6444,0.0009,0.2203,0.4229,0.0003,0.0531,0.2809,0.0863,0.0025,
203.8844,166,1,ok,1,1,0.7238,0.0011,0.3096,0.4128,0.0003,0.0534,0.2719,0.0839,0.0035,
203.8844,167,1,ok,0,1,0.6679,0.0006,0.2385,0.4285,0.0003,0.0533,0.2846,0.0876,0.0030,
203.8844,168,1,ok,1,1,0.7409,0.0018,0.3257,0.4130,0.0003,0.0534,0.2722,0.0841,0.0032,
203.8844,169,1,ok,0,1,0.9844,0.0002,0.5550,0.4289,0.0003,0.0528,0.2850,0.0873,0.0038,
203.8844,170,1,ok,1,1,0.4133,0.0007,0.0000,0.4122,0.0004,0.0523,0.2717,0.0840,0.0042,
203.8844,171,1,ok,0,1,0.4194,0.0017,0.0000,0.4173,0.0004,0.0526,0.2767,0.0849,0.0031,
203.8844,172,1,ok,1,1,0.4135,0.0011,0.0000,0.4120,0.0004,0.0523,0.2722,0.0840,0.0035,
203.8844,173,1,ok,0,1,0.4188,0.0008,0.0000,0.4176,0.0004,0.0516,0.2773,0.0851,0.0035,
203.8844,174,1,ok,1,1,0.4153,0.0021,0.0000,0.4127,0.0005,0.0527,0.2727,0.0841,0.0032,
203.8844,175,1,ok,0,1,0.4167,0.0002,0.0000,0.4161,0.0004,0.0517,0.2759,0.0848,0.0036,
203.8844,176,1,ok,1,1,0.7383,0.0004,0.3228,0.4147,0.0003,0.0536,0.2728,0.0841,0.0042,
203.8844,177,1,ok,0,1,0.6493,0.0007,0.2201,0.4282,0.0003,0.0526,0.2852,0.0873,0.0030,
203.8844,178,1,ok,1,1,0.8241,0.0003,0.4099,0.4136,0.0003,0.0533,0.2729,0.0840,0.0033,
203.8844,179,1,ok,0,1,0.7404,0.0008,0.3011,0.4381,0.0003,0.0526,0.2929,0.0889,0.0037,
203.8844,180,1,ok,1,1,0.6694,0.0009,0.2538,0.4144,0.0003,0.0536,0.2728,0.0842,0.0038,
203.8844,181,1,ok,0,1,0.4640,0.0006,0.0262,0.4370,0.0003,0.0525,0.2927,0.0886,0.0030,
203.8844,182,1,ok,1,1,0.4140,0.0009,0.0000,0.4125,0.0005,0.0526,0.2722,0.0842,0.0035,
203.8844,183,1,ok,0,1,0.4179,0.0007,0.0000,0.4167,0.0004,0.0521,0.2760,0.0851,0.0035,
203.8844,184,1,ok,1,1,0.6454,0.0005,0.2314,0.4132,0.0003,0.0536,0.2723,0.0840,0.0032,
203.8844,185,1,ok,0,1,0.5628,0.0007,0.1436,0.4182,0.0003,0.0527,0.2765,0.0853,0.0037,
203.8844,186,1,ok,1,1,0.4131,0.0008,0.0000,0.4118,0.0005,0.0523,0.2721,0.0841,0.0033,
203.8844,187,1,ok,0,1,0.4219,0.0009,0.0000,0.4206,0.0004,0.0517,0.2794,0.0859,0.0035,
203.8844,188,1,ok,1,1,0.6805,0.0011,0.2658,0.4133,0.0003,0.0533,0.2723,0.0842,0.0034,
203.8844,189,1,ok,0,1,0.6080,0.0012,0.1834,0.4231,0.0003,0.0532,0.2806,0.0863,0.0029,
203.8844,190,1,ok,1,1,0.7579,0.0007,0.3434,0.4135,0.0003,0.0536,0.2723,0.0840,0.0035,
203.8844,191,1,ok,0,1,0.7765,0.0005,0.3502,0.4255,0.0003,0.0529,0.2831,0.0866,0.0027,
203.8844,192,1,ok,1,1,0.9909,0.0011,0.5761,0.4133,0.0003,0.0531,0.2723,0.0843,0.0036,
203.8844,193,1,ok,0,1,0.4235,0.0006,0.0000,0.4225,0.0004,0.0519,0.2807,0.0861,0.0037,
203.8844,194,1,ok,1,1,0.4765,0.0006,0.0625,0.4131,0.0003,0.0531,0.2724,0.0843,0.0032,
203.8844,195,1,ok,0,1,0.4180,0.0004,0.0000,0.4171,0.0004,0.0522,0.2766,0.0851,0.0033,
203.8844,196,1,ok,1,1,0.4131,0.0006,0.0000,0.4120,0.0005,0.0525,0.2720,0.0841,0.0034,
203.8844,197,1,ok,0,1,0.5870,0.0005,0.1670,0.4192,0.0003,0.0531,0.2770,0.0851,0.0040,
203.8844,198,1,ok,1,1,0.4130,0.0013,0.0000,0.4112,0.0005,0.0522,0.2713,0.0841,0.0036,
203.8844,199,1,ok,0,1,0.4178,0.0011,0.0000,0.4161,0.0005,0.0516,0.2760,0.0850,0.0034,
203.8844,200,1,ok,1,1,0.4146,0.0013,0.0000,0.4127,0.0005,0.0525,0.2721,0.0840,0.0041,
203.8844,201,1,ok,0,1,0.4174,0.0014,0.0000,0.4155,0.0005,0.0519,0.2751,0.0847,0.0037,
203.8844,202,1,ok,1,1,0.4138,0.0009,0.0000,0.4124,0.0005,0.0525,0.2721,0.0841,0.0036,
203.8844,203,1,ok,0,1,0.4158,0.0006,0.0000,0.4148,0.0004,0.0514,0.2755,0.0848,0.0030,
203.8844,204,1,ok,1,1,0.5782,0.0003,0.1643,0.4132,0.0004,0.0531,0.2724,0.0841,0.0035,
203.8844,205,1,ok,0,1,0.5679,0.0017,0.1477,0.4182,0.0003,0.0528,0.2762,0.0852,0.0040,
203.8844,206,1,ok,1,1,0.7707,0.0008,0.3557,0.4138,0.0003,0.0532,0.2726,0.0841,0.0039,
203.8844,207,1,ok,0,1,0.8202,0.0002,0.3991,0.4207,0.0003,0.0527,0.2784,0.0861,0.0034,
203.8844,208,1,ok,1,1,1.0272,0.0012,0.6115,0.4141,0.0004,0.0530,0.2727,0.0843,0.0041,
203.8844,209,1,ok,0,1,0.4189,0.0020,0.0000,0.4165,0.0004,0.0520,0.2759,0.0848,0.0038,
247.5739,0,0,ok,1,1,0.4155,0.0021,0.0000,0.4117,0.0016,0.0522,0.2718,0.0842,0.0035,
247.5739,1,0,ok,0,1,0.4225,0.0003,0.0000,0.4217,0.0004,0.0516,0.2805,0.0863,0.0033,
247.5739,2,0,ok,1,1,0.7463,0.0006,0.3307,0.4133,0.0016,0.0527,0.2725,0.0841,0.0040,
247.5739,3,0,ok,0,1,0.7103,0.0006,0.2828,0.4266,0.0003,0.0529,0.2837,0.0872,0.0029,
247.5739,4,0,ok,1,1,0.7759,0.0019,0.3600,0.4131,0.0009,0.0527,0.2721,0.0842,0.0040,
247.5739,5,0,ok,0,1,0.5475,0.0007,0.1128,0.4337,0.0003,0.0528,0.2888,0.0881,0.0040,
247.5739,6,0,ok,1,1,0.4144,0.0006,0.0000,0.4123,0.0015,0.0521,0.2725,0.0843,0.0034,
247.5739,7,0,ok,0,1,0.4636,0.0008,0.0000,0.4623,0.0004,0.0496,0.3164,0.0928,0.0035,
247.5739,8,0,ok,1,1,0.6746,0.0003,0.2593,0.4127,0.0023,0.0527,0.2725,0.0842,0.0032,
247.5739,9,0,ok,0,1,0.7949,0.0011,0.3223,0.4711,0.0003,0.0521,0.3219,0.0936,0.0035,
247.5739,10,1,ok,1,1,1.0225,0.0014,0.6060,0.4138,0.0012,0.0528,0.2726,0.0843,0.0041,
247.5739,11,1,ok,0,1,1.0254,0.0002,0.5644,0.4605,0.0003,0.0516,0.3135,0.0917,0.0037,
247.5739,12,1,ok,1,1,1.2603,0.0008,0.8446,0.4130,0.0020,0.0524,0.2731,0.0842,0.0033,
247.5739,13,1,ok,0,1,1.4219,0.0008,0.9643,0.4564,0.0003,0.0515,0.3080,0.0939,0.0030,
247.5739,14,1,ok,1,1,1.3673,0.0008,0.9514,0.4138,0.0012,0.0525,0.2729,0.0843,0.0040,
247.5739,15,1,ok,0,1,1.4377,0.0007,0.9761,0.4606,0.0003,0.0524,0.3135,0.0916,0.0031,
247.5739,16,1,ok,1,1,1.5311,0.0010,1.1151,0.4137,0.0013,0.0527,0.2726,0.0842,0.0041,
247.5739,17,1,ok,0,1,1.6205,0.0006,1.1611,0.4584,0.0003,0.0519,0.3104,0.0926,0.0035,
247.5739,18,1,ok,1,1,1.3277,0.0006,0.9132,0.4132,0.0008,0.0525,0.2725,0.0842,0.0039,
247.5739,19,1,ok,0,1,1.6859,0.0011,1.2160,0.4684,0.0003,0.0515,0.3185,0.0946,0.0037,
247.5739,20,1,ok,1,1,1.3440,0.0005,0.9284,0.4135,0.0015,0.0527,0.2732,0.0843,0.0032,
247.5739,21,1,ok,0,1,1.4656,0.0010,0.9974,0.4668,0.0004,0.0520,0.3185,0.0936,0.0026,
247.5739,22,1,ok,1,1,1.3670,0.0003,0.9526,0.4137,0.0004,0.0529,0.2732,0.0844,0.0031,
247.5739,23,1,ok,0,1,1.7949,0.0006,1.3232,0.4706,0.0005,0.0519,0.3214,0.0942,0.0031,
247.5739,24,1,ok,1,1,0.9758,0.0015,0.5608,0.4132,0.0004,0.0532,0.2730,0.0840,0.0029,
247.5739,25,1,ok,1,1,1.2909,0.0006,0.8757,0.4141,0.0004,0.0533,0.2732,0.0842,0.0034,
247.5739,26,1,ok,0,1,1.3800,0.0002,0.9079,0.4698,0.0022,0.0517,0.3201,0.0946,0.0035,
247.5739,27,1,ok,1,1,1.6570,0.0043,1.2383,0.4140,0.0004,0.0530,0.2730,0.0843,0.0036,
247.5739,28,1,ok,0,1,1.3866,0.0011,0.8986,0.4852,0.0018,0.0510,0.3329,0.0979,0.0033,
247.5739,29,1,ok,1,1,1.3910,0.0011,0.9759,0.4137,0.0003,0.0531,0.2730,0.0842,0.0035,
247.5739,30,1,ok,0,1,1.2364,0.0009,0.7625,0.4711,0.0019,0.0509,0.3225,0.0941,0.0035,
247.5739,31,1,ok,1,1,1.0896,0.0006,0.6745,0.4141,0.0004,0.0531,0.2733,0.0844,0.0033,
247.5739,32,1,ok,0,1,1.2122,0.0007,0.7325,0.4763,0.0028,0.0514,0.3254,0.0957,0.0037,
247.5739,33,1,ok,1,1,0.4417,0.0023,0.0247,0.4143,0.0004,0.0534,0.2733,0.0843,0.0033,
247.5739,34,1,ok,0,1,0.7155,0.0010,0.2195,0.4929,0.0020,0.0513,0.3386,0.0996,0.0033,
247.5739,35,1,ok,1,1,0.5469,0.0007,0.1312,0.4148,0.0003,0.0530,0.2736,0.0844,0.0037,
247.5739,36,1,ok,0,1,0.5823,0.0008,0.0915,0.4877,0.0023,0.0515,0.3349,0.0980,0.0032,
247.5739,37,1,ok,1,1,0.4163,0.0010,0.0000,0.4148,0.0004,0.0527,0.2742,0.0843,0.0035,
247.5739,38,1,ok,0,1,0.4293,0.0010,0.0000,0.4266,0.0016,0.0514,0.2843,0.0873,0.0036,
247.5739,39,1,ok,1,1,0.4155,0.0009,0.0000,0.4140,0.0006,0.0525,0.2738,0.0845,0.0032,
247.5739,40,1,ok,0,1,0.4201,0.0003,0.0000,0.4180,0.0017,0.0517,0.2776,0.0854,0.0032,
247.5739,41,1,ok,1,1,0.5239,0.0003,0.1083,0.4149,0.0004,0.0533,0.2738,0.0844,0.0034,
247.5739,42,1,ok,0,1,0.8150,0.0008,0.3452,0.4671,0.0018,0.0498,0.3183,0.0955,0.0035,
247.5739,43,1,ok,1,1,0.7937,0.0004,0.3781,0.4149,0.0003,0.0534,0.2738,0.0845,0.0032,
247.5739,44,1,ok,0,1,1.2080,0.0004,0.7116,0.4940,0.0019,0.0497,0.3402,0.1011,0.0030,
247.5739,45,1,ok,1,1,1.1261,0.0003,0.7090,0.4164,0.0003,0.0538,0.2745,0.0842,0.0040,
247.5739,46,1,ok,1,1,1.5156,0.0017,1.0987,0.4150,0.0003,0.0531,0.2741,0.0846,0.0032,
247.5739,47,1,ok,0,1,1.5311,0.0009,1.0382,0.4902,0.0018,0.0513,0.3370,0.0983,0.0035,
247.5739,48,1,ok,1,1,1.6087,0.0009,1.1911,0.4164,0.0003,0.0538,0.2744,0.0844,0.0037,
247.5739,49,1,ok,0,1,1.6704,0.0011,1.1752,0.4917,0.0023,0.0510,0.3383,0.0991,0.0033,
247.5739,50,1,ok,1,1,1.8034,0.0003,1.3864,0.4164,0.0003,0.0533,0.2743,0.0844,0.0043,
247.5739,51,1,ok,0,1,1.9883,0.0005,1.5009,0.4835,0.0035,0.0505,0.3328,0.0968,0.0033,
247.5739,52,1,ok,1,1,2.0876,0.0003,1.6709,0.4161,0.0003,0.0531,0.2746,0.0846,0.0039,
247.5739,53,1,ok,0,1,1.7384,0.0008,1.2436,0.4922,0.0018,0.0513,0.3371,0.1003,0.0035,
247.5739,54,1,ok,1,1,1.5815,0.0002,1.1657,0.4154,0.0003,0.0532,0.2744,0.0846,0.0031,
247.5739,55,1,ok,0,1,1.7557,0.0010,1.2566,0.4965,0.0015,0.0506,0.3409,0.1017,0.0032,
247.5739,56,1,ok,1,1,1.7245,0.0007,1.3077,0.4157,0.0003,0.0539,0.2743,0.0846,0.0030,
247.5739,57,1,ok,0,1,1.8846,0.0010,1.3926,0.4868,0.0041,0.0506,0.3354,0.0977,0.0032,
247.5739,58,1,ok,1,1,1.7824,0.0009,1.3638,0.4174,0.0004,0.0539,0.2750,0.0846,0.0039,
247.5739,59,1,ok,1,1,2.0821,0.0005,1.6663,0.4149,0.0003,0.0531,0.2745,0.0843,0.0030,
247.5739,60,1,ok,0,1,1.1130,0.0007,0.6203,0.4899,0.0021,0.0512,0.3364,0.0992,0.0031,
247.5739,61,1,ok,1,1,1.1466,0.0019,0.7278,0.4166,0.0003,0.0538,0.2748,0.0844,0.0035,
247.5739,62,1,ok,0,1,1.1615,0.0009,0.6672,0.4931,0.0003,0.0509,0.3387,0.0999,0.0036,
247.5739,63,1,ok,1,1,1.0862,0.0017,0.6680,0.4162,0.0003,0.0534,0.2748,0.0847,0.0032,
247.5739,64,1,ok,0,1,0.9229,0.0011,0.4322,0.4878,0.0018,0.0515,0.3344,0.0987,0.0033,
247.5739,65,1,ok,1,1,0.6916,0.0019,0.2733,0.4161,0.0003,0.0534,0.2752,0.0845,0.0030,
247.5739,66,1,ok,0,1,0.9893,0.0033,0.4940,0.4903,0.0017,0.0514,0.3367,0.0986,0.0035,
247.5739,67,1,ok,1,1,1.0375,0.0010,0.6196,0.4166,0.0003,0.0537,0.2748,0.0847,0.0034,
247.5739,68,1,ok,0,1,1.3776,0.0003,0.8892,0.4875,0.0005,0.0506,0.3329,0.1004,0.0036,
247.5739,69,1,ok,1,1,1.2876,0.0010,0.8692,0.4171,0.0003,0.0534,0.2753,0.0846,0.0037,
247.5739,70,1,ok,1,1,1.6467,0.0009,1.2293,0.4162,0.0003,0.0534,0.2747,0.0846,0.0035,
247.5739,71,1,ok,0,1,1.0587,0.0014,0.5494,0.5071,0.0009,0.0515,0.3483,0.1033,0.0039,
247.5739,72,1,ok,1,1,0.8629,0.0009,0.4454,0.4164,0.0003,0.0536,0.2753,0.0845,0.0031,
247.5739,73,1,ok,0,1,0.9665,0.0006,0.4599,0.5039,0.0021,0.0513,0.3459,0.1034,0.0033,
247.5739,74,1,ok,1,1,0.9306,0.0007,0.5124,0.4171,0.0004,0.0536,0.2753,0.0846,0.0036,
247.5739,75,1,ok,0,1,1.0904,0.0016,0.5847,0.5039,0.0003,0.0513,0.3455,0.1037,0.0032,
247.5739,76,1,ok,1,1,0.6290,0.0003,0.2121,0.4162,0.0003,0.0533,0.2754,0.0845,0.0030,
247.5739,77,1,ok,0,1,0.8573,0.0007,0.3448,0.5101,0.0017,0.0520,0.3497,0.1049,0.0034,
247.5739,78,1,ok,1,1,0.8236,0.0002,0.4054,0.4176,0.0004,0.0537,0.2757,0.0850,0.0032,
247.5739,79,1,ok,0,1,1.2221,0.0008,0.7133,0.5072,0.0009,0.0511,0.3496,0.1032,0.0032,
247.5739,80,1,ok,1,1,0.9740,0.0013,0.5539,0.4184,0.0004,0.0540,0.2757,0.0848,0.0039,
247.5739,81,1,ok,1,1,1.3181,0.0019,0.8983,0.4176,0.0003,0.0534,0.2758,0.0848,0.0037,
247.5739,82,1,ok,0,1,1.2406,0.0008,0.7348,0.5036,0.0014,0.0517,0.3459,0.1029,0.0031,
247.5739,83,1,ok,1,1,0.9701,0.0021,0.5503,0.4173,0.0003,0.0536,0.2759,0.0846,0.0032,
247.5739,84,1,ok,0,1,1.0792,0.0008,0.5635,0.5129,0.0021,0.0526,0.3502,0.1064,0.0038,
247.5739,85,1,ok,1,1,1.2042,0.0032,0.7833,0.4174,0.0003,0.0537,0.2755,0.0846,0.0035,
247.5739,86,1,ok,0,1,0.4225,0.0010,0.0000,0.4209,0.0006,0.0556,0.2764,0.0855,0.0033,
247.5739,87,1,ok,1,1,0.4174,0.0007,0.0000,0.4162,0.0004,0.0525,0.2752,0.0847,0.0038,
247.5739,88,1,ok,0,1,0.6745,0.0009,0.2259,0.4474,0.0004,0.0513,0.3016,0.0910,0.0035,
247.5739,89,1,ok,1,1,0.7996,0.0003,0.3823,0.4166,0.0003,0.0533,0.2753,0.0845,0.0033,
247.5739,90,1,ok,0,1,1.1015,0.0003,0.6344,0.4664,0.0004,0.0515,0.3160,0.0962,0.0026,
247.5739,91,1,ok,1,1,0.9516,0.0008,0.5313,0.4181,0.0014,0.0535,0.2758,0.0846,0.0042,
247.5739,92,1,ok,0,1,0.9734,0.0011,0.4805,0.4915,0.0004,0.0518,0.3355,0.1008,0.0033,
247.5739,93,1,ok,1,1,0.8560,0.0022,0.4359,0.4165,0.0015,0.0529,0.2756,0.0846,0.0034,
247.5739,94,1,ok,0,1,1.3320,0.0011,0.8234,0.5072,0.0003,0.0515,0.3490,0.1034,0.0032,
247.5739,95,1,ok,1,1,1.1417,0.0005,0.7232,0.4167,0.0014,0.0531,0.2756,0.0847,0.0032,
247.5739,96,1,ok,1,1,0.4191,0.0003,0.0000,0.4179,0.0009,0.0535,0.2755,0.0847,0.0042,
247.5739,97,1,ok,0,1,0.4286,0.0012,0.0000,0.4270,0.0004,0.0511,0.2858,0.0872,0.0029,
247.5739,98,1,ok,1,1,0.4199,0.0015,0.0000,0.4164,0.0020,0.0521,0.2764,0.0849,0.0029,
247.5739,99,1,ok,0,1,0.4211,0.0003,0.0000,0.4178,0.0029,0.0521,0.2767,0.0854,0.0036,
247.5739,100,1,ok,1,1,0.4199,0.0007,0.0000,0.4187,0.0004,0.0543,0.2764,0.0848,0.0031,
247.5739,101,1,ok,0,1,0.5318,0.0012,0.1080,0.4222,0.0005,0.0518,0.2812,0.0861,0.0030,
247.5739,102,1,ok,1,1,0.4196,0.0006,0.0000,0.4169,0.0021,0.0526,0.2760,0.0848,0.0033,
247.5739,103,1,ok,0,1,0.5360,0.0005,0.0673,0.4678,0.0004,0.0512,0.3111,0.1022,0.0032,
247.5739,104,1,ok,1,1,0.5768,0.0009,0.1570,0.4174,0.0016,0.0531,0.2761,0.0847,0.0034,
247.5739,105,1,ok,0,1,0.6687,0.0008,0.2117,0.4558,0.0003,0.0511,0.3086,0.0930,0.0032,
247.5739,106,1,ok,1,1,0.7199,0.0003,0.2996,0.4178,0.0022,0.0533,0.2762,0.0848,0.0034,
247.5739,107,1,ok,0,1,0.9838,0.0003,0.5015,0.4817,0.0003,0.0515,0.3273,0.0991,0.0037,
247.5739,108,1,ok,1,1,0.8542,0.0003,0.4347,0.4165,0.0025,0.0524,0.2764,0.0850,0.0028,
247.5739,109,1,ok,0,1,0.5868,0.0005,0.0915,0.4945,0.0004,0.0510,0.3371,0.1023,0.0041,
247.5739,110,1,ok,1,1,0.4232,0.0008,0.0000,0.4202,0.0022,0.0560,0.2759,0.0848,0.0034,
247.5739,111,1,ok,0,1,0.5266,0.0009,0.0062,0.5191,0.0003,0.0512,0.3571,0.1074,0.0034,
247.5739,112,1,ok,1,1,0.5999,0.0013,0.1796,0.4177,0.0013,0.0532,0.2761,0.0848,0.0036,
247.5739,113,1,ok,0,1,0.8240,0.0007,0.3099,0.5130,0.0004,0.0516,0.3518,0.1059,0.0037,
247.5739,114,1,ok,1,1,0.4194,0.0006,0.0000,0.4168,0.0020,0.0526,0.2758,0.0847,0.0037,
247.5739,115,1,ok,0,1,0.4566,0.0002,0.0000,0.4558,0.0005,0.0501,0.3125,0.0898,0.0034,
247.5739,116,1,ok,1,1,0.4191,0.0006,0.0000,0.4168,0.0016,0.0524,0.2757,0.0847,0.0039,
247.5739,117,1,ok,0,1,0.6050,0.0013,0.1225,0.4808,0.0004,0.0517,0.3269,0.0988,0.0033,
247.5739,118,1,ok,1,1,0.4177,0.0008,0.0000,0.4162,0.0007,0.0526,0.2759,0.0845,0.0032,
247.5739,119,1,ok,0,1,0.8453,0.0010,0.3363,0.5076,0.0004,0.0515,0.3479,0.1054,0.0028,
247.5739,120,1,ok,1,1,0.4500,0.0012,0.0280,0.4195,0.0014,0.0533,0.2766,0.0862,0.0033,
247.5739,121,1,ok,1,1,0.6801,0.0005,0.2616,0.4176,0.0004,0.0531,0.2763,0.0851,0.0031,
247.5739,122,1,ok,0,1,0.4265,0.0008,0.0000,0.4252,0.0005,0.0517,0.2828,0.0867,0.0040,
247.5739,123,1,ok,1,1,0.5503,0.0010,0.1306,0.4184,0.0003,0.0537,0.2766,0.0853,0.0028,
247.5739,124,1,ok,0,1,0.7271,0.0008,0.2424,0.4835,0.0004,0.0506,0.3304,0.0992,0.0033,
247.5739,125,1,ok,1,1,0.8869,0.0011,0.4541,0.4313,0.0003,0.0530,0.2883,0.0867,0.0033,
247.5739,126,1,ok,0,1,1.1369,0.0004,0.6270,0.5091,0.0003,0.0512,0.3459,0.1086,0.0034,
247.5739,127,1,ok,1,1,0.6618,0.0003,0.2404,0.4207,0.0003,0.0534,0.2779,0.0857,0.0038,
247.5739,128,1,ok,0,1,0.5070,0.0004,0.0000,0.5062,0.0004,0.0494,0.3485,0.1046,0.0036,
247.5739,129,1,ok,1,1,0.4190,0.0011,0.0000,0.4174,0.0004,0.0526,0.2762,0.0851,0.0034,
247.5739,130,1,ok,0,1,0.4962,0.0003,0.0000,0.4955,0.0004,0.0500,0.3403,0.1017,0.0035,
247.5739,131,1,ok,1,1,0.7349,0.0011,0.3144,0.4191,0.0003,0.0534,0.2768,0.0857,0.0031,
247.5739,132,1,ok,0,1,0.4886,0.0011,0.0000,0.4871,0.0004,0.0488,0.3348,0.1004,0.0031,
247.5739,133,1,ok,1,1,0.4202,0.0012,0.0000,0.4186,0.0004,0.0528,0.2767,0.0857,0.0033,
247.5739,134,1,ok,0,1,0.4168,0.0007,0.0000,0.4157,0.0004,0.0515,0.2761,0.0852,0.0028,
247.5739,135,1,ok,1,1,0.6577,0.0019,0.2354,0.4201,0.0003,0.0538,0.2770,0.0854,0.0039,
247.5739,136,1,ok,0,1,0.7164,0.0006,0.2375,0.4780,0.0003,0.0506,0.3235,0.1007,0.0032,
247.5739,137,1,ok,1,1,0.7129,0.0009,0.2929,0.4187,0.0003,0.0533,0.2771,0.0852,0.0031,
247.5739,138,1,ok,0,1,0.5196,0.0002,0.0180,0.5011,0.0003,0.0507,0.3414,0.1063,0.0028,
247.5739,139,1,ok,1,1,0.7473,0.0011,0.3267,0.4193,0.0003,0.0537,0.2773,0.0853,0.0029,
247.5739,140,1,ok,0,1,0.8525,0.0010,0.3290,0.5221,0.0004,0.0521,0.3577,0.1084,0.0039,
247.5739,141,1,ok,1,1,0.8197,0.0002,0.3974,0.4217,0.0003,0.0540,0.2783,0.0859,0.0034,
247.5739,142,1,ok,0,1,1.1145,0.0008,0.5836,0.5298,0.0003,0.0514,0.3659,0.1096,0.0029,
247.5739,143,1,ok,1,1,0.6659,0.0003,0.2457,0.4195,0.0003,0.0535,0.2776,0.0853,0.0031,
247.5739,144,1,ok,0,1,0.9928,0.0003,0.4819,0.5103,0.0003,0.0516,0.3504,0.1049,0.0035,
247.5739,145,1,ok,1,1,0.8970,0.0008,0.4741,0.4218,0.0003,0.0538,0.2791,0.0855,0.0034,
247.5739,146,1,ok,1,1,1.1290,0.0005,0.7087,0.4194,0.0004,0.0538,0.2773,0.0852,0.0030,
247.5739,147,1,ok,0,1,0.9447,0.0010,0.4290,0.5143,0.0004,0.0512,0.3547,0.1044,0.0040,
247.5739,148,1,ok,1,1,1.1773,0.0007,0.7566,0.4196,0.0003,0.0538,0.2773,0.0851,0.0034,
247.5739,149,1,ok,0,1,1.3182,0.0003,0.7994,0.5182,0.0003,0.0509,0.3563,0.1079,0.0030,
247.5739,150,1,ok,1,1,0.4254,0.0017,0.0000,0.4233,0.0004,0.0565,0.2772,0.0853,0.0042,
247.5739,151,1,ok,0,1,0.4272,0.0009,0.0000,0.4258,0.0005,0.0510,0.2844,0.0872,0.0032,
247.5739,152,1,ok,1,1,0.4781,0.0005,0.0308,0.4465,0.0003,0.0521,0.3023,0.0877,0.0044,
247.5739,153,1,ok,0,1,0.6061,0.0010,0.1098,0.4949,0.0003,0.0501,0.3384,0.1028,0.0035,
247.5739,154,1,ok,1,1,0.7096,0.0009,0.2693,0.4390,0.0003,0.0525,0.2948,0.0888,0.0030,
247.5739,155,1,ok,0,1,1.0252,0.0003,0.5128,0.5117,0.0003,0.0516,0.3527,0.1041,0.0032,
247.5739,156,1,ok,1,1,0.9877,0.0011,0.5468,0.4394,0.0004,0.0534,0.2935,0.0894,0.0031,
247.5739,157,1,ok,0,1,1.2213,0.0007,0.7094,0.5108,0.0003,0.0511,0.3506,0.1060,0.0031,
247.5739,158,1,ok,1,1,1.1495,0.0005,0.7088,0.4399,0.0003,0.0537,0.2941,0.0887,0.0033,
247.5739,159,1,ok,1,1,1.5265,0.0003,1.0889,0.4370,0.0003,0.0537,0.2917,0.0881,0.0034,
247.5739,160,1,ok,0,1,1.5982,0.0016,1.0781,0.5181,0.0003,0.0516,0.3560,0.1076,0.0028,
247.5739,161,1,ok,1,1,1.7007,0.0008,1.2662,0.4334,0.0003,0.0534,0.2887,0.0870,0.0043,
247.5739,162,1,ok,0,1,1.8178,0.0010,1.2926,0.5240,0.0003,0.0522,0.3595,0.1090,0.0033,
247.5739,163,1,ok,1,1,1.4971,0.0013,1.0649,0.4306,0.0003,0.0532,0.2871,0.0873,0.0029,
247.5739,164,1,ok,0,1,1.2813,0.0011,0.7694,0.5105,0.0003,0.0515,0.3509,0.1047,0.0033,
247.5739,165,1,ok,1,1,1.4369,0.0004,1.0030,0.4332,0.0003,0.0532,0.2893,0.0881,0.0026,
247.5739,166,1,ok,0,1,1.7106,0.0007,1.1969,0.5127,0.0003,0.0515,0.3519,0.1058,0.0035,
247.5739,167,1,ok,1,1,1.5453,0.0008,1.1023,0.4419,0.0003,0.0535,0.2960,0.0893,0.0031,
247.5739,168,1,ok,0,1,1.8964,0.0005,1.3838,0.5118,0.0003,0.0521,0.3512,0.1053,0.0031,
247.5739,169,1,ok,1,1,1.8936,0.0002,1.4522,0.4408,0.0004,0.0536,0.2941,0.0891,0.0039,
247.5739,170,1,ok,0,1,1.7090,0.0006,1.1970,0.5111,0.0003,0.0516,0.3511,0.1043,0.0041,
247.5739,171,1,ok,1,1,1.4771,0.0006,1.0235,0.4526,0.0003,0.0523,0.3061,0.0911,0.0031,
247.5739,172,1,ok,1,1,1.7865,0.0008,1.3211,0.4642,0.0003,0.0526,0.3157,0.0924,0.0035,
247.5739,173,1,ok,0,1,1.4900,0.0004,0.9763,0.5129,0.0004,0.0507,0.3513,0.1074,0.0035,
247.5739,174,1,ok,1,1,1.4800,0.0010,1.0141,0.4646,0.0003,0.0531,0.3148,0.0935,0.0032,
247.5739,175,1,ok,0,1,1.5495,0.0009,1.0385,0.5097,0.0004,0.0518,0.3498,0.1045,0.0036,
247.5739,176,1,ok,1,1,1.8662,0.0003,1.4038,0.4618,0.0003,0.0531,0.3119,0.0925,0.0042,
247.5739,177,1,ok,0,1,1.8998,0.0003,1.3879,0.5113,0.0003,0.0512,0.3514,0.1056,0.0030,
247.5739,178,1,ok,1,1,2.0588,0.0020,1.5940,0.4625,0.0003,0.0528,0.3137,0.0927,0.0033,
247.5739,179,1,ok,0,1,2.1357,0.0008,1.6130,0.5216,0.0003,0.0511,0.3581,0.1087,0.0037,
247.5739,180,1,ok,1,1,2.0553,0.0017,1.5881,0.4652,0.0003,0.0530,0.3151,0.0933,0.0038,
247.5739,181,1,ok,0,1,2.0530,0.0021,1.5460,0.5046,0.0003,0.0518,0.3471,0.1027,0.0031,
247.5739,182,1,ok,1,1,1.2517,0.0005,0.7790,0.4718,0.0004,0.0530,0.3213,0.0940,0.0035,
247.5739,183,1,ok,0,1,1.5311,0.0005,1.0227,0.5075,0.0004,0.0517,0.3471,0.1052,0.0035,
247.5739,184,1,ok,1,1,1.5711,0.0009,1.1008,0.4691,0.0003,0.0527,0.3187,0.0944,0.0033,
247.5739,185,1,ok,0,1,1.8120,0.0006,1.3052,0.5059,0.0003,0.0518,0.3482,0.1021,0.0037,
247.5739,186,1,ok,1,1,1.4726,0.0009,0.9904,0.4811,0.0003,0.0531,0.3281,0.0966,0.0033,
247.5739,187,1,ok,0,1,1.7637,0.0006,1.2627,0.5001,0.0003,0.0519,0.3429,0.1019,0.0034,
247.5739,188,1,ok,1,1,1.8418,0.0006,1.3516,0.4893,0.0003,0.0527,0.3347,0.0984,0.0034,
247.5739,189,1,ok,0,1,2.0655,0.0016,1.5668,0.4969,0.0003,0.0512,0.3414,0.1013,0.0029,
247.5739,190,1,ok,1,1,2.0423,0.0003,1.5645,0.4772,0.0003,0.0533,0.3261,0.0942,0.0036,
247.5739,191,1,ok,0,1,2.3574,0.0003,1.8533,0.5035,0.0003,0.0518,0.3454,0.1035,0.0027,
247.5739,192,1,ok,1,1,2.3658,0.0008,1.8927,0.4720,0.0003,0.0530,0.3204,0.0950,0.0036,
247.5739,193,1,ok,0,1,2.1705,0.0010,1.6645,0.5046,0.0003,0.0519,0.3464,0.1027,0.0037,
247.5739,194,1,ok,1,1,2.0947,0.0004,1.6013,0.4926,0.0003,0.0525,0.3383,0.0985,0.0033,
247.5739,195,1,ok,0,1,2.0822,0.0010,1.5489,0.5321,0.0003,0.0522,0.3637,0.1129,0.0032,
247.5739,196,1,ok,1,1,1.8950,0.0005,1.4216,0.4726,0.0003,0.0530,0.3224,0.0938,0.0034,
247.5739,197,1,ok,0,1,2.3839,0.0021,1.8739,0.5076,0.0003,0.0518,0.3484,0.1034,0.0040,
247.5739,198,1,ok,1,1,0.5970,0.0006,0.1273,0.4687,0.0003,0.0530,0.3171,0.0951,0.0035,
247.5739,199,1,ok,1,1,0.6322,0.0012,0.1576,0.4731,0.0003,0.0526,0.3217,0.0953,0.0035,
247.5739,200,1,ok,0,1,0.4196,0.0007,0.0000,0.4184,0.0004,0.0520,0.2770,0.0853,0.0041,
247.5739,201,1,ok,1,1,0.4199,0.0009,0.0000,0.4186,0.0004,0.0522,0.2770,0.0854,0.0039,
247.5739,202,1,ok,0,1,0.4189,0.0004,0.0000,0.4180,0.0005,0.0518,0.2770,0.0855,0.0036,
247.5739,203,1,ok,1,1,0.4186,0.0005,0.0000,0.4176,0.0004,0.0525,0.2770,0.0850,0.0030,
247.5739,204,1,ok,0,1,0.6901,0.0007,0.2130,0.4760,0.0003,0.0503,0.3230,0.0992,0.0035,
247.5739,205,1,ok,1,1,0.6231,0.0006,0.1986,0.4237,0.0003,0.0535,0.2801,0.0860,0.0040,
247.5739,206,1,ok,1,1,0.9955,0.0006,0.4984,0.4963,0.0003,0.0506,0.3405,0.1013,0.0039,
247.5739,207,1,ok,0,1,0.9866,0.0010,0.4919,0.4933,0.0003,0.0518,0.3369,0.1011,0.0035,
247.5739,208,1,ok,1,1,1.3521,0.0011,0.8643,0.4863,0.0004,0.0527,0.3323,0.0972,0.0041,
247.5739,209,1,ok,0,1,0.4187,0.0011,0.0000,0.4171,0.0004,0.0516,0.2763,0.0855,0.0037,
291.2634,0,0,ok,1,1,0.4205,0.0010,0.0000,0.4189,0.0005,0.0523,0.2774,0.0856,0.0035,
291.2634,1,0,ok,0,1,0.4236,0.0010,0.0000,0.4221,0.0004,0.0511,0.2812,0.0864,0.0033,
291.2634,2,0,ok,1,1,0.8257,0.0010,0.3480,0.4763,0.0003,0.0512,0.3258,0.0954,0.0040,
291.2634,3,0,ok,0,1,0.7836,0.0021,0.3032,0.4779,0.0003,0.0506,0.3234,0.1011,0.0029,
291.2634,4,0,ok,1,1,0.9767,0.0008,0.4981,0.4775,0.0003,0.0524,0.3255,0.0956,0.0041,
291.2634,5,0,ok,0,1,0.7948,0.0003,0.2759,0.5182,0.0003,0.0507,0.3562,0.1073,0.0040,
291.2634,6,0,ok,1,1,0.7608,0.0008,0.2845,0.4752,0.0003,0.0518,0.3248,0.0951,0.0034,
291.2634,7,0,ok,0,1,0.8336,0.0012,0.3161,0.5159,0.0003,0.0515,0.3542,0.1068,0.0035,
291.2634,8,0,ok,1,1,1.1106,0.0005,0.6286,0.4812,0.0003,0.0522,0.3273,0.0984,0.0033,
291.2634,9,0,ok,0,1,1.2365,0.0004,0.7140,0.5217,0.0003,0.0514,0.3511,0.1158,0.0035,
291.2634,10,1,ok,1,1,1.5307,0.0007,1.0529,0.4769,0.0003,0.0524,0.3231,0.0972,0.0041,
291.2634,11,1,ok,0,1,1.5337,0.0008,1.0398,0.4927,0.0003,0.0498,0.3392,0.1000,0.0037,
291.2634,12,1,ok,1,1,1.8633,0.0010,1.3792,0.4828,0.0003,0.0521,0.3284,0.0989,0.0033,
291.2634,13,1,ok,0,1,1.9819,0.0005,1.4821,0.4990,0.0004,0.0512,0.3444,0.1004,0.0030,
291.2634,14,1,ok,1,1,2.0852,0.0006,1.6009,0.4834,0.0003,0.0524,0.3300,0.0970,0.0040,
291.2634,15,1,ok,0,1,2.1016,0.0006,1.6029,0.4977,0.0004,0.0518,0.3414,0.1013,0.0031,
291.2634,16,1,ok,1,1,2.3559,0.0005,1.8712,0.4839,0.0003,0.0520,0.3298,0.0980,0.0041,
291.2634,17,1,ok,0,1,2.3785,0.0007,1.8662,0.5112,0.0004,0.0512,0.3512,0.1051,0.0036,
291.2634,18,1,ok,1,1,2.3183,0.0011,1.8299,0.4869,0.0003,0.0521,0.3349,0.0959,0.0039,
291.2634,19,1,ok,0,1,2.5427,0.0009,2.0347,0.5067,0.0004,0.0508,0.3479,0.1043,0.0037,
291.2634,20,1,ok,1,1,2.4588,0.0006,1.9787,0.4791,0.0004,0.0521,0.3266,0.0972,0.0032,
291.2634,21,1,ok,0,1,2.4826,0.0006,1.9578,0.5238,0.0004,0.0525,0.3583,0.1102,0.0028,
291.2634,22,1,ok,1,1,2.6297,0.0011,2.1253,0.5030,0.0003,0.0524,0.3451,0.1024,0.0030,
291.2634,23,1,ok,0,1,2.8773,0.0004,2.3617,0.5147,0.0004,0.0516,0.3535,0.1064,0.0032,
291.2634,24,1,ok,1,1,2.4422,0.0017,1.9440,0.4962,0.0003,0.0524,0.3407,0.1002,0.0029,
291.2634,25,1,ok,0,1,2.6610,0.0003,2.1432,0.5171,0.0004,0.0512,0.3552,0.1071,0.0035,
291.2634,26,1,ok,1,1,2.8344,0.0004,2.3372,0.4964,0.0004,0.0530,0.3385,0.1012,0.0036,
291.2634,27,1,ok,0,1,3.1443,0.0006,2.6194,0.5239,0.0003,0.0517,0.3592,0.1094,0.0037,
291.2634,28,1,ok,1,1,2.9234,0.0009,2.4251,0.4971,0.0003,0.0545,0.3392,0.0999,0.0034,
291.2634,29,1,ok,0,1,3.0799,0.0002,2.5660,0.5133,0.0004,0.0513,0.3534,0.1052,0.0034,
291.2634,30,1,ok,1,1,2.8926,0.0005,2.3932,0.4986,0.0003,0.0525,0.3415,0.1010,0.0036,
291.2634,31,1,ok,0,1,2.9802,0.0009,2.4705,0.5085,0.0004,0.0513,0.3486,0.1054,0.0032,
291.2634,32,1,ok,1,1,2.9709,0.0011,2.4637,0.5057,0.0003,0.0524,0.3450,0.1045,0.0037,
291.2634,33,1,ok,0,1,2.5781,0.0007,2.0763,0.5007,0.0004,0.0515,0.3444,0.1016,0.0032,
291.2634,34,1,ok,1,1,2.6277,0.0010,2.1270,0.4994,0.0003,0.0526,0.3411,0.1023,0.0034,
291.2634,35,1,ok,0,1,2.8111,0.0006,2.3141,0.4960,0.0003,0.0514,0.3404,0.1004,0.0037,
291.2634,36,1,ok,1,1,2.5919,0.0007,2.0973,0.4936,0.0003,0.0526,0.3382,0.0995,0.0033,
291.2634,37,1,ok,0,1,2.7506,0.0016,2.2466,0.5019,0.0005,0.0510,0.3453,0.1022,0.0034,
291.2634,38,1,ok,1,1,2.4879,0.0014,1.9845,0.5007,0.0013,0.0526,0.3433,0.1012,0.0036,
291.2634,39,1,ok,0,1,2.6775,0.0012,2.1644,0.5113,0.0004,0.0512,0.3510,0.1060,0.0031,
291.2634,40,1,ok,1,1,2.5663,0.0010,2.0583,0.5054,0.0016,0.0520,0.3454,0.1047,0.0032,
291.2634,41,1,ok,0,1,2.9465,0.0015,2.4151,0.5295,0.0004,0.0510,0.3648,0.1103,0.0033,
291.2634,42,1,ok,1,1,3.0074,0.0008,2.5026,0.5035,0.0006,0.0521,0.3448,0.1031,0.0035,
291.2634,43,1,ok,0,1,3.3327,0.0006,2.8223,0.5095,0.0004,0.0514,0.3508,0.1041,0.0031,
291.2634,44,1,ok,1,1,3.4118,0.0006,2.9194,0.4897,0.0022,0.0522,0.3357,0.0985,0.0031,
291.2634,45,1,ok,0,1,3.7757,0.0011,3.2599,0.5143,0.0004,0.0515,0.3529,0.1060,0.0038,
291.2634,46,1,ok,1,1,3.8274,0.0003,3.3350,0.4913,0.0007,0.0521,0.3365,0.0996,0.0032,
291.2634,47,1,ok,0,1,4.2086,0.0014,3.6853,0.5216,0.0004,0.0505,0.3577,0.1098,0.0035,
291.2634,48,1,ok,1,1,4.0582,0.0008,3.5515,0.5042,0.0018,0.0515,0.3449,0.1040,0.0037,
291.2634,49,1,ok,0,1,4.4132,0.0002,3.9069,0.5057,0.0004,0.0512,0.3478,0.1033,0.0034,
291.2634,50,1,ok,1,1,4.3765,0.0002,3.8693,0.5066,0.0004,0.0520,0.3461,0.1040,0.0044,
291.2634,51,1,ok,0,1,4.7772,0.0009,4.2687,0.5073,0.0004,0.0518,0.3490,0.1031,0.0034,
291.2634,52,1,ok,1,1,4.7690,0.0010,4.2631,0.5033,0.0016,0.0521,0.3442,0.1032,0.0039,
291.2634,53,1,ok,0,1,4.6543,0.0012,4.1436,0.5091,0.0003,0.0513,0.3496,0.1048,0.0035,
291.2634,54,1,ok,1,1,4.4886,0.0008,3.9848,0.5015,0.0015,0.0518,0.3437,0.1029,0.0031,
291.2634,55,1,ok,0,1,4.7609,0.0006,4.2451,0.5147,0.0005,0.0513,0.3523,0.1078,0.0032,
291.2634,56,1,ok,1,1,4.7544,0.0046,4.2518,0.4962,0.0018,0.0518,0.3401,0.1011,0.0031,
291.2634,57,1,ok,0,1,4.9574,0.0006,4.4525,0.5038,0.0004,0.0514,0.3463,0.1028,0.0032,
291.2634,58,1,ok,1,1,4.9376,0.0016,4.4470,0.4873,0.0016,0.0521,0.3333,0.0980,0.0039,
291.2634,59,1,ok,0,1,5.3266,0.0005,4.8219,0.5039,0.0004,0.0513,0.3458,0.1038,0.0029,
291.2634,60,1,ok,1,1,4.3994,0.0003,3.8999,0.4980,0.0012,0.0518,0.3405,0.1025,0.0032,
291.2634,61,1,ok,0,1,4.6959,0.0012,4.1759,0.5184,0.0004,0.0513,0.3559,0.1076,0.0035,
291.2634,62,1,ok,1,1,4.5281,0.0011,4.0202,0.5050,0.0018,0.0522,0.3456,0.1035,0.0036,
291.2634,63,1,ok,1,1,4.7862,0.0007,4.2897,0.4954,0.0004,0.0522,0.3395,0.1004,0.0032,
291.2634,64,1,ok,0,1,4.4262,0.0003,3.9090,0.5166,0.0003,0.0519,0.3549,0.1064,0.0034,
291.2634,65,1,ok,1,1,4.6089,0.0005,4.0963,0.5100,0.0022,0.0524,0.3491,0.1054,0.0030,
291.2634,66,1,ok,0,1,4.5829,0.0010,4.0634,0.5181,0.0004,0.0521,0.3553,0.1072,0.0035,
291.2634,67,1,ok,1,1,5.0646,0.0004,4.5482,0.5146,0.0014,0.0518,0.3532,0.1062,0.0034,
291.2634,68,1,ok,0,1,5.0257,0.0008,4.4973,0.5273,0.0003,0.0514,0.3620,0.1102,0.0037,
291.2634,69,1,ok,1,1,5.4164,0.0007,4.9216,0.4932,0.0008,0.0523,0.3379,0.0993,0.0037,
291.2634,70,1,ok,0,1,5.4367,0.0011,4.9116,0.5221,0.0019,0.0520,0.3588,0.1079,0.0034,
291.2634,71,1,ok,1,1,5.2847,0.0012,4.7766,0.5057,0.0012,0.0520,0.3455,0.1044,0.0039,
291.2634,72,1,ok,0,1,4.9322,0.0004,4.4158,0.5155,0.0004,0.0507,0.3543,0.1074,0.0030,
291.2634,73,1,ok,1,1,5.2803,0.0008,4.7755,0.5026,0.0014,0.0518,0.3445,0.1029,0.0033,
291.2634,74,1,ok,0,1,5.1598,0.0006,4.6342,0.5246,0.0003,0.0515,0.3613,0.1081,0.0036,
291.2634,75,1,ok,1,1,5.4561,0.0011,4.9559,0.4977,0.0014,0.0522,0.3410,0.1011,0.0033,
291.2634,76,1,ok,0,1,5.0525,0.0007,4.5487,0.5027,0.0003,0.0517,0.3461,0.1019,0.0030,
291.2634,77,1,ok,1,1,5.3298,0.0004,4.8225,0.5060,0.0010,0.0518,0.3466,0.1042,0.0034,
291.2634,78,1,ok,0,1,5.3672,0.0002,4.8624,0.5043,0.0004,0.0511,0.3475,0.1026,0.0031,
291.2634,79,1,ok,1,1,5.7192,0.0020,5.2061,0.5100,0.0011,0.0519,0.3500,0.1047,0.0032,
291.2634,80,1,ok,0,1,5.6570,0.0006,5.1386,0.5175,0.0004,0.0512,0.3550,0.1075,0.0039,
291.2634,81,1,ok,1,1,5.9886,0.0009,5.4857,0.5013,0.0006,0.0524,0.3432,0.1021,0.0037,
291.2634,82,1,ok,0,1,5.9184,0.0012,5.4120,0.5048,0.0004,0.0514,0.3464,0.1039,0.0031,
291.2634,83,1,ok,1,1,5.8499,0.0009,5.3368,0.5119,0.0003,0.0520,0.3496,0.1071,0.0032,
291.2634,84,1,ok,0,1,5.8665,0.0011,5.3424,0.5226,0.0004,0.0514,0.3589,0.1086,0.0037,
291.2634,85,1,ok,1,1,6.1966,0.0002,5.6937,0.5023,0.0004,0.0528,0.3461,0.0999,0.0035,
291.2634,86,1,ok,0,1,5.1043,0.0011,4.5771,0.5258,0.0004,0.0513,0.3609,0.1102,0.0033,
291.2634,87,1,ok,1,1,5.3058,0.0006,4.8120,0.4928,0.0004,0.0521,0.3362,0.1007,0.0037,
291.2634,88,1,ok,0,1,5.4450,0.0011,4.9369,0.5067,0.0003,0.0522,0.3482,0.1028,0.0035,
291.2634,89,1,ok,1,1,5.7798,0.0013,5.2749,0.5032,0.0004,0.0523,0.3442,0.1033,0.0033,
291.2634,90,1,ok,0,1,5.9095,0.0005,5.4107,0.4981,0.0003,0.0509,0.3430,0.1016,0.0026,
291.2634,91,1,ok,1,1,6.0598,0.0003,5.5521,0.5069,0.0004,0.0522,0.3467,0.1038,0.0042,
291.2634,92,1,ok,0,1,5.8813,0.0017,5.3809,0.4984,0.0003,0.0515,0.3403,0.1033,0.0033,
291.2634,93,1,ok,1,1,6.1227,0.0009,5.6223,0.4991,0.0004,0.0522,0.3422,0.1012,0.0034,
291.2634,94,1,ok,0,1,6.2628,0.0016,5.7533,0.5076,0.0003,0.0517,0.3477,0.1050,0.0032,
291.2634,95,1,ok,1,1,6.5197,0.0007,6.0095,0.5091,0.0004,0.0520,0.3488,0.1052,0.0032,
291.2634,96,1,ok,0,1,5.5342,0.0011,5.0189,0.5139,0.0003,0.0515,0.3532,0.1049,0.0043,
291.2634,97,1,ok,1,1,5.7307,0.0012,5.2196,0.5096,0.0004,0.0536,0.3483,0.1047,0.0030,
291.2634,98,1,ok,0,1,5.1541,0.0009,4.6483,0.5046,0.0003,0.0509,0.3474,0.1034,0.0029,
291.2634,99,1,ok,1,1,5.1003,0.0009,4.5938,0.5052,0.0004,0.0528,0.3458,0.1029,0.0036,
291.2634,100,1,ok,0,1,5.2550,0.0007,4.7449,0.5091,0.0003,0.0521,0.3505,0.1035,0.0030,
291.2634,101,1,ok,1,1,5.3478,0.0014,4.8337,0.5123,0.0004,0.0524,0.3504,0.1064,0.0030,
291.2634,102,1,ok,0,1,5.2580,0.0010,4.7554,0.5013,0.0003,0.0516,0.3447,0.1017,0.0032,
291.2634,103,1,ok,1,1,5.4549,0.0004,4.9529,0.5011,0.0004,0.0527,0.3430,0.1021,0.0032,
291.2634,104,1,ok,0,1,5.5474,0.0003,5.0352,0.5116,0.0003,0.0514,0.3511,0.1057,0.0034,
291.2634,105,1,ok,1,1,5.6813,0.0006,5.1793,0.5009,0.0004,0.0523,0.3422,0.1031,0.0032,
291.2634,106,1,ok,0,1,5.8356,0.0004,5.3116,0.5233,0.0003,0.0517,0.3589,0.1093,0.0034,
291.2634,107,1,ok,1,1,6.0687,0.0007,5.5387,0.5289,0.0004,0.0515,0.3619,0.1117,0.0038,
291.2634,108,1,ok,0,1,6.1006,0.0008,5.5928,0.5067,0.0004,0.0515,0.3479,0.1046,0.0027,
291.2634,109,1,ok,1,1,5.8351,0.0015,5.3092,0.5240,0.0004,0.0522,0.3586,0.1091,0.0041,
291.2634,110,1,ok,0,1,5.5576,0.0007,5.0367,0.5198,0.0003,0.0512,0.3556,0.1097,0.0033,
291.2634,111,1,ok,1,1,5.8609,0.0009,5.3415,0.5181,0.0004,0.0522,0.3552,0.1073,0.0034,
291.2634,112,1,ok,0,1,5.8578,0.0021,5.3494,0.5059,0.0003,0.0518,0.3468,0.1036,0.0036,
291.2634,113,1,ok,1,1,6.1863,0.0008,5.6765,0.5086,0.0004,0.0524,0.3481,0.1044,0.0037,
291.2634,114,1,ok,0,1,5.8237,0.0007,5.3144,0.5083,0.0003,0.0512,0.3484,0.1049,0.0037,
291.2634,115,1,ok,1,1,5.7756,0.0012,5.2619,0.5121,0.0004,0.0523,0.3510,0.1053,0.0034,
291.2634,116,1,ok,0,1,5.8391,0.0015,5.3281,0.5092,0.0003,0.0513,0.3495,0.1044,0.0039,
291.2634,117,1,ok,1,1,5.9971,0.0017,5.4911,0.5040,0.0004,0.0527,0.3442,0.1036,0.0034,
291.2634,118,1,ok,0,1,5.9418,0.0008,5.4350,0.5058,0.0003,0.0516,0.3477,0.1033,0.0031,
291.2634,119,1,ok,1,1,6.2741,0.0008,5.7687,0.5041,0.0005,0.0526,0.3447,0.1040,0.0029,
291.2634,120,1,ok,0,1,6.1257,0.0004,5.6111,0.5138,0.0003,0.0510,0.3526,0.1071,0.0032,
291.2634,121,1,ok,1,1,6.3327,0.0010,5.8173,0.5140,0.0004,0.0527,0.3518,0.1063,0.0032,
291.2634,122,1,ok,0,1,6.1761,0.0010,5.6543,0.5203,0.0003,0.0515,0.3568,0.1082,0.0038,
291.2634,123,1,ok,1,1,6.3717,0.0016,5.8648,0.5049,0.0004,0.0529,0.3454,0.1038,0.0028,
291.2634,124,1,ok,0,1,6.5423,0.0015,6.0188,0.5217,0.0003,0.0514,0.3582,0.1087,0.0033,
291.2634,125,1,ok,1,1,6.8030,0.0009,6.2899,0.5118,0.0004,0.0525,0.3496,0.1064,0.0033,
291.2634,126,1,ok,0,1,6.9807,0.0011,6.4565,0.5228,0.0003,0.0513,0.3594,0.1087,0.0033,
291.2634,127,1,ok,1,1,6.7623,0.0011,6.2528,0.5080,0.0004,0.0523,0.3475,0.1045,0.0038,
291.2634,128,1,ok,0,1,6.5286,0.0010,5.9999,0.5274,0.0003,0.0516,0.3626,0.1096,0.0036,
291.2634,129,1,ok,1,1,6.4645,0.0008,5.9599,0.5035,0.0004,0.0524,0.3447,0.1029,0.0034,
291.2634,130,1,ok,0,1,6.6058,0.0003,6.0856,0.5197,0.0003,0.0512,0.3562,0.1087,0.0035,
291.2634,131,1,ok,1,1,6.8958,0.0021,6.3744,0.5189,0.0004,0.0521,0.3526,0.1110,0.0031,
291.2634,132,1,ok,0,1,6.6639,0.0020,6.1581,0.5033,0.0004,0.0513,0.3469,0.1021,0.0031,
291.2634,133,1,ok,1,1,6.3640,0.0003,5.8572,0.5051,0.0013,0.0530,0.3466,0.1022,0.0033,
291.2634,134,1,ok,0,1,6.5490,0.0010,6.0395,0.5081,0.0004,0.0511,0.3485,0.1057,0.0028,
291.2634,135,1,ok,1,1,6.7085,0.0002,6.2083,0.4996,0.0004,0.0521,0.3428,0.1009,0.0038,
291.2634,136,1,ok,0,1,6.9017,0.0006,6.3966,0.5042,0.0004,0.0520,0.3453,0.1036,0.0033,
291.2634,137,1,ok,1,1,6.9173,0.0006,6.3986,0.5176,0.0005,0.0528,0.3523,0.1093,0.0032,
291.2634,138,1,ok,0,1,6.8239,0.0008,6.3073,0.5153,0.0004,0.0509,0.3552,0.1065,0.0028,
291.2634,139,1,ok,1,1,7.1178,0.0007,6.5892,0.5261,0.0018,0.0521,0.3590,0.1120,0.0029,
291.2634,140,1,ok,0,1,7.1845,0.0006,6.6622,0.5214,0.0004,0.0513,0.3577,0.1084,0.0040,
291.2634,141,1,ok,1,1,7.3426,0.0005,6.8200,0.5201,0.0019,0.0520,0.3571,0.1076,0.0033,
291.2634,142,1,ok,0,1,7.4658,0.0003,6.9564,0.5088,0.0003,0.0515,0.3503,0.1041,0.0029,
291.2634,143,1,ok,1,1,7.3650,0.0003,6.8546,0.5081,0.0019,0.0520,0.3488,0.1041,0.0031,
291.2634,144,1,ok,0,1,7.4433,0.0002,6.9281,0.5146,0.0004,0.0511,0.3530,0.1070,0.0034,
291.2634,145,1,ok,1,1,7.7116,0.0003,7.2023,0.5052,0.0039,0.0523,0.3446,0.1048,0.0035,
291.2634,146,1,ok,0,1,7.7395,0.0003,7.2344,0.5044,0.0004,0.0512,0.3476,0.1026,0.0029,
291.2634,147,1,ok,1,1,7.7933,0.0003,7.2821,0.5101,0.0009,0.0525,0.3486,0.1048,0.0043,
291.2634,148,1,ok,0,1,7.9368,0.0001,7.4234,0.5129,0.0004,0.0511,0.3522,0.1063,0.0033,
291.2634,149,1,ok,1,1,8.1761,0.0006,7.6695,0.5038,0.0021,0.0521,0.3451,0.1035,0.0031,
291.2634,150,1,ok,0,1,7.2864,0.0011,6.7611,0.5238,0.0004,0.0511,0.3585,0.1103,0.0039,
291.2634,151,1,ok,1,1,7.3692,0.0019,6.8603,0.5066,0.0003,0.0521,0.3469,0.1044,0.0032,
291.2634,152,1,ok,0,1,7.4649,0.0004,6.9511,0.5131,0.0003,0.0512,0.3517,0.1059,0.0042,
291.2634,153,1,ok,1,1,7.6191,0.0003,7.1000,0.5186,0.0003,0.0529,0.3542,0.1079,0.0036,
291.2634,154,1,ok,0,1,7.7997,0.0008,7.2874,0.5111,0.0004,0.0513,0.3513,0.1057,0.0028,
291.2634,155,1,ok,1,1,8.0643,0.0016,7.5386,0.5231,0.0010,0.0530,0.3571,0.1096,0.0033,
291.2634,156,1,ok,0,1,8.1730,0.0009,7.6614,0.5104,0.0003,0.0516,0.3506,0.1051,0.0030,
291.2634,157,1,ok,1,1,8.3115,0.0005,7.7960,0.5148,0.0003,0.0528,0.3520,0.1068,0.0031,
291.2634,158,1,ok,0,1,8.4450,0.0007,7.9356,0.5084,0.0003,0.0518,0.3496,0.1038,0.0032,
291.2634,159,1,ok,1,1,8.7347,0.0005,8.2059,0.5279,0.0004,0.0531,0.3631,0.1083,0.0034,
291.2634,160,1,ok,0,1,8.8932,0.0005,8.3782,0.5123,0.0022,0.0515,0.3509,0.1072,0.0027,
291.2634,161,1,ok,1,1,9.0401,0.0005,8.5136,0.5256,0.0004,0.0523,0.3609,0.1081,0.0043,
291.2634,162,1,ok,0,1,9.1392,0.0011,8.6331,0.5038,0.0012,0.0509,0.3466,0.1028,0.0034,
291.2634,163,1,ok,1,1,9.0094,0.0010,8.4998,0.5083,0.0004,0.0521,0.3486,0.1047,0.0029,
291.2634,164,1,ok,0,1,8.7579,0.0004,8.2485,0.5069,0.0021,0.0505,0.3475,0.1053,0.0035,
291.2634,165,1,ok,1,1,9.1018,0.0004,8.5894,0.5116,0.0004,0.0529,0.3513,0.1048,0.0026,
291.2634,166,1,ok,0,1,9.2018,0.0002,8.6866,0.5133,0.0017,0.0511,0.3529,0.1058,0.0035,
291.2634,167,1,ok,1,1,9.3300,0.0008,8.8173,0.5116,0.0004,0.0527,0.3499,0.1059,0.0031,
291.2634,168,1,ok,0,1,9.4344,0.0003,8.9241,0.5081,0.0019,0.0510,0.3522,0.1016,0.0031,
291.2634,169,1,ok,1,1,9.7587,0.0009,9.2502,0.5072,0.0004,0.0531,0.3476,0.1026,0.0039,
291.2634,170,1,ok,0,1,9.3474,0.0006,8.8398,0.5038,0.0032,0.0501,0.3464,0.1032,0.0041,
291.2634,171,1,ok,1,1,9.5214,0.0007,9.0189,0.5014,0.0004,0.0524,0.3435,0.1024,0.0031,
291.2634,172,1,ok,0,1,9.5422,0.0011,9.0401,0.4996,0.0014,0.0510,0.3431,0.1022,0.0034,
291.2634,173,1,ok,1,1,9.5774,0.0012,9.0722,0.5037,0.0003,0.0529,0.3444,0.1027,0.0036,
291.2634,174,1,ok,0,1,9.4015,0.0006,8.8859,0.5129,0.0021,0.0506,0.3530,0.1062,0.0031,
291.2634,175,1,ok,1,1,9.7083,0.0020,9.1924,0.5134,0.0004,0.0526,0.3508,0.1062,0.0037,
291.2634,176,1,ok,0,1,9.8420,0.0001,9.3369,0.5032,0.0018,0.0518,0.3447,0.1026,0.0040,
291.2634,177,1,ok,1,1,10.0739,0.0012,9.5699,0.5024,0.0004,0.0525,0.3433,0.1035,0.0031,
291.2634,178,1,ok,0,1,10.1284,0.0004,9.6120,0.5137,0.0023,0.0514,0.3534,0.1056,0.0032,
291.2634,179,1,ok,1,1,10.3440,0.0010,9.8299,0.5128,0.0004,0.0525,0.3497,0.1068,0.0038,
291.2634,180,1,ok,0,1,10.2387,0.0002,9.7296,0.5073,0.0017,0.0506,0.3490,0.1040,0.0037,
291.2634,181,1,ok,1,1,10.3601,0.0011,9.8434,0.5152,0.0004,0.0525,0.3522,0.1073,0.0031,
291.2634,182,1,ok,0,1,9.6642,0.0003,9.1540,0.5087,0.0013,0.0510,0.3506,0.1037,0.0034,
291.2634,183,1,ok,1,1,9.9923,0.0011,9.4837,0.5071,0.0004,0.0534,0.3469,0.1033,0.0036,
291.2634,184,1,ok,0,1,10.0508,0.0011,9.5356,0.5124,0.0015,0.0513,0.3509,0.1071,0.0032,
291.2634,185,1,ok,1,1,10.3080,0.0009,9.7998,0.5069,0.0003,0.0521,0.3458,0.1052,0.0038,
291.2634,186,1,ok,0,1,10.0799,0.0007,9.5572,0.5203,0.0017,0.0509,0.3567,0.1096,0.0032,
291.2634,187,1,ok,1,1,10.3705,0.0020,9.8396,0.5286,0.0003,0.0523,0.3613,0.1115,0.0035,
291.2634,188,1,ok,0,1,10.4915,0.0007,9.9769,0.5118,0.0022,0.0509,0.3531,0.1045,0.0034,
291.2634,189,1,ok,1,1,10.7219,0.0002,10.2043,0.5171,0.0004,0.0529,0.3548,0.1064,0.0030,
291.2634,190,1,ok,0,1,10.7820,0.0006,10.2554,0.5227,0.0033,0.0506,0.3587,0.1098,0.0035,
291.2634,191,1,ok,1,1,11.0646,0.0008,10.5410,0.5224,0.0003,0.0531,0.3570,0.1094,0.0028,
291.2634,192,1,ok,0,1,11.1685,0.0017,10.6538,0.5114,0.0016,0.0507,0.3516,0.1055,0.0035,
291.2634,193,1,ok,1,1,10.9904,0.0010,10.4755,0.5135,0.0004,0.0526,0.3517,0.1054,0.0037,
291.2634,194,1,ok,0,1,11.0361,0.0006,10.5185,0.5153,0.0017,0.0510,0.3540,0.1072,0.0032,
291.2634,195,1,ok,1,1,10.9805,0.0009,10.4619,0.5173,0.0004,0.0526,0.3537,0.1076,0.0033,
291.2634,196,1,ok,0,1,10.9835,0.0005,10.4639,0.5160,0.0031,0.0518,0.3541,0.1067,0.0033,
291.2634,197,1,ok,1,1,11.3203,0.0027,10.8025,0.5147,0.0004,0.0530,0.3510,0.1066,0.0041,
291.2634,198,1,ok,0,1,10.0004,0.0014,9.4800,0.5173,0.0017,0.0515,0.3556,0.1066,0.0035,
291.2634,199,1,ok,1,1,9.9739,0.0022,9.4542,0.5170,0.0004,0.0523,0.3533,0.1079,0.0035,
291.2634,200,1,ok,0,1,9.4243,0.0007,8.9116,0.5112,0.0008,0.0511,0.3515,0.1045,0.0040,
291.2634,201,1,ok,1,1,9.2294,0.0005,8.7204,0.5081,0.0004,0.0526,0.3474,0.1042,0.0038,
291.2634,202,1,ok,0,1,8.9999,0.0013,8.4966,0.4999,0.0020,0.0518,0.3433,0.1013,0.0035,
291.2634,203,1,ok,1,1,9.3207,0.0010,8.8019,0.5175,0.0003,0.0522,0.3538,0.1084,0.0030,
291.2634,204,1,ok,0,1,9.3245,0.0007,8.8248,0.4977,0.0013,0.0508,0.3401,0.1032,0.0035,
291.2634,205,1,ok,1,1,9.6690,0.0003,9.1338,0.5344,0.0004,0.0529,0.3678,0.1097,0.0040,
291.2634,206,1,ok,0,1,9.6804,0.0007,9.1687,0.5092,0.0017,0.0511,0.3500,0.1043,0.0039,
291.2634,207,1,ok,1,1,10.0723,0.0019,9.5490,0.5209,0.0004,0.0520,0.3560,0.1094,0.0035,
291.2634,208,1,ok,0,1,10.0938,0.0010,9.5688,0.5233,0.0007,0.0510,0.3590,0.1092,0.0041,
291.2634,209,1,ok,1,1,9.6319,0.0010,9.1037,0.5268,0.0004,0.0524,0.3600,0.1106,0.0038,
349.5160,0,0,ok,0,1,0.4202,0.0010,0.0000,0.4185,0.0006,0.0515,0.2779,0.0856,0.0034,
349.5160,1,0,ok,1,1,0.4224,0.0010,0.0000,0.4210,0.0004,0.0528,0.2786,0.0861,0.0034,
349.5160,2,0,ok,0,1,0.8573,0.0010,0.3596,0.4963,0.0004,0.0497,0.3411,0.1016,0.0039,
349.5160,3,0,ok,1,1,0.8432,0.0008,0.3231,0.5190,0.0003,0.0510,0.3543,0.1108,0.0029,
349.5160,4,0,ok,0,1,1.0912,0.0012,0.5838,0.5058,0.0004,0.0517,0.3465,0.1036,0.0040,
349.5160,5,0,ok,1,1,0.9397,0.0003,0.4201,0.5190,0.0003,0.0531,0.3546,0.1072,0.0041,
349.5160,6,0,ok,0,1,1.0197,0.0005,0.5145,0.5043,0.0004,0.0512,0.3461,0.1036,0.0034,
349.5160,7,0,ok,1,1,1.0568,0.0004,0.5413,0.5148,0.0003,0.0526,0.3522,0.1064,0.0036,
349.5160,8,0,ok,0,1,1.4196,0.0016,0.9084,0.5092,0.0004,0.0517,0.3485,0.1058,0.0032,
349.5160,9,0,ok,1,1,1.4793,0.0005,0.9571,0.5214,0.0003,0.0531,0.3561,0.1086,0.0036,
349.5160,10,1,ok,0,1,1.8786,0.0003,1.3717,0.5062,0.0004,0.0519,0.3470,0.1033,0.0040,
349.5160,11,1,ok,1,1,1.8439,0.0006,1.3155,0.5274,0.0003,0.0528,0.3601,0.1107,0.0038,
349.5160,12,1,ok,0,1,2.2570,0.0001,1.7530,0.5034,0.0004,0.0509,0.3456,0.1036,0.0032,
349.5160,13,1,ok,1,1,2.3286,0.0002,1.8010,0.5271,0.0003,0.0521,0.3610,0.1109,0.0031,
349.5160,14,1,ok,0,1,2.5511,0.0003,2.0385,0.5119,0.0004,0.0512,0.3532,0.1035,0.0039,
349.5160,15,1,ok,1,1,2.5423,0.0005,2.0128,0.5287,0.0003,0.0531,0.3614,0.1109,0.0032,
349.5160,16,1,ok,0,1,2.8807,0.0009,2.3723,0.5071,0.0004,0.0512,0.3479,0.1039,0.0040,
349.5160,17,1,ok,1,1,2.8630,0.0015,2.3453,0.5159,0.0003,0.0536,0.3521,0.1065,0.0036,
349.5160,18,1,ok,0,1,2.9488,0.0005,2.4429,0.5050,0.0004,0.0512,0.3471,0.1029,0.0038,
349.5160,19,1,ok,1,1,3.0963,0.0005,2.5768,0.5186,0.0003,0.0526,0.3543,0.1079,0.0038,
349.5160,20,1,ok,0,1,3.1765,0.0006,2.6658,0.5098,0.0004,0.0509,0.3511,0.1046,0.0031,
349.5160,21,1,ok,1,1,3.1426,0.0002,2.6092,0.5330,0.0003,0.0522,0.3646,0.1135,0.0027,
349.5160,22,1,ok,0,1,3.4189,0.0019,2.8975,0.5190,0.0004,0.0515,0.3549,0.1096,0.0030,
349.5160,23,1,ok,1,1,3.5706,0.0011,3.0412,0.5280,0.0003,0.0529,0.3615,0.1104,0.0031,
349.5160,24,1,ok,0,1,3.3635,0.0006,2.8483,0.5143,0.0003,0.0510,0.3548,0.1056,0.0029,
349.5160,25,1,ok,1,1,3.4773,0.0003,2.9589,0.5179,0.0003,0.0532,0.3537,0.1075,0.0035,
349.5160,26,1,ok,0,1,3.8012,0.0007,3.2756,0.5244,0.0004,0.0512,0.3588,0.1109,0.0035,
349.5160,27,1,ok,1,1,3.9701,0.0004,3.4428,0.5266,0.0003,0.0530,0.3608,0.1091,0.0036,
349.5160,28,1,ok,0,1,3.9737,0.0005,3.4604,0.5124,0.0004,0.0523,0.3508,0.1060,0.0033,
349.5160,29,1,ok,1,1,4.0180,0.0010,3.4874,0.5294,0.0003,0.0522,0.3607,0.1130,0.0035,
349.5160,30,1,ok,0,1,4.0424,0.0008,3.5315,0.5097,0.0004,0.0515,0.3502,0.1043,0.0037,
349.5160,31,1,ok,1,1,4.0358,0.0006,3.5104,0.5245,0.0004,0.0523,0.3588,0.1101,0.0033,
349.5160,32,1,ok,0,1,4.1938,0.0009,3.6850,0.5075,0.0004,0.0512,0.3480,0.1046,0.0037,
349.5160,33,1,ok,1,1,3.8012,0.0004,3.2827,0.5177,0.0004,0.0534,0.3538,0.1072,0.0033,
349.5160,34,1,ok,0,1,4.0024,0.0009,3.4904,0.5106,0.0004,0.0515,0.3549,0.1010,0.0033,
349.5160,35,1,ok,1,1,4.1090,0.0005,3.5812,0.5270,0.0003,0.0526,0.3621,0.1085,0.0038,
349.5160,36,1,ok,0,1,4.0628,0.0005,3.5606,0.5014,0.0004,0.0509,0.3446,0.1026,0.0032,
349.5160,37,1,ok,1,1,4.1691,0.0008,3.6392,0.5288,0.0003,0.0520,0.3608,0.1124,0.0035,
349.5160,38,1,ok,0,1,4.0605,0.0018,3.5560,0.5024,0.0004,0.0515,0.3444,0.1028,0.0036,
349.5160,39,1,ok,1,1,4.2007,0.0012,3.6805,0.5187,0.0003,0.0527,0.3551,0.1077,0.0032,
349.5160,40,1,ok,0,1,4.2241,0.0005,3.7028,0.5205,0.0004,0.0518,0.3562,0.1093,0.0032,
349.5160,41,1,ok,1,1,4.4994,0.0006,3.9828,0.5157,0.0003,0.0528,0.3536,0.1059,0.0034,
349.5160,42,1,ok,0,1,4.6939,0.0003,4.1714,0.5219,0.0004,0.0528,0.3574,0.1082,0.0034,
349.5160,43,1,ok,1,1,4.9047,0.0018,4.3946,0.5080,0.0004,0.0523,0.3472,0.1053,0.0032,
349.5160,44,1,ok,0,1,5.1431,0.0017,4.6194,0.5217,0.0004,0.0516,0.3578,0.1094,0.0030,
349.5160,45,1,ok,1,1,5.3577,0.0004,4.8446,0.5124,0.0003,0.0532,0.3499,0.1053,0.0040,
349.5160,46,1,ok,0,1,5.5969,0.0012,5.0781,0.5172,0.0004,0.0522,0.3549,0.1069,0.0031,
349.5160,47,1,ok,1,1,5.7950,0.0005,5.2830,0.5110,0.0005,0.0521,0.3470,0.1082,0.0036,
349.5160,48,1,ok,0,1,5.8885,0.0003,5.3674,0.5203,0.0005,0.0518,0.3569,0.1080,0.0036,
349.5160,49,1,ok,1,1,6.0526,0.0005,5.5432,0.5069,0.0020,0.0526,0.3476,0.1032,0.0034,
349.5160,50,1,ok,0,1,6.2513,0.0003,5.7309,0.5197,0.0004,0.0516,0.3567,0.1070,0.0043,
349.5160,51,1,ok,1,1,6.4358,0.0011,5.9317,0.5008,0.0021,0.0522,0.3427,0.1025,0.0034,
349.5160,52,1,ok,0,1,6.6840,0.0018,6.1559,0.5260,0.0004,0.0514,0.3620,0.1088,0.0038,
349.5160,53,1,ok,1,1,6.4188,0.0007,5.9082,0.5080,0.0020,0.0518,0.3472,0.1054,0.0035,
349.5160,54,1,ok,0,1,6.5526,0.0007,6.0304,0.5211,0.0004,0.0507,0.3584,0.1090,0.0030,
349.5160,55,1,ok,1,1,6.5963,0.0007,6.0777,0.5143,0.0037,0.0514,0.3528,0.1068,0.0033,
349.5160,56,1,ok,0,1,6.8706,0.0006,6.3586,0.5110,0.0004,0.0519,0.3503,0.1058,0.0029,
349.5160,57,1,ok,1,1,6.8549,0.0011,6.3388,0.5129,0.0021,0.0525,0.3513,0.1058,0.0033,
349.5160,58,1,ok,0,1,7.1451,0.0006,6.6151,0.5290,0.0003,0.0521,0.3617,0.1112,0.0039,
349.5160,59,1,ok,1,1,7.2680,0.0009,6.7415,0.5250,0.0007,0.0521,0.3594,0.1104,0.0030,
349.5160,60,1,ok,0,1,6.7937,0.0013,6.2793,0.5127,0.0003,0.0512,0.3518,0.1065,0.0031,
349.5160,61,1,ok,1,1,6.8314,0.0006,6.3095,0.5202,0.0011,0.0528,0.3548,0.1091,0.0035,
349.5160,62,1,ok,0,1,6.9921,0.0003,6.4783,0.5132,0.0004,0.0516,0.3520,0.1060,0.0036,
349.5160,63,1,ok,1,1,7.0277,0.0008,6.4928,0.5329,0.0012,0.0517,0.3674,0.1105,0.0032,
349.5160,64,1,ok,0,1,6.9840,0.0021,6.4742,0.5074,0.0003,0.0516,0.3493,0.1030,0.0033,
349.5160,65,1,ok,1,1,6.9769,0.0008,6.4525,0.5233,0.0004,0.0525,0.3580,0.1097,0.0030,
349.5160,66,1,ok,0,1,7.1894,0.0003,6.6823,0.5064,0.0004,0.0515,0.3476,0.1038,0.0035,
349.5160,67,1,ok,1,1,7.4465,0.0008,6.9258,0.5195,0.0004,0.0531,0.3542,0.1086,0.0035,
349.5160,68,1,ok,0,1,7.6326,0.0009,7.1179,0.5135,0.0004,0.0511,0.3454,0.1134,0.0035,
349.5160,69,1,ok,1,1,7.8362,0.0005,7.3274,0.5079,0.0004,0.0531,0.3480,0.1031,0.0037,
349.5160,70,1,ok,0,1,8.0370,0.0010,7.5375,0.4982,0.0004,0.0508,0.3422,0.1017,0.0034,
349.5160,71,1,ok,1,1,7.8151,0.0008,7.3032,0.5107,0.0004,0.0521,0.3483,0.1064,0.0039,
349.5160,72,1,ok,0,1,7.6960,0.0010,7.1857,0.5090,0.0003,0.0513,0.3496,0.1051,0.0030,
349.5160,73,1,ok,1,1,7.9076,0.0003,7.3911,0.5159,0.0003,0.0526,0.3531,0.1068,0.0033,
349.5160,74,1,ok,0,1,7.9678,0.0007,7.4476,0.5192,0.0004,0.0514,0.3542,0.1100,0.0036,
349.5160,75,1,ok,1,1,8.1633,0.0004,7.6379,0.5247,0.0003,0.0530,0.3585,0.1098,0.0034,
349.5160,76,1,ok,0,1,7.9717,0.0006,7.4585,0.5122,0.0004,0.0513,0.3523,0.1056,0.0030,
349.5160,77,1,ok,1,1,8.1695,0.0004,7.6352,0.5335,0.0003,0.0526,0.3635,0.1139,0.0035,
349.5160,78,1,ok,0,1,8.3233,0.0007,7.8127,0.5095,0.0004,0.0516,0.3500,0.1048,0.0031,
349.5160,79,1,ok,1,1,8.6027,0.0003,8.0678,0.5343,0.0003,0.0525,0.3655,0.1130,0.0033,
349.5160,80,1,ok,0,1,8.6382,0.0009,8.1323,0.5046,0.0004,0.0517,0.3458,0.1033,0.0038,
349.5160,81,1,ok,1,1,8.9258,0.0017,8.4072,0.5166,0.0003,0.0529,0.3540,0.1060,0.0037,
349.5160,82,1,ok,0,1,8.9499,0.0008,8.4343,0.5145,0.0004,0.0517,0.3525,0.1070,0.0033,
349.5160,83,1,ok,1,1,8.9138,0.0022,8.3812,0.5300,0.0003,0.0518,0.3631,0.1119,0.0032,
349.5160,84,1,ok,0,1,8.9970,0.0004,8.4704,0.5258,0.0003,0.0513,0.3613,0.1093,0.0038,
349.5160,85,1,ok,1,1,9.3183,0.0017,8.7821,0.5343,0.0003,0.0526,0.3651,0.1131,0.0035,
349.5160,86,1,ok,0,1,8.4408,0.0009,7.9224,0.5171,0.0004,0.0517,0.3550,0.1071,0.0033,
349.5160,87,1,ok,1,1,8.6988,0.0009,8.1640,0.5336,0.0003,0.0524,0.3659,0.1115,0.0037,
349.5160,88,1,ok,0,1,8.8205,0.0006,8.3015,0.5180,0.0003,0.0522,0.3557,0.1066,0.0035,
349.5160,89,1,ok,1,1,9.1820,0.0005,8.6737,0.5075,0.0003,0.0528,0.3476,0.1037,0.0034,
349.5160,90,1,ok,0,1,9.3105,0.0007,8.7916,0.5178,0.0004,0.0515,0.3560,0.1077,0.0026,
349.5160,91,1,ok,1,1,9.5136,0.0005,8.9921,0.5206,0.0003,0.0526,0.3570,0.1069,0.0042,
349.5160,92,1,ok,0,1,9.3919,0.0009,8.8705,0.5202,0.0004,0.0516,0.3575,0.1078,0.0033,
349.5160,93,1,ok,1,1,9.6756,0.0009,9.1489,0.5254,0.0003,0.0524,0.3586,0.1109,0.0034,
349.5160,94,1,ok,0,1,9.7918,0.0009,9.2857,0.5049,0.0004,0.0522,0.3469,0.1026,0.0032,
349.5160,95,1,ok,1,1,10.1021,0.0003,9.5815,0.5199,0.0004,0.0527,0.3557,0.1083,0.0032,
349.5160,96,1,ok,0,1,9.2788,0.0009,8.7553,0.5223,0.0004,0.0514,0.3582,0.1085,0.0041,
349.5160,97,1,ok,1,1,9.5317,0.0003,9.0193,0.5117,0.0004,0.0529,0.3503,0.1055,0.0029,
349.5160,98,1,ok,0,1,9.0610,0.0007,8.5406,0.5192,0.0004,0.0505,0.3571,0.1087,0.0029,
349.5160,99,1,ok,1,1,9.1029,0.0009,8.5841,0.5177,0.0003,0.0530,0.3534,0.1075,0.0037,
349.5160,100,1,ok,0,1,9.2370,0.0010,8.7195,0.5162,0.0004,0.0521,0.3547,0.1063,0.0030,
349.5160,101,1,ok,1,1,9.4103,0.0004,8.8816,0.5280,0.0003,0.0522,0.3613,0.1114,0.0031,
349.5160,102,1,ok,0,1,9.3365,0.0012,8.8204,0.5146,0.0004,0.0514,0.3535,0.1064,0.0032,
349.5160,103,1,ok,1,1,9.6049,0.0011,9.0805,0.5229,0.0004,0.0529,0.3573,0.1094,0.0033,
349.5160,104,1,ok,0,1,9.6594,0.0010,9.1501,0.5080,0.0003,0.0513,0.3495,0.1038,0.0034,
349.5160,105,1,ok,1,1,9.8887,0.0016,9.3741,0.5126,0.0004,0.0533,0.3509,0.1051,0.0033,
349.5160,106,1,ok,0,1,9.9666,0.0005,9.4628,0.5029,0.0004,0.0516,0.3459,0.1020,0.0034,
349.5160,107,1,ok,1,1,10.2923,0.0008,9.7696,0.5215,0.0003,0.0525,0.3546,0.1106,0.0037,
349.5160,108,1,ok,0,1,10.2731,0.0012,9.7637,0.5078,0.0004,0.0511,0.3494,0.1046,0.0027,
349.5160,109,1,ok,1,1,10.1958,0.0014,9.6592,0.5347,0.0004,0.0528,0.3661,0.1117,0.0041,
349.5160,110,1,ok,0,1,9.9015,0.0010,9.3861,0.5142,0.0003,0.0514,0.3535,0.1059,0.0033,
349.5160,111,1,ok,1,1,10.3006,0.0016,9.7835,0.5151,0.0003,0.0523,0.3521,0.1072,0.0034,
349.5160,112,1,ok,0,1,10.2438,0.0010,9.7289,0.5136,0.0004,0.0516,0.3521,0.1064,0.0035,
349.5160,113,1,ok,1,1,10.6736,0.0003,10.1473,0.5256,0.0003,0.0522,0.3575,0.1122,0.0038,
349.5160,114,1,ok,0,1,10.3055,0.0004,9.7912,0.5134,0.0004,0.0511,0.3519,0.1068,0.0036,
349.5160,115,1,ok,1,1,10.4389,0.0003,9.9039,0.5343,0.0004,0.0525,0.3658,0.1125,0.0035,
349.5160,116,1,ok,0,1,10.4152,0.0007,9.8930,0.5211,0.0004,0.0514,0.3572,0.1089,0.0037,
349.5160,117,1,ok,1,1,10.7218,0.0003,10.2029,0.5183,0.0003,0.0528,0.3532,0.1089,0.0033,
349.5160,118,1,ok,0,1,10.6046,0.0003,10.0788,0.5251,0.0004,0.0516,0.3613,0.1091,0.0031,
349.5160,119,1,ok,1,1,11.0499,0.0010,10.5311,0.5174,0.0003,0.0526,0.3560,0.1060,0.0028,
349.5160,120,1,ok,0,1,10.8487,0.0011,10.3283,0.5190,0.0004,0.0516,0.3558,0.1083,0.0032,
349.5160,121,1,ok,1,1,11.1928,0.0007,10.6693,0.5225,0.0003,0.0526,0.3574,0.1093,0.0032,
349.5160,122,1,ok,0,1,10.9683,0.0008,10.4560,0.5111,0.0004,0.0516,0.3508,0.1050,0.0038,
349.5160,123,1,ok,1,1,11.3202,0.0003,10.8039,0.5156,0.0003,0.0530,0.3522,0.1076,0.0029,
349.5160,124,1,ok,0,1,11.3534,0.0002,10.8383,0.5146,0.0003,0.0510,0.3527,0.1076,0.0033,
349.5160,125,1,ok,1,1,11.7753,0.0006,11.2522,0.5221,0.0003,0.0530,0.3566,0.1092,0.0033,
349.5160,126,1,ok,0,1,11.7966,0.0004,11.2824,0.5134,0.0003,0.0513,0.3527,0.1061,0.0033,
349.5160,127,1,ok,1,1,11.8364,0.0008,11.3168,0.5185,0.0003,0.0530,0.3540,0.1077,0.0038,
349.5160,128,1,ok,0,1,11.5035,0.0010,10.9791,0.5230,0.0004,0.0509,0.3595,0.1089,0.0036,
349.5160,129,1,ok,1,1,11.6846,0.0010,11.1674,0.5158,0.0003,0.0528,0.3520,0.1077,0.0034,
349.5160,130,1,ok,0,1,11.6504,0.0010,11.1335,0.5155,0.0003,0.0513,0.3539,0.1068,0.0035,
349.5160,131,1,ok,1,1,12.1178,0.0009,11.6103,0.5063,0.0003,0.0532,0.3466,0.1033,0.0031,
349.5160,132,1,ok,0,1,11.7938,0.0009,11.2782,0.5145,0.0003,0.0514,0.3537,0.1063,0.0031,
349.5160,133,1,ok,1,1,11.7673,0.0021,11.2505,0.5143,0.0003,0.0525,0.3510,0.1076,0.0033,
349.5160,134,1,ok,0,1,11.7939,0.0009,11.2735,0.5192,0.0004,0.0513,0.3582,0.1068,0.0027,
349.5160,135,1,ok,1,1,12.1562,0.0009,11.6368,0.5182,0.0003,0.0531,0.3530,0.1083,0.0038,
349.5160,136,1,ok,0,1,12.1860,0.0007,11.6667,0.5183,0.0003,0.0522,0.3553,0.1077,0.0032,
349.5160,137,1,ok,1,1,12.4208,0.0006,11.8978,0.5220,0.0003,0.0524,0.3571,0.1094,0.0031,
349.5160,138,1,ok,0,1,12.2102,0.0009,11.6905,0.5185,0.0003,0.0513,0.3569,0.1074,0.0028,
349.5160,139,1,ok,1,1,12.6757,0.0004,12.1476,0.5274,0.0003,0.0528,0.3608,0.1109,0.0029,
349.5160,140,1,ok,0,1,12.5895,0.0010,12.0749,0.5133,0.0004,0.0522,0.3532,0.1039,0.0039,
349.5160,141,1,ok,1,1,12.9505,0.0011,12.4269,0.5222,0.0003,0.0531,0.3564,0.1092,0.0034,
349.5160,142,1,ok,0,1,12.8961,0.0014,12.3983,0.4961,0.0003,0.0520,0.3416,0.0996,0.0029,
349.5160,143,1,ok,0,1,13.0441,0.0010,12.5416,0.5010,0.0004,0.0515,0.3447,0.1018,0.0030,
349.5160,144,1,ok,1,1,12.9795,0.0010,12.4487,0.5295,0.0003,0.0528,0.3610,0.1122,0.0035,
349.5160,145,1,ok,0,1,13.4153,0.0003,12.9085,0.5062,0.0004,0.0517,0.3472,0.1040,0.0033,
349.5160,146,1,ok,1,1,13.3391,0.0007,12.8049,0.5331,0.0003,0.0521,0.3672,0.1107,0.0030,
349.5160,147,1,ok,0,1,13.5699,0.0005,13.0570,0.5120,0.0004,0.0513,0.3500,0.1066,0.0041,
349.5160,148,1,ok,1,1,13.6075,0.0011,13.0747,0.5314,0.0003,0.0533,0.3620,0.1127,0.0034,
349.5160,149,1,ok,0,1,13.9649,0.0011,13.4661,0.4973,0.0004,0.0512,0.3425,0.1007,0.0030,
349.5160,150,1,ok,1,1,13.1663,0.0022,12.6265,0.5374,0.0003,0.0525,0.3657,0.1152,0.0039,
349.5160,151,1,ok,0,1,13.3777,0.0012,12.8688,0.5073,0.0004,0.0513,0.3480,0.1048,0.0031,
349.5160,152,1,ok,1,1,13.4166,0.0013,12.8860,0.5290,0.0003,0.0523,0.3623,0.1101,0.0043,
349.5160,153,1,ok,0,1,13.6621,0.0004,13.1532,0.5082,0.0004,0.0516,0.3476,0.1055,0.0035,
349.5160,154,1,ok,1,1,13.7960,0.0004,13.2690,0.5264,0.0003,0.0527,0.3594,0.1113,0.0029,
349.5160,155,1,ok,0,1,14.1106,0.0008,13.5955,0.5139,0.0004,0.0512,0.3536,0.1058,0.0032,
349.5160,156,1,ok,1,1,14.1991,0.0021,13.6794,0.5173,0.0003,0.0532,0.3537,0.1073,0.0031,
349.5160,157,1,ok,0,1,14.4114,0.0004,13.8870,0.5237,0.0004,0.0510,0.3613,0.1083,0.0030,
349.5160,158,1,ok,1,1,14.5242,0.0006,14.0013,0.5220,0.0003,0.0530,0.3592,0.1065,0.0033,
349.5160,159,1,ok,0,1,14.8358,0.0005,14.3234,0.5116,0.0004,0.0523,0.3518,0.1041,0.0033,
349.5160,160,1,ok,1,1,14.9859,0.0020,14.4669,0.5167,0.0003,0.0538,0.3531,0.1069,0.0028,
349.5160,161,1,ok,0,1,15.1508,0.0011,14.6509,0.4985,0.0004,0.0516,0.3425,0.1003,0.0041,
349.5160,162,1,ok,1,1,15.2884,0.0006,14.7695,0.5180,0.0003,0.0529,0.3535,0.1082,0.0034,
349.5160,163,1,ok,0,1,15.1977,0.0007,14.7007,0.4960,0.0003,0.0512,0.3420,0.1000,0.0028,
349.5160,164,1,ok,1,1,15.0608,0.0006,14.5459,0.5139,0.0003,0.0528,0.3513,0.1064,0.0034,
349.5160,165,1,ok,0,1,15.3556,0.0002,14.8479,0.5071,0.0004,0.0515,0.3478,0.1052,0.0025,
349.5160,166,1,ok,1,1,15.5282,0.0007,15.0008,0.5264,0.0003,0.0526,0.3595,0.1107,0.0035,
349.5160,167,1,ok,0,1,15.6419,0.0002,15.1189,0.5224,0.0004,0.0518,0.3584,0.1092,0.0030,
349.5160,168,1,ok,1,1,15.8373,0.0010,15.2960,0.5399,0.0003,0.0523,0.3665,0.1178,0.0032,
349.5160,169,1,ok,0,1,16.0924,0.0007,15.5754,0.5159,0.0003,0.0521,0.3542,0.1058,0.0038,
349.5160,170,1,ok,1,1,15.8604,0.0008,15.3415,0.5177,0.0003,0.0532,0.3557,0.1046,0.0041,
349.5160,171,1,ok,0,1,15.9850,0.0008,15.4757,0.5082,0.0004,0.0515,0.3493,0.1042,0.0031,
349.5160,172,1,ok,1,1,16.1163,0.0010,15.6043,0.5108,0.0003,0.0523,0.3498,0.1052,0.0035,
349.5160,173,1,ok,0,1,16.1184,0.0008,15.6108,0.5064,0.0004,0.0519,0.3475,0.1035,0.0035,
349.5160,174,1,ok,1,1,16.0871,0.0006,15.5693,0.5168,0.0003,0.0522,0.3531,0.1084,0.0031,
349.5160,175,1,ok,0,1,16.3031,0.0015,15.7978,0.5035,0.0004,0.0515,0.3461,0.1022,0.0036,
349.5160,176,1,ok,1,1,16.5477,0.0011,16.0322,0.5140,0.0004,0.0525,0.3512,0.1061,0.0041,
349.5160,177,1,ok,0,1,16.6914,0.0005,16.1883,0.5022,0.0003,0.0516,0.3453,0.1023,0.0030,
349.5160,178,1,ok,1,1,16.8866,0.0011,16.3552,0.5300,0.0003,0.0543,0.3604,0.1119,0.0033,
349.5160,179,1,ok,0,1,17.0047,0.0002,16.4886,0.5155,0.0004,0.0510,0.3529,0.1079,0.0037,
349.5160,180,1,ok,1,1,17.0704,0.0002,16.5542,0.5157,0.0003,0.0527,0.3524,0.1068,0.0038,
349.5160,181,1,ok,0,1,17.1173,0.0003,16.5882,0.5285,0.0004,0.0507,0.3609,0.1138,0.0030,
349.5160,182,1,ok,1,1,16.6957,0.0002,16.1664,0.5287,0.0003,0.0519,0.3610,0.1124,0.0034,
349.5160,183,1,ok,0,1,16.9255,0.0016,16.3862,0.5373,0.0004,0.0520,0.3705,0.1113,0.0035,
349.5160,184,1,ok,1,1,17.1286,0.0002,16.5893,0.5387,0.0003,0.0525,0.3668,0.1161,0.0033,
349.5160,185,1,ok,0,1,17.2878,0.0012,16.7648,0.5215,0.0004,0.0522,0.3581,0.1074,0.0037,
349.5160,186,1,ok,1,1,17.2570,0.0010,16.7168,0.5388,0.0003,0.0523,0.3702,0.1130,0.0032,
349.5160,187,1,ok,0,1,17.4248,0.0006,16.8985,0.5253,0.0004,0.0514,0.3601,0.1104,0.0034,
349.5160,188,1,ok,1,1,17.7011,0.0015,17.1701,0.5291,0.0003,0.0524,0.3615,0.1117,0.0034,
349.5160,189,1,ok,0,1,17.8049,0.0005,17.2859,0.5181,0.0004,0.0520,0.3560,0.1072,0.0029,
349.5160,190,1,ok,1,1,18.0277,0.0007,17.5042,0.5225,0.0003,0.0528,0.3572,0.1090,0.0035,
349.5160,191,1,ok,0,1,18.1797,0.0007,17.6540,0.5246,0.0004,0.0518,0.3607,0.1093,0.0027,
349.5160,192,1,ok,1,1,18.4409,0.0005,17.9218,0.5182,0.0003,0.0525,0.3536,0.1085,0.0036,
349.5160,193,1,ok,0,1,18.2003,0.0007,17.6890,0.5103,0.0003,0.0518,0.3502,0.1046,0.0036,
349.5160,194,1,ok,1,1,18.4395,0.0004,17.8993,0.5396,0.0003,0.0520,0.3678,0.1164,0.0033,
349.5160,195,1,ok,0,1,18.2847,0.0020,17.7586,0.5237,0.0003,0.0516,0.3592,0.1097,0.0032,
349.5160,196,1,ok,1,1,18.4823,0.0010,17.9621,0.5188,0.0003,0.0531,0.3542,0.1080,0.0034,
349.5160,197,1,ok,0,1,18.6663,0.0002,18.1384,0.5273,0.0003,0.0517,0.3625,0.1091,0.0040,
349.5160,198,1,ok,1,1,17.7467,0.0009,17.2296,0.5159,0.0003,0.0529,0.3520,0.1074,0.0036,
349.5160,199,1,ok,0,1,17.6236,0.0010,17.1121,0.5102,0.0003,0.0512,0.3504,0.1051,0.0034,
349.5160,200,1,ok,1,1,17.3663,0.0016,16.8385,0.5259,0.0003,0.0526,0.3591,0.1101,0.0041,
349.5160,201,1,ok,0,1,17.1038,0.0011,16.5784,0.5235,0.0008,0.0516,0.3581,0.1100,0.0037,
349.5160,202,1,ok,1,1,17.1274,0.0004,16.5939,0.5288,0.0044,0.0509,0.3633,0.1109,0.0036,
349.5160,203,1,ok,0,1,17.2733,0.0003,16.7481,0.5243,0.0006,0.0512,0.3602,0.1099,0.0030,
349.5160,204,1,ok,1,1,17.5061,0.0004,16.9817,0.5229,0.0012,0.0529,0.3575,0.1089,0.0035,
349.5160,205,1,ok,0,1,17.6311,0.0002,17.1177,0.5128,0.0004,0.0516,0.3510,0.1063,0.0039,
349.5160,206,1,ok,1,1,17.8968,0.0004,17.3764,0.5184,0.0015,0.0524,0.3536,0.1085,0.0039,
349.5160,207,1,ok,0,1,18.0581,0.0002,17.5325,0.5250,0.0004,0.0515,0.3600,0.1100,0.0034,
349.5160,208,1,ok,1,1,18.3297,0.0003,17.8043,0.5237,0.0013,0.0524,0.3569,0.1103,0.0041,
349.5160,209,1,ok,0,1,17.7724,0.0010,17.2508,0.5203,0.0004,0.0512,0.3566,0.1088,0.0037,
319.0630,0,0,ok,1,1,0.4219,0.0013,0.0000,0.4190,0.0015,0.0523,0.2777,0.0855,0.0035,
319.0630,1,0,ok,0,1,0.4461,0.0008,0.0000,0.4448,0.0005,0.0503,0.3003,0.0908,0.0033,
319.0630,2,0,ok,1,1,0.8266,0.0026,0.3540,0.4696,0.0003,0.0510,0.3163,0.0980,0.0043,
319.0630,3,0,ok,0,1,0.8118,0.0003,0.3379,0.4734,0.0003,0.0517,0.3194,0.0994,0.0028,
319.0630,4,0,ok,1,1,1.0493,0.0008,0.5275,0.5202,0.0008,0.0519,0.3525,0.1117,0.0041,
319.0630,5,0,ok,0,1,0.8689,0.0003,0.3484,0.5198,0.0003,0.0510,0.3561,0.1087,0.0039,
319.0630,6,0,ok,1,1,0.9412,0.0021,0.4160,0.5222,0.0008,0.0521,0.3565,0.1101,0.0034,
319.0630,7,0,ok,0,1,0.9463,0.0002,0.4327,0.5130,0.0004,0.0511,0.3529,0.1055,0.0035,
319.0630,8,0,ok,1,1,1.3510,0.0013,0.8197,0.5286,0.0014,0.0520,0.3639,0.1094,0.0032,
319.0630,9,0,ok,0,1,1.3612,0.0007,0.8368,0.5233,0.0004,0.0520,0.3532,0.1146,0.0035,
319.0630,10,1,ok,1,1,1.8350,0.0005,1.2985,0.5355,0.0006,0.0521,0.3650,0.1143,0.0040,
319.0630,11,1,ok,0,1,1.6859,0.0003,1.1822,0.5031,0.0004,0.0506,0.3469,0.1019,0.0037,
319.0630,12,1,ok,0,1,2.1832,0.0004,1.6805,0.5020,0.0004,0.0514,0.3445,0.1028,0.0032,
319.0630,13,1,ok,1,1,2.1903,0.0008,1.6551,0.5342,0.0003,0.0517,0.3678,0.1116,0.0031,
319.0630,14,1,ok,0,1,2.4538,0.0006,1.9436,0.5092,0.0004,0.0517,0.3490,0.1045,0.0039,
319.0630,15,1,ok,1,1,2.3694,0.0008,1.8441,0.5223,0.0022,0.0526,0.3572,0.1093,0.0032,
319.0630,16,1,ok,0,1,2.7772,0.0002,2.2587,0.5180,0.0003,0.0512,0.3552,0.1076,0.0040,
319.0630,17,1,ok,1,1,2.6672,0.0011,2.1541,0.5103,0.0017,0.0519,0.3497,0.1051,0.0036,
319.0630,18,1,ok,0,1,2.8227,0.0011,2.2970,0.5242,0.0003,0.0511,0.3595,0.1098,0.0038,
319.0630,19,1,ok,1,1,2.8712,0.0010,2.3532,0.5161,0.0009,0.0518,0.3531,0.1073,0.0038,
319.0630,20,1,ok,0,1,3.0413,0.0030,2.5103,0.5277,0.0003,0.0520,0.3613,0.1113,0.0031,
319.0630,21,1,ok,1,1,2.8609,0.0002,2.3376,0.5212,0.0019,0.0521,0.3570,0.1093,0.0027,
319.0630,22,1,ok,0,1,3.2641,0.0011,2.7368,0.5258,0.0003,0.0513,0.3614,0.1101,0.0030,
319.0630,23,1,ok,1,1,3.2629,0.0005,2.7504,0.5104,0.0015,0.0525,0.3492,0.1056,0.0031,
319.0630,24,1,ok,0,1,3.1557,0.0006,2.6390,0.5158,0.0003,0.0521,0.3554,0.1054,0.0028,
319.0630,25,1,ok,1,1,3.1131,0.0030,2.5901,0.5196,0.0004,0.0520,0.3558,0.1083,0.0034,
319.0630,26,1,ok,0,1,3.5795,0.0004,3.0598,0.5189,0.0003,0.0520,0.3569,0.1064,0.0036,
319.0630,27,1,ok,1,1,3.6116,0.0004,3.0752,0.5347,0.0012,0.0522,0.3651,0.1137,0.0036,
319.0630,28,1,ok,0,1,3.7173,0.0003,3.2064,0.5102,0.0004,0.0514,0.3503,0.1051,0.0033,
319.0630,29,1,ok,1,1,3.5968,0.0010,3.0828,0.5114,0.0015,0.0521,0.3500,0.1058,0.0034,
319.0630,30,1,ok,0,1,3.7555,0.0010,3.2328,0.5213,0.0003,0.0515,0.3571,0.1093,0.0035,
319.0630,31,1,ok,1,1,3.5523,0.0006,3.0408,0.5092,0.0018,0.0520,0.3492,0.1047,0.0033,
319.0630,32,1,ok,0,1,3.8828,0.0004,3.3646,0.5175,0.0004,0.0517,0.3549,0.1072,0.0036,
319.0630,33,1,ok,1,1,3.2448,0.0014,2.7264,0.5167,0.0003,0.0516,0.3526,0.1092,0.0033,
319.0630,34,1,ok,0,1,3.6366,0.0011,3.1123,0.5229,0.0003,0.0514,0.3587,0.1094,0.0033,
319.0630,35,1,ok,1,1,3.5343,0.0006,3.0037,0.5262,0.0039,0.0518,0.3590,0.1116,0.0037,
319.0630,36,1,ok,0,1,3.6751,0.0004,3.1526,0.5218,0.0004,0.0519,0.3583,0.1083,0.0032,
319.0630,37,1,ok,1,1,3.5715,0.0017,3.0189,0.5489,0.0021,0.0509,0.3776,0.1169,0.0035,
319.0630,38,1,ok,0,1,3.6415,0.0011,3.1208,0.5192,0.0004,0.0520,0.3566,0.1069,0.0036,
319.0630,39,1,ok,1,1,3.5776,0.0008,3.0368,0.5383,0.0017,0.0516,0.3678,0.1157,0.0032,
319.0630,40,1,ok,0,1,3.7712,0.0008,3.2494,0.5205,0.0004,0.0512,0.3580,0.1081,0.0032,
319.0630,41,1,ok,1,1,3.8845,0.0021,3.3373,0.5411,0.0039,0.0543,0.3678,0.1155,0.0034,
319.0630,42,1,ok,0,1,4.2215,0.0006,3.7131,0.5074,0.0004,0.0517,0.3489,0.1032,0.0034,
319.0630,43,1,ok,1,1,4.3086,0.0005,3.7711,0.5347,0.0022,0.0522,0.3658,0.1136,0.0032,
319.0630,44,1,ok,0,1,4.6503,0.0010,4.1406,0.5083,0.0004,0.0520,0.3484,0.1048,0.0030,
319.0630,45,1,ok,1,1,4.7851,0.0003,4.2428,0.5411,0.0009,0.0516,0.3720,0.1134,0.0040,
319.0630,46,1,ok,0,1,5.0960,0.0004,4.5800,0.5152,0.0003,0.0516,0.3534,0.1071,0.0031,
319.0630,47,1,ok,1,1,5.2458,0.0003,4.7035,0.5403,0.0016,0.0523,0.3712,0.1133,0.0036,
319.0630,48,1,ok,0,1,5.3662,0.0007,4.8441,0.5210,0.0004,0.0519,0.3571,0.1083,0.0037,
319.0630,49,1,ok,1,1,5.5046,0.0005,4.9701,0.5318,0.0022,0.0522,0.3639,0.1123,0.0034,
319.0630,50,1,ok,0,1,5.7191,0.0018,5.1922,0.5248,0.0003,0.0517,0.3600,0.1087,0.0044,
319.0630,51,1,ok,1,1,5.8944,0.0011,5.3724,0.5191,0.0019,0.0522,0.3547,0.1088,0.0034,
319.0630,52,1,ok,0,1,6.1379,0.0004,5.6161,0.5211,0.0004,0.0511,0.3575,0.1087,0.0038,
319.0630,53,1,ok,1,1,5.8332,0.0004,5.3168,0.5142,0.0018,0.0524,0.3508,0.1074,0.0036,
319.0630,54,1,ok,0,1,5.9353,0.0003,5.4225,0.5122,0.0004,0.0512,0.3516,0.1064,0.0030,
319.0630,55,1,ok,1,1,5.9842,0.0009,5.4593,0.5228,0.0012,0.0512,0.3567,0.1116,0.0033,
319.0630,56,1,ok,0,1,6.2517,0.0007,5.7227,0.5279,0.0004,0.0519,0.3645,0.1086,0.0029,
319.0630,57,1,ok,1,1,6.2252,0.0007,5.7025,0.5200,0.0019,0.0518,0.3552,0.1098,0.0032,
319.0630,58,1,ok,0,1,6.4995,0.0003,5.9722,0.5266,0.0003,0.0512,0.3631,0.1084,0.0038,
319.0630,59,1,ok,1,1,6.6420,0.0008,6.1012,0.5377,0.0023,0.0523,0.3681,0.1144,0.0030,
319.0630,60,1,ok,0,1,6.0723,0.0010,5.5516,0.5194,0.0004,0.0514,0.3567,0.1080,0.0031,
319.0630,61,1,ok,1,1,6.1256,0.0011,5.5915,0.5310,0.0020,0.0521,0.3640,0.1114,0.0035,
319.0630,62,1,ok,0,1,6.2488,0.0003,5.7268,0.5214,0.0003,0.0520,0.3572,0.1086,0.0036,
319.0630,63,1,ok,1,1,6.2695,0.0010,5.7545,0.5101,0.0038,0.0511,0.3504,0.1053,0.0032,
319.0630,64,1,ok,0,1,6.2067,0.0017,5.6821,0.5225,0.0003,0.0514,0.3609,0.1069,0.0033,
319.0630,65,1,ok,1,1,6.1602,0.0006,5.6396,0.5184,0.0016,0.0520,0.3546,0.1088,0.0030,
319.0630,66,1,ok,0,1,6.3931,0.0008,5.8756,0.5163,0.0003,0.0517,0.3549,0.1062,0.0035,
319.0630,67,1,ok,1,1,6.6201,0.0008,6.1044,0.5129,0.0020,0.0522,0.3512,0.1060,0.0034,
319.0630,68,1,ok,0,1,6.8284,0.0017,6.3140,0.5123,0.0004,0.0521,0.3513,0.1054,0.0036,
319.0630,69,1,ok,1,1,7.0192,0.0005,6.4897,0.5276,0.0014,0.0518,0.3613,0.1109,0.0037,
319.0630,70,1,ok,0,1,7.2228,0.0006,6.7246,0.4973,0.0003,0.0519,0.3431,0.0988,0.0034,
319.0630,71,1,ok,1,1,6.9703,0.0019,6.4344,0.5330,0.0010,0.0516,0.3664,0.1112,0.0039,
319.0630,72,1,ok,0,1,6.7843,0.0016,6.2897,0.4926,0.0003,0.0513,0.3381,0.1001,0.0030,
319.0630,73,1,ok,1,1,7.0411,0.0002,6.5059,0.5338,0.0012,0.0519,0.3637,0.1149,0.0033,
319.0630,74,1,ok,0,1,7.0183,0.0039,6.5090,0.5051,0.0004,0.0522,0.3453,0.1040,0.0036,
319.0630,75,1,ok,1,1,7.2770,0.0004,6.7457,0.5289,0.0021,0.0522,0.3622,0.1111,0.0033,
319.0630,76,1,ok,0,1,6.9691,0.0007,6.4603,0.5077,0.0003,0.0517,0.3485,0.1045,0.0030,
319.0630,77,1,ok,1,1,7.2200,0.0004,6.6986,0.5189,0.0021,0.0521,0.3549,0.1084,0.0034,
319.0630,78,1,ok,0,1,7.3128,0.0007,6.7951,0.5168,0.0003,0.0517,0.3532,0.1088,0.0031,
319.0630,79,1,ok,1,1,7.6249,0.0006,7.1083,0.5138,0.0021,0.0514,0.3520,0.1072,0.0032,
319.0630,80,1,ok,0,1,7.6165,0.0006,7.1040,0.5115,0.0003,0.0520,0.3498,0.1058,0.0039,
319.0630,81,1,ok,1,1,7.9373,0.0004,7.4122,0.5241,0.0005,0.0518,0.3568,0.1118,0.0037,
319.0630,82,1,ok,0,1,7.9074,0.0018,7.3922,0.5114,0.0020,0.0518,0.3511,0.1055,0.0031,
319.0630,83,1,ok,1,1,7.8583,0.0007,7.3424,0.5148,0.0004,0.0523,0.3523,0.1070,0.0032,
319.0630,84,1,ok,0,1,7.8926,0.0010,7.3816,0.5094,0.0005,0.0510,0.3497,0.1050,0.0037,
319.0630,85,1,ok,1,1,8.2402,0.0006,7.7153,0.5239,0.0004,0.0521,0.3580,0.1103,0.0035,
319.0630,86,1,ok,0,1,7.2244,0.0008,6.7156,0.5061,0.0019,0.0519,0.3467,0.1040,0.0035,
319.0630,87,1,ok,1,1,7.5031,0.0005,6.9761,0.5260,0.0004,0.0518,0.3584,0.1122,0.0037,
319.0630,88,1,ok,0,1,7.5926,0.0018,7.0708,0.5184,0.0016,0.0505,0.3556,0.1087,0.0036,
319.0630,89,1,ok,1,1,8.0103,0.0008,7.4753,0.5339,0.0004,0.0521,0.3665,0.1119,0.0033,
319.0630,90,1,ok,0,1,8.0726,0.0011,7.5606,0.5090,0.0020,0.0507,0.3508,0.1046,0.0027,
319.0630,91,1,ok,1,1,8.3252,0.0013,7.8015,0.5220,0.0005,0.0523,0.3568,0.1087,0.0042,
319.0630,92,1,ok,0,1,8.1007,0.0004,7.5912,0.5066,0.0024,0.0525,0.3466,0.1041,0.0033,
319.0630,93,1,ok,1,1,8.4488,0.0015,7.9253,0.5216,0.0004,0.0516,0.3598,0.1068,0.0034,
319.0630,94,1,ok,0,1,8.4981,0.0003,7.9849,0.5110,0.0020,0.0513,0.3509,0.1056,0.0032,
319.0630,95,1,ok,1,1,8.8717,0.0011,8.3450,0.5252,0.0004,0.0522,0.3575,0.1124,0.0032,
319.0630,96,1,ok,0,1,7.8706,0.0007,7.3629,0.5059,0.0011,0.0510,0.3473,0.1036,0.0041,
319.0630,97,1,ok,1,1,8.2222,0.0003,7.6856,0.5359,0.0004,0.0527,0.3688,0.1114,0.0029,
319.0630,98,1,ok,0,1,7.5757,0.0005,7.0623,0.5110,0.0020,0.0507,0.3513,0.1061,0.0029,
319.0630,99,1,ok,1,1,7.7201,0.0013,7.1839,0.5330,0.0019,0.0525,0.3648,0.1120,0.0037,
319.0630,100,1,ok,0,1,7.7178,0.0002,7.2025,0.5126,0.0025,0.0517,0.3516,0.1064,0.0030,
319.0630,101,1,ok,0,1,7.9939,0.0004,7.4776,0.5142,0.0018,0.0512,0.3537,0.1063,0.0030,
319.0630,102,1,ok,1,1,7.7827,0.0009,7.2619,0.5196,0.0004,0.0520,0.3556,0.1087,0.0033,
319.0630,103,1,ok,0,1,8.1569,0.0002,7.6337,0.5210,0.0020,0.0517,0.3574,0.1087,0.0032,
319.0630,104,1,ok,1,1,8.0986,0.0019,7.5776,0.5176,0.0015,0.0521,0.3529,0.1092,0.0034,
319.0630,105,1,ok,0,1,8.4264,0.0006,7.9053,0.5199,0.0005,0.0514,0.3583,0.1069,0.0032,
319.0630,106,1,ok,1,1,8.4026,0.0005,7.8833,0.5173,0.0015,0.0517,0.3542,0.1080,0.0034,
319.0630,107,1,ok,1,1,8.8078,0.0004,8.2949,0.5121,0.0004,0.0521,0.3495,0.1068,0.0037,
319.0630,108,1,ok,0,1,8.7009,0.0004,8.1828,0.5175,0.0003,0.0519,0.3555,0.1074,0.0027,
319.0630,109,1,ok,1,1,8.6464,0.0012,8.1146,0.5301,0.0004,0.0520,0.3625,0.1114,0.0041,
319.0630,110,1,ok,0,1,8.2600,0.0003,7.7300,0.5278,0.0019,0.0523,0.3630,0.1091,0.0033,
319.0630,111,1,ok,1,1,8.7117,0.0015,8.1951,0.5146,0.0005,0.0515,0.3522,0.1075,0.0034,
319.0630,112,1,ok,0,1,8.5810,0.0011,8.0708,0.5078,0.0012,0.0508,0.3494,0.1041,0.0035,
319.0630,113,1,ok,0,1,9.0580,0.0004,8.5436,0.5126,0.0013,0.0511,0.3529,0.1049,0.0037,
319.0630,114,1,ok,1,1,8.6064,0.0007,8.0850,0.5203,0.0004,0.0522,0.3548,0.1096,0.0036,
319.0630,115,1,ok,0,1,8.7331,0.0004,8.2148,0.5161,0.0019,0.0510,0.3542,0.1075,0.0034,
319.0630,116,1,ok,1,1,8.6749,0.0019,8.1534,0.5193,0.0004,0.0522,0.3550,0.1082,0.0039,
319.0630,117,1,ok,0,1,8.9889,0.0007,8.4742,0.5135,0.0005,0.0508,0.3519,0.1075,0.0032,
319.0630,118,1,ok,1,1,8.8348,0.0005,8.3063,0.5277,0.0003,0.0518,0.3610,0.1117,0.0032,
319.0630,119,1,ok,0,1,9.2971,0.0005,8.7807,0.5140,0.0019,0.0516,0.3537,0.1060,0.0028,
319.0630,120,1,ok,1,1,9.0619,0.0011,8.5322,0.5283,0.0004,0.0527,0.3637,0.1085,0.0033,
319.0630,121,1,ok,0,1,9.3890,0.0005,8.8805,0.5064,0.0016,0.0517,0.3493,0.1023,0.0031,
319.0630,122,1,ok,1,1,9.1527,0.0009,8.6317,0.5198,0.0004,0.0524,0.3546,0.1089,0.0039,
319.0630,123,1,ok,0,1,9.4633,0.0020,8.9614,0.4977,0.0023,0.0512,0.3422,0.1015,0.0028,
319.0630,124,1,ok,1,1,9.5292,0.0019,9.0086,0.5157,0.0030,0.0524,0.3534,0.1064,0.0034,
319.0630,125,1,ok,0,1,9.8896,0.0014,9.3882,0.4978,0.0022,0.0510,0.3431,0.1004,0.0033,
319.0630,126,1,ok,1,1,9.9787,0.0008,9.4511,0.5264,0.0004,0.0516,0.3592,0.1122,0.0034,
319.0630,127,1,ok,0,1,9.8902,0.0007,9.3875,0.5015,0.0006,0.0511,0.3446,0.1020,0.0037,
319.0630,128,1,ok,1,1,9.6094,0.0023,9.0820,0.5247,0.0004,0.0524,0.3586,0.1101,0.0036,
319.0630,129,1,ok,0,1,9.6654,0.0005,9.1579,0.5049,0.0020,0.0511,0.3465,0.1039,0.0033,
319.0630,130,1,ok,1,1,9.7495,0.0006,9.2047,0.5439,0.0003,0.0521,0.3731,0.1151,0.0036,
319.0630,131,1,ok,0,1,10.0971,0.0005,9.5846,0.5103,0.0017,0.0510,0.3520,0.1042,0.0031,
319.0630,132,1,ok,1,1,9.8832,0.0007,9.3420,0.5402,0.0003,0.0523,0.3679,0.1169,0.0031,
319.0630,133,1,ok,0,1,9.6562,0.0005,9.1487,0.5047,0.0023,0.0515,0.3461,0.1038,0.0032,
319.0630,134,1,ok,1,1,9.8521,0.0008,9.3133,0.5377,0.0003,0.0524,0.3713,0.1111,0.0028,
319.0630,135,1,ok,0,1,10.0262,0.0009,9.5134,0.5092,0.0028,0.0505,0.3495,0.1054,0.0037,
319.0630,136,1,ok,1,1,10.2491,0.0015,9.7120,0.5353,0.0003,0.0525,0.3689,0.1106,0.0032,
319.0630,137,1,ok,0,1,10.2549,0.0030,9.7409,0.5094,0.0016,0.0510,0.3499,0.1055,0.0031,
319.0630,138,1,ok,1,1,10.2253,0.0005,9.7068,0.5177,0.0003,0.0526,0.3538,0.1084,0.0028,
319.0630,139,1,ok,0,1,10.4721,0.0018,9.9543,0.5146,0.0014,0.0517,0.3537,0.1063,0.0029,
319.0630,140,1,ok,1,1,10.5932,0.0007,10.0775,0.5147,0.0004,0.0522,0.3513,0.1072,0.0040,
319.0630,141,1,ok,0,1,10.7177,0.0011,10.1997,0.5149,0.0021,0.0513,0.3529,0.1074,0.0032,
319.0630,142,1,ok,1,1,10.8947,0.0003,10.3849,0.5091,0.0003,0.0520,0.3490,0.1052,0.0029,
319.0630,143,1,ok,0,1,10.7916,0.0006,10.2720,0.5175,0.0015,0.0505,0.3545,0.1094,0.0030,
319.0630,144,1,ok,1,1,10.9404,0.0005,10.4035,0.5360,0.0004,0.0525,0.3646,0.1154,0.0035,
319.0630,145,1,ok,0,1,11.1504,0.0009,10.6425,0.5056,0.0014,0.0515,0.3473,0.1036,0.0033,
319.0630,146,1,ok,1,1,11.2768,0.0004,10.7495,0.5266,0.0003,0.0521,0.3605,0.1109,0.0030,
319.0630,147,1,ok,0,1,11.2755,0.0017,10.7567,0.5156,0.0014,0.0511,0.3539,0.1065,0.0040,
319.0630,148,1,ok,1,1,11.5117,0.0007,10.9878,0.5229,0.0004,0.0530,0.3577,0.1088,0.0033,
319.0630,149,1,ok,0,1,11.6860,0.0006,11.1624,0.5225,0.0005,0.0508,0.3592,0.1094,0.0030,
319.0630,150,1,ok,1,1,10.9616,0.0005,10.4389,0.5219,0.0003,0.0525,0.3563,0.1092,0.0039,
319.0630,151,1,ok,0,1,11.0056,0.0004,10.4862,0.5170,0.0020,0.0526,0.3551,0.1062,0.0031,
319.0630,152,1,ok,1,1,11.1797,0.0002,10.6557,0.5234,0.0003,0.0519,0.3573,0.1099,0.0043,
319.0630,153,1,ok,0,1,11.2861,0.0014,10.7587,0.5239,0.0021,0.0508,0.3591,0.1105,0.0035,
319.0630,154,1,ok,1,1,11.5411,0.0009,11.0174,0.5219,0.0008,0.0519,0.3573,0.1098,0.0029,
319.0630,155,1,ok,0,1,11.7359,0.0030,11.2110,0.5216,0.0003,0.0510,0.3595,0.1078,0.0032,
319.0630,156,1,ok,1,1,11.9392,0.0006,11.4151,0.5230,0.0005,0.0518,0.3573,0.1110,0.0030,
319.0630,157,1,ok,0,1,12.0085,0.0009,11.4906,0.5165,0.0004,0.0519,0.3550,0.1065,0.0031,
319.0630,158,1,ok,1,1,12.2647,0.0009,11.7223,0.5412,0.0004,0.0521,0.3701,0.1157,0.0033,
319.0630,159,1,ok,0,1,12.4320,0.0002,11.9123,0.5191,0.0003,0.0518,0.3562,0.1077,0.0034,
319.0630,160,1,ok,1,1,12.7506,0.0005,12.2036,0.5460,0.0005,0.0521,0.3768,0.1143,0.0028,
319.0630,161,1,ok,0,1,12.7641,0.0006,12.2300,0.5332,0.0004,0.0512,0.3665,0.1111,0.0042,
319.0630,162,1,ok,1,1,13.0452,0.0008,12.5134,0.5306,0.0005,0.0528,0.3631,0.1113,0.0034,
319.0630,163,1,ok,0,1,12.7835,0.0009,12.2709,0.5114,0.0003,0.0517,0.3510,0.1059,0.0028,
319.0630,164,1,ok,1,1,12.7510,0.0011,12.2314,0.5180,0.0004,0.0531,0.3558,0.1057,0.0033,
319.0630,165,1,ok,0,1,12.9226,0.0014,12.3991,0.5219,0.0003,0.0514,0.3587,0.1092,0.0025,
319.0630,166,1,ok,1,1,13.2005,0.0004,12.6856,0.5140,0.0004,0.0523,0.3507,0.1075,0.0035,
319.0630,167,1,ok,0,1,13.1757,0.0005,12.6631,0.5117,0.0004,0.0518,0.3517,0.1051,0.0030,
319.0630,168,1,ok,1,1,13.4733,0.0004,12.9469,0.5256,0.0004,0.0520,0.3594,0.1110,0.0032,
319.0630,169,1,ok,0,1,13.6267,0.0008,13.1028,0.5227,0.0003,0.0522,0.3580,0.1087,0.0038,
319.0630,170,1,ok,1,1,13.4623,0.0011,12.9300,0.5308,0.0004,0.0520,0.3620,0.1127,0.0041,
319.0630,171,1,ok,0,1,13.4810,0.0012,12.9508,0.5286,0.0004,0.0515,0.3632,0.1108,0.0031,
319.0630,172,1,ok,1,1,13.7102,0.0009,13.1819,0.5270,0.0004,0.0521,0.3605,0.1110,0.0034,
319.0630,173,1,ok,0,1,13.5942,0.0015,13.0704,0.5219,0.0003,0.0516,0.3583,0.1086,0.0035,
319.0630,174,1,ok,1,1,13.6329,0.0007,13.1110,0.5208,0.0004,0.0520,0.3593,0.1064,0.0031,
319.0630,175,1,ok,0,1,13.7755,0.0011,13.2436,0.5305,0.0003,0.0518,0.3641,0.1110,0.0036,
319.0630,176,1,ok,1,1,14.1052,0.0010,13.5730,0.5308,0.0004,0.0521,0.3612,0.1135,0.0041,
319.0630,177,1,ok,0,1,14.1789,0.0011,13.6491,0.5283,0.0003,0.0515,0.3650,0.1088,0.0030,
319.0630,178,1,ok,1,1,14.4267,0.0017,13.8939,0.5307,0.0004,0.0521,0.3620,0.1134,0.0033,
319.0630,179,1,ok,0,1,14.4680,0.0005,13.9565,0.5108,0.0003,0.0520,0.3508,0.1042,0.0037,
319.0630,180,1,ok,1,1,14.5957,0.0011,14.0617,0.5325,0.0004,0.0525,0.3629,0.1134,0.0038,
319.0630,181,1,ok,0,1,14.5283,0.0010,14.0110,0.5159,0.0004,0.0514,0.3547,0.1067,0.0031,
319.0630,182,1,ok,1,1,14.1243,0.0009,13.6048,0.5182,0.0004,0.0522,0.3543,0.1082,0.0034,
319.0630,183,1,ok,0,1,14.2564,0.0006,13.7287,0.5268,0.0003,0.0515,0.3614,0.1103,0.0035,
319.0630,184,1,ok,1,1,14.5198,0.0009,14.0070,0.5115,0.0003,0.0522,0.3505,0.1056,0.0032,
319.0630,185,1,ok,0,1,14.6003,0.0002,14.0814,0.5183,0.0004,0.0516,0.3557,0.1073,0.0037,
319.0630,186,1,ok,1,1,14.6001,0.0009,14.0689,0.5299,0.0004,0.0524,0.3614,0.1128,0.0032,
319.0630,187,1,ok,0,1,14.6856,0.0003,14.1743,0.5107,0.0003,0.0520,0.3504,0.1049,0.0034,
319.0630,188,1,ok,1,1,15.0452,0.0007,14.5059,0.5382,0.0004,0.0520,0.3678,0.1150,0.0034,
319.0630,189,1,ok,0,1,15.0437,0.0041,14.5298,0.5094,0.0003,0.0517,0.3517,0.1031,0.0029,
319.0630,190,1,ok,1,1,15.3594,0.0003,14.8300,0.5287,0.0004,0.0524,0.3609,0.1119,0.0035,
319.0630,191,1,ok,0,1,15.3861,0.0010,14.8783,0.5065,0.0003,0.0518,0.3478,0.1040,0.0027,
319.0630,192,1,ok,1,1,15.7720,0.0005,15.2435,0.5277,0.0003,0.0524,0.3604,0.1114,0.0036,
319.0630,193,1,ok,0,1,15.3636,0.0012,14.8481,0.5141,0.0003,0.0522,0.3522,0.1059,0.0038,
319.0630,194,1,ok,1,1,15.7058,0.0006,15.1785,0.5263,0.0004,0.0523,0.3618,0.1089,0.0032,
319.0630,195,1,ok,0,1,15.3961,0.0004,14.8816,0.5137,0.0003,0.0512,0.3529,0.1062,0.0033,
319.0630,196,1,ok,1,1,15.7021,0.0004,15.1836,0.5177,0.0004,0.0521,0.3536,0.1086,0.0033,
319.0630,197,1,ok,0,1,15.7536,0.0007,15.2353,0.5173,0.0003,0.0515,0.3562,0.1055,0.0041,
319.0630,198,1,ok,1,1,14.8509,0.0009,14.3301,0.5196,0.0004,0.0524,0.3544,0.1090,0.0037,
319.0630,199,1,ok,0,1,14.5574,0.0009,14.0513,0.5049,0.0003,0.0521,0.3476,0.1017,0.0035,
319.0630,200,1,ok,1,1,14.3861,0.0006,13.8571,0.5281,0.0004,0.0517,0.3594,0.1127,0.0042,
319.0630,201,1,ok,0,1,13.9131,0.0010,13.4126,0.4991,0.0003,0.0516,0.3422,0.1015,0.0038,
319.0630,202,1,ok,1,1,14.0841,0.0004,13.5400,0.5433,0.0004,0.0518,0.3757,0.1122,0.0036,
319.0630,203,1,ok,0,1,14.0546,0.0003,13.5234,0.5305,0.0003,0.0509,0.3649,0.1117,0.0030,
319.0630,204,1,ok,1,1,14.4662,0.0015,13.9234,0.5409,0.0004,0.0525,0.3719,0.1130,0.0035,
319.0630,205,1,ok,0,1,14.4218,0.0004,13.8839,0.5372,0.0003,0.0526,0.3673,0.1134,0.0040,
319.0630,206,1,ok,1,1,14.8439,0.0002,14.3244,0.5188,0.0004,0.0525,0.3551,0.1074,0.0039,
319.0630,207,1,ok,0,1,14.8350,0.0010,14.3131,0.5206,0.0003,0.0515,0.3582,0.1075,0.0035,
319.0630,208,1,ok,1,1,15.2696,0.0008,14.7421,0.5263,0.0004,0.0520,0.3596,0.1105,0.0041,
319.0630,209,1,ok,0,1,14.4753,0.0010,13.9507,0.5231,0.0005,0.0514,0.3583,0.1096,0.0037,
304.8465,0,0,ok,0,1,0.4207,0.0014,0.0000,0.4187,0.0006,0.0525,0.2773,0.0854,0.0034,
304.8465,1,0,ok,1,1,0.4206,0.0007,0.0000,0.4194,0.0004,0.0522,0.2779,0.0859,0.0034,
304.8465,2,0,ok,0,1,0.8185,0.0007,0.3518,0.4657,0.0004,0.0512,0.3143,0.0963,0.0039,
304.8465,3,0,ok,1,1,0.7699,0.0011,0.3065,0.4620,0.0003,0.0513,0.3129,0.0949,0.0029,
304.8465,4,0,ok,0,1,1.0045,0.0010,0.5053,0.4978,0.0004,0.0513,0.3389,0.1036,0.0040,
304.8465,5,0,ok,1,1,0.7988,0.0012,0.2840,0.5133,0.0003,0.0516,0.3476,0.1102,0.0040,
304.8465,6,0,ok,0,1,0.8512,0.0011,0.3428,0.5069,0.0004,0.0517,0.3475,0.1043,0.0034,
304.8465,7,0,ok,1,1,0.8916,0.0004,0.3422,0.5488,0.0003,0.0516,0.3747,0.1189,0.0035,
304.8465,8,0,ok,0,1,1.2465,0.0007,0.7247,0.5208,0.0004,0.0514,0.3573,0.1088,0.0032,
304.8465,9,0,ok,1,1,1.3228,0.0009,0.7769,0.5447,0.0003,0.0521,0.3727,0.1163,0.0035,
304.8465,10,1,ok,0,1,1.7281,0.0004,1.1916,0.5358,0.0004,0.0520,0.3666,0.1132,0.0040,
304.8465,11,1,ok,1,1,1.6747,0.0011,1.1346,0.5386,0.0003,0.0521,0.3674,0.1154,0.0037,
304.8465,12,1,ok,0,1,2.1177,0.0010,1.5833,0.5330,0.0003,0.0516,0.3665,0.1117,0.0032,
304.8465,13,1,ok,1,1,2.1584,0.0009,1.6249,0.5324,0.0003,0.0523,0.3620,0.1150,0.0030,
304.8465,14,1,ok,0,1,2.3880,0.0017,1.8659,0.5201,0.0004,0.0519,0.3560,0.1083,0.0039,
304.8465,15,1,ok,1,1,2.3429,0.0020,1.7949,0.5457,0.0003,0.0525,0.3736,0.1164,0.0032,
304.8465,16,1,ok,0,1,2.6924,0.0001,2.1839,0.5080,0.0004,0.0515,0.3487,0.1038,0.0040,
304.8465,17,1,ok,1,1,2.6471,0.0003,2.1184,0.5281,0.0003,0.0524,0.3612,0.1108,0.0036,
304.8465,18,1,ok,0,1,2.7058,0.0005,2.1906,0.5144,0.0004,0.0516,0.3509,0.1080,0.0038,
304.8465,19,1,ok,1,1,2.8503,0.0003,2.3193,0.5304,0.0003,0.0517,0.3628,0.1120,0.0038,
304.8465,20,1,ok,0,1,2.9015,0.0003,2.3817,0.5192,0.0003,0.0512,0.3560,0.1089,0.0031,
304.8465,21,1,ok,1,1,2.8166,0.0010,2.2910,0.5243,0.0003,0.0521,0.3588,0.1107,0.0027,
304.8465,22,1,ok,0,1,3.0984,0.0015,2.5824,0.5141,0.0003,0.0518,0.3520,0.1073,0.0030,
304.8465,23,1,ok,1,1,3.2340,0.0004,2.7011,0.5321,0.0004,0.0521,0.3616,0.1152,0.0031,
304.8465,24,1,ok,0,1,2.9710,0.0007,2.4442,0.5258,0.0004,0.0523,0.3608,0.1099,0.0029,
304.8465,25,1,ok,1,1,3.0651,0.0011,2.5318,0.5319,0.0003,0.0529,0.3635,0.1120,0.0034,
304.8465,26,1,ok,0,1,3.3917,0.0002,2.8709,0.5203,0.0004,0.0518,0.3572,0.1077,0.0035,
304.8465,27,1,ok,1,1,3.5484,0.0003,3.0256,0.5221,0.0003,0.0521,0.3578,0.1086,0.0036,
304.8465,28,1,ok,0,1,3.5190,0.0018,2.9997,0.5172,0.0003,0.0515,0.3548,0.1075,0.0033,
304.8465,29,1,ok,1,1,3.5211,0.0015,2.9945,0.5246,0.0004,0.0521,0.3579,0.1112,0.0034,
304.8465,30,1,ok,0,1,3.5402,0.0011,3.0118,0.5269,0.0004,0.0519,0.3593,0.1121,0.0036,
304.8465,31,1,ok,1,1,3.4681,0.0006,2.9390,0.5282,0.0003,0.0523,0.3636,0.1091,0.0033,
304.8465,32,1,ok,0,1,3.6651,0.0006,3.1309,0.5333,0.0004,0.0518,0.3671,0.1106,0.0038,
304.8465,33,1,ok,1,1,3.1226,0.0009,2.6042,0.5171,0.0004,0.0518,0.3543,0.1077,0.0033,
304.8465,34,1,ok,0,1,3.3761,0.0005,2.8593,0.5159,0.0004,0.0521,0.3538,0.1066,0.0034,
304.8465,35,1,ok,1,1,3.3914,0.0007,2.8703,0.5201,0.0003,0.0519,0.3544,0.1100,0.0037,
304.8465,36,1,ok,0,1,3.3801,0.0015,2.8684,0.5097,0.0004,0.0523,0.3519,0.1022,0.0032,
304.8465,37,1,ok,1,1,3.3815,0.0012,2.8525,0.5276,0.0003,0.0518,0.3605,0.1119,0.0035,
304.8465,38,1,ok,0,1,3.3015,0.0007,2.8003,0.5001,0.0004,0.0519,0.3438,0.1008,0.0036,
304.8465,39,1,ok,1,1,3.3662,0.0005,2.8222,0.5433,0.0003,0.0519,0.3714,0.1168,0.0032,
304.8465,40,1,ok,0,1,3.4008,0.0006,2.8915,0.5085,0.0003,0.0517,0.3491,0.1045,0.0032,
304.8465,41,1,ok,1,1,3.6566,0.0015,3.1156,0.5392,0.0003,0.0523,0.3702,0.1134,0.0033,
304.8465,42,1,ok,0,1,3.8525,0.0007,3.3400,0.5114,0.0004,0.0524,0.3505,0.1051,0.0034,
304.8465,43,1,ok,1,1,4.0690,0.0016,3.5369,0.5301,0.0004,0.0525,0.3648,0.1096,0.0032,
304.8465,44,1,ok,0,1,4.3018,0.0004,3.7685,0.5326,0.0004,0.0518,0.3669,0.1109,0.0030,
304.8465,45,1,ok,1,1,4.5223,0.0013,3.9991,0.5216,0.0003,0.0518,0.3558,0.1100,0.0039,
304.8465,46,1,ok,0,1,4.7532,0.0005,4.2283,0.5241,0.0004,0.0519,0.3606,0.1085,0.0031,
304.8465,47,1,ok,1,1,4.9573,0.0005,4.4368,0.5197,0.0004,0.0516,0.3556,0.1089,0.0036,
304.8465,48,1,ok,0,1,5.0168,0.0009,4.4895,0.5261,0.0004,0.0527,0.3598,0.1099,0.0037,
304.8465,49,1,ok,1,1,5.1999,0.0006,4.6687,0.5303,0.0003,0.0517,0.3621,0.1132,0.0033,
304.8465,50,1,ok,0,1,5.3662,0.0007,4.8357,0.5293,0.0004,0.0517,0.3624,0.1109,0.0044,
304.8465,51,1,ok,1,1,5.5866,0.0006,5.0621,0.5237,0.0003,0.0525,0.3581,0.1097,0.0034,
304.8465,52,1,ok,0,1,5.7765,0.0006,5.2582,0.5173,0.0004,0.0512,0.3573,0.1050,0.0038,
304.8465,53,1,ok,1,1,5.5140,0.0009,4.9816,0.5313,0.0003,0.0521,0.3622,0.1135,0.0035,
304.8465,54,1,ok,0,1,5.5443,0.0005,5.0274,0.5160,0.0004,0.0518,0.3537,0.1074,0.0030,
304.8465,55,1,ok,1,1,5.6679,0.0007,5.1229,0.5439,0.0003,0.0522,0.3748,0.1136,0.0033,
304.8465,56,1,ok,0,1,5.8377,0.0009,5.3215,0.5149,0.0003,0.0517,0.3533,0.1069,0.0029,
304.8465,57,1,ok,1,1,5.9102,0.0008,5.3731,0.5360,0.0003,0.0522,0.3653,0.1152,0.0032,
304.8465,58,1,ok,0,1,6.0660,0.0008,5.5447,0.5202,0.0003,0.0521,0.3561,0.1082,0.0039,
304.8465,59,1,ok,1,1,6.3275,0.0010,5.7801,0.5461,0.0003,0.0522,0.3754,0.1154,0.0030,
304.8465,60,1,ok,0,1,5.5929,0.0012,5.0737,0.5176,0.0004,0.0524,0.3553,0.1068,0.0031,
304.8465,61,1,ok,1,1,5.7535,0.0003,5.2289,0.5239,0.0003,0.0522,0.3580,0.1102,0.0035,
304.8465,62,1,ok,0,1,5.7548,0.0003,5.2312,0.5229,0.0004,0.0522,0.3583,0.1088,0.0036,
304.8465,63,1,ok,1,1,5.9046,0.0006,5.3655,0.5381,0.0003,0.0515,0.3706,0.1129,0.0032,
304.8465,64,1,ok,0,1,5.6803,0.0010,5.1624,0.5165,0.0003,0.0519,0.3545,0.1067,0.0033,
304.8465,65,1,ok,1,1,5.7727,0.0013,5.2446,0.5265,0.0003,0.0523,0.3593,0.1118,0.0030,
304.8465,66,1,ok,0,1,5.8650,0.0002,5.3345,0.5299,0.0004,0.0522,0.3649,0.1093,0.0035,
304.8465,67,1,ok,1,1,6.2425,0.0009,5.7142,0.5271,0.0003,0.0525,0.3608,0.1103,0.0034,
304.8465,68,1,ok,0,1,6.3019,0.0019,5.7821,0.5175,0.0003,0.0517,0.3554,0.1069,0.0036,
304.8465,69,1,ok,1,1,6.6390,0.0010,6.1056,0.5320,0.0003,0.0520,0.3635,0.1128,0.0037,
304.8465,70,1,ok,0,1,6.7083,0.0005,6.1934,0.5141,0.0004,0.0515,0.3526,0.1065,0.0034,
304.8465,71,1,ok,1,1,6.5726,0.0004,6.0284,0.5435,0.0003,0.0516,0.3699,0.1181,0.0039,
304.8465,72,1,ok,0,1,6.2519,0.0003,5.7330,0.5182,0.0003,0.0521,0.3558,0.1072,0.0030,
304.8465,73,1,ok,1,1,6.6363,0.0009,6.0859,0.5490,0.0005,0.0520,0.3778,0.1158,0.0033,
304.8465,74,1,ok,0,1,6.4898,0.0005,5.9673,0.5189,0.0031,0.0522,0.3556,0.1073,0.0037,
304.8465,75,1,ok,1,1,6.8488,0.0006,6.3269,0.5192,0.0021,0.0521,0.3547,0.1090,0.0033,
304.8465,76,1,ok,0,1,6.4267,0.0004,5.9062,0.5197,0.0003,0.0514,0.3574,0.1079,0.0030,
304.8465,77,1,ok,1,1,6.7627,0.0008,6.2429,0.5177,0.0012,0.0516,0.3546,0.1081,0.0034,
304.8465,78,1,ok,0,1,6.7772,0.0004,6.2448,0.5315,0.0005,0.0522,0.3659,0.1103,0.0031,
304.8465,79,1,ok,1,1,7.1606,0.0002,6.6462,0.5139,0.0003,0.0521,0.3511,0.1074,0.0032,
304.8465,80,1,ok,0,1,7.0847,0.0003,6.5590,0.5250,0.0004,0.0516,0.3591,0.1103,0.0039,
304.8465,81,1,ok,1,1,7.4616,0.0004,6.9380,0.5228,0.0004,0.0521,0.3586,0.1084,0.0036,
304.8465,82,1,ok,0,1,7.3819,0.0008,6.8510,0.5298,0.0003,0.0517,0.3642,0.1107,0.0031,
304.8465,83,1,ok,1,1,7.3634,0.0011,6.8386,0.5232,0.0004,0.0520,0.3590,0.1090,0.0031,
304.8465,84,1,ok,0,1,7.3475,0.0010,6.8317,0.5144,0.0004,0.0524,0.3527,0.1056,0.0037,
304.8465,85,1,ok,1,1,7.7329,0.0007,7.2136,0.5182,0.0004,0.0524,0.3539,0.1084,0.0035,
304.8465,86,1,ok,0,1,6.6399,0.0011,6.1155,0.5230,0.0003,0.0511,0.3589,0.1097,0.0033,
304.8465,87,1,ok,1,1,6.9331,0.0011,6.4094,0.5223,0.0004,0.0518,0.3564,0.1103,0.0037,
304.8465,88,1,ok,0,1,7.0031,0.0014,6.4795,0.5217,0.0004,0.0515,0.3585,0.1082,0.0035,
304.8465,89,1,ok,1,1,7.4326,0.0021,6.9028,0.5273,0.0004,0.0518,0.3591,0.1130,0.0033,
304.8465,90,1,ok,0,1,7.4913,0.0003,6.9704,0.5202,0.0003,0.0516,0.3562,0.1098,0.0026,
304.8465,91,1,ok,1,1,7.7432,0.0006,7.2148,0.5274,0.0004,0.0528,0.3615,0.1090,0.0041,
304.8465,92,1,ok,0,1,7.4963,0.0009,6.9869,0.5082,0.0003,0.0521,0.3482,0.1045,0.0033,
304.8465,93,1,ok,1,1,7.8503,0.0014,7.3247,0.5237,0.0004,0.0516,0.3574,0.1113,0.0034,
304.8465,94,1,ok,0,1,7.8855,0.0006,7.3748,0.5097,0.0003,0.0520,0.3506,0.1040,0.0032,
304.8465,95,1,ok,1,1,8.2642,0.0008,7.7419,0.5211,0.0004,0.0519,0.3564,0.1096,0.0032,
304.8465,96,1,ok,0,1,7.2000,0.0003,6.6979,0.5016,0.0003,0.0524,0.3432,0.1019,0.0041,
304.8465,97,1,ok,1,1,7.5467,0.0003,7.0229,0.5231,0.0004,0.0523,0.3592,0.1085,0.0029,
304.8465,98,1,ok,0,1,6.8548,0.0005,6.3539,0.5000,0.0003,0.0513,0.3441,0.1018,0.0029,
304.8465,99,1,ok,1,1,6.9814,0.0008,6.4605,0.5197,0.0004,0.0527,0.3561,0.1073,0.0036,
304.8465,100,1,ok,0,1,6.9675,0.0006,6.4638,0.5028,0.0003,0.0517,0.3435,0.1045,0.0030,
304.8465,101,1,ok,0,1,7.2377,0.0010,6.7155,0.5208,0.0003,0.0522,0.3577,0.1079,0.0030,
304.8465,102,1,ok,1,1,7.0539,0.0003,6.5025,0.5508,0.0003,0.0512,0.3753,0.1210,0.0033,
304.8465,103,1,ok,0,1,7.3802,0.0010,6.8598,0.5190,0.0004,0.0518,0.3562,0.1079,0.0032,
304.8465,104,1,ok,1,1,7.3816,0.0010,6.8402,0.5400,0.0004,0.0523,0.3703,0.1140,0.0034,
304.8465,105,1,ok,0,1,7.6469,0.0008,7.1167,0.5291,0.0003,0.0517,0.3638,0.1104,0.0032,
304.8465,106,1,ok,1,1,7.6822,0.0007,7.1561,0.5250,0.0004,0.0522,0.3586,0.1107,0.0034,
304.8465,107,1,ok,0,1,8.0342,0.0006,7.5107,0.5225,0.0003,0.0524,0.3577,0.1087,0.0037,
304.8465,108,1,ok,1,1,7.9815,0.0019,7.4490,0.5302,0.0004,0.0519,0.3626,0.1130,0.0028,
304.8465,109,1,ok,0,1,7.8244,0.0011,7.3088,0.5141,0.0004,0.0518,0.3520,0.1063,0.0041,
304.8465,110,1,ok,1,1,7.4878,0.0010,6.9646,0.5218,0.0004,0.0527,0.3572,0.1085,0.0034,
304.8465,111,1,ok,0,1,7.8712,0.0010,7.3526,0.5172,0.0004,0.0519,0.3552,0.1067,0.0034,
304.8465,112,1,ok,1,1,7.8159,0.0009,7.2902,0.5245,0.0004,0.0520,0.3576,0.1113,0.0035,
304.8465,113,1,ok,0,1,8.2288,0.0004,7.6954,0.5327,0.0003,0.0520,0.3653,0.1117,0.0037,
304.8465,114,1,ok,1,1,7.8242,0.0010,7.2964,0.5265,0.0003,0.0517,0.3596,0.1116,0.0036,
304.8465,115,1,ok,0,1,7.8582,0.0014,7.3454,0.5111,0.0003,0.0517,0.3515,0.1044,0.0034,
304.8465,116,1,ok,1,1,7.8956,0.0004,7.3517,0.5430,0.0004,0.0519,0.3731,0.1142,0.0038,
304.8465,117,1,ok,0,1,8.1024,0.0012,7.5867,0.5141,0.0004,0.0517,0.3528,0.1063,0.0033,
304.8465,118,1,ok,1,1,8.0462,0.0007,7.5095,0.5356,0.0004,0.0520,0.3674,0.1131,0.0032,
304.8465,119,1,ok,0,1,8.4090,0.0002,7.8847,0.5237,0.0003,0.0523,0.3590,0.1096,0.0028,
304.8465,120,1,ok,1,1,8.2716,0.0009,7.7297,0.5405,0.0004,0.0521,0.3683,0.1169,0.0032,
304.8465,121,1,ok,0,1,8.5017,0.0006,7.9729,0.5279,0.0003,0.0523,0.3624,0.1101,0.0031,
304.8465,122,1,ok,1,1,8.3672,0.0011,7.8212,0.5446,0.0003,0.0524,0.3724,0.1159,0.0039,
304.8465,123,1,ok,0,1,8.5708,0.0006,8.0556,0.5143,0.0003,0.0519,0.3536,0.1060,0.0028,
304.8465,124,1,ok,1,1,8.7463,0.0005,8.2178,0.5276,0.0004,0.0523,0.3623,0.1096,0.0033,
304.8465,125,1,ok,0,1,9.0132,0.0005,8.4931,0.5193,0.0003,0.0522,0.3556,0.1082,0.0033,
304.8465,126,1,ok,1,1,9.1819,0.0008,8.6645,0.5162,0.0004,0.0520,0.3532,0.1076,0.0034,
304.8465,127,1,ok,0,1,9.0213,0.0011,8.4874,0.5324,0.0003,0.0513,0.3678,0.1097,0.0037,
304.8465,128,1,ok,1,1,8.7694,0.0008,8.2450,0.5232,0.0004,0.0521,0.3561,0.1114,0.0036,
304.8465,129,1,ok,0,1,8.7849,0.0019,8.2535,0.5292,0.0003,0.0518,0.3635,0.1106,0.0033,
304.8465,130,1,ok,1,1,8.8691,0.0018,8.3446,0.5223,0.0004,0.0517,0.3600,0.1070,0.0036,
304.8465,131,1,ok,0,1,9.2122,0.0002,8.7007,0.5110,0.0003,0.0524,0.3510,0.1045,0.0031,
304.8465,132,1,ok,1,1,8.9529,0.0011,8.4422,0.5092,0.0004,0.0519,0.3483,0.1059,0.0031,
304.8465,133,1,ok,0,1,8.7348,0.0009,8.2192,0.5143,0.0003,0.0520,0.3535,0.1056,0.0032,
304.8465,134,1,ok,1,1,8.8925,0.0004,8.3569,0.5349,0.0003,0.0521,0.3651,0.1148,0.0028,
304.8465,135,1,ok,0,1,9.1085,0.0006,8.5856,0.5220,0.0003,0.0518,0.3566,0.1098,0.0037,
304.8465,136,1,ok,1,1,9.2848,0.0006,8.7468,0.5370,0.0004,0.0523,0.3664,0.1151,0.0032,
304.8465,137,1,ok,0,1,9.3307,0.0008,8.8122,0.5174,0.0003,0.0523,0.3564,0.1056,0.0030,
304.8465,138,1,ok,1,1,9.2595,0.0015,8.7162,0.5414,0.0004,0.0519,0.3726,0.1141,0.0028,
304.8465,139,1,ok,0,1,9.5387,0.0016,9.0163,0.5204,0.0003,0.0519,0.3580,0.1076,0.0029,
304.8465,140,1,ok,1,1,9.6488,0.0009,9.1046,0.5428,0.0004,0.0523,0.3713,0.1153,0.0040,
304.8465,141,1,ok,0,1,9.7627,0.0005,9.2542,0.5076,0.0003,0.0522,0.3484,0.1037,0.0032,
304.8465,142,1,ok,1,1,9.9615,0.0010,9.4301,0.5300,0.0004,0.0521,0.3637,0.1113,0.0029,
304.8465,143,1,ok,0,1,9.8044,0.0010,9.2958,0.5072,0.0003,0.0525,0.3488,0.1029,0.0030,
304.8465,144,1,ok,1,1,9.9769,0.0009,9.4470,0.5286,0.0004,0.0521,0.3607,0.1123,0.0035,
304.8465,145,1,ok,0,1,10.1581,0.0003,9.6490,0.5085,0.0003,0.0517,0.3492,0.1044,0.0033,
304.8465,146,1,ok,1,1,10.3205,0.0010,9.7766,0.5426,0.0003,0.0524,0.3699,0.1173,0.0029,
304.8465,147,1,ok,0,1,10.2616,0.0003,9.7476,0.5134,0.0003,0.0519,0.3526,0.1047,0.0041,
304.8465,148,1,ok,1,1,10.5587,0.0003,10.0184,0.5397,0.0003,0.0522,0.3722,0.1119,0.0033,
304.8465,149,1,ok,0,1,10.6564,0.0009,10.1430,0.5122,0.0003,0.0515,0.3513,0.1063,0.0030,
304.8465,150,1,ok,1,1,9.9663,0.0010,9.4354,0.5295,0.0004,0.0525,0.3636,0.1095,0.0039,
304.8465,151,1,ok,0,1,9.9118,0.0008,9.4003,0.5104,0.0003,0.0516,0.3509,0.1047,0.0032,
304.8465,152,1,ok,1,1,10.1699,0.0005,9.6457,0.5233,0.0004,0.0517,0.3555,0.1116,0.0043,
304.8465,153,1,ok,0,1,10.1697,0.0003,9.6546,0.5145,0.0003,0.0516,0.3525,0.1069,0.0035,
304.8465,154,1,ok,1,1,10.5261,0.0021,9.9990,0.5247,0.0004,0.0516,0.3592,0.1110,0.0029,
304.8465,155,1,ok,0,1,10.6213,0.0011,10.0932,0.5268,0.0003,0.0513,0.3621,0.1101,0.0032,
304.8465,156,1,ok,1,1,10.9305,0.0010,10.3938,0.5353,0.0004,0.0524,0.3660,0.1139,0.0030,
304.8465,157,1,ok,0,1,10.8989,0.0016,10.3638,0.5331,0.0003,0.0518,0.3651,0.1130,0.0031,
304.8465,158,1,ok,1,1,11.2446,0.0007,10.7037,0.5398,0.0004,0.0522,0.3705,0.1138,0.0032,
304.8465,159,1,ok,0,1,11.3125,0.0009,10.7975,0.5137,0.0003,0.0518,0.3531,0.1055,0.0034,
304.8465,160,1,ok,1,1,11.7122,0.0005,11.1806,0.5290,0.0021,0.0522,0.3626,0.1113,0.0028,
304.8465,161,1,ok,0,1,11.6262,0.0004,11.1014,0.5241,0.0004,0.0518,0.3583,0.1098,0.0042,
304.8465,162,1,ok,1,1,12.0037,0.0003,11.4645,0.5371,0.0018,0.0513,0.3666,0.1159,0.0034,
304.8465,163,1,ok,0,1,11.6257,0.0009,11.1099,0.5144,0.0004,0.0509,0.3541,0.1067,0.0028,
304.8465,164,1,ok,1,1,11.6742,0.0003,11.1528,0.5203,0.0007,0.0520,0.3554,0.1096,0.0034,
304.8465,165,1,ok,0,1,11.7423,0.0009,11.2238,0.5172,0.0004,0.0517,0.3553,0.1076,0.0025,
304.8465,166,1,ok,1,1,12.1231,0.0006,11.6056,0.5151,0.0018,0.0522,0.3531,0.1062,0.0035,
304.8465,167,1,ok,0,1,11.9928,0.0003,11.4709,0.5212,0.0004,0.0527,0.3585,0.1070,0.0030,
304.8465,168,1,ok,1,1,12.3971,0.0010,11.8570,0.5372,0.0017,0.0506,0.3669,0.1165,0.0032,
304.8465,169,1,ok,0,1,12.4325,0.0002,11.9172,0.5147,0.0003,0.0520,0.3533,0.1055,0.0038,
304.8465,170,1,ok,1,1,12.3706,0.0011,11.8285,0.5399,0.0011,0.0519,0.3714,0.1124,0.0041,
304.8465,171,1,ok,0,1,12.2526,0.0011,11.7252,0.5259,0.0004,0.0515,0.3605,0.1108,0.0031,
304.8465,172,1,ok,1,1,12.6040,0.0005,12.0775,0.5231,0.0029,0.0514,0.3577,0.1106,0.0034,
304.8465,173,1,ok,0,1,12.3513,0.0011,11.8234,0.5264,0.0004,0.0525,0.3603,0.1101,0.0035,
304.8465,174,1,ok,1,1,12.5036,0.0005,11.9771,0.5237,0.0023,0.0515,0.3582,0.1108,0.0031,
304.8465,175,1,ok,0,1,12.5059,0.0011,11.9844,0.5201,0.0003,0.0524,0.3568,0.1072,0.0036,
304.8465,176,1,ok,1,1,12.9770,0.0001,12.4418,0.5337,0.0013,0.0516,0.3663,0.1118,0.0040,
304.8465,177,1,ok,0,1,12.8879,0.0009,12.3739,0.5127,0.0004,0.0518,0.3520,0.1058,0.0030,
304.8465,178,1,ok,1,1,13.2805,0.0008,12.7567,0.5212,0.0018,0.0513,0.3598,0.1068,0.0033,
304.8465,179,1,ok,0,1,13.1698,0.0012,12.6545,0.5139,0.0003,0.0527,0.3514,0.1061,0.0037,
304.8465,180,1,ok,1,1,13.4346,0.0011,12.8985,0.5330,0.0019,0.0513,0.3647,0.1132,0.0037,
304.8465,181,1,ok,0,1,13.2200,0.0004,12.6922,0.5270,0.0004,0.0519,0.3586,0.1134,0.0031,
304.8465,182,1,ok,1,1,12.9334,0.0009,12.3975,0.5346,0.0004,0.0514,0.3669,0.1129,0.0034,
304.8465,183,1,ok,0,1,12.9061,0.0007,12.3830,0.5217,0.0007,0.0520,0.3581,0.1081,0.0035,
304.8465,184,1,ok,0,1,13.3125,0.0005,12.8042,0.5076,0.0003,0.0524,0.3476,0.1044,0.0032,
304.8465,185,1,ok,1,1,13.2445,0.0010,12.7291,0.5140,0.0004,0.0523,0.3519,0.1061,0.0038,
304.8465,186,1,ok,0,1,13.3668,0.0007,12.8409,0.5239,0.0012,0.0519,0.3594,0.1094,0.0032,
304.8465,187,1,ok,1,1,13.3322,0.0006,12.7983,0.5328,0.0004,0.0515,0.3652,0.1127,0.0034,
304.8465,188,1,ok,0,1,13.7970,0.0002,13.2688,0.5262,0.0018,0.0516,0.3613,0.1099,0.0034,
304.8465,189,1,ok,1,1,13.6908,0.0002,13.1732,0.5169,0.0004,0.0522,0.3538,0.1080,0.0030,
304.8465,190,1,ok,0,1,14.0849,0.0006,13.5714,0.5121,0.0009,0.0517,0.3517,0.1052,0.0035,
304.8465,191,1,ok,1,1,14.0423,0.0005,13.5183,0.5232,0.0004,0.0520,0.3578,0.1106,0.0028,
304.8465,192,1,ok,0,1,14.4791,0.0017,13.9625,0.5140,0.0010,0.0516,0.3521,0.1067,0.0035,
304.8465,193,1,ok,1,1,14.0010,0.0011,13.4793,0.5202,0.0004,0.0525,0.3573,0.1066,0.0037,
304.8465,194,1,ok,0,1,14.3806,0.0002,13.8584,0.5205,0.0015,0.0525,0.3563,0.1084,0.0032,
304.8465,195,1,ok,1,1,14.0318,0.0010,13.4959,0.5346,0.0003,0.0515,0.3665,0.1133,0.0033,
304.8465,196,1,ok,0,1,14.3614,0.0009,13.8335,0.5248,0.0022,0.0518,0.3599,0.1098,0.0033,
304.8465,197,1,ok,1,1,14.3880,0.0008,13.8635,0.5234,0.0003,0.0523,0.3561,0.1109,0.0040,
304.8465,198,1,ok,0,1,13.4402,0.0007,12.9255,0.5119,0.0021,0.0512,0.3534,0.1038,0.0035,
304.8465,199,1,ok,1,1,13.1343,0.0011,12.6061,0.5267,0.0004,0.0517,0.3592,0.1124,0.0034,
304.8465,200,1,ok,0,1,12.9237,0.0004,12.4003,0.5198,0.0032,0.0507,0.3563,0.1087,0.0040,
304.8465,201,1,ok,1,1,12.4779,0.0008,11.9364,0.5403,0.0004,0.0526,0.3686,0.1153,0.0038,
304.8465,202,1,ok,0,1,12.5542,0.0010,12.0375,0.5153,0.0003,0.0519,0.3541,0.1057,0.0035,
304.8465,203,1,ok,1,1,12.6101,0.0004,12.0700,0.5393,0.0003,0.0520,0.3690,0.1153,0.0030,
304.8465,204,1,ok,0,1,12.9050,0.0005,12.3870,0.5170,0.0004,0.0521,0.3542,0.1072,0.0034,
304.8465,205,1,ok,1,1,12.9716,0.0004,12.4316,0.5393,0.0004,0.0523,0.3684,0.1146,0.0040,
304.8465,206,1,ok,0,1,13.2747,0.0007,12.7561,0.5165,0.0014,0.0519,0.3548,0.1059,0.0038,
304.8465,207,1,ok,1,1,13.3978,0.0009,12.8579,0.5386,0.0004,0.0519,0.3727,0.1104,0.0035,
304.8465,208,1,ok,0,1,13.6781,0.0003,13.1687,0.5079,0.0011,0.0517,0.3485,0.1036,0.0040,
304.8465,209,1,ok,1,1,13.0156,0.0011,12.4723,0.5419,0.0004,0.0520,0.3687,0.1173,0.0037,
