level_rpm,index,measured,status,replica,batch_size,latency_s,harness_lag_s,queue_wait_s,service_s,ipc_s,text_encode_s,denoise_s,decode_s,jpeg_s,error
90.3824,0,0,ok,0,1,0.6633,0.0010,0.0000,0.6610,0.0012,0.0498,0.5224,0.0851,0.0036,
90.3824,1,0,ok,1,1,0.6661,0.0011,0.0000,0.6639,0.0011,0.0498,0.5256,0.0850,0.0035,
90.3824,2,0,ok,0,1,1.0971,0.0007,0.4323,0.6637,0.0005,0.0510,0.5237,0.0852,0.0037,
90.3824,3,0,ok,1,1,0.9518,0.0013,0.2837,0.6655,0.0014,0.0510,0.5258,0.0850,0.0037,
90.3824,4,0,ok,0,1,0.7085,0.0005,0.0436,0.6639,0.0004,0.0504,0.5244,0.0852,0.0038,
90.3824,5,0,ok,1,1,0.6680,0.0011,0.0000,0.6658,0.0011,0.0495,0.5269,0.0856,0.0037,
90.3824,6,0,ok,0,1,0.6629,0.0014,0.0000,0.6610,0.0005,0.0500,0.5220,0.0853,0.0037,
90.3824,7,0,ok,1,1,0.6675,0.0013,0.0000,0.6657,0.0005,0.0499,0.5266,0.0853,0.0039,
90.3824,8,0,ok,0,1,0.9025,0.0010,0.2378,0.6634,0.0004,0.0505,0.5244,0.0849,0.0035,
90.3824,9,0,ok,1,1,0.9506,0.0010,0.2825,0.6665,0.0006,0.0510,0.5268,0.0851,0.0036,
90.3824,10,1,ok,0,1,1.3823,0.0005,0.7181,0.6631,0.0006,0.0505,0.5235,0.0850,0.0040,
90.3824,11,1,ok,1,1,0.9848,0.0020,0.3175,0.6648,0.0004,0.0501,0.5263,0.0846,0.0038,
90.3824,12,1,ok,0,1,1.5653,0.0003,0.8969,0.6670,0.0011,0.0503,0.5245,0.0886,0.0036,
90.3824,13,1,ok,1,1,1.4890,0.0004,0.8194,0.6673,0.0019,0.0501,0.5283,0.0853,0.0036,
90.3824,14,1,ok,0,1,1.3850,0.0008,0.7206,0.6630,0.0005,0.0497,0.5244,0.0851,0.0037,
90.3824,15,1,ok,1,1,0.9386,0.0011,0.2686,0.6669,0.0020,0.0512,0.5272,0.0850,0.0035,
90.3824,16,1,ok,0,1,1.3616,0.0010,0.6960,0.6642,0.0004,0.0504,0.5253,0.0850,0.0035,
90.3824,17,1,ok,1,1,0.8506,0.0014,0.1812,0.6658,0.0022,0.0494,0.5279,0.0849,0.0035,
90.3824,18,1,ok,0,1,0.6692,0.0005,0.0000,0.6653,0.0033,0.0494,0.5252,0.0867,0.0039,
90.3824,19,1,ok,1,1,0.6694,0.0004,0.0000,0.6685,0.0004,0.0490,0.5283,0.0875,0.0036,
90.3824,20,1,ok,0,1,0.6639,0.0009,0.0000,0.6625,0.0005,0.0495,0.5244,0.0851,0.0035,
90.3824,21,1,ok,1,1,0.6676,0.0010,0.0000,0.6649,0.0017,0.0496,0.5270,0.0849,0.0034,
90.3824,22,1,ok,0,1,0.6638,0.0013,0.0000,0.6620,0.0005,0.0491,0.5241,0.0850,0.0036,
90.3824,23,1,ok,1,1,0.9464,0.0004,0.2789,0.6661,0.0009,0.0497,0.5281,0.0848,0.0035,
90.3824,24,1,ok,0,1,0.6645,0.0016,0.0000,0.6622,0.0006,0.0496,0.5241,0.0850,0.0035,
90.3824,25,1,ok,1,1,0.6698,0.0008,0.0000,0.6679,0.0011,0.0500,0.5275,0.0868,0.0035,
90.3824,26,1,ok,0,1,0.9926,0.0032,0.3243,0.6647,0.0004,0.0504,0.5256,0.0851,0.0036,
90.3824,27,1,ok,1,1,1.2067,0.0009,0.5368,0.6672,0.0018,0.0499,0.5287,0.0848,0.0038,
90.3824,28,1,ok,0,1,0.6645,0.0004,0.0000,0.6635,0.0006,0.0495,0.5254,0.0850,0.0036,
90.3824,29,1,ok,1,1,0.6768,0.0008,0.0000,0.6729,0.0030,0.0492,0.5277,0.0923,0.0036,
90.3824,30,1,ok,0,1,0.6639,0.0010,0.0000,0.6624,0.0005,0.0492,0.5245,0.0852,0.0035,
90.3824,31,1,ok,1,1,0.6668,0.0008,0.0000,0.6645,0.0014,0.0492,0.5266,0.0849,0.0037,
90.3824,32,1,ok,0,1,0.6731,0.0016,0.0000,0.6710,0.0005,0.0495,0.5246,0.0930,0.0038,
90.3824,33,1,ok,1,1,0.6671,0.0005,0.0000,0.6649,0.0017,0.0492,0.5269,0.0850,0.0036,
90.3824,34,1,ok,0,1,0.6643,0.0014,0.0000,0.6622,0.0007,0.0490,0.5242,0.0851,0.0038,
90.3824,35,1,ok,1,1,0.6672,0.0006,0.0000,0.6656,0.0010,0.0497,0.5270,0.0852,0.0037,
90.3824,36,1,ok,0,1,0.6635,0.0010,0.0000,0.6619,0.0006,0.0496,0.5239,0.0849,0.0035,
90.3824,37,1,ok,1,1,0.6695,0.0011,0.0000,0.6676,0.0007,0.0496,0.5277,0.0866,0.0037,
90.3824,38,1,ok,0,1,0.6648,0.0021,0.0000,0.6623,0.0005,0.0494,0.5237,0.0855,0.0036,
90.3824,39,1,ok,1,1,0.6674,0.0021,0.0000,0.6636,0.0016,0.0495,0.5258,0.0848,0.0035,
90.3824,40,1,ok,0,1,0.6656,0.0022,0.0000,0.6628,0.0006,0.0501,0.5241,0.0850,0.0035,
90.3824,41,1,ok,1,1,0.6678,0.0003,0.0000,0.6663,0.0012,0.0500,0.5275,0.0850,0.0037,
90.3824,42,1,ok,0,1,1.1265,0.0012,0.4617,0.6632,0.0004,0.0500,0.5246,0.0849,0.0036,
90.3824,43,1,ok,1,1,0.9403,0.0007,0.2686,0.6688,0.0022,0.0502,0.5298,0.0854,0.0034,
90.3824,44,1,ok,0,1,1.5092,0.0007,0.8438,0.6644,0.0004,0.0504,0.5254,0.0851,0.0035,
90.3824,45,1,ok,1,1,1.3792,0.0011,0.7081,0.6689,0.0011,0.0508,0.5286,0.0856,0.0038,
90.3824,46,1,ok,0,1,1.9272,0.0008,1.2619,0.6642,0.0003,0.0501,0.5254,0.0852,0.0035,
90.3824,47,1,ok,1,1,1.7643,0.0009,1.0915,0.6701,0.0019,0.0515,0.5299,0.0851,0.0036,
90.3824,48,1,ok,0,1,1.7065,0.0005,1.0402,0.6655,0.0003,0.0502,0.5261,0.0854,0.0037,
90.3824,49,1,ok,1,1,1.4637,0.0006,0.7922,0.6701,0.0009,0.0500,0.5312,0.0852,0.0037,
90.3824,50,1,ok,0,1,1.7648,0.0012,1.0971,0.6661,0.0004,0.0508,0.5264,0.0851,0.0038,
90.3824,51,1,ok,1,1,1.6717,0.0003,1.0004,0.6697,0.0013,0.0507,0.5301,0.0852,0.0037,
90.3824,52,1,ok,0,1,2.0684,0.0005,1.4020,0.6654,0.0004,0.0501,0.5263,0.0854,0.0036,
90.3824,53,1,ok,1,1,0.6699,0.0014,0.0000,0.6672,0.0013,0.0492,0.5290,0.0851,0.0038,
90.3824,54,1,ok,0,1,0.6650,0.0009,0.0000,0.6634,0.0006,0.0492,0.5255,0.0851,0.0036,
90.3824,55,1,ok,1,1,0.6711,0.0012,0.0000,0.6679,0.0020,0.0493,0.5299,0.0851,0.0035,
90.3824,56,1,ok,0,1,0.6677,0.0011,0.0000,0.6661,0.0005,0.0500,0.5273,0.0851,0.0036,
90.3824,57,1,ok,1,1,0.6705,0.0011,0.0000,0.6679,0.0014,0.0493,0.5301,0.0850,0.0035,
90.3824,58,1,ok,0,1,0.6681,0.0021,0.0000,0.6655,0.0005,0.0492,0.5270,0.0853,0.0039,
90.3824,59,1,ok,1,1,0.9053,0.0009,0.2344,0.6695,0.0005,0.0496,0.5312,0.0852,0.0036,
90.3824,60,1,ok,0,1,0.6652,0.0014,0.0000,0.6632,0.0005,0.0494,0.5252,0.0851,0.0035,
90.3824,61,1,ok,1,1,0.6708,0.0012,0.0000,0.6678,0.0018,0.0507,0.5284,0.0850,0.0036,
90.3824,62,1,ok,0,1,0.6661,0.0014,0.0000,0.6642,0.0005,0.0495,0.5257,0.0853,0.0036,
90.3824,63,1,ok,1,1,0.6694,0.0003,0.0000,0.6683,0.0007,0.0500,0.5298,0.0849,0.0036,
90.3824,64,1,ok,0,1,0.6670,0.0016,0.0000,0.6648,0.0005,0.0500,0.5259,0.0852,0.0036,
90.3824,65,1,ok,1,1,0.6687,0.0013,0.0000,0.6661,0.0013,0.0497,0.5278,0.0850,0.0036,
90.3824,66,1,ok,0,1,0.6664,0.0014,0.0000,0.6645,0.0005,0.0495,0.5260,0.0854,0.0036,
90.3824,67,1,ok,1,1,1.1463,0.0010,0.4734,0.6707,0.0012,0.0502,0.5316,0.0852,0.0037,
90.3824,68,1,ok,0,1,1.0596,0.0007,0.3924,0.6660,0.0004,0.0505,0.5266,0.0853,0.0036,
90.3824,69,1,ok,1,1,1.3598,0.0022,0.6857,0.6703,0.0016,0.0505,0.5309,0.0852,0.0036,
90.3824,70,1,ok,0,1,1.3621,0.0019,0.6935,0.6663,0.0004,0.0501,0.5274,0.0852,0.0036,
90.3824,71,1,ok,1,1,0.6719,0.0011,0.0000,0.6690,0.0018,0.0491,0.5306,0.0854,0.0037,
90.3824,72,1,ok,0,1,0.6663,0.0011,0.0000,0.6646,0.0006,0.0493,0.5262,0.0853,0.0036,
90.3824,73,1,ok,1,1,0.6703,0.0008,0.0000,0.6688,0.0007,0.0498,0.5301,0.0852,0.0036,
90.3824,74,1,ok,0,1,0.6646,0.0001,0.0000,0.6640,0.0004,0.0492,0.5257,0.0853,0.0036,
90.3824,75,1,ok,1,1,0.6707,0.0004,0.0000,0.6683,0.0019,0.0493,0.5303,0.0852,0.0034,
90.3824,76,1,ok,0,1,0.6661,0.0020,0.0000,0.6636,0.0005,0.0490,0.5260,0.0850,0.0035,
90.3824,77,1,ok,1,1,0.6701,0.0010,0.0000,0.6678,0.0013,0.0490,0.5296,0.0852,0.0040,
90.3824,78,1,ok,0,1,0.7190,0.0013,0.0530,0.6644,0.0004,0.0498,0.5259,0.0851,0.0034,
90.3824,79,1,ok,1,1,0.9508,0.0016,0.2763,0.6714,0.0016,0.0495,0.5309,0.0873,0.0037,
90.3824,80,1,ok,0,1,0.6679,0.0011,0.0000,0.6663,0.0004,0.0492,0.5281,0.0853,0.0037,
90.3824,81,1,ok,1,1,0.8724,0.0011,0.2003,0.6688,0.0022,0.0495,0.5305,0.0852,0.0035,
90.3824,82,1,ok,0,1,0.6689,0.0016,0.0000,0.6668,0.0005,0.0492,0.5287,0.0853,0.0036,
90.3824,83,1,ok,1,1,0.6740,0.0007,0.0000,0.6710,0.0023,0.0489,0.5312,0.0871,0.0038,
90.3824,84,1,ok,0,1,0.6659,0.0006,0.0000,0.6646,0.0006,0.0493,0.5264,0.0853,0.0035,
90.3824,85,1,ok,1,1,0.8432,0.0007,0.1705,0.6710,0.0010,0.0493,0.5324,0.0857,0.0036,
90.3824,86,1,ok,0,1,0.6652,0.0012,0.0000,0.6634,0.0005,0.0493,0.5253,0.0853,0.0035,
90.3824,87,1,ok,1,1,0.6818,0.0011,0.0000,0.6772,0.0034,0.0519,0.5291,0.0926,0.0036,
90.3824,88,1,ok,0,1,0.7946,0.0015,0.1275,0.6652,0.0004,0.0498,0.5269,0.0849,0.0035,
90.3824,89,1,ok,1,1,1.2564,0.0006,0.5859,0.6681,0.0019,0.0495,0.5302,0.0848,0.0034,
90.3824,90,1,ok,0,1,1.3514,0.0007,0.6848,0.6656,0.0004,0.0497,0.5273,0.0851,0.0035,
90.3824,91,1,ok,1,1,1.1939,0.0012,0.5227,0.6687,0.0013,0.0496,0.5300,0.0851,0.0040,
90.3824,92,1,ok,0,1,0.6657,0.0008,0.0000,0.6643,0.0005,0.0491,0.5265,0.0850,0.0036,
90.3824,93,1,ok,1,1,0.6722,0.0005,0.0000,0.6700,0.0016,0.0495,0.5310,0.0858,0.0037,
90.3824,94,1,ok,0,1,0.9238,0.0003,0.2577,0.6654,0.0004,0.0496,0.5270,0.0851,0.0036,
90.3824,95,1,ok,1,1,0.9855,0.0003,0.3092,0.6744,0.0016,0.0508,0.5341,0.0859,0.0036,
90.3824,96,1,ok,0,1,0.6653,0.0014,0.0000,0.6632,0.0006,0.0491,0.5252,0.0852,0.0037,
90.3824,97,1,ok,1,1,0.6715,0.0012,0.0000,0.6698,0.0005,0.0494,0.5302,0.0866,0.0035,
90.3824,98,1,ok,0,1,0.6649,0.0014,0.0000,0.6629,0.0005,0.0496,0.5247,0.0850,0.0036,
90.3824,99,1,ok,1,1,0.6697,0.0008,0.0000,0.6679,0.0011,0.0503,0.5286,0.0851,0.0038,
90.3824,100,1,ok,0,1,0.6652,0.0005,0.0000,0.6641,0.0005,0.0494,0.5260,0.0853,0.0035,
90.3824,101,1,ok,1,1,0.6702,0.0007,0.0000,0.6678,0.0018,0.0500,0.5292,0.0851,0.0035,
90.3824,102,1,ok,0,1,0.6651,0.0005,0.0000,0.6640,0.0006,0.0490,0.5260,0.0854,0.0036,
90.3824,103,1,ok,1,1,0.6701,0.0002,0.0000,0.6679,0.0021,0.0492,0.5299,0.0852,0.0036,
90.3824,104,1,ok,0,1,0.6651,0.0012,0.0000,0.6634,0.0005,0.0493,0.5253,0.0851,0.0037,
90.3824,105,1,ok,1,1,0.6701,0.0003,0.0000,0.6689,0.0009,0.0495,0.5303,0.0855,0.0036,
90.3824,106,1,ok,0,1,0.6666,0.0012,0.0000,0.6644,0.0010,0.0488,0.5269,0.0851,0.0035,
90.3824,107,1,ok,1,1,0.8823,0.0022,0.2107,0.6691,0.0004,0.0503,0.5300,0.0851,0.0036,
90.3824,108,1,ok,0,1,0.6665,0.0008,0.0000,0.6644,0.0012,0.0490,0.5268,0.0851,0.0034,
90.3824,109,1,ok,1,1,0.6706,0.0017,0.0000,0.6683,0.0006,0.0491,0.5302,0.0853,0.0037,
90.3824,110,1,ok,0,1,0.6671,0.0015,0.0000,0.6644,0.0012,0.0493,0.5260,0.0854,0.0036,
90.3824,111,1,ok,1,1,0.6709,0.0010,0.0000,0.6695,0.0005,0.0508,0.5300,0.0851,0.0035,
90.3824,112,1,ok,0,1,0.6702,0.0033,0.0000,0.6659,0.0010,0.0503,0.5268,0.0851,0.0037,
90.3824,113,1,ok,1,1,0.7501,0.0010,0.0784,0.6704,0.0004,0.0504,0.5311,0.0852,0.0036,
90.3824,114,1,ok,0,1,0.6674,0.0010,0.0000,0.6650,0.0014,0.0495,0.5264,0.0852,0.0038,
90.3824,115,1,ok,1,1,0.6702,0.0012,0.0000,0.6683,0.0007,0.0496,0.5297,0.0852,0.0037,
90.3824,116,1,ok,0,1,0.6658,0.0013,0.0000,0.6640,0.0005,0.0495,0.5256,0.0852,0.0037,
90.3824,117,1,ok,1,1,0.6670,0.0008,0.0000,0.6656,0.0005,0.0492,0.5280,0.0849,0.0035,
90.3824,118,1,ok,0,1,0.6673,0.0025,0.0000,0.6644,0.0005,0.0491,0.5262,0.0853,0.0037,
90.3824,119,1,ok,1,1,0.6711,0.0018,0.0000,0.6689,0.0004,0.0490,0.5312,0.0852,0.0036,
90.3824,120,1,ok,0,1,0.6676,0.0021,0.0000,0.6649,0.0005,0.0498,0.5264,0.0852,0.0035,
90.3824,121,1,ok,1,1,0.6702,0.0003,0.0000,0.6694,0.0005,0.0506,0.5302,0.0852,0.0034,
90.3824,122,1,ok,0,1,0.6666,0.0007,0.0000,0.6654,0.0005,0.0498,0.5265,0.0854,0.0036,
90.3824,123,1,ok,1,1,0.6683,0.0007,0.0000,0.6672,0.0004,0.0498,0.5285,0.0852,0.0036,
90.3824,124,1,ok,0,1,0.8314,0.0003,0.1642,0.6665,0.0004,0.0502,0.5276,0.0851,0.0037,
90.3824,125,1,ok,1,1,1.0786,0.0007,0.4071,0.6704,0.0003,0.0500,0.5317,0.0853,0.0035,
90.3824,126,1,ok,0,1,1.2259,0.0018,0.5565,0.6672,0.0003,0.0504,0.5279,0.0854,0.0035,
90.3824,127,1,ok,1,1,0.6701,0.0007,0.0000,0.6691,0.0004,0.0491,0.5312,0.0850,0.0037,
90.3824,128,1,ok,0,1,0.6671,0.0015,0.0000,0.6650,0.0005,0.0495,0.5265,0.0853,0.0036,
90.3824,129,1,ok,1,1,0.6717,0.0009,0.0000,0.6703,0.0004,0.0494,0.5301,0.0872,0.0035,
90.3824,130,1,ok,0,1,0.6661,0.0004,0.0000,0.6652,0.0005,0.0492,0.5269,0.0854,0.0037,
90.3824,131,1,ok,1,1,1.0568,0.0010,0.3871,0.6684,0.0003,0.0498,0.5301,0.0849,0.0034,
90.3824,132,1,ok,0,1,0.6653,0.0006,0.0000,0.6641,0.0005,0.0493,0.5262,0.0852,0.0033,
90.3824,133,1,ok,1,1,0.6690,0.0014,0.0000,0.6672,0.0004,0.0492,0.5293,0.0851,0.0035,
90.3824,134,1,ok,0,1,0.6655,0.0002,0.0000,0.6649,0.0004,0.0498,0.5263,0.0851,0.0036,
90.3824,135,1,ok,1,1,0.8407,0.0011,0.1667,0.6726,0.0003,0.0507,0.5308,0.0871,0.0040,
90.3824,136,1,ok,0,1,0.8422,0.0006,0.1755,0.6657,0.0003,0.0504,0.5265,0.0852,0.0036,
90.3824,137,1,ok,1,1,0.6702,0.0004,0.0000,0.6694,0.0004,0.0497,0.5307,0.0853,0.0036,
90.3824,138,1,ok,0,1,0.6711,0.0010,0.0000,0.6696,0.0005,0.0497,0.5274,0.0888,0.0037,
90.3824,139,1,ok,1,1,0.6787,0.0010,0.0000,0.6773,0.0004,0.0490,0.5318,0.0929,0.0036,
90.3824,140,1,ok,0,1,0.8179,0.0015,0.1503,0.6658,0.0004,0.0498,0.5269,0.0852,0.0039,
90.3824,141,1,ok,1,1,0.6723,0.0012,0.0000,0.6706,0.0005,0.0496,0.5321,0.0854,0.0035,
90.3824,142,1,ok,0,1,0.7513,0.0012,0.0825,0.6673,0.0003,0.0504,0.5280,0.0852,0.0036,
90.3824,143,1,ok,1,1,0.6695,0.0011,0.0000,0.6679,0.0004,0.0492,0.5299,0.0852,0.0035,
90.3824,144,1,ok,0,1,0.6669,0.0005,0.0000,0.6659,0.0005,0.0495,0.5274,0.0854,0.0035,
90.3824,145,1,ok,1,1,0.8218,0.0008,0.1455,0.6752,0.0003,0.0501,0.5354,0.0861,0.0036,
90.3824,146,1,ok,0,1,0.6694,0.0006,0.0000,0.6685,0.0003,0.0494,0.5289,0.0867,0.0035,
90.3824,147,1,ok,1,1,0.6736,0.0008,0.0000,0.6724,0.0004,0.0499,0.5332,0.0854,0.0038,
90.3824,148,1,ok,0,1,0.6676,0.0010,0.0000,0.6661,0.0005,0.0498,0.5275,0.0851,0.0037,
90.3824,149,1,ok,1,1,0.9541,0.0004,0.2761,0.6772,0.0003,0.0503,0.5372,0.0860,0.0036,
90.3824,150,1,ok,0,1,0.6666,0.0020,0.0000,0.6641,0.0005,0.0492,0.5259,0.0848,0.0040,
90.3824,151,1,ok,1,1,0.6703,0.0011,0.0000,0.6686,0.0005,0.0503,0.5296,0.0850,0.0037,
90.3824,152,1,ok,0,1,0.6667,0.0010,0.0000,0.6652,0.0005,0.0491,0.5270,0.0852,0.0038,
90.3824,153,1,ok,1,1,0.6713,0.0011,0.0000,0.6698,0.0004,0.0499,0.5309,0.0854,0.0036,
90.3824,154,1,ok,0,1,0.7634,0.0007,0.0965,0.6658,0.0004,0.0497,0.5272,0.0853,0.0035,
90.3824,155,1,ok,1,1,1.0935,0.0015,0.4152,0.6765,0.0003,0.0509,0.5345,0.0876,0.0035,
90.3824,156,1,ok,0,1,0.9954,0.0010,0.3196,0.6745,0.0003,0.0499,0.5277,0.0931,0.0037,
90.3824,157,1,ok,1,1,0.9057,0.0009,0.2296,0.6749,0.0003,0.0501,0.5354,0.0858,0.0035,
90.3824,158,1,ok,0,1,0.8998,0.0005,0.2321,0.6669,0.0003,0.0500,0.5281,0.0853,0.0034,
90.3824,159,1,ok,1,1,1.2560,0.0010,0.5659,0.6888,0.0003,0.0504,0.5481,0.0868,0.0035,
90.3824,160,1,ok,0,1,1.3534,0.0003,0.6856,0.6672,0.0003,0.0500,0.5284,0.0853,0.0035,
90.3824,161,1,ok,1,1,1.2360,0.0013,0.5438,0.6906,0.0003,0.0502,0.5496,0.0871,0.0038,
90.3824,162,1,ok,0,1,1.1864,0.0005,0.5182,0.6673,0.0004,0.0500,0.5283,0.0853,0.0037,
90.3824,163,1,ok,1,1,0.6788,0.0004,0.0000,0.6780,0.0004,0.0490,0.5389,0.0865,0.0035,
90.3824,164,1,ok,0,1,0.6682,0.0012,0.0000,0.6666,0.0004,0.0499,0.5276,0.0855,0.0036,
90.3824,165,1,ok,1,1,0.6760,0.0006,0.0000,0.6750,0.0004,0.0499,0.5356,0.0858,0.0037,
90.3824,166,1,ok,0,1,1.1070,0.0005,0.4385,0.6677,0.0004,0.0503,0.5283,0.0854,0.0036,
90.3824,167,1,ok,1,1,0.6839,0.0020,0.0000,0.6815,0.0004,0.0485,0.5427,0.0867,0.0036,
90.3824,168,1,ok,0,1,0.8814,0.0012,0.2118,0.6681,0.0003,0.0505,0.5285,0.0854,0.0036,
90.3824,169,1,ok,1,1,1.1329,0.0002,0.4295,0.7029,0.0003,0.0491,0.5619,0.0879,0.0039,
90.3824,170,1,ok,0,1,0.6696,0.0009,0.0000,0.6682,0.0004,0.0497,0.5291,0.0855,0.0038,
90.3824,171,1,ok,1,1,0.6809,0.0009,0.0000,0.6795,0.0004,0.0505,0.5389,0.0866,0.0035,
90.3824,172,1,ok,0,1,0.6678,0.0014,0.0000,0.6659,0.0005,0.0492,0.5280,0.0852,0.0035,
90.3824,173,1,ok,1,1,0.6761,0.0010,0.0000,0.6746,0.0004,0.0491,0.5352,0.0866,0.0036,
90.3824,174,1,ok,0,1,0.6665,0.0008,0.0000,0.6652,0.0005,0.0491,0.5273,0.0853,0.0034,
90.3824,175,1,ok,1,1,0.6818,0.0010,0.0000,0.6803,0.0005,0.0494,0.5405,0.0867,0.0036,
90.3824,176,1,ok,0,1,1.4133,0.0016,0.4571,0.9543,0.0004,0.3363,0.5279,0.0864,0.0036,
90.3824,177,1,ok,1,1,0.9472,0.0007,0.2390,0.7071,0.0003,0.0502,0.5651,0.0881,0.0036,
90.3824,178,1,ok,1,1,1.2855,0.0003,0.5811,0.7037,0.0003,0.0500,0.5620,0.0882,0.0035,
90.3824,179,1,ok,0,1,0.9248,0.0011,0.2544,0.6690,0.0004,0.0500,0.5292,0.0861,0.0036,
90.3824,180,1,ok,1,1,0.7240,0.0009,0.0000,0.7228,0.0003,0.0493,0.5807,0.0893,0.0035,
90.3824,181,1,ok,0,1,0.6676,0.0004,0.0000,0.6667,0.0005,0.0487,0.5290,0.0854,0.0036,
90.3824,182,1,ok,1,1,0.6749,0.0009,0.0000,0.6735,0.0004,0.0499,0.5340,0.0860,0.0036,
90.3824,183,1,ok,0,1,0.6673,0.0004,0.0000,0.6664,0.0005,0.0494,0.5280,0.0854,0.0035,
90.3824,184,1,ok,1,1,0.9537,0.0009,0.2632,0.6893,0.0003,0.0496,0.5491,0.0871,0.0035,
90.3824,185,1,ok,0,1,0.7192,0.0003,0.0499,0.6687,0.0004,0.0504,0.5291,0.0854,0.0037,
90.3824,186,1,ok,1,1,0.6840,0.0008,0.0000,0.6827,0.0004,0.0488,0.5435,0.0868,0.0036,
90.3824,187,1,ok,0,1,0.6677,0.0004,0.0000,0.6667,0.0005,0.0491,0.5286,0.0854,0.0036,
90.3824,188,1,ok,1,1,1.0612,0.0006,0.3535,0.7067,0.0003,0.0491,0.5656,0.0884,0.0035,
90.3824,189,1,ok,0,1,0.8005,0.0002,0.1323,0.6677,0.0003,0.0499,0.5290,0.0853,0.0035,
90.3824,190,1,ok,1,1,1.0239,0.0010,0.3012,0.7214,0.0003,0.0493,0.5785,0.0901,0.0034,
90.3824,191,1,ok,0,1,0.9000,0.0006,0.2193,0.6797,0.0004,0.0490,0.5418,0.0854,0.0035,
90.3824,192,1,ok,1,1,1.3519,0.0010,0.6154,0.7352,0.0003,0.0496,0.5916,0.0903,0.0037,
90.3824,193,1,ok,0,1,0.6691,0.0010,0.0000,0.6675,0.0004,0.0488,0.5297,0.0852,0.0037,
90.3824,194,1,ok,1,1,0.6922,0.0010,0.0000,0.6908,0.0004,0.0485,0.5499,0.0889,0.0035,
90.3824,195,1,ok,0,1,0.6672,0.0004,0.0000,0.6663,0.0005,0.0493,0.5281,0.0854,0.0035,
90.3824,196,1,ok,1,1,0.6921,0.0015,0.0000,0.6901,0.0004,0.0480,0.5509,0.0877,0.0036,
90.3824,197,1,ok,0,1,0.7718,0.0003,0.1019,0.6692,0.0004,0.0496,0.5303,0.0855,0.0038,
90.3824,198,1,ok,1,1,0.6727,0.0010,0.0000,0.6712,0.0005,0.0487,0.5326,0.0853,0.0045,
90.3824,199,1,ok,0,1,0.6671,0.0010,0.0000,0.6655,0.0006,0.0496,0.5269,0.0853,0.0037,
90.3824,200,1,ok,1,1,0.6692,0.0010,0.0000,0.6677,0.0004,0.0497,0.5286,0.0856,0.0037,
90.3824,201,1,ok,0,1,0.6671,0.0017,0.0000,0.6649,0.0005,0.0495,0.5263,0.0853,0.0037,
90.3824,202,1,ok,1,1,0.6680,0.0002,0.0000,0.6673,0.0004,0.0493,0.5291,0.0851,0.0037,
90.3824,203,1,ok,0,1,0.6658,0.0007,0.0000,0.6645,0.0004,0.0490,0.5268,0.0852,0.0035,
90.3824,204,1,ok,1,1,0.7768,0.0010,0.1049,0.6706,0.0003,0.0503,0.5315,0.0852,0.0036,
90.3824,205,1,ok,0,1,0.7312,0.0005,0.0643,0.6660,0.0004,0.0499,0.5272,0.0852,0.0036,
90.3824,206,1,ok,1,1,0.9515,0.0010,0.2759,0.6743,0.0003,0.0506,0.5341,0.0856,0.0039,
90.3824,207,1,ok,0,1,1.0183,0.0010,0.3498,0.6671,0.0003,0.0502,0.5281,0.0853,0.0035,
90.3824,208,1,ok,1,1,1.2901,0.0008,0.5943,0.6946,0.0003,0.0492,0.5547,0.0870,0.0037,
90.3824,209,1,ok,0,1,0.6670,0.0017,0.0001,0.6646,0.0006,0.0490,0.5265,0.0851,0.0040,
126.5354,0,0,ok,1,1,0.6704,0.0007,0.0000,0.6676,0.0020,0.0490,0.5293,0.0856,0.0036,
126.5354,1,0,ok,0,1,0.6670,0.0010,0.0000,0.6655,0.0005,0.0495,0.5270,0.0855,0.0035,
126.5354,2,0,ok,1,1,1.1808,0.0008,0.5050,0.6731,0.0019,0.0504,0.5335,0.0854,0.0037,
126.5354,3,0,ok,0,1,1.0624,0.0013,0.3935,0.6673,0.0003,0.0506,0.5276,0.0854,0.0037,
126.5354,4,0,ok,1,1,1.1027,0.0018,0.4269,0.6733,0.0008,0.0495,0.5341,0.0858,0.0039,
126.5354,5,0,ok,0,1,0.6675,0.0009,0.0000,0.6661,0.0004,0.0490,0.5280,0.0853,0.0037,
126.5354,6,0,ok,1,1,0.6751,0.0009,0.0000,0.6722,0.0020,0.0490,0.5340,0.0855,0.0036,
126.5354,7,0,ok,0,1,0.6675,0.0010,0.0000,0.6661,0.0004,0.0490,0.5280,0.0853,0.0037,
126.5354,8,0,ok,1,1,1.0531,0.0006,0.3716,0.6792,0.0018,0.0496,0.5401,0.0860,0.0035,
126.5354,9,0,ok,0,1,1.0607,0.0004,0.3930,0.6670,0.0003,0.0500,0.5280,0.0853,0.0035,
126.5354,10,1,ok,1,1,1.6258,0.0006,0.9212,0.7030,0.0010,0.0484,0.5642,0.0864,0.0040,
126.5354,11,1,ok,0,1,1.2773,0.0008,0.6091,0.6670,0.0004,0.0499,0.5283,0.0851,0.0037,
126.5354,12,1,ok,0,1,1.9328,0.0002,1.2644,0.6679,0.0003,0.0500,0.5289,0.0853,0.0036,
126.5354,13,1,ok,1,1,1.8703,0.0002,1.1739,0.6954,0.0007,0.0488,0.5536,0.0894,0.0036,
126.5354,14,1,ok,0,1,1.9992,0.0006,1.3294,0.6688,0.0004,0.0502,0.5295,0.0854,0.0037,
126.5354,15,1,ok,1,1,1.7082,0.0008,0.9985,0.7077,0.0013,0.0486,0.5674,0.0881,0.0035,
126.5354,16,1,ok,0,1,2.1790,0.0019,1.5059,0.6708,0.0004,0.0499,0.5320,0.0854,0.0035,
126.5354,17,1,ok,1,1,1.8872,0.0016,1.1667,0.7170,0.0019,0.0487,0.5760,0.0887,0.0035,
126.5354,18,1,ok,0,1,1.6424,0.0006,0.9704,0.6710,0.0004,0.0497,0.5318,0.0857,0.0037,
126.5354,19,1,ok,1,1,1.8280,0.0006,1.0974,0.7267,0.0033,0.0483,0.5834,0.0914,0.0037,
126.5354,20,1,ok,0,1,1.5351,0.0005,0.8616,0.6725,0.0004,0.0500,0.5330,0.0861,0.0034,
126.5354,21,1,ok,1,1,1.2069,0.0013,0.4816,0.7227,0.0013,0.0482,0.5817,0.0893,0.0035,
126.5354,22,1,ok,0,1,1.4536,0.0004,0.7695,0.6833,0.0003,0.0494,0.5443,0.0860,0.0036,
126.5354,23,1,ok,1,1,1.6646,0.0004,0.9291,0.7333,0.0017,0.0477,0.5914,0.0906,0.0035,
126.5354,24,1,ok,0,1,0.6719,0.0004,0.0000,0.6711,0.0004,0.0484,0.5331,0.0861,0.0035,
126.5354,25,1,ok,1,1,0.7096,0.0008,0.0000,0.7061,0.0027,0.0478,0.5565,0.0983,0.0034,
126.5354,26,1,ok,0,1,1.1159,0.0008,0.4303,0.6843,0.0004,0.0492,0.5446,0.0869,0.0036,
126.5354,27,1,ok,1,1,1.3602,0.0007,0.6145,0.7434,0.0016,0.0474,0.5999,0.0923,0.0037,
126.5354,28,1,ok,0,1,0.8621,0.0010,0.1750,0.6859,0.0003,0.0492,0.5462,0.0868,0.0036,
126.5354,29,1,ok,1,1,0.7836,0.0004,0.0292,0.7520,0.0020,0.0484,0.6074,0.0926,0.0036,
126.5354,30,1,ok,0,1,0.6812,0.0033,0.0000,0.6771,0.0008,0.0484,0.5388,0.0864,0.0035,
126.5354,31,1,ok,1,1,0.6939,0.0008,0.0000,0.6916,0.0014,0.0485,0.5500,0.0893,0.0038,
126.5354,32,1,ok,0,1,0.6796,0.0009,0.0000,0.6782,0.0004,0.0486,0.5394,0.0865,0.0038,
126.5354,33,1,ok,1,1,0.6988,0.0011,0.0000,0.6959,0.0017,0.0510,0.5534,0.0878,0.0037,
126.5354,34,1,ok,0,1,0.6726,0.0010,0.0000,0.6711,0.0005,0.0490,0.5325,0.0859,0.0037,
126.5354,35,1,ok,1,1,0.8184,0.0008,0.0917,0.7238,0.0021,0.0483,0.5810,0.0909,0.0036,
126.5354,36,1,ok,0,1,0.6739,0.0010,0.0000,0.6723,0.0005,0.0489,0.5336,0.0862,0.0035,
126.5354,37,1,ok,1,1,0.6930,0.0008,0.0000,0.6912,0.0009,0.0481,0.5499,0.0894,0.0037,
126.5354,38,1,ok,0,1,0.6733,0.0013,0.0000,0.6716,0.0004,0.0493,0.5328,0.0859,0.0036,
126.5354,39,1,ok,1,1,0.6959,0.0015,0.0000,0.6939,0.0005,0.0513,0.5499,0.0891,0.0036,
126.5354,40,1,ok,0,1,0.6801,0.0023,0.0000,0.6772,0.0005,0.0507,0.5363,0.0866,0.0035,
126.5354,41,1,ok,1,1,0.8416,0.0005,0.0950,0.7457,0.0004,0.0482,0.6002,0.0936,0.0037,
126.5354,42,1,ok,0,1,1.2234,0.0011,0.5341,0.6869,0.0013,0.0494,0.5468,0.0870,0.0036,
126.5354,43,1,ok,1,1,1.3188,0.0004,0.5566,0.7614,0.0003,0.0495,0.6132,0.0953,0.0034,
126.5354,44,1,ok,0,1,1.7230,0.0011,1.0209,0.7001,0.0009,0.0493,0.5589,0.0884,0.0035,
126.5354,45,1,ok,1,1,1.9282,0.0007,1.1530,0.7741,0.0003,0.0489,0.6267,0.0948,0.0037,
126.5354,46,1,ok,0,1,2.2618,0.0003,1.5465,0.7137,0.0012,0.0488,0.5724,0.0889,0.0035,
126.5354,47,1,ok,1,1,2.5175,0.0014,1.7219,0.7939,0.0004,0.0486,0.6436,0.0981,0.0036,
126.5354,48,1,ok,0,1,2.3356,0.0007,1.6279,0.7063,0.0007,0.0496,0.5642,0.0888,0.0037,
126.5354,49,1,ok,1,1,2.6230,0.0006,1.8229,0.7992,0.0003,0.0500,0.6462,0.0994,0.0036,
126.5354,50,1,ok,0,1,2.6292,0.0007,1.9005,0.7268,0.0012,0.0485,0.5846,0.0899,0.0038,
126.5354,51,1,ok,1,1,3.0948,0.0003,2.2920,0.8021,0.0003,0.0499,0.6519,0.0967,0.0037,
126.5354,52,1,ok,0,1,3.1104,0.0014,2.3690,0.7383,0.0016,0.0477,0.5955,0.0916,0.0035,
126.5354,53,1,ok,1,1,2.4218,0.0008,1.6384,0.7823,0.0003,0.0493,0.6317,0.0976,0.0037,
126.5354,54,1,ok,0,1,2.0499,0.0003,1.3067,0.7415,0.0015,0.0481,0.5989,0.0908,0.0036,
126.5354,55,1,ok,1,1,2.2942,0.0014,1.4798,0.8125,0.0004,0.0489,0.6613,0.0989,0.0035,
126.5354,56,1,ok,0,1,2.2275,0.0006,1.5149,0.7108,0.0012,0.0497,0.5672,0.0904,0.0035,
126.5354,57,1,ok,1,1,2.3746,0.0006,1.5852,0.7884,0.0003,0.0496,0.6373,0.0979,0.0035,
126.5354,58,1,ok,0,1,2.2386,0.0002,1.5234,0.7136,0.0014,0.0494,0.5688,0.0915,0.0038,
126.5354,59,1,ok,0,1,2.7883,0.0007,2.0117,0.7745,0.0015,0.0474,0.6272,0.0963,0.0036,
126.5354,60,1,ok,1,1,0.6963,0.0004,0.0000,0.6955,0.0005,0.0478,0.5546,0.0894,0.0035,
126.5354,61,1,ok,0,1,0.8743,0.0006,0.1417,0.7314,0.0006,0.0501,0.5846,0.0929,0.0036,
126.5354,62,1,ok,1,1,0.6989,0.0022,0.0000,0.6961,0.0005,0.0491,0.5540,0.0894,0.0036,
126.5354,63,1,ok,0,1,0.6901,0.0013,0.0000,0.6879,0.0009,0.0486,0.5469,0.0888,0.0036,
126.5354,64,1,ok,1,1,0.6952,0.0010,0.0000,0.6937,0.0005,0.0491,0.5519,0.0890,0.0037,
126.5354,65,1,ok,0,1,0.6952,0.0009,0.0000,0.6928,0.0015,0.0477,0.5522,0.0893,0.0036,
126.5354,66,1,ok,1,1,0.6949,0.0009,0.0000,0.6934,0.0005,0.0485,0.5518,0.0894,0.0037,
126.5354,67,1,ok,0,1,1.3034,0.0007,0.5557,0.7454,0.0015,0.0471,0.6011,0.0936,0.0036,
126.5354,68,1,ok,1,1,1.2868,0.0003,0.4994,0.7867,0.0003,0.0472,0.6338,0.1020,0.0036,
126.5354,69,1,ok,0,1,1.7709,0.0008,0.9751,0.7938,0.0012,0.0475,0.6425,0.1001,0.0036,
126.5354,70,1,ok,1,1,1.8589,0.0006,1.0260,0.8320,0.0003,0.0491,0.6730,0.1062,0.0036,
126.5354,71,1,ok,0,1,1.1029,0.0005,0.3004,0.8013,0.0007,0.0478,0.6528,0.0970,0.0037,
126.5354,72,1,ok,1,1,0.7873,0.0008,0.0000,0.7860,0.0005,0.0439,0.6394,0.0990,0.0036,
126.5354,73,1,ok,0,1,0.6925,0.0007,0.0000,0.6906,0.0012,0.0482,0.5500,0.0888,0.0036,
126.5354,74,1,ok,1,1,0.9265,0.0004,0.1026,0.8231,0.0005,0.0485,0.6661,0.1048,0.0036,
126.5354,75,1,ok,0,1,0.7845,0.0017,0.0000,0.7820,0.0008,0.0439,0.6347,0.0998,0.0035,
126.5354,76,1,ok,1,1,0.7223,0.0007,0.0000,0.7210,0.0006,0.0471,0.5769,0.0933,0.0036,
126.5354,77,1,ok,0,1,0.6940,0.0011,0.0000,0.6905,0.0024,0.0482,0.5489,0.0894,0.0040,
126.5354,78,1,ok,1,1,1.1264,0.0006,0.2846,0.8408,0.0004,0.0473,0.6816,0.1083,0.0035,
126.5354,79,1,ok,0,1,1.1758,0.0006,0.4131,0.7614,0.0006,0.0474,0.6127,0.0976,0.0037,
126.5354,80,1,ok,1,1,1.4774,0.0006,0.6007,0.8757,0.0004,0.0478,0.7174,0.1069,0.0036,
126.5354,81,1,ok,0,1,1.4825,0.0007,0.6397,0.8415,0.0005,0.0475,0.6883,0.1022,0.0035,
126.5354,82,1,ok,1,1,1.7665,0.0018,0.9146,0.8498,0.0003,0.0487,0.6930,0.1044,0.0036,
126.5354,83,1,ok,0,1,0.8043,0.0005,0.0000,0.8023,0.0015,0.0460,0.6523,0.1005,0.0036,
126.5354,84,1,ok,1,1,1.2842,0.0011,0.4420,0.8408,0.0003,0.0487,0.6842,0.1043,0.0035,
126.5354,85,1,ok,0,1,1.2641,0.0009,0.4442,0.8179,0.0011,0.0486,0.6658,0.0998,0.0036,
126.5354,86,1,ok,1,1,0.6944,0.0008,0.0000,0.6930,0.0005,0.0488,0.5514,0.0892,0.0035,
126.5354,87,1,ok,0,1,0.7352,0.0005,0.0000,0.7336,0.0010,0.0462,0.5914,0.0923,0.0037,
126.5354,88,1,ok,1,1,1.1126,0.0007,0.3107,0.8008,0.0004,0.0468,0.6486,0.1018,0.0036,
126.5354,89,1,ok,0,1,1.4501,0.0010,0.6661,0.7821,0.0009,0.0485,0.6341,0.0960,0.0035,
126.5354,90,1,ok,1,1,1.8665,0.0011,1.0336,0.8315,0.0003,0.0493,0.6710,0.1077,0.0035,
126.5354,91,1,ok,0,1,1.7278,0.0008,0.9260,0.7997,0.0013,0.0488,0.6487,0.0982,0.0039,
126.5354,92,1,ok,1,1,1.4992,0.0011,0.6525,0.8452,0.0004,0.0483,0.6875,0.1058,0.0036,
126.5354,93,1,ok,0,1,1.5330,0.0003,0.7227,0.8091,0.0009,0.0484,0.6595,0.0975,0.0037,
126.5354,94,1,ok,1,1,2.0454,0.0003,1.2077,0.8371,0.0003,0.0495,0.6792,0.1047,0.0036,
126.5354,95,1,ok,0,1,2.0420,0.0007,1.2733,0.7671,0.0009,0.0495,0.6179,0.0961,0.0036,
126.5354,96,1,ok,1,1,0.6942,0.0010,0.0000,0.6926,0.0005,0.0484,0.5514,0.0892,0.0036,
126.5354,97,1,ok,0,1,0.6918,0.0014,0.0000,0.6900,0.0004,0.0482,0.5493,0.0890,0.0035,
126.5354,98,1,ok,1,1,0.7020,0.0010,0.0000,0.7005,0.0004,0.0517,0.5537,0.0915,0.0037,
126.5354,99,1,ok,0,1,0.6894,0.0005,0.0000,0.6883,0.0006,0.0481,0.5476,0.0889,0.0037,
126.5354,100,1,ok,1,1,0.6976,0.0003,0.0000,0.6960,0.0013,0.0486,0.5549,0.0889,0.0035,
126.5354,101,1,ok,0,1,0.8332,0.0009,0.0783,0.7536,0.0004,0.0478,0.6107,0.0916,0.0034,
126.5354,102,1,ok,1,1,0.6943,0.0017,0.0000,0.6921,0.0005,0.0485,0.5508,0.0891,0.0037,
126.5354,103,1,ok,0,1,0.6909,0.0004,0.0000,0.6895,0.0010,0.0492,0.5483,0.0883,0.0036,
126.5354,104,1,ok,1,1,0.9948,0.0007,0.1814,0.8123,0.0004,0.0467,0.6510,0.1108,0.0037,
126.5354,105,1,ok,0,1,0.8030,0.0010,0.0571,0.7438,0.0012,0.0470,0.5985,0.0948,0.0035,
126.5354,106,1,ok,1,1,1.2799,0.0021,0.4509,0.8265,0.0004,0.0476,0.6700,0.1054,0.0035,
126.5354,107,1,ok,0,1,1.2823,0.0009,0.4755,0.8047,0.0012,0.0483,0.6547,0.0981,0.0036,
126.5354,108,1,ok,1,1,1.5680,0.0010,0.7216,0.8449,0.0004,0.0485,0.6875,0.1054,0.0034,
126.5354,109,1,ok,0,1,0.6915,0.0012,0.0000,0.6889,0.0014,0.0483,0.5478,0.0891,0.0036,
126.5354,110,1,ok,1,1,0.6946,0.0008,0.0000,0.6934,0.0005,0.0480,0.5526,0.0891,0.0036,
126.5354,111,1,ok,0,1,0.7633,0.0011,0.0000,0.7604,0.0017,0.0451,0.6182,0.0935,0.0035,
126.5354,112,1,ok,1,1,1.0040,0.0005,0.2199,0.7831,0.0004,0.0478,0.6289,0.1027,0.0037,
126.5354,113,1,ok,0,1,1.1307,0.0004,0.3403,0.7892,0.0007,0.0474,0.6421,0.0962,0.0036,
126.5354,114,1,ok,1,1,0.6965,0.0002,0.0000,0.6958,0.0004,0.0482,0.5541,0.0896,0.0039,
126.5354,115,1,ok,0,1,0.7434,0.0006,0.0000,0.7424,0.0005,0.0461,0.6011,0.0914,0.0037,
126.5354,116,1,ok,1,1,0.6974,0.0011,0.0000,0.6958,0.0005,0.0483,0.5541,0.0896,0.0037,
126.5354,117,1,ok,0,1,0.8474,0.0008,0.0916,0.7536,0.0015,0.0478,0.6084,0.0938,0.0035,
126.5354,118,1,ok,1,1,0.6952,0.0006,0.0000,0.6942,0.0004,0.0485,0.5526,0.0892,0.0038,
126.5354,119,1,ok,0,1,1.1125,0.0012,0.3224,0.7882,0.0008,0.0472,0.6401,0.0972,0.0036,
126.5354,120,1,ok,1,1,0.7385,0.0011,0.0000,0.7370,0.0004,0.0463,0.5903,0.0968,0.0036,
126.5354,121,1,ok,0,1,0.8713,0.0021,0.0612,0.8070,0.0010,0.0486,0.6566,0.0984,0.0034,
126.5354,122,1,ok,1,1,0.6985,0.0014,0.0000,0.6965,0.0005,0.0495,0.5539,0.0894,0.0036,
126.5354,123,1,ok,0,1,0.6939,0.0012,0.0000,0.6910,0.0016,0.0481,0.5500,0.0893,0.0036,
126.5354,124,1,ok,1,1,1.2087,0.0010,0.3389,0.8684,0.0004,0.0442,0.7052,0.1154,0.0036,
126.5354,125,1,ok,0,1,1.2908,0.0007,0.5072,0.7818,0.0012,0.0460,0.6337,0.0986,0.0035,
126.5354,126,1,ok,1,1,1.9097,0.0015,1.0121,0.8957,0.0003,0.0498,0.7276,0.1148,0.0035,
126.5354,127,1,ok,0,1,0.8556,0.0011,0.0255,0.8283,0.0007,0.0480,0.6748,0.1018,0.0036,
126.5354,128,1,ok,1,1,0.6961,0.0005,0.0000,0.6951,0.0005,0.0488,0.5530,0.0896,0.0036,
126.5354,129,1,ok,0,1,0.6924,0.0005,0.0000,0.6903,0.0017,0.0480,0.5496,0.0891,0.0035,
126.5354,130,1,ok,1,1,0.6976,0.0017,0.0000,0.6954,0.0005,0.0484,0.5539,0.0893,0.0037,
126.5354,131,1,ok,0,1,1.2588,0.0007,0.4892,0.7672,0.0018,0.0464,0.6195,0.0978,0.0034,
126.5354,132,1,ok,1,1,0.6968,0.0012,0.0000,0.6952,0.0004,0.0480,0.5547,0.0891,0.0033,
126.5354,133,1,ok,0,1,0.6919,0.0003,0.0000,0.6905,0.0012,0.0484,0.5495,0.0890,0.0035,
126.5354,134,1,ok,1,1,0.6959,0.0012,0.0000,0.6942,0.0005,0.0483,0.5529,0.0894,0.0036,
126.5354,135,1,ok,0,1,1.0838,0.0012,0.3327,0.7484,0.0015,0.0475,0.6026,0.0946,0.0037,
126.5354,136,1,ok,1,1,1.2220,0.0003,0.3460,0.8753,0.0003,0.0447,0.7068,0.1202,0.0035,
126.5354,137,1,ok,0,1,1.1689,0.0010,0.3709,0.7954,0.0016,0.0485,0.6450,0.0983,0.0036,
126.5354,138,1,ok,1,1,0.7305,0.0010,0.0000,0.7291,0.0005,0.0471,0.5835,0.0948,0.0037,
126.5354,139,1,ok,0,1,1.2204,0.0010,0.4144,0.8040,0.0010,0.0486,0.6537,0.0981,0.0036,
126.5354,140,1,ok,1,1,1.3170,0.0018,0.3578,0.9571,0.0003,0.0419,0.7843,0.1270,0.0039,
126.5354,141,1,ok,0,1,1.3632,0.0004,0.5358,0.8252,0.0018,0.0481,0.6722,0.1015,0.0034,
126.5354,142,1,ok,1,1,1.7493,0.0006,0.7920,0.9564,0.0003,0.0477,0.7889,0.1161,0.0036,
126.5354,143,1,ok,0,1,1.0538,0.0005,0.2402,0.8121,0.0009,0.0484,0.6600,0.1003,0.0034,
126.5354,144,1,ok,1,1,1.4380,0.0011,0.5110,0.9256,0.0004,0.0469,0.7573,0.1178,0.0035,
126.5354,145,1,ok,0,1,1.5090,0.0004,0.6796,0.8276,0.0014,0.0484,0.6735,0.1022,0.0036,
126.5354,146,1,ok,1,1,1.8936,0.0014,0.9563,0.9356,0.0004,0.0465,0.7701,0.1156,0.0034,
126.5354,147,1,ok,0,1,1.3428,0.0004,0.5205,0.8213,0.0007,0.0478,0.6685,0.1012,0.0037,
126.5354,148,1,ok,1,1,2.0816,0.0011,1.1653,0.9148,0.0003,0.0481,0.7480,0.1150,0.0037,
126.5354,149,1,ok,0,1,1.8932,0.0012,1.0580,0.8329,0.0011,0.0477,0.6804,0.1012,0.0036,
126.5354,150,1,ok,0,1,0.7025,0.0015,0.0000,0.6998,0.0012,0.0485,0.5570,0.0901,0.0040,
126.5354,151,1,ok,1,1,0.6970,0.0008,0.0000,0.6956,0.0006,0.0485,0.5540,0.0893,0.0037,
126.5354,152,1,ok,0,1,0.6945,0.0008,0.0000,0.6928,0.0009,0.0481,0.5513,0.0895,0.0039,
126.5354,153,1,ok,1,1,0.9625,0.0019,0.0762,0.8841,0.0004,0.0432,0.7224,0.1149,0.0035,
126.5354,154,1,ok,0,1,1.0727,0.0009,0.2868,0.7834,0.0016,0.0465,0.6315,0.1017,0.0036,
126.5354,155,1,ok,1,1,1.7068,0.0016,0.7792,0.9257,0.0004,0.0480,0.7580,0.1162,0.0035,
126.5354,156,1,ok,0,1,1.6074,0.0006,0.7558,0.8499,0.0011,0.0475,0.6919,0.1067,0.0037,
126.5354,157,1,ok,1,1,2.0019,0.0013,1.0890,0.9112,0.0003,0.0473,0.7478,0.1126,0.0035,
126.5354,158,1,ok,0,1,1.9266,0.0005,1.0620,0.8628,0.0012,0.0478,0.7057,0.1059,0.0034,
126.5354,159,1,ok,1,1,2.6810,0.0006,1.7594,0.9208,0.0003,0.0473,0.7555,0.1145,0.0035,
126.5354,160,1,ok,0,1,2.6207,0.0008,1.7729,0.8457,0.0013,0.0479,0.6891,0.1053,0.0035,
126.5354,161,1,ok,0,1,2.9988,0.0024,2.1454,0.8500,0.0010,0.0480,0.6928,0.1054,0.0037,
126.5354,162,1,ok,1,1,2.9858,0.0003,2.0496,0.9355,0.0003,0.0475,0.7691,0.1152,0.0036,
126.5354,163,1,ok,0,1,2.6031,0.0013,1.7560,0.8454,0.0004,0.0477,0.6891,0.1052,0.0034,
126.5354,164,1,ok,1,1,1.8332,0.0005,0.9360,0.8964,0.0004,0.0481,0.7330,0.1116,0.0036,
126.5354,165,1,ok,0,1,2.4914,0.0034,1.6338,0.8535,0.0007,0.0480,0.6962,0.1057,0.0036,
126.5354,166,1,ok,1,1,2.5723,0.0007,1.6688,0.9024,0.0003,0.0472,0.7409,0.1107,0.0036,
126.5354,167,1,ok,0,1,2.6873,0.0022,1.8361,0.8476,0.0014,0.0484,0.6916,0.1040,0.0035,
126.5354,168,1,ok,1,1,2.8523,0.0011,1.9327,0.9182,0.0003,0.0475,0.7546,0.1124,0.0036,
126.5354,169,1,ok,0,1,3.3437,0.0009,2.5048,0.8373,0.0007,0.0473,0.6788,0.1074,0.0038,
126.5354,170,1,ok,1,1,2.3937,0.0013,1.4838,0.9083,0.0003,0.0475,0.7446,0.1123,0.0039,
126.5354,171,1,ok,0,1,2.4905,0.0007,1.6418,0.8469,0.0011,0.0479,0.6894,0.1062,0.0034,
126.5354,172,1,ok,1,1,2.5876,0.0011,1.6878,0.8984,0.0003,0.0475,0.7349,0.1123,0.0035,
126.5354,173,1,ok,0,1,2.3080,0.0004,1.4586,0.8473,0.0016,0.0493,0.6888,0.1057,0.0035,
126.5354,174,1,ok,1,1,1.9768,0.0011,1.0773,0.8981,0.0003,0.0481,0.7342,0.1123,0.0034,
126.5354,175,1,ok,0,1,2.2766,0.0011,1.4254,0.8489,0.0012,0.0479,0.6926,0.1048,0.0036,
126.5354,176,1,ok,1,1,2.7277,0.0009,1.8274,0.8990,0.0003,0.0482,0.7379,0.1093,0.0036,
126.5354,177,1,ok,0,1,2.8068,0.0021,1.9587,0.8445,0.0015,0.0477,0.6872,0.1060,0.0036,
126.5354,178,1,ok,1,1,3.0940,0.0007,2.1984,0.8947,0.0003,0.0479,0.7338,0.1095,0.0035,
126.5354,179,1,ok,0,1,3.1082,0.0008,2.2464,0.8602,0.0009,0.0478,0.7028,0.1060,0.0036,
126.5354,180,1,ok,1,1,3.0561,0.0012,2.1753,0.8794,0.0003,0.0487,0.7155,0.1116,0.0035,
126.5354,181,1,ok,0,1,2.8194,0.0008,1.9576,0.8596,0.0014,0.0482,0.7029,0.1050,0.0036,
126.5354,182,1,ok,1,1,1.4618,0.0009,0.5590,0.9016,0.0004,0.0476,0.7407,0.1096,0.0036,
126.5354,183,1,ok,0,1,1.6585,0.0009,0.8036,0.8528,0.0012,0.0481,0.6941,0.1071,0.0034,
126.5354,184,1,ok,1,1,2.0569,0.0009,1.1674,0.8882,0.0003,0.0483,0.7272,0.1092,0.0035,
126.5354,185,1,ok,0,1,2.0707,0.0007,1.2170,0.8517,0.0013,0.0482,0.6947,0.1050,0.0037,
126.5354,186,1,ok,1,1,1.7763,0.0025,0.9199,0.8535,0.0003,0.0491,0.6915,0.1093,0.0036,
126.5354,187,1,ok,0,1,1.8451,0.0005,0.9966,0.8466,0.0013,0.0477,0.6896,0.1057,0.0036,
126.5354,188,1,ok,1,1,2.4392,0.0007,1.5400,0.8982,0.0004,0.0477,0.7358,0.1112,0.0035,
126.5354,189,1,ok,0,1,2.3278,0.0003,1.4625,0.8641,0.0009,0.0477,0.7078,0.1051,0.0035,
126.5354,190,1,ok,1,1,2.7888,0.0008,1.8963,0.8914,0.0003,0.0479,0.7294,0.1106,0.0034,
126.5354,191,1,ok,0,1,2.7682,0.0010,1.9121,0.8537,0.0013,0.0479,0.6978,0.1045,0.0035,
126.5354,192,1,ok,1,1,3.3692,0.0010,2.4967,0.8712,0.0004,0.0480,0.7082,0.1113,0.0037,
126.5354,193,1,ok,0,1,2.2775,0.0010,1.4135,0.8615,0.0015,0.0478,0.7056,0.1043,0.0037,
126.5354,194,1,ok,1,1,2.7781,0.0008,1.8734,0.9035,0.0003,0.0473,0.7423,0.1104,0.0034,
126.5354,195,1,ok,0,1,1.9160,0.0009,1.0621,0.8521,0.0009,0.0475,0.6952,0.1059,0.0035,
126.5354,196,1,ok,1,1,2.3387,0.0004,1.4618,0.8761,0.0003,0.0482,0.7123,0.1120,0.0036,
126.5354,197,1,ok,0,1,2.3724,0.0009,1.5115,0.8596,0.0003,0.0482,0.7026,0.1050,0.0038,
126.5354,198,1,ok,1,1,0.6988,0.0019,0.0000,0.6964,0.0005,0.0483,0.5541,0.0897,0.0043,
126.5354,199,1,ok,0,1,0.6912,0.0007,0.0000,0.6896,0.0008,0.0481,0.5489,0.0889,0.0037,
126.5354,200,1,ok,1,1,0.7683,0.0012,0.0000,0.7666,0.0005,0.0446,0.6196,0.0987,0.0037,
126.5354,201,1,ok,0,1,0.6932,0.0010,0.0000,0.6908,0.0014,0.0483,0.5495,0.0892,0.0037,
126.5354,202,1,ok,1,1,0.6961,0.0011,0.0000,0.6945,0.0005,0.0481,0.5528,0.0898,0.0037,
126.5354,203,1,ok,0,1,0.6954,0.0012,0.0000,0.6924,0.0018,0.0484,0.5515,0.0890,0.0035,
126.5354,204,1,ok,1,1,1.1077,0.0004,0.2942,0.8126,0.0004,0.0462,0.6595,0.1032,0.0036,
126.5354,205,1,ok,0,1,1.0181,0.0006,0.2655,0.7505,0.0015,0.0469,0.6053,0.0946,0.0036,
126.5354,206,1,ok,1,1,1.5452,0.0008,0.7498,0.7942,0.0003,0.0489,0.6423,0.0991,0.0039,
126.5354,207,1,ok,0,1,1.5436,0.0007,0.7458,0.7963,0.0008,0.0480,0.6453,0.0994,0.0035,
126.5354,208,1,ok,1,1,2.1306,0.0011,1.2895,0.8385,0.0015,0.0480,0.6826,0.1041,0.0037,
126.5354,209,1,ok,0,1,0.6968,0.0020,0.0001,0.6942,0.0006,0.0488,0.5516,0.0897,0.0041,
153.6501,0,0,ok,1,1,0.6999,0.0011,0.0000,0.6971,0.0016,0.0488,0.5550,0.0897,0.0036,
153.6501,1,0,ok,0,1,0.6947,0.0015,0.0000,0.6927,0.0005,0.0484,0.5515,0.0893,0.0035,
153.6501,2,0,ok,1,1,1.3194,0.0012,0.5632,0.7538,0.0012,0.0478,0.6060,0.0962,0.0037,
153.6501,3,0,ok,0,1,1.2334,0.0008,0.4697,0.7625,0.0004,0.0478,0.6139,0.0971,0.0037,
153.6501,4,0,ok,1,1,1.5389,0.0009,0.6990,0.8380,0.0010,0.0481,0.6813,0.1048,0.0038,
153.6501,5,0,ok,0,1,1.0748,0.0005,0.2711,0.8028,0.0003,0.0490,0.6503,0.0998,0.0037,
153.6501,6,0,ok,0,1,1.0270,0.0008,0.2043,0.8216,0.0004,0.0484,0.6695,0.1000,0.0036,
153.6501,7,0,ok,1,1,1.0487,0.0004,0.1923,0.8545,0.0015,0.0489,0.6962,0.1055,0.0038,
153.6501,8,0,ok,0,1,1.6041,0.0009,0.7765,0.8263,0.0003,0.0486,0.6748,0.0993,0.0036,
153.6501,9,0,ok,1,1,1.6623,0.0003,0.8226,0.8381,0.0014,0.0491,0.6814,0.1039,0.0036,
153.6501,10,1,ok,0,1,2.3173,0.0011,1.4949,0.8209,0.0004,0.0492,0.6668,0.1009,0.0040,
153.6501,11,1,ok,1,1,2.1307,0.0006,1.2905,0.8378,0.0017,0.0484,0.6790,0.1067,0.0037,
153.6501,12,1,ok,0,1,2.8604,0.0003,2.0316,0.8281,0.0004,0.0489,0.6733,0.1023,0.0036,
153.6501,13,1,ok,1,1,2.9046,0.0019,2.0318,0.8694,0.0016,0.0485,0.7102,0.1071,0.0036,
153.6501,14,1,ok,0,1,3.1846,0.0010,2.3630,0.8202,0.0004,0.0483,0.6655,0.1026,0.0038,
153.6501,15,1,ok,1,1,3.0293,0.0011,2.1863,0.8405,0.0015,0.0475,0.6843,0.1051,0.0035,
153.6501,16,1,ok,0,1,3.6088,0.0010,2.7788,0.8285,0.0004,0.0484,0.6744,0.1020,0.0037,
153.6501,17,1,ok,1,1,3.4407,0.0003,2.5844,0.8549,0.0011,0.0482,0.6954,0.1078,0.0035,
153.6501,18,1,ok,0,1,3.4411,0.0010,2.6130,0.8268,0.0003,0.0483,0.6734,0.1012,0.0039,
153.6501,19,1,ok,1,1,3.6478,0.0006,2.7902,0.8559,0.0011,0.0487,0.6961,0.1073,0.0036,
153.6501,20,1,ok,0,1,3.6328,0.0013,2.7972,0.8338,0.0004,0.0481,0.6786,0.1036,0.0036,
153.6501,21,1,ok,1,1,3.4080,0.0002,2.5398,0.8659,0.0020,0.0474,0.7086,0.1065,0.0034,
153.6501,22,1,ok,0,1,3.8426,0.0010,3.0016,0.8396,0.0004,0.0489,0.6853,0.1018,0.0036,
153.6501,23,1,ok,1,1,4.0516,0.0002,3.1794,0.8705,0.0015,0.0479,0.7109,0.1082,0.0035,
153.6501,24,1,ok,0,1,3.3692,0.0017,2.5442,0.8229,0.0004,0.0483,0.6681,0.1029,0.0035,
153.6501,25,1,ok,1,1,3.5317,0.0007,2.6600,0.8694,0.0016,0.0476,0.7080,0.1104,0.0034,
153.6501,26,1,ok,0,1,4.0127,0.0008,3.1702,0.8414,0.0003,0.0485,0.6867,0.1025,0.0036,
153.6501,27,1,ok,1,1,4.3090,0.0002,3.4537,0.8539,0.0011,0.0484,0.6924,0.1093,0.0037,
153.6501,28,1,ok,0,1,4.0710,0.0007,3.2379,0.8320,0.0004,0.0484,0.6757,0.1043,0.0036,
153.6501,29,1,ok,1,1,4.0892,0.0006,3.2126,0.8749,0.0011,0.0476,0.7140,0.1096,0.0036,
153.6501,30,1,ok,0,1,3.9108,0.0007,3.0662,0.8436,0.0004,0.0485,0.6890,0.1026,0.0035,
153.6501,31,1,ok,1,1,3.7956,0.0005,2.9351,0.8583,0.0017,0.0484,0.6968,0.1093,0.0037,
153.6501,32,1,ok,0,1,3.9428,0.0010,3.0989,0.8426,0.0003,0.0475,0.6855,0.1057,0.0038,
153.6501,33,1,ok,1,1,2.9654,0.0011,2.0823,0.8810,0.0010,0.0471,0.7194,0.1106,0.0039,
153.6501,34,1,ok,0,1,3.1874,0.0011,2.3439,0.8421,0.0003,0.0486,0.6868,0.1030,0.0037,
153.6501,35,1,ok,1,1,3.3261,0.0004,2.4657,0.8589,0.0011,0.0476,0.6979,0.1097,0.0037,
153.6501,36,1,ok,0,1,3.0211,0.0005,2.1827,0.8375,0.0004,0.0478,0.6810,0.1051,0.0036,
153.6501,37,1,ok,1,1,3.1372,0.0007,2.2585,0.8764,0.0016,0.0479,0.7147,0.1100,0.0038,
153.6501,38,1,ok,0,1,2.7066,0.0011,1.8712,0.8339,0.0004,0.0482,0.6763,0.1058,0.0036,
153.6501,39,1,ok,1,1,2.8923,0.0009,2.0274,0.8624,0.0015,0.0474,0.7027,0.1088,0.0035,
153.6501,40,1,ok,0,1,2.7554,0.0007,1.8935,0.8609,0.0003,0.0486,0.7016,0.1072,0.0035,
153.6501,41,1,ok,1,1,3.2938,0.0015,2.3964,0.8944,0.0016,0.0469,0.7249,0.1188,0.0038,
153.6501,42,1,ok,0,1,3.5032,0.0007,2.6354,0.8668,0.0003,0.0482,0.7107,0.1041,0.0037,
153.6501,43,1,ok,1,1,3.9354,0.0004,3.0590,0.8739,0.0020,0.0468,0.7128,0.1110,0.0034,
153.6501,44,1,ok,0,1,4.1856,0.0011,3.3362,0.8479,0.0003,0.0478,0.6911,0.1055,0.0035,
153.6501,45,1,ok,1,1,4.6905,0.0018,3.7977,0.8891,0.0019,0.0475,0.7299,0.1080,0.0037,
153.6501,46,1,ok,0,1,4.9005,0.0004,4.0402,0.8597,0.0003,0.0484,0.7023,0.1054,0.0035,
153.6501,47,1,ok,1,1,5.4187,0.0004,4.5213,0.8950,0.0020,0.0469,0.7354,0.1090,0.0036,
153.6501,48,1,ok,0,1,5.2403,0.0009,4.3781,0.8609,0.0003,0.0481,0.7019,0.1072,0.0037,
153.6501,49,1,ok,1,1,5.7122,0.0011,4.8461,0.8636,0.0014,0.0472,0.7009,0.1118,0.0036,
153.6501,50,1,ok,0,1,5.7265,0.0009,4.8818,0.8435,0.0004,0.0485,0.6864,0.1048,0.0038,
153.6501,51,1,ok,1,1,6.3389,0.0002,5.4396,0.8981,0.0009,0.0472,0.7377,0.1097,0.0036,
153.6501,52,1,ok,0,1,6.3725,0.0012,5.5123,0.8586,0.0004,0.0483,0.7006,0.1062,0.0035,
153.6501,53,1,ok,1,1,6.0392,0.0005,5.1397,0.8978,0.0012,0.0473,0.7373,0.1095,0.0037,
153.6501,54,1,ok,0,1,5.7344,0.0011,4.8862,0.8467,0.0004,0.0486,0.6905,0.1040,0.0036,
153.6501,55,1,ok,1,1,6.1636,0.0008,5.2638,0.8967,0.0023,0.0471,0.7347,0.1114,0.0035,
153.6501,56,1,ok,0,1,6.1490,0.0006,5.2937,0.8543,0.0004,0.0476,0.6972,0.1060,0.0035,
153.6501,57,1,ok,1,1,6.4472,0.0011,5.5792,0.8650,0.0019,0.0480,0.7030,0.1106,0.0035,
153.6501,58,1,ok,0,1,6.4290,0.0006,5.5687,0.8594,0.0004,0.0485,0.6999,0.1070,0.0039,
153.6501,59,1,ok,1,1,7.0922,0.0014,6.1898,0.8995,0.0014,0.0480,0.7362,0.1117,0.0036,
153.6501,60,1,ok,0,1,5.3133,0.0014,4.4612,0.8504,0.0003,0.0486,0.6917,0.1066,0.0035,
153.6501,61,1,ok,1,1,5.8131,0.0005,4.9127,0.8989,0.0011,0.0478,0.7375,0.1100,0.0037,
153.6501,62,1,ok,0,1,5.4500,0.0010,4.5955,0.8531,0.0003,0.0481,0.6947,0.1067,0.0036,
153.6501,63,1,ok,0,1,5.8474,0.0008,4.9985,0.8477,0.0004,0.0473,0.6898,0.1070,0.0036,
153.6501,64,1,ok,1,1,5.2170,0.0012,4.3208,0.8933,0.0017,0.0479,0.7280,0.1137,0.0037,
153.6501,65,1,ok,0,1,5.4042,0.0025,4.5380,0.8633,0.0004,0.0484,0.7057,0.1057,0.0036,
153.6501,66,1,ok,1,1,5.4142,0.0050,4.5262,0.8817,0.0013,0.0492,0.7181,0.1107,0.0036,
153.6501,67,1,ok,0,1,6.1515,0.0005,5.2895,0.8611,0.0004,0.0477,0.7015,0.1082,0.0037,
153.6501,68,1,ok,1,1,6.1444,0.0008,5.2526,0.8895,0.0015,0.0493,0.7258,0.1108,0.0036,
153.6501,69,1,ok,0,1,6.7445,0.0011,5.8807,0.8624,0.0003,0.0482,0.7045,0.1061,0.0036,
153.6501,70,1,ok,1,1,6.8142,0.0008,5.9294,0.8825,0.0014,0.0470,0.7196,0.1123,0.0036,
153.6501,71,1,ok,0,1,6.3899,0.0007,5.5333,0.8555,0.0004,0.0482,0.6977,0.1059,0.0037,
153.6501,72,1,ok,1,1,5.7819,0.0009,4.8790,0.9013,0.0007,0.0475,0.7408,0.1093,0.0036,
153.6501,73,1,ok,0,1,6.2950,0.0007,5.4253,0.8687,0.0003,0.0476,0.7107,0.1067,0.0036,
153.6501,74,1,ok,1,1,6.1163,0.0008,5.2175,0.8969,0.0011,0.0482,0.7332,0.1118,0.0037,
153.6501,75,1,ok,0,1,6.5240,0.0004,5.6819,0.8413,0.0004,0.0485,0.6828,0.1066,0.0035,
153.6501,76,1,ok,1,1,5.8590,0.0006,4.9585,0.8992,0.0008,0.0475,0.7373,0.1108,0.0035,
153.6501,77,1,ok,0,1,6.1958,0.0012,5.3225,0.8718,0.0004,0.0470,0.7134,0.1075,0.0039,
153.6501,78,1,ok,1,1,6.3922,0.0012,5.4978,0.8921,0.0010,0.0478,0.7310,0.1098,0.0035,
153.6501,79,1,ok,0,1,6.8380,0.0005,5.9645,0.8725,0.0005,0.0478,0.7141,0.1068,0.0037,
153.6501,80,1,ok,1,1,6.8328,0.0012,5.9586,0.8718,0.0012,0.0476,0.7091,0.1114,0.0037,
153.6501,81,1,ok,0,1,7.2630,0.0013,6.3959,0.8653,0.0004,0.0485,0.7065,0.1068,0.0035,
153.6501,82,1,ok,1,1,7.2676,0.0007,6.3700,0.8949,0.0020,0.0476,0.7349,0.1087,0.0036,
153.6501,83,1,ok,0,1,6.8915,0.0012,6.0281,0.8619,0.0004,0.0476,0.7048,0.1058,0.0036,
153.6501,84,1,ok,1,1,7.0730,0.0010,6.1768,0.8948,0.0003,0.0474,0.7318,0.1121,0.0035,
153.6501,85,1,ok,0,1,7.4766,0.0006,6.5951,0.8805,0.0004,0.0469,0.7222,0.1077,0.0036,
153.6501,86,1,ok,1,1,5.5229,0.0005,4.6302,0.8918,0.0003,0.0481,0.7304,0.1098,0.0035,
153.6501,87,1,ok,0,1,5.7235,0.0007,4.8521,0.8703,0.0004,0.0484,0.7123,0.1059,0.0037,
153.6501,88,1,ok,1,1,6.1053,0.0006,5.2069,0.8975,0.0003,0.0501,0.7313,0.1126,0.0036,
153.6501,89,1,ok,0,1,6.5298,0.0009,5.6665,0.8620,0.0004,0.0477,0.7040,0.1068,0.0035,
153.6501,90,1,ok,1,1,6.9464,0.0006,6.0405,0.9049,0.0003,0.0478,0.7429,0.1107,0.0035,
153.6501,91,1,ok,0,1,6.9638,0.0006,6.0982,0.8646,0.0004,0.0485,0.7067,0.1054,0.0039,
153.6501,92,1,ok,1,1,6.8456,0.0014,5.9461,0.8978,0.0003,0.0472,0.7356,0.1114,0.0036,
153.6501,93,1,ok,0,1,7.0083,0.0005,6.1358,0.8716,0.0004,0.0475,0.7144,0.1060,0.0037,
153.6501,94,1,ok,1,1,7.4824,0.0021,6.6037,0.8763,0.0003,0.0484,0.7127,0.1116,0.0036,
153.6501,95,1,ok,0,1,7.6599,0.0005,6.7945,0.8646,0.0004,0.0481,0.7029,0.1099,0.0036,
153.6501,96,1,ok,1,1,6.0307,0.0019,5.1247,0.9038,0.0003,0.0479,0.7414,0.1108,0.0036,
153.6501,97,1,ok,0,1,6.0700,0.0011,5.1965,0.8720,0.0003,0.0487,0.7123,0.1074,0.0036,
153.6501,98,1,ok,1,1,5.2502,0.0005,4.3525,0.8968,0.0003,0.0477,0.7318,0.1138,0.0036,
153.6501,99,1,ok,0,1,4.7569,0.0002,3.9164,0.8400,0.0004,0.0484,0.6815,0.1063,0.0037,
153.6501,100,1,ok,1,1,5.3849,0.0008,4.4749,0.9088,0.0003,0.0475,0.7463,0.1116,0.0034,
153.6501,101,1,ok,0,1,5.1263,0.0009,4.2534,0.8717,0.0003,0.0475,0.7135,0.1072,0.0034,
153.6501,102,1,ok,1,1,5.3449,0.0008,4.4390,0.9048,0.0003,0.0480,0.7432,0.1100,0.0036,
153.6501,103,1,ok,0,1,5.2445,0.0006,4.3780,0.8656,0.0004,0.0484,0.7088,0.1047,0.0036,
153.6501,104,1,ok,1,1,5.8178,0.0009,4.9221,0.8944,0.0003,0.0484,0.7324,0.1099,0.0037,
153.6501,105,1,ok,0,1,5.5971,0.0014,4.7220,0.8734,0.0004,0.0473,0.7148,0.1078,0.0035,
153.6501,106,1,ok,1,1,6.2587,0.0008,5.3708,0.8867,0.0003,0.0480,0.7234,0.1119,0.0035,
153.6501,107,1,ok,0,1,6.1919,0.0004,5.3278,0.8633,0.0004,0.0484,0.7058,0.1055,0.0036,
153.6501,108,1,ok,1,1,6.7060,0.0019,5.7979,0.9059,0.0003,0.0479,0.7455,0.1091,0.0034,
153.6501,109,1,ok,0,1,5.6111,0.0004,4.7545,0.8558,0.0003,0.0476,0.6965,0.1080,0.0037,
153.6501,110,1,ok,1,1,5.5964,0.0010,4.6895,0.9055,0.0004,0.0462,0.7448,0.1109,0.0035,
153.6501,111,1,ok,0,1,5.5564,0.0019,4.6752,0.8790,0.0004,0.0482,0.7195,0.1077,0.0035,
153.6501,112,1,ok,1,1,6.0968,0.0010,5.2049,0.8906,0.0003,0.0476,0.7284,0.1109,0.0037,
153.6501,113,1,ok,0,1,6.0841,0.0006,5.2078,0.8753,0.0003,0.0479,0.7154,0.1084,0.0036,
153.6501,114,1,ok,1,1,5.9584,0.0008,5.0672,0.8900,0.0003,0.0481,0.7288,0.1093,0.0038,
153.6501,115,1,ok,0,1,5.2089,0.0005,4.3335,0.8745,0.0004,0.0482,0.7155,0.1070,0.0037,
153.6501,116,1,ok,1,1,5.9355,0.0003,5.0215,0.9134,0.0003,0.0474,0.7497,0.1125,0.0037,
153.6501,117,1,ok,0,1,5.5330,0.0010,4.6716,0.8600,0.0004,0.0482,0.7010,0.1073,0.0036,
153.6501,118,1,ok,0,1,6.0287,0.0004,5.1660,0.8620,0.0004,0.0480,0.7045,0.1058,0.0037,
153.6501,119,1,ok,1,1,6.0029,0.0008,5.1054,0.8964,0.0003,0.0472,0.7331,0.1124,0.0036,
153.6501,120,1,ok,0,1,6.2668,0.0011,5.4015,0.8639,0.0004,0.0483,0.7043,0.1077,0.0035,
153.6501,121,1,ok,1,1,6.0388,0.0003,5.1385,0.8997,0.0003,0.0479,0.7354,0.1130,0.0034,
153.6501,122,1,ok,0,1,6.2437,0.0011,5.3741,0.8681,0.0004,0.0483,0.7090,0.1071,0.0035,
153.6501,123,1,ok,1,1,6.0459,0.0016,5.1533,0.8907,0.0003,0.0483,0.7262,0.1126,0.0036,
153.6501,124,1,ok,0,1,6.7974,0.0014,5.9470,0.8486,0.0004,0.0479,0.6904,0.1066,0.0037,
153.6501,125,1,ok,1,1,6.7996,0.0007,5.8920,0.9067,0.0003,0.0473,0.7446,0.1112,0.0035,
153.6501,126,1,ok,0,1,7.5092,0.0011,6.6356,0.8721,0.0004,0.0478,0.7128,0.1080,0.0035,
153.6501,127,1,ok,1,1,6.6508,0.0020,5.7566,0.8920,0.0003,0.0483,0.7284,0.1115,0.0036,
153.6501,128,1,ok,0,1,6.4994,0.0008,5.6512,0.8471,0.0004,0.0480,0.6892,0.1062,0.0036,
153.6501,129,1,ok,1,1,6.0316,0.0006,5.1306,0.9001,0.0003,0.0482,0.7387,0.1097,0.0035,
153.6501,130,1,ok,0,1,6.5126,0.0013,5.6588,0.8521,0.0004,0.0484,0.6924,0.1076,0.0037,
153.6501,131,1,ok,1,1,6.7568,0.0001,5.8646,0.8917,0.0003,0.0480,0.7293,0.1109,0.0035,
153.6501,132,1,ok,0,1,6.5393,0.0014,5.6664,0.8711,0.0004,0.0466,0.7127,0.1084,0.0033,
153.6501,133,1,ok,1,1,5.6882,0.0015,4.7871,0.8993,0.0003,0.0470,0.7393,0.1094,0.0035,
153.6501,134,1,ok,0,1,6.2226,0.0006,5.3570,0.8646,0.0004,0.0487,0.7057,0.1066,0.0036,
153.6501,135,1,ok,1,1,6.2740,0.0006,5.3927,0.8803,0.0003,0.0486,0.7149,0.1132,0.0037,
153.6501,136,1,ok,0,1,6.8010,0.0003,5.9344,0.8659,0.0004,0.0475,0.7078,0.1070,0.0036,
153.6501,137,1,ok,1,1,6.5851,0.0006,5.6870,0.8971,0.0003,0.0479,0.7338,0.1118,0.0036,
153.6501,138,1,ok,0,1,6.5304,0.0013,5.6745,0.8542,0.0004,0.0487,0.6927,0.1091,0.0036,
153.6501,139,1,ok,1,1,6.8650,0.0008,5.9638,0.9000,0.0004,0.0474,0.7360,0.1130,0.0036,
153.6501,140,1,ok,0,1,7.0841,0.0013,6.2236,0.8588,0.0004,0.0479,0.7017,0.1053,0.0039,
153.6501,141,1,ok,1,1,7.1807,0.0008,6.3007,0.8788,0.0003,0.0493,0.7147,0.1114,0.0034,
153.6501,142,1,ok,0,1,7.5174,0.0008,6.6514,0.8649,0.0004,0.0470,0.7070,0.1072,0.0036,
153.6501,143,1,ok,1,1,7.1613,0.0010,6.2553,0.9047,0.0003,0.0466,0.7421,0.1125,0.0034,
153.6501,144,1,ok,0,1,7.3573,0.0003,6.4982,0.8584,0.0004,0.0485,0.7002,0.1061,0.0035,
153.6501,145,1,ok,1,1,7.7546,0.0005,6.8531,0.9007,0.0003,0.0471,0.7377,0.1123,0.0036,
153.6501,146,1,ok,0,1,7.8306,0.0013,6.9604,0.8685,0.0004,0.0475,0.7103,0.1074,0.0034,
153.6501,147,1,ok,1,1,7.8468,0.0008,6.9399,0.9057,0.0003,0.0472,0.7436,0.1112,0.0037,
153.6501,148,1,ok,0,1,8.1163,0.0004,7.2313,0.8842,0.0004,0.0478,0.7236,0.1090,0.0037,
153.6501,149,1,ok,1,1,8.5181,0.0008,7.6124,0.9045,0.0003,0.0478,0.7421,0.1110,0.0036,
153.6501,150,1,ok,0,1,6.7527,0.0004,5.8892,0.8627,0.0004,0.0482,0.7035,0.1070,0.0040,
153.6501,151,1,ok,1,1,6.9288,0.0019,6.0255,0.9010,0.0003,0.0479,0.7378,0.1117,0.0037,
153.6501,152,1,ok,0,1,6.9793,0.0012,6.1166,0.8612,0.0003,0.0478,0.7004,0.1090,0.0038,
153.6501,153,1,ok,1,1,7.3141,0.0013,6.4178,0.8947,0.0003,0.0486,0.7332,0.1094,0.0036,
153.6501,154,1,ok,0,1,7.5156,0.0011,6.6432,0.8710,0.0003,0.0478,0.7110,0.1085,0.0036,
153.6501,155,1,ok,1,1,8.0729,0.0007,7.1637,0.9082,0.0003,0.0472,0.7438,0.1135,0.0037,
153.6501,156,1,ok,0,1,8.1174,0.0008,7.2543,0.8619,0.0004,0.0480,0.7027,0.1075,0.0037,
153.6501,157,1,ok,1,1,8.4469,0.0002,7.5650,0.8814,0.0003,0.0484,0.7171,0.1123,0.0035,
153.6501,158,1,ok,0,1,8.5427,0.0002,7.6685,0.8736,0.0004,0.0483,0.7136,0.1083,0.0034,
153.6501,159,1,ok,1,1,9.1388,0.0004,8.2472,0.8908,0.0004,0.0483,0.7265,0.1125,0.0035,
153.6501,160,1,ok,0,1,9.2963,0.0008,8.4161,0.8791,0.0004,0.0478,0.7195,0.1082,0.0035,
153.6501,161,1,ok,1,1,9.6241,0.0012,8.7195,0.9032,0.0003,0.0480,0.7400,0.1114,0.0037,
153.6501,162,1,ok,0,1,9.6750,0.0008,8.8046,0.8692,0.0004,0.0484,0.7113,0.1059,0.0036,
153.6501,163,1,ok,1,1,9.4897,0.0011,8.6006,0.8876,0.0003,0.0483,0.7253,0.1106,0.0035,
153.6501,164,1,ok,0,1,8.8476,0.0012,7.9862,0.8599,0.0003,0.0485,0.7005,0.1072,0.0036,
153.6501,165,1,ok,1,1,9.6163,0.0006,8.6936,0.9217,0.0003,0.0466,0.7512,0.1203,0.0036,
153.6501,166,1,ok,0,1,9.5797,0.0007,8.7121,0.8667,0.0003,0.0476,0.7082,0.1071,0.0036,
153.6501,167,1,ok,1,1,9.9624,0.0015,9.0769,0.8836,0.0003,0.0469,0.7225,0.1107,0.0036,
153.6501,168,1,ok,0,1,9.9279,0.0012,9.0526,0.8737,0.0003,0.0476,0.7150,0.1074,0.0036,
153.6501,169,1,ok,1,1,10.7306,0.0010,9.8118,0.9174,0.0003,0.0473,0.7537,0.1125,0.0038,
153.6501,170,1,ok,0,1,9.6664,0.0007,8.8014,0.8640,0.0003,0.0483,0.7053,0.1066,0.0039,
153.6501,171,1,ok,1,1,10.2254,0.0012,9.3283,0.8955,0.0003,0.0478,0.7320,0.1122,0.0035,
153.6501,172,1,ok,0,1,9.9594,0.0007,9.0853,0.8730,0.0004,0.0477,0.7136,0.1081,0.0036,
153.6501,173,1,ok,0,1,10.2238,0.0009,9.3589,0.8636,0.0004,0.0475,0.7033,0.1093,0.0035,
153.6501,174,1,ok,1,1,9.6216,0.0005,8.7321,0.8888,0.0003,0.0480,0.7243,0.1130,0.0034,
153.6501,175,1,ok,0,1,10.3676,0.0004,9.4976,0.8693,0.0003,0.0473,0.7105,0.1077,0.0037,
153.6501,176,1,ok,1,1,10.4040,0.0007,9.4986,0.9043,0.0003,0.0479,0.7416,0.1112,0.0036,
153.6501,177,1,ok,0,1,10.9790,0.0019,10.1057,0.8710,0.0004,0.0481,0.7121,0.1072,0.0036,
153.6501,178,1,ok,1,1,10.8674,0.0010,9.9676,0.8985,0.0004,0.0480,0.7363,0.1107,0.0034,
153.6501,179,1,ok,0,1,11.3931,0.0011,10.5171,0.8745,0.0004,0.0467,0.7159,0.1084,0.0036,
153.6501,180,1,ok,1,1,10.9989,0.0003,10.1115,0.8868,0.0003,0.0479,0.7232,0.1121,0.0035,
153.6501,181,1,ok,0,1,11.3169,0.0007,10.4455,0.8703,0.0004,0.0483,0.7108,0.1076,0.0036,
153.6501,182,1,ok,1,1,9.8283,0.0006,8.9426,0.8848,0.0004,0.0473,0.7219,0.1120,0.0035,
153.6501,183,1,ok,0,1,10.5329,0.0002,9.6573,0.8749,0.0004,0.0482,0.7153,0.1078,0.0035,
153.6501,184,1,ok,1,1,10.5025,0.0013,9.5854,0.9155,0.0003,0.0487,0.7510,0.1122,0.0035,
153.6501,185,1,ok,0,1,11.0224,0.0007,10.1692,0.8522,0.0004,0.0476,0.6920,0.1088,0.0038,
153.6501,186,1,ok,1,1,10.4329,0.0007,9.5675,0.8644,0.0004,0.0478,0.7024,0.1106,0.0035,
153.6501,187,1,ok,0,1,11.0097,0.0002,10.1381,0.8710,0.0004,0.0483,0.7129,0.1062,0.0037,
153.6501,188,1,ok,1,1,11.1463,0.0010,10.2379,0.9071,0.0003,0.0478,0.7441,0.1116,0.0035,
153.6501,189,1,ok,0,1,11.5699,0.0008,10.6940,0.8746,0.0004,0.0476,0.7164,0.1070,0.0036,
153.6501,190,1,ok,1,1,11.6129,0.0007,10.6992,0.9127,0.0003,0.0478,0.7456,0.1158,0.0034,
153.6501,191,1,ok,0,1,12.1060,0.0008,11.2276,0.8771,0.0004,0.0469,0.7180,0.1086,0.0035,
153.6501,192,1,ok,1,1,12.2801,0.0008,11.3724,0.9061,0.0008,0.0482,0.7401,0.1142,0.0036,
153.6501,193,1,ok,0,1,11.8626,0.0024,10.9888,0.8709,0.0005,0.0481,0.7112,0.1080,0.0037,
153.6501,194,1,ok,1,1,11.9620,0.0011,11.0479,0.9126,0.0003,0.0479,0.7519,0.1093,0.0034,
153.6501,195,1,ok,0,1,11.7327,0.0014,10.8611,0.8698,0.0004,0.0483,0.7121,0.1058,0.0035,
153.6501,196,1,ok,1,1,11.7743,0.0007,10.8776,0.8954,0.0006,0.0486,0.7314,0.1119,0.0035,
153.6501,197,1,ok,0,1,12.2486,0.0006,11.3998,0.8479,0.0004,0.0476,0.6890,0.1075,0.0038,
153.6501,198,1,ok,1,1,9.8190,0.0011,8.9259,0.8910,0.0010,0.0472,0.7280,0.1115,0.0042,
153.6501,199,1,ok,0,1,9.5958,0.0006,8.7150,0.8799,0.0004,0.0483,0.7203,0.1076,0.0037,
153.6501,200,1,ok,1,1,8.6675,0.0009,7.7556,0.9090,0.0019,0.0469,0.7451,0.1132,0.0038,
153.6501,201,1,ok,0,1,8.0906,0.0024,7.2183,0.8696,0.0004,0.0487,0.7082,0.1089,0.0037,
153.6501,202,1,ok,1,1,7.8074,0.0007,6.9106,0.8940,0.0019,0.0476,0.7339,0.1088,0.0037,
153.6501,203,1,ok,0,1,8.1400,0.0019,7.2803,0.8574,0.0004,0.0477,0.6995,0.1067,0.0035,
153.6501,204,1,ok,1,1,8.3657,0.0006,7.4761,0.8876,0.0014,0.0462,0.7275,0.1104,0.0035,
153.6501,205,1,ok,0,1,8.6520,0.0016,7.7849,0.8652,0.0003,0.0478,0.7082,0.1055,0.0036,
153.6501,206,1,ok,1,1,8.9887,0.0005,8.0712,0.9166,0.0003,0.0465,0.7513,0.1149,0.0039,
153.6501,207,1,ok,0,1,9.2914,0.0010,8.4273,0.8627,0.0004,0.0474,0.7043,0.1075,0.0035,
153.6501,208,1,ok,1,1,9.6990,0.0003,8.7787,0.9182,0.0018,0.0495,0.7536,0.1113,0.0037,
153.6501,209,1,ok,0,1,8.3332,0.0008,7.4564,0.8756,0.0003,0.0477,0.7176,0.1062,0.0041,
180.7648,0,0,ok,1,1,0.6971,0.0007,0.0000,0.6957,0.0007,0.0486,0.5539,0.0895,0.0036,
180.7648,1,0,ok,0,1,0.6940,0.0006,0.0000,0.6929,0.0005,0.0487,0.5509,0.0897,0.0034,
180.7648,2,0,ok,1,1,1.4405,0.0011,0.5808,0.8583,0.0003,0.0448,0.6958,0.1139,0.0037,
180.7648,3,0,ok,0,1,1.3562,0.0005,0.5030,0.8520,0.0008,0.0444,0.6947,0.1093,0.0036,
180.7648,4,0,ok,0,1,1.7925,0.0004,0.9131,0.8777,0.0012,0.0477,0.7167,0.1095,0.0038,
180.7648,5,0,ok,1,1,1.4530,0.0016,0.5377,0.9133,0.0004,0.0480,0.7478,0.1138,0.0037,
180.7648,6,0,ok,0,1,1.5543,0.0006,0.6778,0.8751,0.0008,0.0479,0.7163,0.1073,0.0036,
180.7648,7,0,ok,1,1,1.5857,0.0006,0.6829,0.9019,0.0004,0.0473,0.7385,0.1123,0.0038,
180.7648,8,0,ok,0,1,2.1952,0.0010,1.3413,0.8522,0.0007,0.0482,0.6927,0.1078,0.0035,
180.7648,9,0,ok,1,1,2.2955,0.0011,1.3927,0.9014,0.0003,0.0466,0.7388,0.1125,0.0035,
180.7648,10,1,ok,0,1,2.9773,0.0003,2.1030,0.8727,0.0013,0.0480,0.7126,0.1081,0.0040,
180.7648,11,1,ok,1,1,2.8708,0.0010,1.9790,0.8904,0.0004,0.0480,0.7257,0.1129,0.0037,
180.7648,12,1,ok,0,1,3.5907,0.0002,2.7345,0.8547,0.0013,0.0478,0.6932,0.1101,0.0036,
180.7648,13,1,ok,1,1,3.6908,0.0007,2.7875,0.9022,0.0004,0.0469,0.7394,0.1124,0.0036,
180.7648,14,1,ok,0,1,4.0458,0.0007,3.1681,0.8758,0.0012,0.0478,0.7148,0.1094,0.0038,
180.7648,15,1,ok,1,1,3.9750,0.0007,3.0805,0.8935,0.0003,0.0470,0.7311,0.1118,0.0035,
180.7648,16,1,ok,0,1,4.5638,0.0002,3.7016,0.8612,0.0008,0.0478,0.7021,0.1077,0.0036,
180.7648,17,1,ok,1,1,4.4875,0.0007,3.5963,0.8901,0.0004,0.0479,0.7268,0.1118,0.0035,
180.7648,18,1,ok,0,1,4.5872,0.0016,3.7166,0.8679,0.0010,0.0483,0.7085,0.1074,0.0038,
180.7648,19,1,ok,1,1,4.8368,0.0006,3.9345,0.9013,0.0004,0.0476,0.7377,0.1123,0.0036,
180.7648,20,1,ok,0,1,4.9170,0.0007,4.0403,0.8750,0.0010,0.0475,0.7168,0.1073,0.0035,
180.7648,21,1,ok,1,1,4.7782,0.0007,3.8945,0.8827,0.0003,0.0477,0.7195,0.1121,0.0034,
180.7648,22,1,ok,0,1,5.2394,0.0009,4.3805,0.8567,0.0013,0.0476,0.6969,0.1085,0.0036,
180.7648,23,1,ok,1,1,5.4981,0.0004,4.5837,0.9137,0.0003,0.0489,0.7507,0.1104,0.0036,
180.7648,24,1,ok,0,1,5.0063,0.0011,4.1361,0.8683,0.0007,0.0479,0.7077,0.1091,0.0035,
180.7648,25,1,ok,1,1,5.1960,0.0012,4.3146,0.8798,0.0004,0.0471,0.7171,0.1122,0.0034,
180.7648,26,1,ok,0,1,5.7157,0.0010,4.8368,0.8765,0.0014,0.0477,0.7171,0.1080,0.0036,
180.7648,27,1,ok,1,1,6.0266,0.0004,5.1296,0.8963,0.0003,0.0472,0.7331,0.1123,0.0037,
180.7648,28,1,ok,0,1,5.9348,0.0011,5.0567,0.8759,0.0011,0.0475,0.7177,0.1071,0.0036,
180.7648,29,1,ok,1,1,5.9972,0.0005,5.0947,0.9017,0.0003,0.0467,0.7389,0.1124,0.0036,
180.7648,30,1,ok,0,1,5.9503,0.0006,5.0807,0.8681,0.0009,0.0480,0.7065,0.1101,0.0035,
180.7648,31,1,ok,1,1,5.9082,0.0006,5.0161,0.8912,0.0003,0.0469,0.7281,0.1125,0.0037,
180.7648,32,1,ok,0,1,6.1440,0.0009,5.2601,0.8818,0.0012,0.0481,0.7218,0.1081,0.0038,
180.7648,33,1,ok,1,1,5.3877,0.0007,4.4522,0.9345,0.0004,0.0471,0.7626,0.1211,0.0037,
180.7648,34,1,ok,0,1,5.6538,0.0010,4.7848,0.8674,0.0006,0.0479,0.7086,0.1072,0.0037,
180.7648,35,1,ok,1,1,5.8523,0.0008,4.9624,0.8887,0.0004,0.0468,0.7256,0.1126,0.0036,
180.7648,36,1,ok,0,1,5.6599,0.0004,4.7998,0.8594,0.0003,0.0482,0.6990,0.1086,0.0035,
180.7648,37,1,ok,1,1,5.8626,0.0009,4.9445,0.9167,0.0004,0.0463,0.7549,0.1118,0.0037,
180.7648,38,1,ok,0,1,5.5584,0.0011,4.6823,0.8747,0.0003,0.0473,0.7157,0.1080,0.0036,
180.7648,39,1,ok,1,1,5.8262,0.0017,4.9184,0.9058,0.0003,0.0470,0.7426,0.1126,0.0035,
180.7648,40,1,ok,0,1,5.7238,0.0010,4.8668,0.8557,0.0004,0.0481,0.6953,0.1088,0.0035,
180.7648,41,1,ok,1,1,6.3131,0.0006,5.4054,0.9068,0.0003,0.0472,0.7431,0.1127,0.0037,
180.7648,42,1,ok,0,1,6.5074,0.0009,5.6215,0.8847,0.0003,0.0481,0.7240,0.1088,0.0037,
180.7648,43,1,ok,1,1,7.0231,0.0007,6.1131,0.9089,0.0003,0.0473,0.7464,0.1117,0.0034,
180.7648,44,1,ok,0,1,7.2311,0.0004,6.3661,0.8643,0.0003,0.0478,0.7047,0.1082,0.0035,
180.7648,45,1,ok,1,1,7.7885,0.0006,6.9070,0.8807,0.0003,0.0484,0.7169,0.1117,0.0037,
180.7648,46,1,ok,0,1,7.9700,0.0004,7.1074,0.8618,0.0004,0.0474,0.7032,0.1077,0.0035,
180.7648,47,1,ok,1,1,8.5415,0.0005,7.6447,0.8960,0.0003,0.0475,0.7309,0.1140,0.0036,
180.7648,48,1,ok,0,1,8.4171,0.0006,7.5261,0.8900,0.0004,0.0481,0.7295,0.1087,0.0037,
180.7648,49,1,ok,1,1,8.9673,0.0004,8.0553,0.9113,0.0003,0.0475,0.7481,0.1120,0.0037,
180.7648,50,1,ok,0,1,8.9774,0.0012,8.1118,0.8641,0.0003,0.0483,0.7051,0.1069,0.0038,
180.7648,51,1,ok,1,1,9.6390,0.0003,8.7355,0.9028,0.0004,0.0482,0.7386,0.1122,0.0036,
180.7648,52,1,ok,0,1,9.6700,0.0005,8.7958,0.8733,0.0004,0.0476,0.7124,0.1097,0.0035,
180.7648,53,1,ok,1,1,9.5367,0.0009,8.6192,0.9163,0.0003,0.0472,0.7529,0.1125,0.0037,
180.7648,54,1,ok,0,1,9.2767,0.0009,8.4066,0.8688,0.0004,0.0486,0.7099,0.1066,0.0036,
180.7648,55,1,ok,1,1,9.7780,0.0010,8.8773,0.8993,0.0003,0.0465,0.7351,0.1142,0.0035,
180.7648,56,1,ok,0,1,9.7688,0.0009,8.9017,0.8659,0.0004,0.0478,0.7067,0.1079,0.0035,
180.7648,57,1,ok,1,1,10.1871,0.0016,9.2806,0.9046,0.0003,0.0473,0.7401,0.1137,0.0035,
180.7648,58,1,ok,0,1,10.1527,0.0006,9.2755,0.8763,0.0004,0.0483,0.7163,0.1077,0.0038,
180.7648,59,1,ok,1,1,10.8869,0.0004,9.9691,0.9171,0.0003,0.0480,0.7522,0.1132,0.0036,
180.7648,60,1,ok,0,1,9.3699,0.0013,8.4800,0.8883,0.0004,0.0478,0.7282,0.1088,0.0034,
180.7648,61,1,ok,0,1,9.8938,0.0017,9.0291,0.8626,0.0004,0.0483,0.7045,0.1061,0.0037,
180.7648,62,1,ok,1,1,9.6673,0.0008,8.7637,0.9025,0.0003,0.0475,0.7402,0.1113,0.0035,
180.7648,63,1,ok,0,1,10.1085,0.0011,9.2395,0.8675,0.0004,0.0472,0.7091,0.1076,0.0035,
180.7648,64,1,ok,1,1,9.5790,0.0006,8.6695,0.9087,0.0003,0.0477,0.7457,0.1117,0.0036,
180.7648,65,1,ok,0,1,9.8760,0.0016,8.9961,0.8780,0.0004,0.0481,0.7191,0.1072,0.0035,
180.7648,66,1,ok,1,1,9.8897,0.0006,8.9955,0.8933,0.0003,0.0478,0.7300,0.1118,0.0036,
180.7648,67,1,ok,0,1,10.6219,0.0009,9.7780,0.8427,0.0003,0.0482,0.6823,0.1085,0.0036,
180.7648,68,1,ok,1,1,10.6694,0.0003,9.7527,0.9160,0.0003,0.0472,0.7542,0.1110,0.0036,
180.7648,69,1,ok,0,1,11.2693,0.0002,10.3925,0.8763,0.0003,0.0481,0.7180,0.1066,0.0036,
180.7648,70,1,ok,1,1,11.3914,0.0007,10.4866,0.9037,0.0003,0.0475,0.7409,0.1117,0.0036,
180.7648,71,1,ok,0,1,11.1100,0.0006,10.2397,0.8694,0.0003,0.0479,0.7097,0.1081,0.0037,
180.7648,72,1,ok,1,1,10.6470,0.0010,9.7462,0.8995,0.0003,0.0482,0.7353,0.1124,0.0035,
180.7648,73,1,ok,0,1,11.1385,0.0007,10.2900,0.8474,0.0004,0.0486,0.6882,0.1070,0.0036,
180.7648,74,1,ok,1,1,11.0703,0.0005,10.1674,0.9021,0.0003,0.0486,0.7381,0.1118,0.0036,
180.7648,75,1,ok,0,1,11.4902,0.0006,10.6171,0.8721,0.0004,0.0472,0.7137,0.1077,0.0034,
180.7648,76,1,ok,1,1,10.9771,0.0023,10.0844,0.8901,0.0003,0.0485,0.7275,0.1105,0.0035,
180.7648,77,1,ok,0,1,11.3436,0.0004,10.4695,0.8733,0.0003,0.0479,0.7154,0.1061,0.0039,
180.7648,78,1,ok,1,1,11.5800,0.0013,10.6698,0.9085,0.0003,0.0475,0.7453,0.1121,0.0035,
180.7648,79,1,ok,0,1,12.0206,0.0005,11.1470,0.8728,0.0004,0.0478,0.7142,0.1070,0.0037,
180.7648,80,1,ok,1,1,12.1150,0.0004,11.2120,0.9023,0.0003,0.0481,0.7403,0.1102,0.0036,
180.7648,81,1,ok,0,1,12.4989,0.0004,11.6455,0.8526,0.0003,0.0475,0.6938,0.1077,0.0035,
180.7648,82,1,ok,1,1,12.6258,0.0006,11.7217,0.9032,0.0003,0.0472,0.7385,0.1139,0.0036,
180.7648,83,1,ok,0,1,12.3349,0.0008,11.4494,0.8843,0.0003,0.0475,0.7253,0.1078,0.0036,
180.7648,84,1,ok,1,1,12.5918,0.0011,11.6984,0.8920,0.0003,0.0478,0.7292,0.1116,0.0035,
180.7648,85,1,ok,0,1,12.9475,0.0011,12.0824,0.8636,0.0003,0.0482,0.7071,0.1048,0.0036,
180.7648,86,1,ok,1,1,11.4205,0.0007,10.5153,0.9043,0.0003,0.0474,0.7412,0.1121,0.0035,
180.7648,87,1,ok,0,1,11.5825,0.0015,10.7158,0.8648,0.0003,0.0471,0.7054,0.1086,0.0037,
180.7648,88,1,ok,1,1,12.0484,0.0010,11.1514,0.8957,0.0003,0.0470,0.7333,0.1118,0.0035,
180.7648,89,1,ok,0,1,12.4100,0.0001,11.5347,0.8748,0.0004,0.0487,0.7168,0.1057,0.0035,
180.7648,90,1,ok,1,1,12.9105,0.0007,11.9931,0.9163,0.0003,0.0468,0.7550,0.1110,0.0035,
180.7648,91,1,ok,0,1,12.9195,0.0008,12.0429,0.8754,0.0004,0.0473,0.7152,0.1090,0.0039,
180.7648,92,1,ok,1,1,12.9648,0.0011,12.0604,0.9030,0.0004,0.0476,0.7417,0.1101,0.0036,
180.7648,93,1,ok,0,1,13.0909,0.0003,12.2158,0.8744,0.0004,0.0479,0.7146,0.1081,0.0037,
180.7648,94,1,ok,1,1,13.6606,0.0007,12.7603,0.8993,0.0003,0.0472,0.7355,0.1129,0.0037,
180.7648,95,1,ok,0,1,13.7731,0.0011,12.9085,0.8632,0.0004,0.0487,0.7040,0.1069,0.0036,
180.7648,96,1,ok,1,1,12.5670,0.0021,11.6560,0.9085,0.0003,0.0481,0.7462,0.1106,0.0036,
180.7648,97,1,ok,0,1,12.5465,0.0005,11.6797,0.8658,0.0004,0.0481,0.7075,0.1067,0.0035,
180.7648,98,1,ok,1,1,12.0269,0.0007,11.1402,0.8856,0.0003,0.0470,0.7248,0.1102,0.0035,
180.7648,99,1,ok,0,1,11.6024,0.0007,10.7152,0.8861,0.0003,0.0478,0.7258,0.1087,0.0037,
180.7648,100,1,ok,1,1,12.2772,0.0011,11.3675,0.9082,0.0003,0.0474,0.7446,0.1128,0.0034,
180.7648,101,1,ok,0,1,12.0517,0.0004,11.1749,0.8761,0.0004,0.0485,0.7178,0.1064,0.0035,
180.7648,102,1,ok,1,1,12.3661,0.0009,11.4729,0.8920,0.0003,0.0484,0.7300,0.1100,0.0036,
180.7648,103,1,ok,0,1,12.2905,0.0007,11.4155,0.8740,0.0004,0.0480,0.7162,0.1060,0.0037,
180.7648,104,1,ok,1,1,12.9099,0.0002,12.0074,0.9021,0.0003,0.0473,0.7395,0.1116,0.0037,
180.7648,105,1,ok,0,1,12.7198,0.0005,11.8470,0.8719,0.0003,0.0477,0.7110,0.1096,0.0035,
180.7648,106,1,ok,1,1,13.4365,0.0004,12.5303,0.9055,0.0003,0.0472,0.7444,0.1103,0.0036,
180.7648,107,1,ok,0,1,13.3597,0.0003,12.4908,0.8683,0.0003,0.0489,0.7094,0.1063,0.0036,
180.7648,108,1,ok,1,1,13.9370,0.0009,13.0456,0.8902,0.0003,0.0481,0.7271,0.1114,0.0034,
180.7648,109,1,ok,0,1,13.0044,0.0010,12.1374,0.8657,0.0004,0.0476,0.7061,0.1083,0.0036,
180.7648,110,1,ok,1,1,13.1374,0.0008,12.2230,0.9134,0.0003,0.0472,0.7490,0.1135,0.0036,
180.7648,111,1,ok,0,1,13.0892,0.0010,12.2094,0.8783,0.0004,0.0478,0.7186,0.1084,0.0035,
180.7648,112,1,ok,1,1,13.7082,0.0009,12.8046,0.9024,0.0003,0.0473,0.7388,0.1127,0.0037,
180.7648,113,1,ok,0,1,13.6689,0.0018,12.7916,0.8751,0.0003,0.0486,0.7183,0.1047,0.0036,
180.7648,114,1,ok,1,1,13.7340,0.0010,12.8328,0.8999,0.0003,0.0477,0.7366,0.1117,0.0038,
180.7648,115,1,ok,0,1,13.0300,0.0003,12.1810,0.8484,0.0003,0.0486,0.6873,0.1088,0.0037,
180.7648,116,1,ok,0,1,13.7910,0.0019,12.9105,0.8784,0.0004,0.0484,0.7189,0.1074,0.0037,
180.7648,117,1,ok,1,1,13.4796,0.0003,12.5995,0.8796,0.0003,0.0476,0.7163,0.1121,0.0036,
180.7648,118,1,ok,0,1,14.0207,0.0011,13.1401,0.8791,0.0004,0.0482,0.7192,0.1080,0.0037,
180.7648,119,1,ok,1,1,14.0096,0.0002,13.1127,0.8964,0.0003,0.0468,0.7354,0.1107,0.0036,
180.7648,120,1,ok,0,1,14.3692,0.0022,13.4863,0.8803,0.0004,0.0477,0.7216,0.1075,0.0035,
180.7648,121,1,ok,1,1,14.1783,0.0003,13.2748,0.9029,0.0003,0.0465,0.7384,0.1146,0.0034,
180.7648,122,1,ok,0,1,14.4945,0.0014,13.6100,0.8827,0.0004,0.0484,0.7231,0.1077,0.0035,
180.7648,123,1,ok,1,1,14.3311,0.0014,13.4255,0.9038,0.0003,0.0472,0.7425,0.1104,0.0035,
180.7648,124,1,ok,0,1,15.1129,0.0012,14.2422,0.8691,0.0004,0.0479,0.7121,0.1054,0.0036,
180.7648,125,1,ok,1,1,15.0977,0.0004,14.2004,0.8966,0.0003,0.0479,0.7319,0.1133,0.0035,
180.7648,126,1,ok,0,1,15.8503,0.0011,14.9753,0.8736,0.0004,0.0473,0.7146,0.1082,0.0035,
180.7648,127,1,ok,1,1,15.1031,0.0007,14.2121,0.8900,0.0003,0.0483,0.7240,0.1140,0.0036,
180.7648,128,1,ok,0,1,15.1434,0.0011,14.2706,0.8714,0.0004,0.0479,0.7129,0.1071,0.0035,
180.7648,129,1,ok,1,1,14.7097,0.0009,13.8105,0.8980,0.0003,0.0482,0.7334,0.1129,0.0035,
180.7648,130,1,ok,0,1,15.3003,0.0011,14.4289,0.8699,0.0004,0.0485,0.7096,0.1081,0.0037,
180.7648,131,1,ok,1,1,15.4748,0.0005,14.5675,0.9065,0.0003,0.0475,0.7453,0.1102,0.0035,
180.7648,132,1,ok,0,1,15.4544,0.0010,14.5813,0.8719,0.0004,0.0480,0.7130,0.1075,0.0033,
180.7648,133,1,ok,1,1,14.7109,0.0008,13.8010,0.9089,0.0003,0.0460,0.7485,0.1108,0.0035,
180.7648,134,1,ok,0,1,15.3249,0.0002,14.4498,0.8745,0.0004,0.0486,0.7154,0.1069,0.0035,
180.7648,135,1,ok,1,1,15.3777,0.0007,14.4596,0.9171,0.0003,0.0470,0.7539,0.1124,0.0037,
180.7648,136,1,ok,0,1,15.9469,0.0011,15.0791,0.8663,0.0004,0.0484,0.7061,0.1082,0.0035,
180.7648,137,1,ok,1,1,15.7804,0.0013,14.8781,0.9007,0.0003,0.0484,0.7395,0.1092,0.0035,
180.7648,138,1,ok,0,1,15.8681,0.0006,14.9900,0.8772,0.0004,0.0483,0.7165,0.1087,0.0036,
180.7648,139,1,ok,1,1,16.1502,0.0011,15.2518,0.8969,0.0003,0.0479,0.7356,0.1098,0.0036,
180.7648,140,1,ok,0,1,16.4885,0.0009,15.6075,0.8797,0.0004,0.0484,0.7192,0.1081,0.0039,
180.7648,141,1,ok,1,1,16.5745,0.0004,15.6708,0.9030,0.0003,0.0476,0.7419,0.1100,0.0034,
180.7648,142,1,ok,0,1,16.9936,0.0004,16.1210,0.8718,0.0004,0.0487,0.7129,0.1066,0.0036,
180.7648,143,1,ok,1,1,16.6904,0.0008,15.7880,0.9013,0.0003,0.0475,0.7383,0.1120,0.0034,
180.7648,144,1,ok,0,1,16.9965,0.0004,16.1271,0.8686,0.0003,0.0482,0.7101,0.1068,0.0035,
180.7648,145,1,ok,1,1,17.3347,0.0006,16.4282,0.9056,0.0003,0.0474,0.7409,0.1137,0.0036,
180.7648,146,1,ok,0,1,17.5356,0.0009,16.6594,0.8750,0.0003,0.0485,0.7163,0.1068,0.0034,
180.7648,147,1,ok,1,1,17.5480,0.0011,16.6418,0.9048,0.0003,0.0473,0.7400,0.1138,0.0037,
180.7648,148,1,ok,0,1,17.8840,0.0007,17.0258,0.8571,0.0003,0.0487,0.6988,0.1059,0.0036,
180.7648,149,1,ok,1,1,18.2511,0.0010,17.3485,0.9013,0.0003,0.0470,0.7406,0.1101,0.0036,
180.7648,150,1,ok,0,1,16.8565,0.0009,15.9904,0.8649,0.0003,0.0480,0.7059,0.1071,0.0040,
180.7648,151,1,ok,1,1,17.0232,0.0015,16.1326,0.8888,0.0003,0.0471,0.7231,0.1149,0.0037,
180.7648,152,1,ok,0,1,17.1894,0.0004,16.3164,0.8722,0.0004,0.0484,0.7131,0.1069,0.0038,
180.7648,153,1,ok,1,1,17.4975,0.0009,16.5890,0.9073,0.0004,0.0486,0.7451,0.1100,0.0035,
180.7648,154,1,ok,0,1,17.7645,0.0002,16.9045,0.8595,0.0003,0.0479,0.6999,0.1081,0.0035,
180.7648,155,1,ok,1,1,18.2784,0.0009,17.3693,0.9078,0.0003,0.0463,0.7456,0.1125,0.0034,
180.7648,156,1,ok,0,1,18.3954,0.0012,17.5419,0.8519,0.0004,0.0477,0.6915,0.1090,0.0036,
180.7648,157,1,ok,1,1,18.7213,0.0007,17.8461,0.8741,0.0003,0.0487,0.7097,0.1122,0.0035,
180.7648,158,1,ok,0,1,18.8964,0.0021,18.0119,0.8821,0.0003,0.0476,0.7221,0.1090,0.0034,
180.7648,159,1,ok,1,1,19.4484,0.0007,18.5512,0.8935,0.0030,0.0469,0.7230,0.1202,0.0035,
180.7648,160,1,ok,0,1,19.6690,0.0004,18.7890,0.8793,0.0003,0.0477,0.7207,0.1073,0.0035,
180.7648,161,1,ok,1,1,19.9979,0.0009,19.0921,0.9044,0.0005,0.0456,0.7443,0.1107,0.0038,
180.7648,162,1,ok,0,1,20.1231,0.0007,19.2510,0.8709,0.0004,0.0479,0.7121,0.1074,0.0036,
180.7648,163,1,ok,1,1,20.0088,0.0004,19.1284,0.8781,0.0019,0.0476,0.7152,0.1118,0.0035,
180.7648,164,1,ok,0,1,19.5626,0.0011,18.6875,0.8737,0.0004,0.0477,0.7166,0.1058,0.0036,
180.7648,165,1,ok,1,1,20.2397,0.0008,19.3319,0.9058,0.0013,0.0459,0.7431,0.1131,0.0036,
180.7648,166,1,ok,0,1,20.3178,0.0008,19.4473,0.8694,0.0004,0.0474,0.7098,0.1085,0.0036,
180.7648,167,1,ok,1,1,20.6935,0.0002,19.7823,0.9088,0.0021,0.0468,0.7456,0.1129,0.0036,
180.7648,168,1,ok,0,1,20.7540,0.0004,19.8704,0.8828,0.0003,0.0481,0.7218,0.1093,0.0036,
180.7648,169,1,ok,1,1,21.4444,0.0004,20.5660,0.8763,0.0017,0.0469,0.7123,0.1132,0.0038,
180.7648,170,1,ok,0,1,20.6647,0.0004,19.7965,0.8674,0.0003,0.0481,0.7036,0.1119,0.0038,
180.7648,171,1,ok,1,1,21.1665,0.0009,20.2527,0.9112,0.0018,0.0459,0.7474,0.1144,0.0034,
180.7648,172,1,ok,0,1,21.0370,0.0008,20.1706,0.8652,0.0004,0.0481,0.7061,0.1074,0.0036,
180.7648,173,1,ok,1,1,21.3575,0.0005,20.4440,0.9120,0.0010,0.0469,0.7504,0.1112,0.0035,
180.7648,174,1,ok,0,1,20.8503,0.0005,19.9800,0.8694,0.0004,0.0485,0.7104,0.1071,0.0034,
180.7648,175,1,ok,1,1,21.6565,0.0005,20.7400,0.9141,0.0019,0.0467,0.7517,0.1120,0.0037,
180.7648,176,1,ok,0,1,21.6164,0.0007,20.7457,0.8697,0.0004,0.0480,0.7092,0.1088,0.0036,
180.7648,177,1,ok,0,1,22.3019,0.0008,21.4284,0.8723,0.0004,0.0488,0.7120,0.1080,0.0035,
180.7648,178,1,ok,1,1,22.1386,0.0012,21.2514,0.8843,0.0017,0.0476,0.7216,0.1117,0.0034,
180.7648,179,1,ok,0,1,22.7732,0.0017,21.9085,0.8627,0.0004,0.0484,0.7039,0.1068,0.0036,
180.7648,180,1,ok,1,1,22.4173,0.0007,21.4956,0.9190,0.0020,0.0465,0.7581,0.1108,0.0035,
180.7648,181,1,ok,0,1,22.8461,0.0009,21.9675,0.8774,0.0004,0.0476,0.7174,0.1088,0.0036,
180.7648,182,1,ok,1,1,21.5899,0.0002,20.6697,0.9186,0.0014,0.0470,0.7552,0.1128,0.0035,
180.7648,183,1,ok,0,1,22.3024,0.0010,21.4347,0.8663,0.0004,0.0485,0.7065,0.1078,0.0034,
180.7648,184,1,ok,1,1,22.3025,0.0012,21.3832,0.9161,0.0020,0.0475,0.7516,0.1135,0.0035,
180.7648,185,1,ok,0,1,22.8600,0.0009,21.9929,0.8650,0.0011,0.0485,0.7044,0.1084,0.0037,
180.7648,186,1,ok,1,1,22.4184,0.0011,21.5073,0.9096,0.0003,0.0460,0.7471,0.1129,0.0036,
180.7648,187,1,ok,0,1,22.9854,0.0004,22.1081,0.8757,0.0012,0.0476,0.7160,0.1085,0.0036,
180.7648,188,1,ok,1,1,23.1430,0.0005,22.2529,0.8891,0.0004,0.0479,0.7257,0.1120,0.0035,
180.7648,189,1,ok,0,1,23.5938,0.0003,22.7175,0.8755,0.0005,0.0483,0.7169,0.1069,0.0035,
180.7648,190,1,ok,1,1,23.6525,0.0017,22.7618,0.8887,0.0004,0.0477,0.7265,0.1110,0.0034,
180.7648,191,1,ok,0,1,24.1786,0.0006,23.3030,0.8739,0.0011,0.0481,0.7138,0.1086,0.0035,
180.7648,192,1,ok,1,1,24.3523,0.0003,23.4485,0.9032,0.0004,0.0474,0.7401,0.1120,0.0037,
180.7648,193,1,ok,0,1,24.0920,0.0005,23.2305,0.8597,0.0013,0.0479,0.7006,0.1075,0.0036,
180.7648,194,1,ok,1,1,24.2182,0.0007,23.3051,0.9120,0.0004,0.0464,0.7511,0.1110,0.0035,
180.7648,195,1,ok,0,1,24.1138,0.0005,23.2414,0.8710,0.0010,0.0472,0.7122,0.1081,0.0035,
180.7648,196,1,ok,1,1,24.2081,0.0009,23.2961,0.9107,0.0003,0.0476,0.7442,0.1153,0.0035,
180.7648,197,1,ok,0,1,24.6853,0.0008,23.8305,0.8528,0.0012,0.0485,0.6918,0.1087,0.0037,
180.7648,198,1,ok,1,1,22.6864,0.0005,21.7873,0.8982,0.0004,0.0476,0.7359,0.1104,0.0043,
180.7648,199,1,ok,0,1,22.5581,0.0005,21.6816,0.8726,0.0033,0.0475,0.7104,0.1110,0.0036,
180.7648,200,1,ok,1,1,21.8375,0.0021,20.9312,0.9038,0.0004,0.0463,0.7416,0.1122,0.0037,
180.7648,201,1,ok,0,1,21.4033,0.0008,20.5385,0.8631,0.0009,0.0459,0.7064,0.1070,0.0037,
180.7648,202,1,ok,1,1,21.2502,0.0007,20.3442,0.9050,0.0004,0.0472,0.7433,0.1107,0.0037,
180.7648,203,1,ok,0,1,21.5881,0.0004,20.7157,0.8711,0.0009,0.0476,0.7131,0.1069,0.0035,
180.7648,204,1,ok,1,1,21.8679,0.0011,20.9681,0.8983,0.0004,0.0473,0.7367,0.1108,0.0035,
180.7648,205,1,ok,0,1,22.1446,0.0004,21.2872,0.8562,0.0008,0.0476,0.6976,0.1074,0.0036,
180.7648,206,1,ok,1,1,22.5215,0.0008,21.6171,0.9032,0.0004,0.0481,0.7391,0.1121,0.0039,
180.7648,207,1,ok,0,1,22.8254,0.0009,21.9535,0.8698,0.0011,0.0482,0.7092,0.1088,0.0036,
180.7648,208,1,ok,1,1,23.2464,0.0010,22.3423,0.8994,0.0037,0.0475,0.7354,0.1127,0.0037,
180.7648,209,1,ok,0,1,22.1344,0.0013,21.2651,0.8658,0.0022,0.0475,0.7068,0.1073,0.0042,
166.6569,0,0,ok,1,1,0.6996,0.0016,0.0000,0.6974,0.0006,0.0483,0.5552,0.0902,0.0036,
166.6569,1,0,ok,0,1,0.8104,0.0008,0.0000,0.8081,0.0016,0.0431,0.6588,0.1027,0.0035,
166.6569,2,0,ok,1,1,1.4357,0.0003,0.5744,0.8605,0.0005,0.0452,0.6979,0.1138,0.0037,
166.6569,3,0,ok,0,1,1.4617,0.0006,0.6032,0.8564,0.0016,0.0472,0.7007,0.1048,0.0036,
166.6569,4,0,ok,1,1,1.7815,0.0011,0.8636,0.9164,0.0004,0.0474,0.7538,0.1114,0.0038,
166.6569,5,0,ok,0,1,1.4301,0.0004,0.5747,0.8538,0.0012,0.0476,0.6958,0.1066,0.0037,
166.6569,6,0,ok,1,1,1.4729,0.0006,0.5725,0.8994,0.0004,0.0473,0.7349,0.1136,0.0036,
166.6569,7,0,ok,0,1,1.4624,0.0010,0.5945,0.8640,0.0029,0.0480,0.6974,0.1149,0.0037,
166.6569,8,0,ok,1,1,2.1532,0.0010,1.2419,0.9100,0.0003,0.0479,0.7470,0.1115,0.0035,
166.6569,9,0,ok,0,1,2.1203,0.0002,1.2540,0.8648,0.0012,0.0464,0.7074,0.1075,0.0035,
166.6569,10,1,ok,0,1,2.9034,0.0006,2.0309,0.8710,0.0010,0.0480,0.7136,0.1054,0.0040,
166.6569,11,1,ok,1,1,2.6780,0.0002,1.7999,0.8775,0.0004,0.0479,0.7145,0.1113,0.0037,
166.6569,12,1,ok,0,1,3.5053,0.0006,2.6397,0.8641,0.0009,0.0467,0.7064,0.1074,0.0036,
166.6569,13,1,ok,1,1,3.5042,0.0009,2.5876,0.9153,0.0003,0.0460,0.7538,0.1120,0.0036,
166.6569,14,1,ok,0,1,3.9107,0.0005,3.0472,0.8624,0.0006,0.0484,0.7032,0.1070,0.0037,
166.6569,15,1,ok,1,1,3.7476,0.0004,2.8425,0.9043,0.0003,0.0482,0.7417,0.1109,0.0035,
166.6569,16,1,ok,0,1,4.4066,0.0009,3.5366,0.8677,0.0013,0.0484,0.7098,0.1060,0.0036,
166.6569,17,1,ok,1,1,4.2239,0.0007,3.3369,0.8860,0.0003,0.0478,0.7201,0.1144,0.0036,
166.6569,18,1,ok,0,1,4.3584,0.0016,3.4879,0.8678,0.0012,0.0468,0.7100,0.1072,0.0038,
166.6569,19,1,ok,1,1,4.5251,0.0003,3.6244,0.9000,0.0003,0.0474,0.7355,0.1135,0.0036,
166.6569,20,1,ok,0,1,4.6220,0.0009,3.7652,0.8547,0.0013,0.0488,0.6964,0.1060,0.0034,
166.6569,21,1,ok,1,1,4.4000,0.0020,3.5018,0.8958,0.0003,0.0478,0.7325,0.1121,0.0034,
166.6569,22,1,ok,0,1,4.9080,0.0005,4.0405,0.8657,0.0013,0.0475,0.7054,0.1092,0.0036,
166.6569,23,1,ok,1,1,5.0766,0.0008,4.1886,0.8869,0.0003,0.0468,0.7242,0.1123,0.0035,
166.6569,24,1,ok,0,1,4.5916,0.0010,3.7115,0.8773,0.0017,0.0479,0.7182,0.1077,0.0035,
166.6569,25,1,ok,1,1,4.7284,0.0005,3.7938,0.9338,0.0003,0.0470,0.7691,0.1143,0.0034,
166.6569,26,1,ok,0,1,5.2798,0.0006,4.4082,0.8695,0.0014,0.0479,0.7139,0.1041,0.0036,
166.6569,27,1,ok,1,1,5.5524,0.0012,4.6556,0.8953,0.0003,0.0472,0.7310,0.1132,0.0038,
166.6569,28,1,ok,0,1,5.4251,0.0012,4.5649,0.8581,0.0009,0.0474,0.7013,0.1057,0.0036,
166.6569,29,1,ok,1,1,5.4338,0.0012,4.5410,0.8913,0.0003,0.0470,0.7244,0.1162,0.0036,
166.6569,30,1,ok,0,1,5.3634,0.0008,4.4986,0.8627,0.0013,0.0477,0.7049,0.1066,0.0035,
166.6569,31,1,ok,1,1,5.2877,0.0007,4.3695,0.9171,0.0003,0.0479,0.7535,0.1120,0.0037,
166.6569,32,1,ok,0,1,5.4837,0.0005,4.6153,0.8673,0.0006,0.0475,0.7073,0.1088,0.0038,
166.6569,33,1,ok,1,1,4.6211,0.0011,3.7081,0.9116,0.0003,0.0479,0.7484,0.1116,0.0037,
166.6569,34,1,ok,0,1,4.8855,0.0003,4.0103,0.8741,0.0008,0.0480,0.7136,0.1088,0.0037,
166.6569,35,1,ok,1,1,5.0740,0.0005,4.1602,0.9129,0.0004,0.0464,0.7404,0.1224,0.0036,
166.6569,36,1,ok,0,1,4.8418,0.0008,3.9590,0.8814,0.0006,0.0487,0.7221,0.1071,0.0035,
166.6569,37,1,ok,1,1,5.0015,0.0022,4.0881,0.9108,0.0003,0.0469,0.7481,0.1120,0.0037,
166.6569,38,1,ok,0,1,4.6545,0.0003,3.7823,0.8714,0.0005,0.0485,0.7135,0.1059,0.0036,
166.6569,39,1,ok,1,1,4.8960,0.0007,3.9785,0.9164,0.0003,0.0467,0.7535,0.1126,0.0036,
166.6569,40,1,ok,0,1,4.7605,0.0007,3.9048,0.8539,0.0011,0.0479,0.6943,0.1081,0.0035,
166.6569,41,1,ok,1,1,5.3181,0.0009,4.4392,0.8776,0.0004,0.0482,0.7130,0.1128,0.0037,
166.6569,42,1,ok,0,1,5.5135,0.0010,4.6495,0.8618,0.0012,0.0482,0.7029,0.1070,0.0036,
166.6569,43,1,ok,1,1,5.9860,0.0003,5.1017,0.8837,0.0003,0.0472,0.7227,0.1104,0.0034,
166.6569,44,1,ok,0,1,6.2066,0.0005,5.3601,0.8448,0.0011,0.0484,0.6857,0.1072,0.0035,
166.6569,45,1,ok,1,1,6.7449,0.0002,5.8605,0.8838,0.0004,0.0472,0.7235,0.1094,0.0037,
166.6569,46,1,ok,0,1,6.9408,0.0010,6.0718,0.8671,0.0009,0.0479,0.7087,0.1069,0.0035,
166.6569,47,1,ok,1,1,7.5069,0.0009,6.5884,0.9173,0.0003,0.0472,0.7526,0.1138,0.0036,
166.6569,48,1,ok,0,1,7.3400,0.0007,6.4594,0.8790,0.0010,0.0473,0.7195,0.1085,0.0037,
166.6569,49,1,ok,1,1,7.8827,0.0005,6.9795,0.9024,0.0003,0.0475,0.7414,0.1099,0.0036,
166.6569,50,1,ok,0,1,7.8792,0.0004,7.0098,0.8684,0.0006,0.0480,0.7085,0.1081,0.0037,
166.6569,51,1,ok,1,1,8.5128,0.0008,7.6309,0.8807,0.0004,0.0486,0.7157,0.1127,0.0038,
166.6569,52,1,ok,0,1,8.5437,0.0012,7.6816,0.8594,0.0016,0.0470,0.7012,0.1076,0.0035,
166.6569,53,1,ok,1,1,8.3256,0.0009,7.4068,0.9177,0.0003,0.0479,0.7538,0.1122,0.0038,
166.6569,54,1,ok,0,1,8.0194,0.0013,7.1731,0.8434,0.0016,0.0483,0.6836,0.1079,0.0036,
166.6569,55,1,ok,1,1,8.4932,0.0004,7.6111,0.8814,0.0004,0.0481,0.7203,0.1094,0.0036,
166.6569,56,1,ok,0,1,8.4947,0.0010,7.6126,0.8794,0.0016,0.0483,0.7196,0.1080,0.0035,
166.6569,57,1,ok,1,1,8.8417,0.0004,7.9550,0.8859,0.0003,0.0485,0.7243,0.1095,0.0035,
166.6569,58,1,ok,0,1,8.8363,0.0004,7.9599,0.8753,0.0007,0.0477,0.7167,0.1070,0.0038,
166.6569,59,1,ok,1,1,9.4982,0.0008,8.6048,0.8922,0.0004,0.0481,0.7312,0.1092,0.0036,
166.6569,60,1,ok,0,1,7.8952,0.0011,7.0222,0.8705,0.0015,0.0479,0.7127,0.1064,0.0034,
166.6569,61,1,ok,1,1,8.3750,0.0009,7.4883,0.8855,0.0003,0.0473,0.7229,0.1117,0.0036,
166.6569,62,1,ok,0,1,8.0713,0.0003,7.2340,0.8362,0.0008,0.0487,0.6804,0.1036,0.0035,
166.6569,63,1,ok,0,1,8.5089,0.0022,7.6537,0.8514,0.0016,0.0482,0.6922,0.1073,0.0035,
166.6569,64,1,ok,1,1,7.8794,0.0008,6.9995,0.8788,0.0003,0.0495,0.7152,0.1105,0.0036,
166.6569,65,1,ok,0,1,8.1704,0.0007,7.3034,0.8660,0.0004,0.0483,0.7091,0.1050,0.0035,
166.6569,66,1,ok,1,1,8.1384,0.0002,7.2469,0.8909,0.0004,0.0479,0.7300,0.1092,0.0036,
166.6569,67,1,ok,0,1,8.9136,0.0006,8.0644,0.8477,0.0009,0.0490,0.6896,0.1055,0.0036,
166.6569,68,1,ok,1,1,8.8595,0.0007,7.9895,0.8689,0.0004,0.0479,0.7070,0.1103,0.0036,
166.6569,69,1,ok,0,1,9.5080,0.0008,8.6642,0.8421,0.0008,0.0476,0.6847,0.1062,0.0036,
166.6569,70,1,ok,1,1,9.5545,0.0009,8.6611,0.8922,0.0004,0.0487,0.7293,0.1105,0.0036,
166.6569,71,1,ok,0,1,9.2559,0.0013,8.3906,0.8629,0.0011,0.0480,0.7051,0.1061,0.0037,
166.6569,72,1,ok,1,1,8.6604,0.0005,7.7707,0.8888,0.0004,0.0475,0.7282,0.1095,0.0036,
166.6569,73,1,ok,0,1,9.2222,0.0008,8.3665,0.8537,0.0013,0.0487,0.6974,0.1040,0.0035,
166.6569,74,1,ok,1,1,9.0195,0.0007,8.1401,0.8784,0.0003,0.0482,0.7175,0.1090,0.0036,
166.6569,75,1,ok,0,1,9.5143,0.0018,8.6556,0.8559,0.0011,0.0474,0.6994,0.1056,0.0034,
166.6569,76,1,ok,1,1,8.8499,0.0019,7.9507,0.8969,0.0004,0.0476,0.7351,0.1106,0.0035,
166.6569,77,1,ok,0,1,9.2577,0.0010,8.4067,0.8488,0.0012,0.0474,0.6923,0.1052,0.0039,
166.6569,78,1,ok,1,1,9.3955,0.0004,8.5176,0.8771,0.0003,0.0480,0.7183,0.1074,0.0034,
166.6569,79,1,ok,0,1,9.8997,0.0007,9.0443,0.8544,0.0004,0.0484,0.6962,0.1061,0.0037,
166.6569,80,1,ok,1,1,9.8573,0.0004,8.9964,0.8601,0.0004,0.0484,0.6992,0.1088,0.0036,
166.6569,81,1,ok,0,1,10.3425,0.0009,9.4924,0.8484,0.0008,0.0492,0.6922,0.1035,0.0035,
166.6569,82,1,ok,1,1,10.3051,0.0007,9.4307,0.8734,0.0003,0.0488,0.7159,0.1050,0.0036,
166.6569,83,1,ok,0,1,10.0510,0.0004,9.2047,0.8453,0.0007,0.0484,0.6902,0.1030,0.0036,
166.6569,84,1,ok,1,1,10.1512,0.0011,9.2992,0.8505,0.0004,0.0480,0.6908,0.1082,0.0035,
166.6569,85,1,ok,0,1,10.6093,0.0011,9.7773,0.8299,0.0010,0.0487,0.6730,0.1046,0.0036,
166.6569,86,1,ok,1,1,8.7927,0.0016,7.8980,0.8928,0.0003,0.0478,0.7319,0.1096,0.0035,
166.6569,87,1,ok,0,1,9.0334,0.0009,8.1894,0.8420,0.0010,0.0486,0.6843,0.1053,0.0036,
166.6569,88,1,ok,1,1,9.3904,0.0008,8.5012,0.8880,0.0003,0.0485,0.7266,0.1094,0.0035,
166.6569,89,1,ok,0,1,9.8327,0.0005,8.9812,0.8498,0.0012,0.0482,0.6913,0.1067,0.0035,
166.6569,90,1,ok,1,1,10.2050,0.0008,9.3303,0.8735,0.0004,0.0482,0.7123,0.1096,0.0035,
166.6569,91,1,ok,0,1,10.2954,0.0008,9.4346,0.8590,0.0010,0.0485,0.7020,0.1046,0.0038,
166.6569,92,1,ok,1,1,10.1615,0.0009,9.2832,0.8770,0.0003,0.0482,0.7166,0.1086,0.0036,
166.6569,93,1,ok,0,1,10.3875,0.0007,9.5318,0.8536,0.0014,0.0483,0.6977,0.1039,0.0037,
166.6569,94,1,ok,1,1,10.8076,0.0002,9.9402,0.8668,0.0003,0.0489,0.7055,0.1088,0.0036,
166.6569,95,1,ok,0,1,11.0268,0.0020,10.1888,0.8352,0.0008,0.0477,0.6785,0.1054,0.0036,
166.6569,96,1,ok,1,1,9.5054,0.0010,8.6346,0.8695,0.0003,0.0486,0.7103,0.1068,0.0036,
166.6569,97,1,ok,0,1,9.6108,0.0013,8.7555,0.8533,0.0007,0.0485,0.6958,0.1056,0.0035,
166.6569,98,1,ok,1,1,8.8223,0.0005,7.9582,0.8633,0.0004,0.0480,0.7038,0.1080,0.0035,
166.6569,99,1,ok,0,1,8.4843,0.0032,7.6221,0.8579,0.0011,0.0493,0.6995,0.1053,0.0037,
166.6569,100,1,ok,1,1,8.9842,0.0002,8.1081,0.8756,0.0003,0.0489,0.7167,0.1066,0.0034,
166.6569,101,1,ok,0,1,8.8599,0.0003,8.0205,0.8374,0.0015,0.0486,0.6819,0.1035,0.0034,
166.6569,102,1,ok,1,1,8.9720,0.0009,8.1119,0.8587,0.0004,0.0482,0.6954,0.1115,0.0036,
166.6569,103,1,ok,0,1,9.0205,0.0006,8.1699,0.8485,0.0015,0.0484,0.6913,0.1051,0.0036,
166.6569,104,1,ok,1,1,9.4512,0.0001,8.5829,0.8678,0.0003,0.0477,0.7078,0.1087,0.0037,
166.6569,105,1,ok,0,1,9.3900,0.0008,8.5392,0.8484,0.0016,0.0475,0.6936,0.1038,0.0035,
166.6569,106,1,ok,1,1,9.9111,0.0004,9.0395,0.8709,0.0003,0.0484,0.7129,0.1061,0.0035,
166.6569,107,1,ok,0,1,9.9820,0.0004,9.1416,0.8387,0.0013,0.0485,0.6831,0.1034,0.0036,
166.6569,108,1,ok,1,1,10.3412,0.0004,9.4877,0.8528,0.0003,0.0482,0.6931,0.1081,0.0034,
166.6569,109,1,ok,0,1,9.5052,0.0007,8.6565,0.8473,0.0007,0.0485,0.6900,0.1051,0.0036,
166.6569,110,1,ok,1,1,9.3457,0.0008,8.4822,0.8623,0.0004,0.0484,0.7017,0.1086,0.0036,
166.6569,111,1,ok,0,1,9.4801,0.0010,8.6431,0.8343,0.0016,0.0483,0.6781,0.1043,0.0035,
166.6569,112,1,ok,1,1,9.8653,0.0005,8.9852,0.8792,0.0003,0.0475,0.7189,0.1091,0.0037,
166.6569,113,1,ok,0,1,10.0152,0.0018,9.1574,0.8546,0.0014,0.0475,0.6993,0.1043,0.0035,
166.6569,114,1,ok,1,1,9.7884,0.0011,8.9157,0.8713,0.0003,0.0484,0.7131,0.1059,0.0038,
166.6569,115,1,ok,0,1,9.2577,0.0019,8.3998,0.8547,0.0013,0.0484,0.6983,0.1043,0.0037,
166.6569,116,1,ok,1,1,9.7946,0.0005,8.9244,0.8694,0.0004,0.0476,0.7091,0.1089,0.0037,
166.6569,117,1,ok,0,1,9.6193,0.0003,8.7630,0.8550,0.0010,0.0479,0.6961,0.1074,0.0036,
166.6569,118,1,ok,1,1,9.9656,0.0005,9.0893,0.8754,0.0003,0.0482,0.7141,0.1094,0.0037,
166.6569,119,1,ok,0,1,10.0666,0.0009,9.2206,0.8443,0.0007,0.0462,0.6904,0.1041,0.0036,
166.6569,120,1,ok,1,1,10.2540,0.0008,9.3875,0.8653,0.0004,0.0484,0.7065,0.1069,0.0035,
166.6569,121,1,ok,0,1,10.1229,0.0010,9.2689,0.8526,0.0004,0.0485,0.6962,0.1045,0.0034,
166.6569,122,1,ok,1,1,10.2721,0.0006,9.4314,0.8396,0.0004,0.0487,0.6797,0.1076,0.0036,
166.6569,123,1,ok,0,1,10.1529,0.0002,9.3078,0.8437,0.0013,0.0484,0.6871,0.1046,0.0035,
166.6569,124,1,ok,1,1,10.8533,0.0011,9.9987,0.8532,0.0003,0.0487,0.6930,0.1079,0.0037,
166.6569,125,1,ok,0,1,10.8517,0.0002,10.0114,0.8382,0.0017,0.0479,0.6832,0.1037,0.0035,
166.6569,126,1,ok,1,1,11.5752,0.0003,10.7049,0.8697,0.0003,0.0483,0.7101,0.1078,0.0035,
166.6569,127,1,ok,0,1,10.7368,0.0022,9.8895,0.8438,0.0012,0.0480,0.6847,0.1073,0.0037,
166.6569,128,1,ok,1,1,10.7263,0.0007,9.8622,0.8630,0.0004,0.0482,0.7027,0.1085,0.0036,
166.6569,129,1,ok,0,1,10.1868,0.0007,9.3351,0.8498,0.0011,0.0484,0.6951,0.1029,0.0035,
166.6569,130,1,ok,1,1,10.8429,0.0008,9.9517,0.8900,0.0004,0.0482,0.7297,0.1085,0.0037,
166.6569,131,1,ok,0,1,10.8640,0.0004,10.0326,0.8302,0.0008,0.0481,0.6756,0.1030,0.0035,
166.6569,132,1,ok,1,1,10.9228,0.0008,10.0632,0.8584,0.0003,0.0488,0.6994,0.1069,0.0033,
166.6569,133,1,ok,0,1,9.9034,0.0008,9.0486,0.8533,0.0007,0.0491,0.6967,0.1039,0.0035,
166.6569,134,1,ok,1,1,10.7030,0.0008,9.8326,0.8693,0.0003,0.0480,0.7083,0.1094,0.0035,
166.6569,135,1,ok,0,1,10.4905,0.0006,9.6309,0.8571,0.0019,0.0488,0.6927,0.1118,0.0037,
166.6569,136,1,ok,1,1,11.2987,0.0019,10.4357,0.8608,0.0004,0.0489,0.7006,0.1078,0.0035,
166.6569,137,1,ok,0,1,10.7399,0.0004,9.9496,0.7895,0.0003,0.0488,0.6340,0.1032,0.0035,
166.6569,138,1,ok,0,1,11.0684,0.0009,10.2163,0.8504,0.0007,0.0484,0.6929,0.1055,0.0036,
166.6569,139,1,ok,1,1,11.0879,0.0006,10.2114,0.8756,0.0004,0.0482,0.7177,0.1061,0.0037,
166.6569,140,1,ok,0,1,11.6247,0.0011,10.7857,0.8372,0.0008,0.0484,0.6796,0.1053,0.0039,
166.6569,141,1,ok,1,1,11.4167,0.0021,10.5663,0.8479,0.0003,0.0485,0.6867,0.1093,0.0034,
166.6569,142,1,ok,0,1,12.0835,0.0005,11.2261,0.8553,0.0017,0.0477,0.6986,0.1053,0.0036,
166.6569,143,1,ok,1,1,11.4367,0.0018,10.5626,0.8719,0.0004,0.0486,0.7121,0.1077,0.0034,
166.6569,144,1,ok,0,1,11.9781,0.0009,11.1433,0.8330,0.0010,0.0478,0.6764,0.1052,0.0035,
166.6569,145,1,ok,1,1,12.0280,0.0004,11.1526,0.8746,0.0003,0.0479,0.7155,0.1075,0.0036,
166.6569,146,1,ok,0,1,12.4734,0.0009,11.6126,0.8583,0.0016,0.0482,0.7005,0.1063,0.0033,
166.6569,147,1,ok,1,1,12.1256,0.0011,11.2765,0.8476,0.0004,0.0481,0.6883,0.1075,0.0037,
166.6569,148,1,ok,0,1,12.7633,0.0008,11.9205,0.8413,0.0007,0.0484,0.6854,0.1039,0.0036,
166.6569,149,1,ok,1,1,12.7902,0.0010,11.9093,0.8796,0.0003,0.0482,0.7179,0.1099,0.0036,
166.6569,150,1,ok,0,1,11.5534,0.0008,10.7096,0.8420,0.0010,0.0487,0.6861,0.1032,0.0040,
166.6569,151,1,ok,1,1,11.3745,0.0005,10.4934,0.8802,0.0004,0.0480,0.7213,0.1072,0.0036,
166.6569,152,1,ok,0,1,11.8090,0.0009,10.9671,0.8397,0.0013,0.0474,0.6839,0.1045,0.0038,
166.6569,153,1,ok,1,1,11.7749,0.0010,10.9036,0.8700,0.0003,0.0485,0.7119,0.1061,0.0035,
166.6569,154,1,ok,0,1,12.3441,0.0007,11.4995,0.8431,0.0009,0.0476,0.6876,0.1043,0.0035,
166.6569,155,1,ok,1,1,12.5006,0.0002,11.6366,0.8634,0.0003,0.0479,0.7017,0.1102,0.0035,
166.6569,156,1,ok,0,1,12.9380,0.0009,12.1030,0.8334,0.0006,0.0486,0.6771,0.1040,0.0036,
166.6569,157,1,ok,1,1,12.8980,0.0007,12.0319,0.8652,0.0003,0.0481,0.6997,0.1138,0.0035,
166.6569,158,1,ok,0,1,13.3803,0.0007,12.5236,0.8547,0.0012,0.0480,0.6969,0.1064,0.0034,
166.6569,159,1,ok,1,1,13.5958,0.0003,12.7140,0.8811,0.0004,0.0478,0.7228,0.1071,0.0035,
166.6569,160,1,ok,0,1,14.1232,0.0009,13.2633,0.8576,0.0014,0.0477,0.7025,0.1038,0.0035,
166.6569,161,1,ok,1,1,14.0677,0.0014,13.2089,0.8571,0.0003,0.0496,0.6939,0.1097,0.0038,
166.6569,162,1,ok,0,1,14.5086,0.0009,13.6697,0.8370,0.0010,0.0486,0.6806,0.1041,0.0036,
166.6569,163,1,ok,1,1,13.9991,0.0015,13.1235,0.8737,0.0003,0.0483,0.7174,0.1046,0.0035,
166.6569,164,1,ok,0,1,13.7987,0.0005,12.9522,0.8446,0.0013,0.0480,0.6900,0.1030,0.0036,
166.6569,165,1,ok,1,1,14.1174,0.0012,13.2646,0.8513,0.0003,0.0482,0.6904,0.1091,0.0037,
166.6569,166,1,ok,0,1,14.5134,0.0005,13.6739,0.8382,0.0008,0.0489,0.6803,0.1053,0.0036,
166.6569,167,1,ok,1,1,14.4894,0.0007,13.6208,0.8675,0.0004,0.0483,0.7061,0.1094,0.0036,
166.6569,168,1,ok,0,1,14.8925,0.0021,14.0264,0.8631,0.0008,0.0481,0.7075,0.1039,0.0036,
166.6569,169,1,ok,1,1,15.2211,0.0001,14.3513,0.8692,0.0003,0.0480,0.7086,0.1087,0.0039,
166.6569,170,1,ok,0,1,14.6745,0.0012,13.8533,0.8194,0.0006,0.0484,0.6649,0.1022,0.0038,
166.6569,171,1,ok,1,1,14.8218,0.0018,13.9277,0.8920,0.0004,0.0480,0.7309,0.1096,0.0034,
166.6569,172,1,ok,0,1,14.9904,0.0008,14.1386,0.8494,0.0015,0.0472,0.6932,0.1055,0.0035,
166.6569,173,1,ok,1,1,14.9044,0.0008,14.0379,0.8653,0.0004,0.0484,0.6960,0.1174,0.0035,
166.6569,174,1,ok,0,1,14.7004,0.0011,13.8434,0.8542,0.0018,0.0487,0.6967,0.1053,0.0034,
166.6569,175,1,ok,1,1,15.1159,0.0002,14.2349,0.8804,0.0003,0.0468,0.7225,0.1074,0.0037,
166.6569,176,1,ok,0,1,15.4387,0.0007,14.5870,0.8498,0.0012,0.0480,0.6917,0.1065,0.0036,
166.6569,177,1,ok,1,1,15.7567,0.0008,14.8754,0.8794,0.0012,0.0481,0.7200,0.1078,0.0035,
166.6569,178,1,ok,0,1,15.8875,0.0019,15.0354,0.8498,0.0004,0.0482,0.6945,0.1035,0.0034,
166.6569,179,1,ok,1,1,16.2098,0.0007,15.3312,0.8759,0.0020,0.0482,0.7167,0.1074,0.0036,
166.6569,180,1,ok,0,1,16.0396,0.0008,15.1900,0.8483,0.0004,0.0491,0.6910,0.1048,0.0035,
166.6569,181,1,ok,1,1,16.2068,0.0009,15.3359,0.8683,0.0017,0.0470,0.7087,0.1090,0.0036,
166.6569,182,1,ok,0,1,15.0036,0.0011,14.1432,0.8589,0.0004,0.0478,0.7046,0.1030,0.0035,
166.6569,183,1,ok,1,1,15.5551,0.0009,14.6761,0.8774,0.0007,0.0476,0.7183,0.1079,0.0034,
166.6569,184,1,ok,0,1,15.6286,0.0007,14.7801,0.8474,0.0004,0.0483,0.6915,0.1041,0.0035,
166.6569,185,1,ok,1,1,16.0873,0.0008,15.2196,0.8655,0.0015,0.0489,0.7048,0.1081,0.0037,
166.6569,186,1,ok,0,1,15.6112,0.0010,14.7662,0.8436,0.0004,0.0491,0.6864,0.1045,0.0035,
166.6569,187,1,ok,1,1,16.1382,0.0003,15.2719,0.8642,0.0018,0.0475,0.7058,0.1072,0.0036,
166.6569,188,1,ok,0,1,16.2844,0.0006,15.4317,0.8517,0.0003,0.0486,0.6963,0.1033,0.0035,
166.6569,189,1,ok,1,1,16.7199,0.0011,15.8468,0.8699,0.0021,0.0477,0.7100,0.1087,0.0035,
166.6569,190,1,ok,0,1,16.7175,0.0008,15.8720,0.8444,0.0003,0.0481,0.6887,0.1042,0.0034,
166.6569,191,1,ok,1,1,17.2641,0.0005,16.4046,0.8573,0.0017,0.0479,0.6972,0.1087,0.0035,
166.6569,192,1,ok,0,1,17.3458,0.0012,16.4953,0.8489,0.0004,0.0491,0.6918,0.1044,0.0036,
166.6569,193,1,ok,1,1,17.1013,0.0011,16.2352,0.8637,0.0013,0.0486,0.7026,0.1088,0.0036,
166.6569,194,1,ok,0,1,17.0541,0.0007,16.2101,0.8430,0.0003,0.0485,0.6860,0.1050,0.0034,
166.6569,195,1,ok,1,1,17.0492,0.0008,16.1784,0.8693,0.0006,0.0462,0.7120,0.1076,0.0035,
166.6569,196,1,ok,0,1,16.9061,0.0007,16.0543,0.8508,0.0004,0.0484,0.6939,0.1050,0.0035,
166.6569,197,1,ok,1,1,17.6177,0.0012,16.7416,0.8741,0.0009,0.0488,0.7145,0.1069,0.0039,
166.6569,198,1,ok,0,1,15.1210,0.0006,14.2804,0.8396,0.0004,0.0496,0.6810,0.1048,0.0043,
166.6569,199,1,ok,1,1,15.2355,0.0006,14.3598,0.8744,0.0006,0.0481,0.7129,0.1098,0.0036,
166.6569,200,1,ok,0,1,14.0730,0.0014,13.2181,0.8532,0.0003,0.0485,0.6977,0.1032,0.0037,
166.6569,201,1,ok,1,1,13.8986,0.0005,13.0452,0.8510,0.0019,0.0475,0.6906,0.1091,0.0037,
166.6569,202,1,ok,0,1,13.2756,0.0012,12.4527,0.8213,0.0004,0.0482,0.6664,0.1030,0.0037,
166.6569,203,1,ok,1,1,14.0184,0.0009,13.1524,0.8648,0.0004,0.0482,0.7037,0.1094,0.0034,
166.6569,204,1,ok,0,1,13.8090,0.0022,12.9685,0.8378,0.0004,0.0491,0.6802,0.1050,0.0035,
166.6569,205,1,ok,1,1,14.5563,0.0008,13.6916,0.8633,0.0006,0.0482,0.7042,0.1071,0.0037,
166.6569,206,1,ok,0,1,14.3838,0.0010,13.5369,0.8455,0.0004,0.0481,0.6891,0.1044,0.0039,
166.6569,207,1,ok,1,1,15.2234,0.0004,14.3497,0.8731,0.0003,0.0481,0.7119,0.1095,0.0035,
166.6569,208,1,ok,0,1,15.0506,0.0011,14.1894,0.8574,0.0027,0.0488,0.7012,0.1037,0.0037,
166.6569,209,1,ok,0,1,14.3741,0.0009,13.5302,0.8425,0.0004,0.0488,0.6857,0.1040,0.0041,
160.0214,0,0,ok,1,1,0.6974,0.0009,0.0000,0.6947,0.0018,0.0486,0.5528,0.0896,0.0036,
160.0214,1,0,ok,0,1,0.6983,0.0017,0.0000,0.6961,0.0005,0.0480,0.5551,0.0894,0.0034,
160.0214,2,0,ok,1,1,1.3373,0.0014,0.5659,0.7683,0.0017,0.0481,0.6126,0.1039,0.0037,
160.0214,3,0,ok,0,1,1.2574,0.0009,0.4820,0.7740,0.0004,0.0470,0.6221,0.1013,0.0036,
160.0214,4,0,ok,1,1,1.6137,0.0022,0.7404,0.8709,0.0003,0.0472,0.7115,0.1083,0.0038,
160.0214,5,0,ok,0,1,1.1851,0.0013,0.3326,0.8483,0.0029,0.0477,0.6907,0.1062,0.0036,
160.0214,6,0,ok,0,1,1.2104,0.0016,0.3485,0.8600,0.0004,0.0477,0.7033,0.1054,0.0036,
160.0214,7,0,ok,1,1,1.1909,0.0006,0.3205,0.8679,0.0019,0.0483,0.7086,0.1071,0.0038,
160.0214,8,0,ok,0,1,1.8195,0.0014,0.9694,0.8483,0.0004,0.0489,0.6920,0.1039,0.0035,
160.0214,9,0,ok,1,1,1.8460,0.0002,0.9738,0.8717,0.0003,0.0476,0.7140,0.1064,0.0036,
160.0214,10,1,ok,0,1,2.5551,0.0009,1.7148,0.8392,0.0003,0.0485,0.6817,0.1049,0.0040,
160.0214,11,1,ok,1,1,2.3497,0.0003,1.4893,0.8588,0.0012,0.0486,0.7004,0.1060,0.0037,
160.0214,12,1,ok,0,1,3.1177,0.0004,2.2808,0.8362,0.0004,0.0479,0.6784,0.1063,0.0036,
160.0214,13,1,ok,1,1,3.1145,0.0004,2.2560,0.8573,0.0007,0.0479,0.6972,0.1086,0.0036,
160.0214,14,1,ok,0,1,3.4983,0.0014,2.6397,0.8569,0.0004,0.0478,0.7004,0.1051,0.0037,
160.0214,15,1,ok,1,1,3.2727,0.0010,2.4248,0.8450,0.0019,0.0481,0.6858,0.1074,0.0036,
160.0214,16,1,ok,0,1,3.9740,0.0008,3.1089,0.8639,0.0003,0.0479,0.7072,0.1053,0.0035,
160.0214,17,1,ok,1,1,3.7187,0.0007,2.8450,0.8713,0.0017,0.0471,0.7139,0.1067,0.0036,
160.0214,18,1,ok,0,1,3.8614,0.0005,3.0184,0.8422,0.0004,0.0485,0.6854,0.1045,0.0037,
160.0214,19,1,ok,1,1,3.9567,0.0002,3.0945,0.8608,0.0012,0.0477,0.7029,0.1065,0.0036,
160.0214,20,1,ok,0,1,4.0844,0.0005,3.2440,0.8396,0.0003,0.0478,0.6853,0.1030,0.0034,
160.0214,21,1,ok,1,1,3.7600,0.0009,2.8922,0.8650,0.0019,0.0481,0.7068,0.1067,0.0034,
160.0214,22,1,ok,0,1,4.3248,0.0013,3.4781,0.8451,0.0004,0.0484,0.6884,0.1047,0.0036,
160.0214,23,1,ok,1,1,4.4047,0.0010,3.5397,0.8630,0.0009,0.0475,0.7032,0.1088,0.0035,
160.0214,24,1,ok,0,1,3.9352,0.0005,3.0793,0.8551,0.0003,0.0484,0.6998,0.1034,0.0035,
160.0214,25,1,ok,1,1,3.9272,0.0009,3.0683,0.8559,0.0021,0.0485,0.6952,0.1087,0.0034,
160.0214,26,1,ok,0,1,4.5722,0.0015,3.7434,0.8270,0.0003,0.0485,0.6709,0.1040,0.0036,
160.0214,27,1,ok,1,1,4.7216,0.0005,3.8521,0.8678,0.0012,0.0473,0.7112,0.1056,0.0037,
160.0214,28,1,ok,0,1,4.6819,0.0010,3.8279,0.8526,0.0004,0.0489,0.6943,0.1057,0.0036,
160.0214,29,1,ok,1,1,4.5194,0.0024,3.6670,0.8487,0.0013,0.0477,0.6901,0.1073,0.0036,
160.0214,30,1,ok,0,1,4.5577,0.0010,3.7168,0.8395,0.0003,0.0481,0.6829,0.1050,0.0035,
160.0214,31,1,ok,1,1,4.2777,0.0010,3.4109,0.8644,0.0015,0.0485,0.7049,0.1073,0.0037,
160.0214,32,1,ok,0,1,4.6283,0.0003,3.7787,0.8489,0.0003,0.0472,0.6933,0.1046,0.0038,
160.0214,33,1,ok,1,1,3.4948,0.0012,2.6326,0.8599,0.0012,0.0471,0.7023,0.1067,0.0037,
160.0214,34,1,ok,0,1,3.9324,0.0007,3.0934,0.8380,0.0004,0.0488,0.6824,0.1031,0.0037,
160.0214,35,1,ok,1,1,3.8804,0.0010,3.0144,0.8645,0.0006,0.0475,0.7048,0.1084,0.0036,
160.0214,36,1,ok,0,1,3.8223,0.0006,2.9676,0.8537,0.0004,0.0477,0.6991,0.1033,0.0035,
160.0214,37,1,ok,1,1,3.7159,0.0007,2.8552,0.8586,0.0013,0.0494,0.6982,0.1072,0.0037,
160.0214,38,1,ok,0,1,3.5472,0.0018,2.7174,0.8276,0.0004,0.0479,0.6714,0.1047,0.0035,
160.0214,39,1,ok,1,1,3.5322,0.0008,2.6504,0.8799,0.0010,0.0478,0.7216,0.1070,0.0036,
160.0214,40,1,ok,0,1,3.6204,0.0005,2.7665,0.8530,0.0004,0.0486,0.6962,0.1047,0.0035,
160.0214,41,1,ok,1,1,3.9306,0.0021,3.0553,0.8717,0.0015,0.0478,0.7131,0.1070,0.0037,
160.0214,42,1,ok,0,1,4.3409,0.0003,3.5055,0.8347,0.0004,0.0480,0.6812,0.1018,0.0036,
160.0214,43,1,ok,1,1,4.5643,0.0004,3.7051,0.8564,0.0024,0.0470,0.6973,0.1087,0.0034,
160.0214,44,1,ok,0,1,5.0155,0.0010,4.1807,0.8335,0.0004,0.0479,0.6785,0.1036,0.0035,
160.0214,45,1,ok,1,1,5.2858,0.0008,4.4330,0.8511,0.0009,0.0476,0.6916,0.1080,0.0038,
160.0214,46,1,ok,0,1,5.7314,0.0010,4.8752,0.8548,0.0004,0.0480,0.6986,0.1046,0.0035,
160.0214,47,1,ok,1,1,5.9787,0.0020,5.1218,0.8530,0.0020,0.0483,0.6950,0.1060,0.0036,
160.0214,48,1,ok,0,1,6.0860,0.0009,5.2297,0.8550,0.0004,0.0477,0.6991,0.1046,0.0036,
160.0214,49,1,ok,1,1,6.2990,0.0011,5.4289,0.8671,0.0019,0.0476,0.7069,0.1090,0.0036,
160.0214,50,1,ok,0,1,6.5829,0.0010,5.7414,0.8401,0.0004,0.0471,0.6859,0.1033,0.0037,
160.0214,51,1,ok,1,1,6.9215,0.0005,6.0369,0.8829,0.0011,0.0473,0.7230,0.1089,0.0037,
160.0214,52,1,ok,0,1,7.2255,0.0003,6.3781,0.8468,0.0004,0.0478,0.6896,0.1058,0.0035,
160.0214,53,1,ok,1,1,6.6505,0.0010,5.7695,0.8768,0.0032,0.0479,0.7085,0.1166,0.0038,
160.0214,54,1,ok,0,1,6.6556,0.0003,5.7991,0.8558,0.0003,0.0480,0.6998,0.1044,0.0036,
160.0214,55,1,ok,1,1,6.7777,0.0009,5.9058,0.8696,0.0014,0.0473,0.7094,0.1095,0.0035,
160.0214,56,1,ok,0,1,7.0835,0.0007,6.2323,0.8501,0.0003,0.0477,0.6954,0.1036,0.0035,
160.0214,57,1,ok,1,1,7.1016,0.0004,6.2172,0.8823,0.0017,0.0478,0.7220,0.1089,0.0035,
160.0214,58,1,ok,0,1,7.3747,0.0032,6.5237,0.8474,0.0004,0.0474,0.6932,0.1030,0.0038,
160.0214,59,1,ok,1,1,7.7079,0.0024,6.8534,0.8514,0.0007,0.0486,0.6926,0.1066,0.0036,
160.0214,60,1,ok,0,1,6.3263,0.0008,5.4857,0.8391,0.0006,0.0480,0.6842,0.1034,0.0034,
160.0214,61,1,ok,1,1,6.4875,0.0013,5.6143,0.8715,0.0004,0.0484,0.7114,0.1081,0.0036,
160.0214,62,1,ok,0,1,6.4811,0.0016,5.6364,0.8426,0.0005,0.0479,0.6859,0.1053,0.0035,
160.0214,63,1,ok,1,1,6.6072,0.0022,5.7474,0.8573,0.0003,0.0485,0.6969,0.1083,0.0035,
160.0214,64,1,ok,0,1,6.1925,0.0011,5.3535,0.8376,0.0004,0.0486,0.6826,0.1028,0.0036,
160.0214,65,1,ok,1,1,6.2084,0.0005,5.3519,0.8557,0.0003,0.0487,0.6944,0.1091,0.0035,
160.0214,66,1,ok,0,1,6.3737,0.0002,5.5338,0.8394,0.0004,0.0480,0.6836,0.1041,0.0036,
160.0214,67,1,ok,1,1,6.9694,0.0021,6.0965,0.8705,0.0003,0.0490,0.7097,0.1079,0.0037,
160.0214,68,1,ok,0,1,7.0730,0.0012,6.2182,0.8532,0.0003,0.0477,0.6989,0.1030,0.0036,
160.0214,69,1,ok,1,1,7.5552,0.0005,6.7099,0.8444,0.0003,0.0487,0.6860,0.1061,0.0036,
160.0214,70,1,ok,0,1,7.6956,0.0008,6.8665,0.8280,0.0003,0.0485,0.6727,0.1032,0.0036,
160.0214,71,1,ok,1,1,7.2792,0.0007,6.3922,0.8861,0.0003,0.0478,0.7236,0.1109,0.0038,
160.0214,72,1,ok,0,1,6.6787,0.0012,5.8371,0.8401,0.0003,0.0487,0.6826,0.1052,0.0036,
160.0214,73,1,ok,1,1,7.2192,0.0008,6.3529,0.8652,0.0003,0.0497,0.7040,0.1079,0.0036,
160.0214,74,1,ok,0,1,6.9855,0.0009,6.1366,0.8476,0.0004,0.0482,0.6908,0.1050,0.0036,
160.0214,75,1,ok,1,1,7.4894,0.0004,6.6305,0.8582,0.0003,0.0485,0.6979,0.1084,0.0035,
160.0214,76,1,ok,0,1,6.7233,0.0006,5.8738,0.8485,0.0004,0.0485,0.6928,0.1036,0.0035,
160.0214,77,1,ok,1,1,7.2092,0.0007,6.3362,0.8720,0.0003,0.0482,0.7099,0.1099,0.0039,
160.0214,78,1,ok,0,1,7.2180,0.0006,6.3771,0.8400,0.0004,0.0482,0.6841,0.1042,0.0034,
160.0214,79,1,ok,1,1,7.8757,0.0006,6.9870,0.8877,0.0004,0.0484,0.7255,0.1100,0.0037,
160.0214,80,1,ok,0,1,7.6461,0.0012,6.8017,0.8429,0.0003,0.0480,0.6878,0.1034,0.0036,
160.0214,81,1,ok,1,1,8.3107,0.0005,7.4519,0.8579,0.0003,0.0480,0.6989,0.1075,0.0035,
160.0214,82,1,ok,0,1,8.0562,0.0005,7.2020,0.8534,0.0003,0.0481,0.6978,0.1040,0.0036,
160.0214,83,1,ok,1,1,7.9875,0.0012,7.1249,0.8612,0.0003,0.0487,0.7015,0.1073,0.0036,
160.0214,84,1,ok,0,1,7.8512,0.0005,7.0092,0.8411,0.0004,0.0475,0.6852,0.1048,0.0035,
160.0214,85,1,ok,1,1,8.5683,0.0008,7.7027,0.8644,0.0003,0.0483,0.7072,0.1054,0.0036,
160.0214,86,1,ok,0,1,6.3396,0.0007,5.5054,0.8331,0.0004,0.0489,0.6788,0.1018,0.0035,
160.0214,87,1,ok,1,1,6.9048,0.0002,6.0487,0.8554,0.0004,0.0487,0.6919,0.1111,0.0037,
160.0214,88,1,ok,0,1,6.8700,0.0016,6.0351,0.8329,0.0004,0.0479,0.6779,0.1035,0.0036,
160.0214,89,1,ok,1,1,7.7257,0.0007,6.8503,0.8729,0.0018,0.0486,0.7118,0.1090,0.0035,
160.0214,90,1,ok,0,1,7.6545,0.0003,6.8082,0.8457,0.0004,0.0488,0.6887,0.1047,0.0034,
160.0214,91,1,ok,0,1,8.1243,0.0013,7.2830,0.8396,0.0004,0.0482,0.6852,0.1023,0.0038,
160.0214,92,1,ok,1,1,7.5940,0.0011,6.7219,0.8701,0.0008,0.0480,0.7131,0.1053,0.0037,
160.0214,93,1,ok,0,1,8.1776,0.0018,7.3280,0.8474,0.0004,0.0472,0.6921,0.1043,0.0037,
160.0214,94,1,ok,1,1,8.2168,0.0003,7.3635,0.8521,0.0010,0.0481,0.6920,0.1082,0.0037,
160.0214,95,1,ok,0,1,8.8156,0.0003,7.9724,0.8418,0.0011,0.0482,0.6851,0.1047,0.0037,
160.0214,96,1,ok,1,1,6.8314,0.0003,5.9545,0.8763,0.0003,0.0477,0.7160,0.1089,0.0037,
160.0214,97,1,ok,0,1,7.2954,0.0004,6.4510,0.8434,0.0006,0.0484,0.6874,0.1040,0.0035,
160.0214,98,1,ok,1,1,6.1333,0.0009,5.2196,0.9124,0.0004,0.0468,0.7528,0.1092,0.0035,
160.0214,99,1,ok,0,1,6.0749,0.0010,5.2266,0.8469,0.0004,0.0484,0.6928,0.1020,0.0037,
160.0214,100,1,ok,1,1,6.2692,0.0008,5.3889,0.8774,0.0021,0.0479,0.7173,0.1088,0.0034,
160.0214,101,1,ok,0,1,6.4203,0.0014,5.5909,0.8276,0.0004,0.0476,0.6744,0.1021,0.0034,
160.0214,102,1,ok,1,1,6.2257,0.0007,5.3610,0.8619,0.0020,0.0477,0.7019,0.1087,0.0036,
160.0214,103,1,ok,0,1,6.5470,0.0008,5.7016,0.8443,0.0004,0.0481,0.6879,0.1047,0.0036,
160.0214,104,1,ok,1,1,6.6856,0.0006,5.8200,0.8632,0.0018,0.0486,0.7031,0.1077,0.0037,
160.0214,105,1,ok,0,1,6.8946,0.0010,6.0456,0.8476,0.0004,0.0484,0.6927,0.1029,0.0035,
160.0214,106,1,ok,1,1,7.1205,0.0009,6.2563,0.8629,0.0003,0.0484,0.7024,0.1086,0.0035,
160.0214,107,1,ok,0,1,7.4731,0.0006,6.6357,0.8364,0.0004,0.0478,0.6822,0.1028,0.0036,
160.0214,108,1,ok,1,1,7.5466,0.0012,6.6786,0.8645,0.0022,0.0484,0.7068,0.1058,0.0034,
160.0214,109,1,ok,0,1,6.9331,0.0012,6.0922,0.8393,0.0004,0.0481,0.6846,0.1029,0.0036,
160.0214,110,1,ok,1,1,6.4723,0.0009,5.6104,0.8589,0.0020,0.0481,0.6997,0.1075,0.0035,
160.0214,111,1,ok,0,1,6.8891,0.0005,6.0357,0.8525,0.0004,0.0479,0.6978,0.1032,0.0035,
160.0214,112,1,ok,1,1,6.9643,0.0004,6.0970,0.8654,0.0016,0.0474,0.7058,0.1084,0.0037,
160.0214,113,1,ok,0,1,7.4061,0.0007,6.5542,0.8508,0.0003,0.0487,0.6892,0.1092,0.0036,
160.0214,114,1,ok,1,1,6.8426,0.0005,5.9761,0.8651,0.0010,0.0478,0.7024,0.1111,0.0038,
160.0214,115,1,ok,0,1,6.5736,0.0009,5.7248,0.8476,0.0003,0.0467,0.6945,0.1027,0.0037,
160.0214,116,1,ok,1,1,6.8122,0.0005,5.9427,0.8683,0.0007,0.0483,0.7070,0.1092,0.0037,
160.0214,117,1,ok,0,1,6.9140,0.0021,6.0566,0.8550,0.0003,0.0483,0.6997,0.1034,0.0036,
160.0214,118,1,ok,1,1,6.9562,0.0009,6.0773,0.8761,0.0019,0.0485,0.7185,0.1054,0.0037,
160.0214,119,1,ok,0,1,7.3361,0.0002,6.4996,0.8360,0.0004,0.0481,0.6809,0.1033,0.0036,
160.0214,120,1,ok,1,1,7.2159,0.0008,6.3542,0.8602,0.0007,0.0471,0.7018,0.1077,0.0035,
160.0214,121,1,ok,0,1,7.3347,0.0006,6.5059,0.8279,0.0003,0.0483,0.6701,0.1058,0.0035,
160.0214,122,1,ok,1,1,7.2429,0.0009,6.3590,0.8812,0.0018,0.0484,0.7219,0.1073,0.0036,
160.0214,123,1,ok,0,1,7.3342,0.0035,6.4824,0.8479,0.0004,0.0484,0.6912,0.1047,0.0035,
160.0214,124,1,ok,1,1,7.8373,0.0033,6.9560,0.8765,0.0015,0.0475,0.7173,0.1080,0.0037,
160.0214,125,1,ok,0,1,8.0295,0.0010,7.1861,0.8421,0.0004,0.0484,0.6854,0.1048,0.0035,
160.0214,126,1,ok,1,1,8.5560,0.0007,7.6823,0.8717,0.0014,0.0480,0.7119,0.1081,0.0035,
160.0214,127,1,ok,0,1,7.8694,0.0013,7.0285,0.8392,0.0004,0.0485,0.6848,0.1023,0.0036,
160.0214,128,1,ok,1,1,7.6357,0.0002,6.7726,0.8614,0.0016,0.0480,0.7026,0.1072,0.0036,
160.0214,129,1,ok,0,1,7.2515,0.0008,6.4095,0.8409,0.0003,0.0483,0.6836,0.1055,0.0034,
160.0214,130,1,ok,1,1,7.6888,0.0003,6.8296,0.8574,0.0016,0.0477,0.6982,0.1078,0.0037,
160.0214,131,1,ok,0,1,7.9310,0.0011,7.0903,0.8393,0.0004,0.0481,0.6749,0.1129,0.0034,
160.0214,132,1,ok,1,1,7.7496,0.0019,6.8757,0.8709,0.0011,0.0471,0.7131,0.1073,0.0034,
160.0214,133,1,ok,0,1,6.8892,0.0010,6.0401,0.8478,0.0003,0.0472,0.6928,0.1042,0.0035,
160.0214,134,1,ok,1,1,7.4860,0.0005,6.6145,0.8701,0.0009,0.0483,0.7122,0.1060,0.0035,
160.0214,135,1,ok,0,1,7.4617,0.0007,6.6054,0.8553,0.0003,0.0479,0.6989,0.1048,0.0037,
160.0214,136,1,ok,1,1,8.0956,0.0009,7.2087,0.8832,0.0028,0.0471,0.7241,0.1084,0.0035,
160.0214,137,1,ok,0,1,7.7364,0.0020,6.8968,0.8373,0.0003,0.0484,0.6826,0.1027,0.0035,
160.0214,138,1,ok,1,1,7.8802,0.0010,7.0142,0.8634,0.0016,0.0478,0.7036,0.1083,0.0036,
160.0214,139,1,ok,0,1,7.9802,0.0008,7.1398,0.8393,0.0003,0.0475,0.6836,0.1047,0.0036,
160.0214,140,1,ok,1,1,8.4490,0.0013,7.5856,0.8617,0.0004,0.0478,0.7011,0.1089,0.0039,
160.0214,141,1,ok,0,1,8.2796,0.0004,7.4388,0.8400,0.0003,0.0487,0.6847,0.1033,0.0034,
160.0214,142,1,ok,1,1,8.9042,0.0011,8.0331,0.8694,0.0005,0.0477,0.7094,0.1086,0.0036,
160.0214,143,1,ok,0,1,8.2190,0.0012,7.3909,0.8266,0.0004,0.0481,0.6708,0.1042,0.0034,
160.0214,144,1,ok,1,1,8.8058,0.0022,7.9237,0.8781,0.0019,0.0484,0.7179,0.1083,0.0035,
160.0214,145,1,ok,0,1,8.7758,0.0011,7.9224,0.8519,0.0004,0.0478,0.6959,0.1046,0.0036,
160.0214,146,1,ok,1,1,9.3030,0.0006,8.4255,0.8747,0.0023,0.0483,0.7154,0.1076,0.0033,
160.0214,147,1,ok,0,1,8.8318,0.0009,7.9935,0.8371,0.0003,0.0488,0.6791,0.1055,0.0037,
160.0214,148,1,ok,1,1,9.5950,0.0009,8.7271,0.8658,0.0013,0.0474,0.7066,0.1081,0.0036,
160.0214,149,1,ok,0,1,9.4606,0.0002,8.6073,0.8527,0.0003,0.0479,0.6960,0.1053,0.0036,
160.0214,150,1,ok,1,1,8.3279,0.0007,7.4563,0.8694,0.0016,0.0482,0.7077,0.1094,0.0040,
160.0214,151,1,ok,0,1,7.9077,0.0008,7.0683,0.8382,0.0003,0.0491,0.6818,0.1038,0.0036,
160.0214,152,1,ok,0,1,8.5432,0.0005,7.6911,0.8513,0.0004,0.0486,0.6947,0.1042,0.0038,
160.0214,153,1,ok,1,1,8.2970,0.0010,7.4440,0.8507,0.0013,0.0478,0.6919,0.1075,0.0035,
160.0214,154,1,ok,0,1,9.0622,0.0007,8.2208,0.8403,0.0004,0.0481,0.6855,0.1032,0.0035,
160.0214,155,1,ok,1,1,9.0312,0.0005,8.1528,0.8762,0.0017,0.0477,0.7148,0.1102,0.0035,
160.0214,156,1,ok,0,1,9.6559,0.0011,8.8111,0.8434,0.0003,0.0474,0.6879,0.1044,0.0037,
160.0214,157,1,ok,1,1,9.4147,0.0010,8.5427,0.8689,0.0022,0.0477,0.7088,0.1088,0.0035,
160.0214,158,1,ok,0,1,10.0772,0.0011,9.2240,0.8518,0.0004,0.0481,0.6927,0.1076,0.0034,
160.0214,159,1,ok,1,1,10.0924,0.0010,9.2224,0.8674,0.0016,0.0477,0.7084,0.1079,0.0035,
160.0214,160,1,ok,0,1,10.8019,0.0006,9.9558,0.8452,0.0003,0.0485,0.6911,0.1021,0.0035,
160.0214,161,1,ok,1,1,10.5569,0.0002,9.6907,0.8648,0.0012,0.0483,0.7064,0.1065,0.0037,
160.0214,162,1,ok,0,1,11.1673,0.0009,10.3297,0.8364,0.0004,0.0482,0.6810,0.1036,0.0036,
160.0214,163,1,ok,1,1,10.4283,0.0010,9.5742,0.8521,0.0010,0.0478,0.6924,0.1084,0.0034,
160.0214,164,1,ok,0,1,10.3927,0.0022,9.5447,0.8455,0.0003,0.0474,0.6894,0.1052,0.0036,
160.0214,165,1,ok,1,1,10.5554,0.0018,9.6627,0.8897,0.0012,0.0476,0.7293,0.1091,0.0036,
160.0214,166,1,ok,0,1,11.1106,0.0035,10.2598,0.8469,0.0004,0.0483,0.6910,0.1040,0.0036,
160.0214,167,1,ok,1,1,10.9080,0.0013,10.0376,0.8678,0.0012,0.0476,0.7091,0.1075,0.0036,
160.0214,168,1,ok,0,1,11.4446,0.0011,10.6046,0.8385,0.0004,0.0482,0.6830,0.1038,0.0036,
160.0214,169,1,ok,1,1,11.6373,0.0010,10.7633,0.8714,0.0015,0.0482,0.7133,0.1060,0.0038,
160.0214,170,1,ok,0,1,11.2078,0.0013,10.3623,0.8440,0.0003,0.0487,0.6881,0.1033,0.0038,
160.0214,171,1,ok,1,1,11.1551,0.0005,10.2916,0.8611,0.0018,0.0478,0.7025,0.1074,0.0035,
160.0214,172,1,ok,0,1,11.4964,0.0010,10.6495,0.8456,0.0003,0.0476,0.6917,0.1028,0.0035,
160.0214,173,1,ok,1,1,11.2105,0.0003,10.3391,0.8697,0.0013,0.0477,0.7100,0.1085,0.0035,
160.0214,174,1,ok,0,1,11.1225,0.0003,10.3026,0.8191,0.0003,0.0480,0.6653,0.1025,0.0034,
160.0214,175,1,ok,1,1,11.3865,0.0003,10.5132,0.8713,0.0017,0.0476,0.7116,0.1084,0.0037,
160.0214,176,1,ok,0,1,11.8405,0.0002,11.0048,0.8351,0.0003,0.0479,0.6800,0.1036,0.0036,
160.0214,177,1,ok,1,1,12.0038,0.0008,11.1360,0.8657,0.0013,0.0491,0.7020,0.1110,0.0036,
160.0214,178,1,ok,0,1,12.2719,0.0016,11.4209,0.8491,0.0003,0.0478,0.6920,0.1058,0.0034,
160.0214,179,1,ok,1,1,12.4053,0.0009,11.5604,0.8422,0.0018,0.0489,0.6836,0.1061,0.0036,
160.0214,180,1,ok,0,1,12.4002,0.0010,11.5452,0.8536,0.0003,0.0483,0.6983,0.1035,0.0035,
160.0214,181,1,ok,1,1,12.3611,0.0010,11.4951,0.8635,0.0015,0.0474,0.7055,0.1070,0.0036,
160.0214,182,1,ok,0,1,11.2660,0.0015,10.4248,0.8393,0.0003,0.0478,0.6829,0.1052,0.0035,
160.0214,183,1,ok,1,1,11.6429,0.0008,10.7672,0.8733,0.0017,0.0481,0.7146,0.1070,0.0035,
160.0214,184,1,ok,0,1,11.8828,0.0009,11.0331,0.8485,0.0004,0.0478,0.6930,0.1041,0.0035,
160.0214,185,1,ok,1,1,12.1573,0.0010,11.2934,0.8620,0.0010,0.0473,0.7033,0.1076,0.0038,
160.0214,186,1,ok,0,1,11.8358,0.0026,10.9831,0.8498,0.0003,0.0483,0.6940,0.1038,0.0036,
160.0214,187,1,ok,1,1,12.1754,0.0002,11.3082,0.8655,0.0015,0.0484,0.7046,0.1089,0.0036,
160.0214,188,1,ok,0,1,12.4860,0.0005,11.6490,0.8361,0.0003,0.0487,0.6804,0.1035,0.0035,
160.0214,189,1,ok,1,1,12.7461,0.0007,11.8725,0.8711,0.0018,0.0482,0.7118,0.1076,0.0035,
160.0214,190,1,ok,0,1,12.9155,0.0006,12.0567,0.8578,0.0004,0.0474,0.7020,0.1050,0.0034,
160.0214,191,1,ok,1,1,13.2802,0.0004,12.4178,0.8599,0.0021,0.0478,0.7004,0.1081,0.0035,
160.0214,192,1,ok,0,1,13.5299,0.0008,12.6845,0.8442,0.0004,0.0484,0.6887,0.1035,0.0036,
160.0214,193,1,ok,1,1,13.0928,0.0010,12.2088,0.8798,0.0032,0.0480,0.7133,0.1148,0.0037,
160.0214,194,1,ok,0,1,13.1983,0.0005,12.3473,0.8501,0.0004,0.0478,0.6944,0.1044,0.0034,
160.0214,195,1,ok,1,1,12.9955,0.0007,12.1318,0.8611,0.0019,0.0471,0.7021,0.1083,0.0035,
160.0214,196,1,ok,0,1,13.0080,0.0004,12.1574,0.8498,0.0004,0.0487,0.6955,0.1019,0.0035,
160.0214,197,1,ok,1,1,13.5463,0.0011,12.6752,0.8684,0.0016,0.0476,0.7086,0.1084,0.0038,
160.0214,198,1,ok,0,1,11.1086,0.0005,10.2735,0.8343,0.0003,0.0490,0.6761,0.1049,0.0042,
160.0214,199,1,ok,1,1,11.0169,0.0004,10.1535,0.8621,0.0009,0.0475,0.7025,0.1084,0.0037,
160.0214,200,1,ok,0,1,9.9720,0.0010,9.1273,0.8434,0.0004,0.0485,0.6851,0.1061,0.0037,
160.0214,201,1,ok,1,1,9.6133,0.0004,8.7359,0.8765,0.0005,0.0484,0.7171,0.1072,0.0037,
160.0214,202,1,ok,0,1,9.1370,0.0012,8.2846,0.8508,0.0004,0.0482,0.6949,0.1040,0.0037,
160.0214,203,1,ok,1,1,9.6940,0.0012,8.8358,0.8558,0.0012,0.0483,0.6973,0.1067,0.0035,
160.0214,204,1,ok,0,1,9.6745,0.0011,8.8185,0.8546,0.0003,0.0479,0.6982,0.1049,0.0035,
160.0214,205,1,ok,1,1,10.2177,0.0011,9.3535,0.8623,0.0008,0.0475,0.7025,0.1086,0.0037,
160.0214,206,1,ok,0,1,10.2235,0.0012,9.3910,0.8310,0.0004,0.0484,0.6758,0.1030,0.0039,
160.0214,207,1,ok,1,1,10.8658,0.0006,10.0022,0.8613,0.0016,0.0481,0.7010,0.1086,0.0035,
160.0214,208,1,ok,0,1,10.8604,0.0007,10.0216,0.8378,0.0004,0.0484,0.6811,0.1045,0.0037,
160.0214,209,1,ok,1,1,9.9937,0.0015,9.1032,0.8881,0.0009,0.0473,0.7281,0.1086,0.0040,
