level_rpm,index,measured,status,replica,batch_size,latency_s,harness_lag_s,queue_wait_s,service_s,ipc_s,text_encode_s,denoise_s,decode_s,jpeg_s,error
51.4289,0,0,ok,0,1,0.5858,0.0023,0.0001,0.5819,0.0015,0.0516,0.4420,0.0846,0.0036,
51.4289,1,0,ok,0,1,1.1429,0.0010,0.5553,0.5860,0.0007,0.0546,0.4433,0.0845,0.0035,
51.4289,2,0,ok,0,1,1.3527,0.0013,0.7665,0.5845,0.0005,0.0526,0.4438,0.0844,0.0037,
51.4289,3,0,ok,0,1,1.6424,0.0008,1.0573,0.5838,0.0005,0.0518,0.4435,0.0848,0.0037,
51.4289,4,0,ok,0,1,0.6708,0.0010,0.0855,0.5838,0.0004,0.0519,0.4434,0.0847,0.0038,
51.4289,5,0,ok,0,1,0.5854,0.0013,0.0000,0.5836,0.0005,0.0520,0.4432,0.0847,0.0036,
51.4289,6,0,ok,0,1,0.5855,0.0015,0.0000,0.5834,0.0006,0.0516,0.4434,0.0847,0.0036,
51.4289,7,0,ok,0,1,1.0646,0.0007,0.4787,0.5848,0.0004,0.0524,0.4439,0.0849,0.0036,
51.4289,8,0,ok,0,1,1.0110,0.0004,0.4248,0.5853,0.0004,0.0527,0.4441,0.0848,0.0036,
51.4289,9,0,ok,0,1,1.5612,0.0003,0.9754,0.5851,0.0004,0.0529,0.4442,0.0844,0.0036,
51.4289,10,1,ok,0,1,1.8601,0.0018,1.2716,0.5863,0.0004,0.0527,0.4449,0.0847,0.0040,
51.4289,11,1,ok,0,1,1.6250,0.0021,1.0368,0.5857,0.0004,0.0525,0.4446,0.0848,0.0037,
51.4289,12,1,ok,0,1,2.1803,0.0008,1.5928,0.5863,0.0004,0.0522,0.4457,0.0848,0.0036,
51.4289,13,1,ok,0,1,2.5084,0.0005,1.9212,0.5863,0.0004,0.0524,0.4455,0.0848,0.0036,
51.4289,14,1,ok,0,1,1.8837,0.0022,1.2818,0.5993,0.0004,0.0527,0.4458,0.0970,0.0037,
51.4289,15,1,ok,0,1,1.5520,0.0012,0.9639,0.5865,0.0004,0.0520,0.4458,0.0851,0.0036,
51.4289,16,1,ok,0,1,1.8500,0.0002,1.2612,0.5882,0.0004,0.0525,0.4471,0.0850,0.0035,
51.4289,17,1,ok,0,1,1.4026,0.0012,0.8107,0.5903,0.0004,0.0529,0.4478,0.0860,0.0036,
51.4289,18,1,ok,0,1,0.5884,0.0004,0.0000,0.5873,0.0006,0.0514,0.4458,0.0864,0.0037,
51.4289,19,1,ok,0,1,1.1710,0.0011,0.5797,0.5898,0.0004,0.0529,0.4477,0.0856,0.0036,
51.4289,20,1,ok,0,1,0.5881,0.0018,0.0000,0.5858,0.0005,0.0514,0.4457,0.0852,0.0034,
51.4289,21,1,ok,0,1,0.5855,0.0007,0.0000,0.5843,0.0005,0.0508,0.4449,0.0850,0.0035,
51.4289,22,1,ok,0,1,0.6876,0.0012,0.0991,0.5870,0.0004,0.0519,0.4451,0.0862,0.0036,
51.4289,23,1,ok,0,1,1.0810,0.0006,0.4899,0.5901,0.0004,0.0520,0.4485,0.0860,0.0035,
51.4289,24,1,ok,0,1,0.5878,0.0023,0.0000,0.5850,0.0005,0.0513,0.4450,0.0849,0.0036,
51.4289,25,1,ok,0,1,0.6950,0.0003,0.1087,0.5855,0.0004,0.0523,0.4448,0.0850,0.0034,
51.4289,26,1,ok,0,1,1.1738,0.0008,0.5807,0.5919,0.0005,0.0526,0.4497,0.0860,0.0036,
51.4289,27,1,ok,0,1,1.6470,0.0013,1.0539,0.5914,0.0004,0.0524,0.4492,0.0862,0.0036,
51.4289,28,1,ok,0,1,0.5872,0.0008,0.0000,0.5859,0.0006,0.0512,0.4456,0.0853,0.0037,
51.4289,29,1,ok,0,1,0.5876,0.0010,0.0000,0.5861,0.0006,0.0516,0.4452,0.0857,0.0036,
51.4289,30,1,ok,0,1,0.5866,0.0012,0.0000,0.5848,0.0005,0.0511,0.4448,0.0854,0.0035,
51.4289,31,1,ok,0,1,0.5869,0.0004,0.0000,0.5859,0.0005,0.0525,0.4446,0.0850,0.0037,
51.4289,32,1,ok,0,1,0.5881,0.0010,0.0000,0.5865,0.0005,0.0521,0.4451,0.0857,0.0036,
51.4289,33,1,ok,0,1,0.5849,0.0005,0.0000,0.5839,0.0005,0.0516,0.4433,0.0852,0.0037,
51.4289,34,1,ok,0,1,0.6156,0.0013,0.0287,0.5853,0.0004,0.0521,0.4447,0.0848,0.0037,
51.4289,35,1,ok,0,1,0.5868,0.0012,0.0000,0.5851,0.0005,0.0519,0.4445,0.0849,0.0037,
51.4289,36,1,ok,0,1,0.5865,0.0013,0.0000,0.5846,0.0005,0.0517,0.4443,0.0850,0.0035,
51.4289,37,1,ok,0,1,0.5984,0.0009,0.0000,0.5969,0.0006,0.0515,0.4437,0.0980,0.0036,
51.4289,38,1,ok,0,1,0.5854,0.0004,0.0000,0.5845,0.0005,0.0521,0.4440,0.0848,0.0036,
51.4289,39,1,ok,0,1,0.5841,0.0004,0.0000,0.5832,0.0005,0.0510,0.4440,0.0846,0.0036,
51.4289,40,1,ok,0,1,0.5862,0.0017,0.0000,0.5839,0.0005,0.0509,0.4446,0.0849,0.0035,
51.4289,41,1,ok,0,1,1.1173,0.0002,0.5312,0.5855,0.0004,0.0525,0.4444,0.0850,0.0036,
51.4289,42,1,ok,0,1,1.4020,0.0009,0.8147,0.5860,0.0004,0.0520,0.4452,0.0852,0.0036,
51.4289,43,1,ok,0,1,1.5902,0.0005,1.0029,0.5863,0.0004,0.0528,0.4448,0.0852,0.0036,
51.4289,44,1,ok,0,1,2.0795,0.0007,1.4925,0.5860,0.0003,0.0523,0.4450,0.0851,0.0035,
51.4289,45,1,ok,0,1,2.3582,0.0009,1.7694,0.5874,0.0005,0.0516,0.4466,0.0853,0.0038,
51.4289,46,1,ok,0,1,2.8227,0.0009,2.2331,0.5883,0.0004,0.0521,0.4471,0.0855,0.0036,
51.4289,47,1,ok,0,1,3.0309,0.0005,2.4422,0.5879,0.0004,0.0521,0.4464,0.0857,0.0037,
51.4289,48,1,ok,0,1,2.4440,0.0016,1.8513,0.5907,0.0004,0.0515,0.4490,0.0865,0.0037,
51.4289,49,1,ok,0,1,2.5067,0.0004,1.9141,0.5918,0.0004,0.0517,0.4504,0.0861,0.0036,
51.4289,50,1,ok,0,1,2.5788,0.0007,1.9666,0.6110,0.0004,0.0513,0.4687,0.0874,0.0037,
51.4289,51,1,ok,0,1,2.9108,0.0008,2.3037,0.6059,0.0004,0.0511,0.4638,0.0874,0.0036,
51.4289,52,1,ok,0,1,3.1562,0.0011,2.5474,0.6073,0.0004,0.0513,0.4639,0.0886,0.0035,
51.4289,53,1,ok,0,1,0.5913,0.0004,0.0000,0.5904,0.0004,0.0513,0.4493,0.0861,0.0036,
51.4289,54,1,ok,0,1,0.5924,0.0009,0.0000,0.5909,0.0005,0.0511,0.4497,0.0864,0.0036,
51.4289,55,1,ok,0,1,0.5917,0.0012,0.0000,0.5900,0.0005,0.0514,0.4486,0.0863,0.0036,
51.4289,56,1,ok,0,1,0.9692,0.0006,0.3721,0.5961,0.0004,0.0526,0.4527,0.0872,0.0036,
51.4289,57,1,ok,0,1,0.5903,0.0012,0.0000,0.5886,0.0005,0.0505,0.4481,0.0864,0.0035,
51.4289,58,1,ok,0,1,0.9811,0.0015,0.3807,0.5985,0.0004,0.0522,0.4551,0.0874,0.0037,
51.4289,59,1,ok,0,1,1.0433,0.0019,0.4226,0.6185,0.0004,0.0514,0.4737,0.0898,0.0036,
51.4289,60,1,ok,0,1,0.5871,0.0009,0.0000,0.5856,0.0006,0.0511,0.4455,0.0855,0.0035,
51.4289,61,1,ok,0,1,0.5868,0.0009,0.0000,0.5854,0.0005,0.0513,0.4451,0.0854,0.0036,
51.4289,62,1,ok,0,1,0.5882,0.0006,0.0000,0.5870,0.0005,0.0517,0.4463,0.0853,0.0036,
51.4289,63,1,ok,0,1,0.5864,0.0009,0.0000,0.5850,0.0005,0.0508,0.4453,0.0852,0.0036,
51.4289,64,1,ok,0,1,0.5875,0.0004,0.0000,0.5865,0.0006,0.0514,0.4462,0.0853,0.0036,
51.4289,65,1,ok,0,1,0.5874,0.0015,0.0000,0.5854,0.0005,0.0519,0.4447,0.0852,0.0036,
51.4289,66,1,ok,0,1,0.8852,0.0006,0.2833,0.6008,0.0004,0.0520,0.4475,0.0977,0.0036,
51.4289,67,1,ok,0,1,1.4359,0.0007,0.8464,0.5884,0.0004,0.0515,0.4476,0.0856,0.0036,
51.4289,68,1,ok,0,1,1.5880,0.0011,0.9927,0.5939,0.0004,0.0532,0.4499,0.0871,0.0036,
51.4289,69,1,ok,0,1,1.8179,0.0011,1.2234,0.5931,0.0004,0.0521,0.4508,0.0864,0.0037,
51.4289,70,1,ok,0,1,2.1426,0.0004,1.5411,0.6006,0.0005,0.0519,0.4567,0.0882,0.0037,
51.4289,71,1,ok,0,1,0.5902,0.0017,0.0000,0.5879,0.0005,0.0532,0.4456,0.0854,0.0036,
51.4289,72,1,ok,0,1,0.5867,0.0006,0.0000,0.5855,0.0005,0.0510,0.4451,0.0857,0.0037,
51.4289,73,1,ok,0,1,0.7349,0.0017,0.1441,0.5887,0.0004,0.0516,0.4478,0.0857,0.0035,
51.4289,74,1,ok,0,1,0.5892,0.0016,0.0000,0.5872,0.0005,0.0515,0.4461,0.0860,0.0036,
51.4289,75,1,ok,0,1,0.5934,0.0010,0.0008,0.5913,0.0003,0.0519,0.4494,0.0865,0.0035,
51.4289,76,1,ok,0,1,0.5862,0.0004,0.0000,0.5853,0.0005,0.0514,0.4449,0.0853,0.0035,
51.4289,77,1,ok,0,1,0.5886,0.0011,0.0000,0.5869,0.0005,0.0514,0.4458,0.0859,0.0037,
51.4289,78,1,ok,0,1,0.8182,0.0008,0.2288,0.5882,0.0004,0.0518,0.4473,0.0856,0.0035,
51.4289,79,1,ok,0,1,1.0797,0.0005,0.4873,0.5915,0.0004,0.0518,0.4496,0.0864,0.0037,
51.4289,80,1,ok,0,1,0.7138,0.0021,0.1162,0.5952,0.0004,0.0521,0.4527,0.0867,0.0036,
51.4289,81,1,ok,0,1,0.9588,0.0020,0.3561,0.6003,0.0004,0.0517,0.4579,0.0870,0.0036,
51.4289,82,1,ok,0,1,0.5919,0.0021,0.0000,0.5892,0.0005,0.0510,0.4483,0.0862,0.0036,
51.4289,83,1,ok,0,1,0.5895,0.0011,0.0000,0.5877,0.0006,0.0527,0.4462,0.0852,0.0036,
51.4289,84,1,ok,0,1,0.5893,0.0009,0.0000,0.5881,0.0004,0.0509,0.4478,0.0859,0.0035,
51.4289,85,1,ok,0,1,0.8918,0.0015,0.2990,0.5909,0.0004,0.0520,0.4489,0.0864,0.0035,
51.4289,86,1,ok,0,1,0.5866,0.0011,0.0000,0.5849,0.0006,0.0520,0.4442,0.0851,0.0035,
51.4289,87,1,ok,0,1,0.5856,0.0010,0.0000,0.5841,0.0005,0.0513,0.4443,0.0847,0.0037,
51.4289,88,1,ok,0,1,1.0609,0.0011,0.4733,0.5860,0.0005,0.0522,0.4452,0.0850,0.0036,
51.4289,89,1,ok,0,1,1.5931,0.0009,1.0036,0.5881,0.0004,0.0533,0.4462,0.0851,0.0035,
51.4289,90,1,ok,0,1,2.0456,0.0007,1.4570,0.5875,0.0004,0.0521,0.4466,0.0853,0.0035,
51.4289,91,1,ok,0,1,1.4831,0.0007,0.8930,0.5890,0.0004,0.0523,0.4473,0.0856,0.0038,
51.4289,92,1,ok,0,1,0.5898,0.0022,0.0000,0.5869,0.0006,0.0522,0.4455,0.0856,0.0036,
51.4289,93,1,ok,0,1,0.5898,0.0011,0.0000,0.5882,0.0005,0.0512,0.4474,0.0859,0.0037,
51.4289,94,1,ok,0,1,1.1110,0.0008,0.5125,0.5973,0.0004,0.0519,0.4552,0.0865,0.0036,
51.4289,95,1,ok,0,1,1.1457,0.0007,0.5495,0.5951,0.0004,0.0524,0.4526,0.0864,0.0036,
51.4289,96,1,ok,0,1,0.5866,0.0012,0.0000,0.5849,0.0005,0.0517,0.4447,0.0847,0.0036,
51.4289,97,1,ok,0,1,0.5879,0.0016,0.0000,0.5858,0.0005,0.0515,0.4457,0.0850,0.0036,
51.4289,98,1,ok,0,1,0.5864,0.0014,0.0001,0.5843,0.0005,0.0520,0.4439,0.0849,0.0035,
51.4289,99,1,ok,0,1,0.5973,0.0022,0.0000,0.5945,0.0006,0.0511,0.4432,0.0964,0.0037,
51.4289,100,1,ok,0,1,1.1670,0.0010,0.5828,0.5828,0.0004,0.0514,0.4429,0.0849,0.0035,
51.4289,101,1,ok,0,1,0.5844,0.0005,0.0000,0.5834,0.0005,0.0515,0.4435,0.0848,0.0035,
51.4289,102,1,ok,0,1,0.5839,0.0009,0.0000,0.5825,0.0006,0.0509,0.4431,0.0849,0.0036,
51.4289,103,1,ok,0,1,0.5859,0.0011,0.0000,0.5843,0.0004,0.0516,0.4441,0.0850,0.0036,
51.4289,104,1,ok,0,1,0.8106,0.0006,0.2232,0.5863,0.0004,0.0529,0.4450,0.0848,0.0037,
51.4289,105,1,ok,0,1,0.5863,0.0011,0.0000,0.5847,0.0005,0.0514,0.4446,0.0852,0.0035,
51.4289,106,1,ok,0,1,1.0347,0.0006,0.4477,0.5860,0.0004,0.0526,0.4450,0.0848,0.0035,
51.4289,107,1,ok,0,1,0.9564,0.0011,0.3680,0.5869,0.0004,0.0530,0.4455,0.0847,0.0036,
51.4289,108,1,ok,0,1,0.8379,0.0013,0.2497,0.5865,0.0004,0.0523,0.4453,0.0854,0.0034,
51.4289,109,1,ok,0,1,0.5843,0.0005,0.0000,0.5832,0.0005,0.0514,0.4435,0.0846,0.0036,
51.4289,110,1,ok,0,1,0.5878,0.0015,0.0000,0.5857,0.0006,0.0532,0.4439,0.0848,0.0037,
51.4289,111,1,ok,0,1,0.8161,0.0015,0.2297,0.5845,0.0004,0.0521,0.4441,0.0848,0.0035,
51.4289,112,1,ok,0,1,0.5909,0.0010,0.0051,0.5845,0.0004,0.0522,0.4436,0.0850,0.0037,
51.4289,113,1,ok,0,1,0.9473,0.0009,0.3605,0.5856,0.0004,0.0524,0.4445,0.0850,0.0036,
51.4289,114,1,ok,0,1,0.5860,0.0018,0.0000,0.5835,0.0006,0.0517,0.4435,0.0846,0.0037,
51.4289,115,1,ok,0,1,0.5861,0.0013,0.0000,0.5843,0.0005,0.0518,0.4440,0.0848,0.0036,
51.4289,116,1,ok,0,1,0.7587,0.0024,0.1702,0.5857,0.0004,0.0529,0.4442,0.0850,0.0036,
51.4289,117,1,ok,0,1,0.5846,0.0008,0.0000,0.5833,0.0005,0.0513,0.4434,0.0849,0.0036,
51.4289,118,1,ok,0,1,0.5854,0.0008,0.0000,0.5841,0.0005,0.0515,0.4443,0.0846,0.0036,
51.4289,119,1,ok,0,1,0.9777,0.0008,0.3911,0.5854,0.0004,0.0524,0.4445,0.0848,0.0036,
51.4289,120,1,ok,0,1,0.5858,0.0015,0.0000,0.5837,0.0006,0.0511,0.4439,0.0852,0.0035,
51.4289,121,1,ok,0,1,0.5871,0.0009,0.0000,0.5857,0.0005,0.0528,0.4446,0.0848,0.0035,
51.4289,122,1,ok,0,1,0.5875,0.0023,0.0000,0.5846,0.0005,0.0520,0.4441,0.0848,0.0036,
51.4289,123,1,ok,0,1,0.5856,0.0013,0.0000,0.5838,0.0006,0.0516,0.4439,0.0846,0.0036,
51.4289,124,1,ok,0,1,1.1715,0.0006,0.5843,0.5861,0.0004,0.0522,0.4454,0.0848,0.0037,
51.4289,125,1,ok,0,1,1.3005,0.0012,0.7132,0.5858,0.0004,0.0527,0.4444,0.0851,0.0035,
51.4289,126,1,ok,0,1,1.8647,0.0004,1.2772,0.5867,0.0004,0.0523,0.4462,0.0847,0.0035,
51.4289,127,1,ok,0,1,0.5865,0.0017,0.0000,0.5842,0.0005,0.0515,0.4440,0.0850,0.0036,
51.4289,128,1,ok,0,1,0.5866,0.0005,0.0000,0.5856,0.0005,0.0523,0.4447,0.0851,0.0035,
51.4289,129,1,ok,0,1,0.5851,0.0007,0.0000,0.5838,0.0005,0.0516,0.4436,0.0849,0.0035,
51.4289,130,1,ok,0,1,0.7423,0.0007,0.1558,0.5854,0.0004,0.0524,0.4444,0.0849,0.0037,
51.4289,131,1,ok,0,1,1.2591,0.0002,0.6725,0.5860,0.0004,0.0529,0.4448,0.0847,0.0035,
51.4289,132,1,ok,0,1,0.5848,0.0011,0.0000,0.5831,0.0005,0.0512,0.4437,0.0847,0.0034,
51.4289,133,1,ok,0,1,0.5966,0.0012,0.0000,0.5947,0.0006,0.0511,0.4436,0.0964,0.0036,
51.4289,134,1,ok,0,1,1.0766,0.0021,0.4900,0.5841,0.0004,0.0517,0.4442,0.0845,0.0036,
51.4289,135,1,ok,0,1,0.8851,0.0022,0.2980,0.5845,0.0004,0.0520,0.4442,0.0847,0.0037,
51.4289,136,1,ok,0,1,1.3861,0.0007,0.8008,0.5843,0.0004,0.0518,0.4439,0.0849,0.0035,
51.4289,137,1,ok,0,1,0.5846,0.0006,0.0000,0.5835,0.0004,0.0515,0.4435,0.0848,0.0036,
51.4289,138,1,ok,0,1,0.5852,0.0014,0.0001,0.5833,0.0005,0.0511,0.4434,0.0850,0.0037,
51.4289,139,1,ok,0,1,1.0102,0.0005,0.4244,0.5848,0.0004,0.0521,0.4441,0.0849,0.0037,
51.4289,140,1,ok,0,1,0.8449,0.0010,0.2568,0.5868,0.0004,0.0532,0.4453,0.0845,0.0037,
51.4289,141,1,ok,0,1,0.5877,0.0021,0.0000,0.5851,0.0005,0.0513,0.4450,0.0853,0.0035,
51.4289,142,1,ok,0,1,0.8166,0.0005,0.2279,0.5878,0.0004,0.0529,0.4462,0.0851,0.0036,
51.4289,143,1,ok,0,1,0.5873,0.0012,0.0000,0.5855,0.0005,0.0522,0.4449,0.0848,0.0035,
51.4289,144,1,ok,0,1,0.5867,0.0006,0.0000,0.5856,0.0005,0.0511,0.4458,0.0851,0.0035,
51.4289,145,1,ok,0,1,0.8972,0.0004,0.3087,0.5877,0.0004,0.0528,0.4457,0.0854,0.0036,
51.4289,146,1,ok,0,1,0.5882,0.0002,0.0000,0.5876,0.0004,0.0517,0.4473,0.0851,0.0035,
51.4289,147,1,ok,0,1,0.5881,0.0021,0.0000,0.5854,0.0005,0.0515,0.4449,0.0854,0.0036,
51.4289,148,1,ok,0,1,0.9141,0.0017,0.3243,0.5876,0.0005,0.0523,0.4465,0.0851,0.0037,
51.4289,149,1,ok,0,1,1.0692,0.0006,0.4778,0.5905,0.0004,0.0527,0.4481,0.0860,0.0036,
51.4289,150,1,ok,0,1,0.5849,0.0013,0.0000,0.5829,0.0006,0.0509,0.4435,0.0845,0.0040,
51.4289,151,1,ok,0,1,0.5837,0.0004,0.0000,0.5829,0.0005,0.0511,0.4435,0.0846,0.0037,
51.4289,152,1,ok,0,1,0.5848,0.0005,0.0000,0.5837,0.0006,0.0515,0.4436,0.0847,0.0038,
51.4289,153,1,ok,0,1,0.5855,0.0008,0.0000,0.5842,0.0005,0.0513,0.4442,0.0850,0.0036,
51.4289,154,1,ok,0,1,1.0214,0.0007,0.4344,0.5860,0.0004,0.0523,0.4451,0.0850,0.0036,
51.4289,155,1,ok,0,1,1.3122,0.0002,0.7243,0.5873,0.0004,0.0528,0.4461,0.0850,0.0034,
51.4289,156,1,ok,0,1,1.4178,0.0013,0.8295,0.5867,0.0004,0.0523,0.4453,0.0853,0.0037,
51.4289,157,1,ok,0,1,0.9698,0.0018,0.3806,0.5870,0.0004,0.0522,0.4462,0.0849,0.0036,
51.4289,158,1,ok,0,1,1.2544,0.0012,0.6635,0.5893,0.0004,0.0526,0.4479,0.0854,0.0035,
51.4289,159,1,ok,0,1,1.5551,0.0007,0.9636,0.5904,0.0004,0.0521,0.4491,0.0857,0.0035,
51.4289,160,1,ok,0,1,2.0604,0.0010,1.4682,0.5908,0.0004,0.0524,0.4485,0.0865,0.0035,
51.4289,161,1,ok,0,1,1.4961,0.0024,0.8946,0.5988,0.0004,0.0525,0.4556,0.0869,0.0037,
51.4289,162,1,ok,0,1,1.7867,0.0005,1.1923,0.5935,0.0004,0.0526,0.4510,0.0862,0.0037,
51.4289,163,1,ok,0,1,0.5902,0.0016,0.0000,0.5881,0.0005,0.0514,0.4473,0.0857,0.0036,
51.4289,164,1,ok,0,1,0.5870,0.0014,0.0000,0.5851,0.0005,0.0514,0.4450,0.0850,0.0037,
51.4289,165,1,ok,0,1,1.0890,0.0010,0.5003,0.5873,0.0004,0.0517,0.4464,0.0856,0.0036,
51.4289,166,1,ok,0,1,1.3617,0.0004,0.7715,0.5894,0.0004,0.0519,0.4481,0.0857,0.0037,
51.4289,167,1,ok,0,1,0.6636,0.0009,0.0710,0.5914,0.0004,0.0523,0.4486,0.0869,0.0036,
51.4289,168,1,ok,0,1,0.9821,0.0010,0.3814,0.5994,0.0004,0.0515,0.4570,0.0872,0.0036,
51.4289,169,1,ok,0,1,1.4251,0.0006,0.8159,0.6082,0.0004,0.0513,0.4652,0.0879,0.0037,
51.4289,170,1,ok,0,1,0.5896,0.0018,0.0000,0.5872,0.0005,0.0523,0.4457,0.0854,0.0038,
51.4289,171,1,ok,0,1,0.5882,0.0008,0.0000,0.5869,0.0005,0.0511,0.4466,0.0856,0.0035,
51.4289,172,1,ok,0,1,0.5905,0.0009,0.0000,0.5891,0.0005,0.0519,0.4476,0.0859,0.0036,
51.4289,173,1,ok,0,1,0.5882,0.0008,0.0000,0.5869,0.0005,0.0517,0.4459,0.0857,0.0035,
51.4289,174,1,ok,0,1,0.5882,0.0010,0.0000,0.5867,0.0005,0.0511,0.4461,0.0859,0.0035,
51.4289,175,1,ok,0,1,0.9315,0.0010,0.3408,0.5893,0.0004,0.0522,0.4479,0.0855,0.0037,
51.4289,176,1,ok,0,1,1.4034,0.0013,0.8113,0.5904,0.0004,0.0524,0.4480,0.0864,0.0036,
51.4289,177,1,ok,0,1,1.3425,0.0015,0.7439,0.5967,0.0004,0.0519,0.4543,0.0868,0.0036,
51.4289,178,1,ok,0,1,1.3011,0.0007,0.6991,0.6009,0.0004,0.0519,0.4580,0.0875,0.0035,
51.4289,179,1,ok,0,1,1.1861,0.0009,0.5661,0.6188,0.0004,0.0514,0.4750,0.0889,0.0036,
51.4289,180,1,ok,0,1,0.5900,0.0011,0.0000,0.5884,0.0005,0.0513,0.4475,0.0859,0.0036,
51.4289,181,1,ok,0,1,0.5918,0.0015,0.0000,0.5897,0.0006,0.0515,0.4486,0.0860,0.0036,
51.4289,182,1,ok,0,1,0.5872,0.0012,0.0000,0.5854,0.0005,0.0517,0.4451,0.0850,0.0036,
51.4289,183,1,ok,0,1,1.0539,0.0007,0.4656,0.5871,0.0004,0.0522,0.4464,0.0850,0.0034,
51.4289,184,1,ok,0,1,1.0440,0.0007,0.4522,0.5907,0.0004,0.0521,0.4481,0.0858,0.0047,
51.4289,185,1,ok,0,1,1.1657,0.0005,0.5599,0.6049,0.0004,0.0529,0.4504,0.0981,0.0035,
51.4289,186,1,ok,0,1,0.5877,0.0005,0.0000,0.5868,0.0005,0.0513,0.4460,0.0859,0.0035,
51.4289,187,1,ok,0,1,0.8447,0.0005,0.2537,0.5901,0.0004,0.0522,0.4485,0.0857,0.0036,
51.4289,188,1,ok,0,1,1.1912,0.0008,0.5978,0.5922,0.0004,0.0526,0.4496,0.0864,0.0036,
51.4289,189,1,ok,0,1,1.0947,0.0004,0.4963,0.5977,0.0004,0.0520,0.4555,0.0867,0.0035,
51.4289,190,1,ok,0,1,1.0667,0.0008,0.4547,0.6108,0.0004,0.0516,0.4681,0.0877,0.0034,
51.4289,191,1,ok,0,1,1.3009,0.0014,0.6844,0.6148,0.0004,0.0520,0.4712,0.0881,0.0035,
51.4289,192,1,ok,0,1,1.5934,0.0007,0.9649,0.6274,0.0004,0.0508,0.4835,0.0893,0.0036,
51.4289,193,1,ok,0,1,0.5910,0.0018,0.0000,0.5885,0.0006,0.0517,0.4472,0.0859,0.0036,
51.4289,194,1,ok,0,1,0.5928,0.0012,0.0000,0.5911,0.0004,0.0522,0.4495,0.0860,0.0034,
51.4289,195,1,ok,0,1,0.5914,0.0017,0.0000,0.5890,0.0006,0.0516,0.4477,0.0861,0.0035,
51.4289,196,1,ok,0,1,0.5917,0.0014,0.0000,0.5897,0.0006,0.0518,0.4484,0.0859,0.0035,
51.4289,197,1,ok,0,1,1.1252,0.0012,0.5300,0.5936,0.0004,0.0527,0.4499,0.0873,0.0037,
51.4289,198,1,ok,0,1,0.5863,0.0013,0.0000,0.5845,0.0005,0.0523,0.4438,0.0845,0.0038,
51.4289,199,1,ok,0,1,0.5846,0.0009,0.0000,0.5832,0.0005,0.0512,0.4435,0.0847,0.0037,
51.4289,200,1,ok,0,1,0.5839,0.0011,0.0000,0.5822,0.0006,0.0513,0.4428,0.0843,0.0036,
51.4289,201,1,ok,0,1,0.5835,0.0014,0.0000,0.5816,0.0005,0.0511,0.4425,0.0842,0.0037,
51.4289,202,1,ok,0,1,0.5829,0.0013,0.0000,0.5811,0.0005,0.0511,0.4421,0.0842,0.0037,
51.4289,203,1,ok,0,1,0.9553,0.0006,0.3702,0.5842,0.0004,0.0537,0.4419,0.0849,0.0036,
51.4289,204,1,ok,0,1,0.7633,0.0007,0.1790,0.5832,0.0004,0.0525,0.4423,0.0848,0.0036,
51.4289,205,1,ok,0,1,1.0664,0.0004,0.4824,0.5833,0.0004,0.0521,0.4430,0.0845,0.0036,
51.4289,206,1,ok,0,1,1.0534,0.0011,0.4673,0.5846,0.0004,0.0525,0.4440,0.0844,0.0037,
51.4289,207,1,ok,0,1,1.5679,0.0008,0.9822,0.5846,0.0004,0.0523,0.4439,0.0848,0.0036,
51.4289,208,1,ok,0,1,1.5970,0.0007,1.0115,0.5844,0.0004,0.0522,0.4435,0.0850,0.0037,
51.4289,209,1,ok,0,1,0.5878,0.0034,0.0000,0.5837,0.0006,0.0521,0.4430,0.0847,0.0039,
72.0005,0,0,ok,0,1,0.5859,0.0028,0.0000,0.5824,0.0006,0.0515,0.4426,0.0846,0.0037,
72.0005,1,0,ok,0,1,1.1493,0.0010,0.5638,0.5841,0.0004,0.0526,0.4433,0.0846,0.0035,
72.0005,2,0,ok,0,1,1.4664,0.0015,0.8798,0.5847,0.0004,0.0528,0.4436,0.0845,0.0038,
72.0005,3,0,ok,0,1,1.8409,0.0013,1.2546,0.5846,0.0004,0.0523,0.4443,0.0844,0.0037,
72.0005,4,0,ok,0,1,1.3158,0.0011,0.7285,0.5858,0.0004,0.0526,0.4445,0.0849,0.0038,
72.0005,5,0,ok,0,1,0.9609,0.0011,0.3738,0.5857,0.0004,0.0528,0.4442,0.0850,0.0036,
72.0005,6,0,ok,0,1,0.5845,0.0010,0.0000,0.5830,0.0005,0.0513,0.4432,0.0848,0.0036,
72.0005,7,0,ok,0,1,1.0938,0.0005,0.5082,0.5846,0.0004,0.0523,0.4441,0.0846,0.0037,
72.0005,8,0,ok,0,1,1.2230,0.0014,0.6356,0.5856,0.0004,0.0525,0.4447,0.0848,0.0036,
72.0005,9,0,ok,0,1,1.7847,0.0004,1.1974,0.5864,0.0004,0.0537,0.4441,0.0850,0.0036,
72.0005,10,1,ok,0,1,2.1654,0.0007,1.5783,0.5859,0.0004,0.0523,0.4448,0.0848,0.0040,
72.0005,11,1,ok,0,1,2.1649,0.0011,1.5777,0.5857,0.0005,0.0525,0.4449,0.0847,0.0036,
72.0005,12,1,ok,0,1,2.7305,0.0008,2.1417,0.5875,0.0004,0.0524,0.4459,0.0856,0.0036,
72.0005,13,1,ok,0,1,3.1331,0.0003,2.5454,0.5870,0.0004,0.0522,0.4462,0.0850,0.0036,
72.0005,14,1,ok,0,1,2.8483,0.0011,2.2575,0.5894,0.0004,0.0524,0.4474,0.0858,0.0037,
72.0005,15,1,ok,0,1,2.7811,0.0003,2.1919,0.5885,0.0004,0.0521,0.4474,0.0855,0.0035,
72.0005,16,1,ok,0,1,3.1718,0.0021,2.5715,0.5978,0.0004,0.0518,0.4559,0.0866,0.0035,
72.0005,17,1,ok,0,1,3.0257,0.0009,2.4294,0.5950,0.0004,0.0523,0.4525,0.0865,0.0036,
72.0005,18,1,ok,0,1,2.2393,0.0011,1.6432,0.5946,0.0004,0.0521,0.4520,0.0868,0.0037,
72.0005,19,1,ok,0,1,2.8483,0.0008,2.2330,0.6139,0.0005,0.0513,0.4707,0.0883,0.0036,
72.0005,20,1,ok,0,1,2.0886,0.0003,1.4823,0.6056,0.0004,0.0519,0.4626,0.0877,0.0034,
72.0005,21,1,ok,0,1,1.7082,0.0013,1.0892,0.6173,0.0004,0.0513,0.4741,0.0884,0.0035,
72.0005,22,1,ok,0,1,1.9828,0.0011,1.3605,0.6208,0.0004,0.0512,0.4775,0.0884,0.0037,
72.0005,23,1,ok,0,1,2.4706,0.0003,1.8417,0.6283,0.0003,0.0513,0.4841,0.0894,0.0035,
72.0005,24,1,ok,0,1,0.5912,0.0007,0.0000,0.5901,0.0005,0.0508,0.4495,0.0861,0.0036,
72.0005,25,1,ok,0,1,0.8565,0.0012,0.2480,0.6068,0.0004,0.0514,0.4639,0.0880,0.0034,
72.0005,26,1,ok,0,1,1.4119,0.0003,0.7751,0.6363,0.0003,0.0511,0.4910,0.0906,0.0035,
72.0005,27,1,ok,0,1,2.0104,0.0007,1.3265,0.6829,0.0003,0.0503,0.5224,0.1065,0.0037,
72.0005,28,1,ok,0,1,1.0603,0.0005,0.4428,0.6167,0.0004,0.0515,0.4720,0.0896,0.0036,
72.0005,29,1,ok,0,1,0.9339,0.0006,0.2884,0.6445,0.0004,0.0507,0.4976,0.0925,0.0036,
72.0005,30,1,ok,0,1,0.5947,0.0010,0.0000,0.5932,0.0005,0.0517,0.4516,0.0864,0.0035,
72.0005,31,1,ok,0,1,0.5956,0.0011,0.0000,0.5940,0.0005,0.0516,0.4510,0.0876,0.0038,
72.0005,32,1,ok,0,1,0.5929,0.0005,0.0000,0.5920,0.0004,0.0513,0.4502,0.0868,0.0037,
72.0005,33,1,ok,0,1,0.5919,0.0012,0.0000,0.5903,0.0005,0.0513,0.4491,0.0861,0.0037,
72.0005,34,1,ok,0,1,0.8047,0.0013,0.1942,0.6088,0.0004,0.0518,0.4646,0.0886,0.0038,
72.0005,35,1,ok,0,1,0.7663,0.0011,0.1345,0.6304,0.0004,0.0514,0.4850,0.0904,0.0036,
72.0005,36,1,ok,0,1,0.5924,0.0014,0.0000,0.5906,0.0005,0.0511,0.4495,0.0864,0.0036,
72.0005,37,1,ok,0,1,0.5968,0.0007,0.0000,0.5956,0.0005,0.0520,0.4530,0.0869,0.0036,
72.0005,38,1,ok,0,1,0.5932,0.0004,0.0000,0.5924,0.0004,0.0513,0.4503,0.0872,0.0036,
72.0005,39,1,ok,0,1,0.5928,0.0008,0.0000,0.5916,0.0005,0.0508,0.4499,0.0871,0.0036,
72.0005,40,1,ok,0,1,0.5934,0.0012,0.0000,0.5917,0.0004,0.0509,0.4506,0.0867,0.0035,
72.0005,41,1,ok,0,1,1.1735,0.0004,0.5540,0.6188,0.0003,0.0512,0.4739,0.0901,0.0036,
72.0005,42,1,ok,0,1,1.6071,0.0012,0.9568,0.6489,0.0003,0.0502,0.5014,0.0936,0.0035,
72.0005,43,1,ok,0,1,1.9794,0.0019,1.3206,0.6566,0.0003,0.0505,0.5101,0.0925,0.0036,
72.0005,44,1,ok,0,1,2.5756,0.0010,1.9091,0.6651,0.0003,0.0507,0.5166,0.0943,0.0036,
72.0005,45,1,ok,0,1,3.0174,0.0005,2.3543,0.6622,0.0003,0.0503,0.5154,0.0928,0.0037,
72.0005,46,1,ok,0,1,3.5945,0.0010,2.9277,0.6655,0.0004,0.0500,0.5169,0.0950,0.0035,
72.0005,47,1,ok,0,1,4.0022,0.0020,3.3211,0.6787,0.0003,0.0507,0.5288,0.0955,0.0037,
72.0005,48,1,ok,0,1,3.8557,0.0011,3.1596,0.6947,0.0003,0.0501,0.5432,0.0976,0.0036,
72.0005,49,1,ok,0,1,4.1650,0.0014,3.4761,0.6872,0.0003,0.0506,0.5356,0.0974,0.0036,
72.0005,50,1,ok,0,1,4.4803,0.0007,3.7791,0.7002,0.0003,0.0509,0.5477,0.0979,0.0037,
72.0005,51,1,ok,0,1,4.9731,0.0013,4.2831,0.6884,0.0003,0.0509,0.5363,0.0975,0.0036,
72.0005,52,1,ok,0,1,5.3902,0.0002,4.7141,0.6756,0.0003,0.0503,0.5250,0.0968,0.0035,
72.0005,53,1,ok,0,1,3.7734,0.0007,3.0902,0.6821,0.0003,0.0506,0.5304,0.0975,0.0036,
72.0005,54,1,ok,0,1,3.5976,0.0008,2.9024,0.6941,0.0004,0.0499,0.5415,0.0990,0.0036,
72.0005,55,1,ok,0,1,3.5259,0.0006,2.8142,0.7107,0.0003,0.0501,0.5558,0.1012,0.0035,
72.0005,56,1,ok,0,1,4.0693,0.0012,3.3683,0.6994,0.0003,0.0509,0.5451,0.0999,0.0035,
72.0005,57,1,ok,0,1,3.6916,0.0009,2.9799,0.7104,0.0003,0.0503,0.5526,0.1040,0.0035,
72.0005,58,1,ok,0,1,4.2589,0.0005,3.5424,0.7156,0.0004,0.0503,0.5598,0.1017,0.0038,
72.0005,59,1,ok,0,1,4.5774,0.0013,3.8599,0.7158,0.0004,0.0512,0.5598,0.1011,0.0036,
72.0005,60,1,ok,0,1,1.4860,0.0013,0.7773,0.7071,0.0003,0.0506,0.5542,0.0988,0.0035,
72.0005,61,1,ok,0,1,1.3391,0.0005,0.6342,0.7041,0.0003,0.0506,0.5492,0.1005,0.0036,
72.0005,62,1,ok,0,1,1.3776,0.0005,0.6602,0.7166,0.0003,0.0500,0.5617,0.1012,0.0036,
72.0005,63,1,ok,0,1,1.1384,0.0006,0.4154,0.7221,0.0003,0.0499,0.5642,0.1044,0.0036,
72.0005,64,1,ok,0,1,0.5960,0.0008,0.0000,0.5947,0.0005,0.0517,0.4520,0.0873,0.0036,
72.0005,65,1,ok,0,1,0.5933,0.0010,0.0000,0.5919,0.0005,0.0517,0.4506,0.0860,0.0036,
72.0005,66,1,ok,0,1,0.9963,0.0007,0.3759,0.6194,0.0003,0.0511,0.4745,0.0903,0.0035,
72.0005,67,1,ok,0,1,1.6505,0.0006,0.9685,0.6810,0.0004,0.0495,0.5275,0.1003,0.0036,
72.0005,68,1,ok,0,1,2.0526,0.0012,1.3335,0.7176,0.0004,0.0504,0.5571,0.1065,0.0036,
72.0005,69,1,ok,0,1,2.5210,0.0013,1.7916,0.7277,0.0003,0.0510,0.5673,0.1057,0.0038,
72.0005,70,1,ok,0,1,3.0550,0.0011,2.3224,0.7312,0.0003,0.0506,0.5734,0.1036,0.0036,
72.0005,71,1,ok,0,1,1.3815,0.0008,0.6683,0.7120,0.0003,0.0506,0.5557,0.1020,0.0037,
72.0005,72,1,ok,0,1,0.6330,0.0010,0.0000,0.6315,0.0005,0.0498,0.4854,0.0926,0.0037,
72.0005,73,1,ok,0,1,1.0010,0.0006,0.3175,0.6825,0.0003,0.0501,0.5284,0.1004,0.0035,
72.0005,74,1,ok,0,1,0.8359,0.0011,0.1121,0.7224,0.0003,0.0506,0.5628,0.1054,0.0036,
72.0005,75,1,ok,0,1,1.1554,0.0010,0.4153,0.7389,0.0003,0.0503,0.5781,0.1069,0.0035,
72.0005,76,1,ok,0,1,0.5945,0.0017,0.0000,0.5923,0.0004,0.0510,0.4508,0.0869,0.0035,
72.0005,77,1,ok,0,1,0.7677,0.0007,0.0820,0.6846,0.0003,0.0484,0.5337,0.0987,0.0037,
72.0005,78,1,ok,0,1,1.2159,0.0017,0.5096,0.7043,0.0003,0.0510,0.5480,0.1019,0.0035,
72.0005,79,1,ok,0,1,1.7139,0.0010,0.9789,0.7336,0.0004,0.0501,0.5753,0.1045,0.0037,
72.0005,80,1,ok,0,1,1.7547,0.0021,1.0251,0.7271,0.0004,0.0509,0.5682,0.1044,0.0036,
72.0005,81,1,ok,0,1,2.2345,0.0004,1.5002,0.7336,0.0003,0.0507,0.5750,0.1043,0.0035,
72.0005,82,1,ok,0,1,2.2266,0.0011,1.5014,0.7237,0.0003,0.0503,0.5647,0.1051,0.0036,
72.0005,83,1,ok,0,1,1.0561,0.0013,0.3244,0.7301,0.0003,0.0506,0.5713,0.1046,0.0035,
72.0005,84,1,ok,0,1,1.3434,0.0011,0.6302,0.7118,0.0003,0.0500,0.5566,0.1016,0.0035,
72.0005,85,1,ok,0,1,1.8570,0.0021,1.1350,0.7195,0.0004,0.0505,0.5612,0.1044,0.0035,
72.0005,86,1,ok,0,1,0.5978,0.0020,0.0000,0.5954,0.0005,0.0521,0.4516,0.0881,0.0035,
72.0005,87,1,ok,0,1,0.6483,0.0012,0.0030,0.6437,0.0004,0.0510,0.4857,0.1032,0.0038,
72.0005,88,1,ok,0,1,1.2146,0.0010,0.5679,0.6454,0.0004,0.0499,0.4980,0.0938,0.0036,
72.0005,89,1,ok,0,1,1.8696,0.0009,1.1735,0.6949,0.0003,0.0514,0.5418,0.0982,0.0035,
72.0005,90,1,ok,0,1,2.4596,0.0003,1.7725,0.6864,0.0003,0.0515,0.5356,0.0957,0.0035,
72.0005,91,1,ok,0,1,2.3340,0.0006,1.6362,0.6968,0.0003,0.0508,0.5427,0.0995,0.0038,
72.0005,92,1,ok,0,1,1.7170,0.0008,1.0244,0.6915,0.0004,0.0519,0.5383,0.0976,0.0036,
72.0005,93,1,ok,0,1,1.9611,0.0012,1.2587,0.7007,0.0004,0.0504,0.5455,0.1011,0.0036,
72.0005,94,1,ok,0,1,2.5903,0.0007,1.9057,0.6836,0.0004,0.0513,0.5317,0.0969,0.0036,
72.0005,95,1,ok,0,1,2.8793,0.0006,2.1892,0.6892,0.0003,0.0515,0.5359,0.0980,0.0036,
72.0005,96,1,ok,0,1,0.5939,0.0014,0.0000,0.5919,0.0005,0.0514,0.4501,0.0867,0.0036,
72.0005,97,1,ok,0,1,0.6063,0.0004,0.0000,0.6054,0.0004,0.0505,0.4632,0.0881,0.0036,
72.0005,98,1,ok,0,1,0.5927,0.0003,0.0000,0.5918,0.0005,0.0517,0.4495,0.0870,0.0035,
72.0005,99,1,ok,0,1,0.5907,0.0008,0.0000,0.5893,0.0005,0.0509,0.4485,0.0862,0.0037,
72.0005,100,1,ok,0,1,1.1767,0.0014,0.5796,0.5953,0.0003,0.0517,0.4531,0.0870,0.0035,
72.0005,101,1,ok,0,1,0.7444,0.0008,0.1130,0.6303,0.0003,0.0513,0.4851,0.0904,0.0035,
72.0005,102,1,ok,0,1,0.5915,0.0008,0.0000,0.5903,0.0005,0.0510,0.4497,0.0859,0.0036,
72.0005,103,1,ok,0,1,0.6267,0.0010,0.0000,0.6252,0.0004,0.0498,0.4806,0.0912,0.0036,
72.0005,104,1,ok,0,1,1.0425,0.0008,0.3673,0.6741,0.0004,0.0502,0.5247,0.0954,0.0037,
72.0005,105,1,ok,0,1,0.8596,0.0012,0.1877,0.6704,0.0003,0.0516,0.5204,0.0948,0.0035,
72.0005,106,1,ok,0,1,1.4313,0.0008,0.7603,0.6698,0.0003,0.0507,0.5208,0.0947,0.0035,
72.0005,107,1,ok,0,1,1.6292,0.0006,0.9553,0.6730,0.0003,0.0512,0.5228,0.0954,0.0036,
72.0005,108,1,ok,0,1,1.8044,0.0012,1.1242,0.6786,0.0003,0.0510,0.5291,0.0951,0.0034,
72.0005,109,1,ok,0,1,0.5961,0.0007,0.0000,0.5949,0.0004,0.0512,0.4531,0.0870,0.0036,
72.0005,110,1,ok,0,1,0.5951,0.0028,0.0000,0.5918,0.0005,0.0511,0.4503,0.0867,0.0036,
72.0005,111,1,ok,0,1,0.9977,0.0006,0.3398,0.6569,0.0004,0.0488,0.5102,0.0944,0.0035,
72.0005,112,1,ok,0,1,1.0911,0.0022,0.4169,0.6717,0.0003,0.0505,0.5206,0.0968,0.0037,
72.0005,113,1,ok,0,1,1.6175,0.0004,0.9267,0.6900,0.0003,0.0509,0.5394,0.0961,0.0036,
72.0005,114,1,ok,0,1,0.5988,0.0017,0.0000,0.5966,0.0005,0.0507,0.4550,0.0872,0.0037,
72.0005,115,1,ok,0,1,0.5926,0.0006,0.0000,0.5915,0.0004,0.0511,0.4501,0.0866,0.0036,
72.0005,116,1,ok,0,1,0.9067,0.0007,0.2965,0.6092,0.0003,0.0520,0.4645,0.0889,0.0037,
72.0005,117,1,ok,0,1,0.7061,0.0010,0.0568,0.6480,0.0003,0.0499,0.5000,0.0945,0.0036,
72.0005,118,1,ok,0,1,0.6003,0.0008,0.0000,0.5990,0.0004,0.0509,0.4571,0.0873,0.0036,
72.0005,119,1,ok,0,1,1.1023,0.0009,0.4612,0.6399,0.0003,0.0510,0.4910,0.0943,0.0036,
72.0005,120,1,ok,0,1,0.6106,0.0005,0.0000,0.6097,0.0004,0.0505,0.4664,0.0891,0.0036,
72.0005,121,1,ok,0,1,0.6183,0.0018,0.0000,0.6161,0.0004,0.0499,0.4724,0.0902,0.0035,
72.0005,122,1,ok,0,1,0.5997,0.0015,0.0000,0.5978,0.0004,0.0510,0.4559,0.0872,0.0036,
72.0005,123,1,ok,0,1,0.6060,0.0011,0.0000,0.6045,0.0004,0.0505,0.4618,0.0885,0.0036,
72.0005,124,1,ok,0,1,1.3258,0.0006,0.6049,0.7200,0.0003,0.0484,0.5612,0.1066,0.0038,
72.0005,125,1,ok,0,1,1.7294,0.0006,0.9987,0.7297,0.0003,0.0502,0.5695,0.1065,0.0035,
72.0005,126,1,ok,0,1,2.4472,0.0004,1.7126,0.7339,0.0004,0.0504,0.5765,0.1035,0.0035,
72.0005,127,1,ok,0,1,0.9573,0.0013,0.2406,0.7151,0.0003,0.0498,0.5576,0.1040,0.0036,
72.0005,128,1,ok,0,1,0.5957,0.0012,0.0000,0.5940,0.0005,0.0521,0.4514,0.0869,0.0035,
72.0005,129,1,ok,0,1,0.5936,0.0010,0.0000,0.5922,0.0004,0.0507,0.4508,0.0871,0.0035,
72.0005,130,1,ok,0,1,0.9809,0.0012,0.2862,0.6932,0.0003,0.0479,0.5413,0.1003,0.0036,
72.0005,131,1,ok,0,1,1.6424,0.0006,0.9305,0.7109,0.0003,0.0508,0.5545,0.1021,0.0035,
72.0005,132,1,ok,0,1,0.5942,0.0004,0.0000,0.5934,0.0004,0.0510,0.4521,0.0868,0.0034,
72.0005,133,1,ok,0,1,0.5949,0.0012,0.0000,0.5931,0.0005,0.0516,0.4508,0.0871,0.0035,
72.0005,134,1,ok,0,1,1.1976,0.0009,0.5194,0.6770,0.0003,0.0489,0.5286,0.0959,0.0036,
72.0005,135,1,ok,0,1,1.3328,0.0009,0.6422,0.6895,0.0003,0.0507,0.5368,0.0982,0.0037,
72.0005,136,1,ok,0,1,1.9592,0.0013,1.2718,0.6858,0.0003,0.0508,0.5326,0.0988,0.0035,
72.0005,137,1,ok,0,1,1.4749,0.0008,0.7671,0.7067,0.0003,0.0513,0.5508,0.1010,0.0035,
72.0005,138,1,ok,0,1,0.9793,0.0007,0.2644,0.7138,0.0003,0.0505,0.5590,0.1008,0.0036,
72.0005,139,1,ok,0,1,1.5787,0.0004,0.8643,0.7137,0.0003,0.0505,0.5595,0.1000,0.0036,
72.0005,140,1,ok,0,1,1.7452,0.0008,1.0406,0.7035,0.0003,0.0510,0.5483,0.1005,0.0037,
72.0005,141,1,ok,0,1,1.7956,0.0009,1.0793,0.7151,0.0003,0.0507,0.5586,0.1023,0.0035,
72.0005,142,1,ok,0,1,2.2399,0.0006,1.5384,0.7005,0.0004,0.0507,0.5468,0.0992,0.0036,
72.0005,143,1,ok,0,1,1.2280,0.0005,0.5234,0.7037,0.0003,0.0508,0.5499,0.0995,0.0035,
72.0005,144,1,ok,0,1,1.4714,0.0006,0.7690,0.7014,0.0004,0.0505,0.5473,0.1001,0.0035,
72.0005,145,1,ok,0,1,1.9827,0.0005,1.2726,0.7093,0.0003,0.0509,0.5537,0.1010,0.0036,
72.0005,146,1,ok,0,1,2.0629,0.0007,1.3362,0.7257,0.0003,0.0506,0.5680,0.1035,0.0035,
72.0005,147,1,ok,0,1,1.7126,0.0011,0.9709,0.7402,0.0003,0.0513,0.5695,0.1156,0.0037,
72.0005,148,1,ok,0,1,2.2489,0.0012,1.5242,0.7231,0.0004,0.0482,0.5652,0.1060,0.0037,
72.0005,149,1,ok,0,1,2.6693,0.0010,1.9367,0.7312,0.0004,0.0512,0.5719,0.1045,0.0036,
72.0005,150,1,ok,0,1,0.6148,0.0008,0.0000,0.6135,0.0005,0.0504,0.4691,0.0899,0.0040,
72.0005,151,1,ok,0,1,0.5924,0.0007,0.0000,0.5912,0.0005,0.0511,0.4502,0.0861,0.0037,
72.0005,152,1,ok,0,1,0.8048,0.0010,0.1110,0.6924,0.0004,0.0486,0.5391,0.1008,0.0039,
72.0005,153,1,ok,0,1,0.9112,0.0013,0.1961,0.7135,0.0004,0.0514,0.5580,0.1004,0.0036,
72.0005,154,1,ok,0,1,1.4937,0.0011,0.8027,0.6895,0.0004,0.0511,0.5372,0.0976,0.0035,
72.0005,155,1,ok,0,1,1.9850,0.0011,1.2804,0.7031,0.0003,0.0508,0.5486,0.1003,0.0034,
72.0005,156,1,ok,0,1,2.3564,0.0008,1.6403,0.7149,0.0003,0.0505,0.5583,0.1025,0.0037,
72.0005,157,1,ok,0,1,2.3372,0.0010,1.6159,0.7200,0.0003,0.0502,0.5645,0.1017,0.0035,
72.0005,158,1,ok,0,1,2.8341,0.0005,2.1188,0.7145,0.0003,0.0508,0.5579,0.1023,0.0034,
72.0005,159,1,ok,0,1,3.3414,0.0006,2.6263,0.7143,0.0003,0.0510,0.5578,0.1020,0.0035,
72.0005,160,1,ok,0,1,3.9923,0.0003,3.2797,0.7119,0.0003,0.0500,0.5576,0.1007,0.0035,
72.0005,161,1,ok,0,1,3.8702,0.0006,3.1606,0.7086,0.0003,0.0509,0.5523,0.1017,0.0037,
72.0005,162,1,ok,0,1,4.3635,0.0013,3.6522,0.7097,0.0003,0.0502,0.5535,0.1024,0.0036,
72.0005,163,1,ok,0,1,3.1234,0.0012,2.3971,0.7247,0.0003,0.0500,0.5668,0.1044,0.0036,
72.0005,164,1,ok,0,1,2.2075,0.0009,1.4862,0.7200,0.0003,0.0501,0.5620,0.1043,0.0036,
72.0005,165,1,ok,0,1,2.8683,0.0010,2.1452,0.7218,0.0004,0.0502,0.5646,0.1034,0.0036,
72.0005,166,1,ok,0,1,3.3504,0.0008,2.6410,0.7082,0.0003,0.0511,0.5515,0.1020,0.0037,
72.0005,167,1,ok,0,1,3.1505,0.0007,2.4284,0.7211,0.0003,0.0511,0.5619,0.1043,0.0036,
72.0005,168,1,ok,0,1,3.6680,0.0010,2.9486,0.7180,0.0004,0.0508,0.5600,0.1037,0.0036,
72.0005,169,1,ok,0,1,4.2783,0.0011,3.5486,0.7283,0.0003,0.0504,0.5699,0.1043,0.0037,
72.0005,170,1,ok,0,1,2.7199,0.0018,1.9921,0.7256,0.0004,0.0505,0.5669,0.1044,0.0038,
72.0005,171,1,ok,0,1,2.7419,0.0009,2.0136,0.7271,0.0003,0.0498,0.5686,0.1050,0.0036,
72.0005,172,1,ok,0,1,2.9406,0.0013,2.2074,0.7316,0.0003,0.0506,0.5731,0.1044,0.0035,
72.0005,173,1,ok,0,1,2.3686,0.0007,1.6605,0.7071,0.0003,0.0508,0.5502,0.1026,0.0035,
72.0005,174,1,ok,0,1,1.7165,0.0008,0.9948,0.7206,0.0003,0.0506,0.5615,0.1049,0.0035,
72.0005,175,1,ok,0,1,2.2738,0.0010,1.5394,0.7330,0.0003,0.0505,0.5733,0.1054,0.0037,
72.0005,176,1,ok,0,1,2.9045,0.0002,2.1886,0.7153,0.0004,0.0517,0.5588,0.1012,0.0036,
72.0005,177,1,ok,0,1,3.1478,0.0009,2.4336,0.7130,0.0003,0.0495,0.5553,0.1046,0.0036,
72.0005,178,1,ok,0,1,3.4169,0.0009,2.6878,0.7278,0.0004,0.0506,0.5692,0.1045,0.0035,
72.0005,179,1,ok,0,1,3.6168,0.0012,2.8914,0.7239,0.0003,0.0506,0.5639,0.1058,0.0036,
72.0005,180,1,ok,0,1,3.2777,0.0007,2.5278,0.7489,0.0003,0.0504,0.5890,0.1059,0.0036,
72.0005,181,1,ok,0,1,3.0757,0.0012,2.3441,0.7301,0.0003,0.0504,0.5720,0.1041,0.0036,
72.0005,182,1,ok,0,1,0.5943,0.0006,0.0000,0.5932,0.0005,0.0516,0.4513,0.0866,0.0036,
72.0005,183,1,ok,0,1,1.1294,0.0005,0.5074,0.6212,0.0003,0.0512,0.4759,0.0906,0.0034,
72.0005,184,1,ok,0,1,1.4386,0.0018,0.6983,0.7381,0.0003,0.0469,0.5759,0.1118,0.0035,
72.0005,185,1,ok,0,1,1.8449,0.0017,1.0916,0.7513,0.0003,0.0498,0.5894,0.1086,0.0035,
72.0005,186,1,ok,0,1,0.9536,0.0006,0.1959,0.7568,0.0003,0.0493,0.5946,0.1094,0.0035,
72.0005,187,1,ok,0,1,1.4674,0.0004,0.7150,0.7517,0.0003,0.0504,0.5884,0.1094,0.0036,
72.0005,188,1,ok,0,1,2.0371,0.0009,1.2908,0.7451,0.0004,0.0503,0.5836,0.1077,0.0035,
72.0005,189,1,ok,0,1,2.2783,0.0004,1.5406,0.7369,0.0003,0.0508,0.5754,0.1072,0.0035,
72.0005,190,1,ok,0,1,2.5655,0.0024,1.8193,0.7435,0.0003,0.0499,0.5830,0.1072,0.0034,
72.0005,191,1,ok,0,1,3.0452,0.0007,2.2928,0.7514,0.0003,0.0507,0.5893,0.1079,0.0035,
72.0005,192,1,ok,0,1,3.5284,0.0007,2.8049,0.7224,0.0004,0.0502,0.5638,0.1047,0.0036,
72.0005,193,1,ok,0,1,2.1282,0.0006,1.3883,0.7389,0.0003,0.0500,0.5723,0.1130,0.0036,
72.0005,194,1,ok,0,1,2.3994,0.0014,1.6389,0.7587,0.0003,0.0498,0.5952,0.1103,0.0034,
72.0005,195,1,ok,0,1,1.4922,0.0010,0.7519,0.7389,0.0004,0.0499,0.5762,0.1092,0.0035,
72.0005,196,1,ok,0,1,1.5670,0.0018,0.8243,0.7405,0.0003,0.0503,0.5744,0.1122,0.0035,
72.0005,197,1,ok,0,1,2.2586,0.0007,1.5231,0.7345,0.0003,0.0511,0.5720,0.1077,0.0037,
72.0005,198,1,ok,0,1,0.5930,0.0007,0.0000,0.5918,0.0005,0.0512,0.4503,0.0864,0.0038,
72.0005,199,1,ok,0,1,0.5952,0.0014,0.0000,0.5933,0.0005,0.0516,0.4509,0.0869,0.0038,
72.0005,200,1,ok,0,1,0.5927,0.0011,0.0000,0.5911,0.0005,0.0524,0.4487,0.0863,0.0037,
72.0005,201,1,ok,0,1,0.5920,0.0016,0.0000,0.5898,0.0005,0.0514,0.4484,0.0863,0.0037,
72.0005,202,1,ok,0,1,0.5904,0.0004,0.0000,0.5895,0.0004,0.0512,0.4482,0.0863,0.0037,
72.0005,203,1,ok,0,1,1.0304,0.0012,0.4377,0.5912,0.0003,0.0525,0.4491,0.0860,0.0036,
72.0005,204,1,ok,0,1,1.0750,0.0011,0.4753,0.5982,0.0003,0.0519,0.4550,0.0877,0.0036,
72.0005,205,1,ok,0,1,1.5018,0.0011,0.8735,0.6269,0.0004,0.0507,0.4829,0.0897,0.0036,
72.0005,206,1,ok,0,1,1.7175,0.0012,1.0735,0.6425,0.0003,0.0511,0.4966,0.0911,0.0037,
72.0005,207,1,ok,0,1,2.3221,0.0010,1.6662,0.6546,0.0003,0.0507,0.5072,0.0930,0.0035,
72.0005,208,1,ok,0,1,2.5795,0.0002,1.9249,0.6541,0.0003,0.0508,0.5077,0.0920,0.0037,
72.0005,209,1,ok,0,1,0.5949,0.0030,0.0000,0.5914,0.0005,0.0513,0.4493,0.0869,0.0039,
87.4292,0,0,ok,0,1,0.5959,0.0016,0.0000,0.5938,0.0005,0.0508,0.4522,0.0870,0.0037,
87.4292,1,0,ok,0,1,1.1887,0.0005,0.5780,0.6098,0.0004,0.0521,0.4655,0.0887,0.0035,
87.4292,2,0,ok,0,1,1.5887,0.0002,0.9678,0.6204,0.0003,0.0515,0.4748,0.0902,0.0037,
87.4292,3,0,ok,0,1,2.0595,0.0021,1.4133,0.6438,0.0003,0.0503,0.4986,0.0912,0.0037,
87.4292,4,0,ok,0,1,1.8004,0.0007,1.1436,0.6557,0.0003,0.0504,0.5085,0.0930,0.0038,
87.4292,5,0,ok,0,1,1.6871,0.0008,1.0247,0.6613,0.0003,0.0507,0.5122,0.0948,0.0036,
87.4292,6,0,ok,0,1,0.8263,0.0007,0.1579,0.6673,0.0003,0.0508,0.5194,0.0934,0.0036,
87.4292,7,0,ok,0,1,1.4456,0.0004,0.7634,0.6814,0.0003,0.0502,0.5306,0.0968,0.0037,
87.4292,8,0,ok,0,1,1.7522,0.0005,1.0689,0.6823,0.0004,0.0512,0.5307,0.0969,0.0035,
87.4292,9,0,ok,0,1,2.4189,0.0009,1.7305,0.6871,0.0004,0.0509,0.5356,0.0971,0.0035,
87.4292,10,1,ok,0,1,2.9266,0.0009,2.2487,0.6766,0.0004,0.0505,0.5257,0.0964,0.0039,
87.4292,11,1,ok,0,1,3.1221,0.0021,2.4415,0.6782,0.0003,0.0504,0.5279,0.0962,0.0036,
87.4292,12,1,ok,0,1,3.7945,0.0007,3.1029,0.6905,0.0003,0.0500,0.5378,0.0991,0.0036,
87.4292,13,1,ok,0,1,4.3358,0.0008,3.6416,0.6930,0.0003,0.0506,0.5404,0.0983,0.0036,
87.4292,14,1,ok,0,1,4.3126,0.0012,3.6143,0.6966,0.0004,0.0509,0.5426,0.0994,0.0037,
87.4292,15,1,ok,0,1,4.4868,0.0014,3.7708,0.7142,0.0004,0.0494,0.5582,0.1031,0.0035,
87.4292,16,1,ok,0,1,5.0184,0.0009,4.3151,0.7021,0.0004,0.0508,0.5471,0.1007,0.0035,
87.4292,17,1,ok,0,1,5.1085,0.0015,4.4063,0.7004,0.0003,0.0512,0.5460,0.0997,0.0036,
87.4292,18,1,ok,0,1,4.6925,0.0012,3.9697,0.7213,0.0003,0.0505,0.5612,0.1059,0.0037,
87.4292,19,1,ok,0,1,5.4000,0.0008,4.6872,0.7117,0.0003,0.0500,0.5573,0.1008,0.0036,
87.4292,20,1,ok,0,1,4.9803,0.0003,4.2750,0.7047,0.0003,0.0510,0.5505,0.0997,0.0034,
87.4292,21,1,ok,0,1,4.8654,0.0011,4.1572,0.7067,0.0003,0.0502,0.5523,0.1007,0.0035,
87.4292,22,1,ok,0,1,5.2841,0.0021,4.5779,0.7038,0.0003,0.0500,0.5474,0.1026,0.0037,
87.4292,23,1,ok,0,1,5.8967,0.0003,5.1678,0.7283,0.0003,0.0509,0.5693,0.1045,0.0035,
87.4292,24,1,ok,0,1,4.4485,0.0012,3.7327,0.7142,0.0003,0.0507,0.5591,0.1008,0.0036,
87.4292,25,1,ok,0,1,4.8855,0.0007,4.1662,0.7182,0.0003,0.0501,0.5610,0.1036,0.0035,
87.4292,26,1,ok,0,1,5.5382,0.0021,4.8166,0.7191,0.0003,0.0510,0.5621,0.1025,0.0035,
87.4292,27,1,ok,0,1,6.2066,0.0004,5.4680,0.7379,0.0004,0.0501,0.5780,0.1062,0.0036,
87.4292,28,1,ok,0,1,5.6583,0.0017,4.9143,0.7420,0.0003,0.0506,0.5723,0.1153,0.0037,
87.4292,29,1,ok,0,1,5.6980,0.0004,5.0227,0.6746,0.0003,0.0508,0.5212,0.0989,0.0036,
87.4292,30,1,ok,0,1,5.2792,0.0015,4.5670,0.7102,0.0003,0.0498,0.5536,0.1033,0.0035,
87.4292,31,1,ok,0,1,5.1312,0.0014,4.3799,0.7428,0.0071,0.0495,0.5799,0.1096,0.0037,
87.4292,32,1,ok,0,1,5.3342,0.0006,4.6033,0.7293,0.0009,0.0487,0.5727,0.1042,0.0037,
87.4292,33,1,ok,0,1,3.5827,0.0010,2.8515,0.7298,0.0004,0.0504,0.5698,0.1059,0.0037,
87.4292,34,1,ok,0,1,3.9980,0.0010,3.2552,0.7414,0.0004,0.0501,0.5821,0.1055,0.0037,
87.4292,35,1,ok,0,1,4.3214,0.0005,3.4464,0.8742,0.0003,0.3311,0.4517,0.0876,0.0037,
87.4292,36,1,ok,0,1,3.8363,0.0010,3.1068,0.7282,0.0004,0.0472,0.5679,0.1094,0.0036,
87.4292,37,1,ok,0,1,3.9204,0.0007,3.1743,0.7451,0.0003,0.0498,0.5832,0.1083,0.0037,
87.4292,38,1,ok,0,1,3.3267,0.0012,2.5616,0.7637,0.0003,0.0489,0.5988,0.1124,0.0036,
87.4292,39,1,ok,0,1,3.4832,0.0007,2.7350,0.7472,0.0003,0.0496,0.5860,0.1079,0.0036,
87.4292,40,1,ok,0,1,3.3773,0.0005,2.6459,0.7304,0.0004,0.0500,0.5698,0.1069,0.0036,
87.4292,41,1,ok,0,1,4.0714,0.0005,3.3446,0.7260,0.0003,0.0519,0.5657,0.1047,0.0036,
87.4292,42,1,ok,0,1,4.6300,0.0012,3.8927,0.7357,0.0003,0.0497,0.5739,0.1085,0.0036,
87.4292,43,1,ok,0,1,5.1290,0.0006,4.3950,0.7331,0.0003,0.0494,0.5733,0.1069,0.0036,
87.4292,44,1,ok,0,1,5.7989,0.0006,5.0713,0.7266,0.0004,0.0505,0.5657,0.1067,0.0035,
87.4292,45,1,ok,0,1,6.3424,0.0010,5.6160,0.7250,0.0004,0.0500,0.5658,0.1055,0.0037,
87.4292,46,1,ok,0,1,7.0045,0.0002,6.2692,0.7348,0.0003,0.0503,0.5761,0.1048,0.0035,
87.4292,47,1,ok,0,1,7.5229,0.0010,6.7800,0.7416,0.0003,0.0492,0.5818,0.1066,0.0039,
87.4292,48,1,ok,0,1,7.5633,0.0010,6.8290,0.7330,0.0003,0.0493,0.5729,0.1070,0.0037,
87.4292,49,1,ok,0,1,7.9932,0.0011,7.2507,0.7410,0.0004,0.0495,0.5795,0.1083,0.0037,
87.4292,50,1,ok,0,1,8.4069,0.0012,7.6747,0.7306,0.0004,0.0507,0.5704,0.1059,0.0036,
87.4292,51,1,ok,0,1,8.9786,0.0011,8.2444,0.7326,0.0005,0.0502,0.5739,0.1049,0.0036,
87.4292,52,1,ok,0,1,9.4947,0.0008,8.7647,0.7289,0.0003,0.0496,0.5690,0.1067,0.0035,
87.4292,53,1,ok,0,1,8.3500,0.0009,7.6003,0.7484,0.0004,0.0499,0.5887,0.1061,0.0036,
87.4292,54,1,ok,0,1,8.3717,0.0013,7.6320,0.7380,0.0003,0.0496,0.5786,0.1061,0.0036,
87.4292,55,1,ok,0,1,8.4543,0.0011,7.7259,0.7270,0.0003,0.0501,0.5671,0.1063,0.0036,
87.4292,56,1,ok,0,1,9.0635,0.0005,8.3250,0.7375,0.0005,0.0503,0.5752,0.1084,0.0035,
87.4292,57,1,ok,0,1,8.9017,0.0012,8.1659,0.7342,0.0004,0.0496,0.5742,0.1069,0.0035,
87.4292,58,1,ok,0,1,9.4960,0.0005,8.7789,0.7163,0.0003,0.0502,0.5584,0.1040,0.0037,
87.4292,59,1,ok,0,1,9.9115,0.0004,9.1681,0.7426,0.0003,0.0496,0.5804,0.1089,0.0036,
87.4292,60,1,ok,0,1,7.5327,0.0009,6.7822,0.7493,0.0003,0.0493,0.5877,0.1086,0.0035,
87.4292,61,1,ok,0,1,7.5725,0.0007,6.8308,0.7406,0.0003,0.0500,0.5802,0.1068,0.0036,
87.4292,62,1,ok,0,1,7.7572,0.0010,7.0129,0.7430,0.0003,0.0505,0.5834,0.1054,0.0036,
87.4292,63,1,ok,0,1,7.7130,0.0023,6.9630,0.7474,0.0004,0.0495,0.5863,0.1079,0.0036,
87.4292,64,1,ok,0,1,7.1844,0.0012,6.4418,0.7410,0.0003,0.0491,0.5811,0.1073,0.0036,
87.4292,65,1,ok,0,1,6.8853,0.0011,6.1565,0.7273,0.0004,0.0504,0.5674,0.1059,0.0036,
87.4292,66,1,ok,0,1,7.4381,0.0009,6.7059,0.7310,0.0003,0.0510,0.5699,0.1066,0.0035,
87.4292,67,1,ok,0,1,8.1521,0.0006,7.4151,0.7360,0.0004,0.0497,0.5746,0.1080,0.0036,
87.4292,68,1,ok,0,1,8.6296,0.0008,7.8912,0.7373,0.0003,0.0508,0.5768,0.1061,0.0036,
87.4292,69,1,ok,0,1,9.1537,0.0012,8.4146,0.7375,0.0004,0.0499,0.5793,0.1045,0.0037,
87.4292,70,1,ok,0,1,9.7081,0.0019,8.9891,0.7167,0.0003,0.0505,0.5595,0.1031,0.0036,
87.4292,71,1,ok,0,1,8.4731,0.0008,7.7424,0.7296,0.0003,0.0507,0.5683,0.1069,0.0037,
87.4292,72,1,ok,0,1,7.7659,0.0008,7.0378,0.7269,0.0004,0.0503,0.5679,0.1050,0.0036,
87.4292,73,1,ok,0,1,8.2488,0.0008,7.5058,0.7419,0.0004,0.0495,0.5793,0.1095,0.0036,
87.4292,74,1,ok,0,1,8.2638,0.0008,7.5168,0.7459,0.0003,0.0505,0.5860,0.1057,0.0036,
87.4292,75,1,ok,0,1,8.6528,0.0005,7.9178,0.7342,0.0004,0.0497,0.5755,0.1053,0.0037,
87.4292,76,1,ok,0,1,7.7116,0.0007,6.9641,0.7465,0.0004,0.0499,0.5865,0.1066,0.0035,
87.4292,77,1,ok,0,1,8.0288,0.0003,7.2899,0.7382,0.0004,0.0502,0.5794,0.1048,0.0037,
87.4292,78,1,ok,0,1,8.5583,0.0015,7.8161,0.7403,0.0003,0.0495,0.5812,0.1060,0.0035,
87.4292,79,1,ok,0,1,9.0935,0.0005,8.3635,0.7293,0.0004,0.0500,0.5698,0.1057,0.0037,
87.4292,80,1,ok,0,1,9.2632,0.0008,8.5272,0.7348,0.0004,0.0500,0.5735,0.1076,0.0036,
87.4292,81,1,ok,0,1,9.7968,0.0010,9.0530,0.7424,0.0003,0.0492,0.5829,0.1067,0.0035,
87.4292,82,1,ok,0,1,9.9245,0.0005,9.1934,0.7302,0.0004,0.0497,0.5705,0.1064,0.0036,
87.4292,83,1,ok,0,1,9.1051,0.0012,8.3579,0.7457,0.0003,0.0496,0.5845,0.1080,0.0036,
87.4292,84,1,ok,0,1,9.4856,0.0056,8.7496,0.7301,0.0003,0.0500,0.5693,0.1073,0.0035,
87.4292,85,1,ok,0,1,10.0558,0.0010,9.3147,0.7398,0.0004,0.0501,0.5785,0.1077,0.0035,
87.4292,86,1,ok,0,1,6.6771,0.0026,5.9310,0.7431,0.0003,0.0505,0.5835,0.1056,0.0035,
87.4292,87,1,ok,0,1,6.9337,0.0011,6.1871,0.7452,0.0003,0.0497,0.5837,0.1081,0.0037,
87.4292,88,1,ok,0,1,7.6004,0.0008,6.8675,0.7317,0.0004,0.0497,0.5704,0.1078,0.0038,
87.4292,89,1,ok,0,1,8.3171,0.0009,7.5664,0.7495,0.0003,0.0500,0.5882,0.1078,0.0034,
87.4292,90,1,ok,0,1,8.9743,0.0003,8.2371,0.7366,0.0003,0.0493,0.5761,0.1076,0.0035,
87.4292,91,1,ok,0,1,9.0478,0.0010,8.2957,0.7507,0.0003,0.0495,0.5890,0.1083,0.0038,
87.4292,92,1,ok,0,1,8.7046,0.0006,7.9694,0.7344,0.0003,0.0502,0.5732,0.1073,0.0036,
87.4292,93,1,ok,0,1,9.0645,0.0006,8.3276,0.7360,0.0003,0.0497,0.5766,0.1060,0.0036,
87.4292,94,1,ok,0,1,9.7572,0.0007,9.0188,0.7374,0.0003,0.0495,0.5744,0.1098,0.0036,
87.4292,95,1,ok,0,1,10.1692,0.0001,9.4272,0.7415,0.0003,0.0500,0.5824,0.1055,0.0036,
87.4292,96,1,ok,0,1,7.1114,0.0014,6.3575,0.7522,0.0003,0.0492,0.5810,0.1182,0.0037,
87.4292,97,1,ok,0,1,7.3139,0.0008,6.5937,0.7190,0.0004,0.0486,0.5620,0.1048,0.0035,
87.4292,98,1,ok,0,1,5.6254,0.0013,4.8811,0.7428,0.0004,0.0502,0.5805,0.1084,0.0035,
87.4292,99,1,ok,0,1,5.0094,0.0008,4.2715,0.7367,0.0003,0.0502,0.5754,0.1074,0.0037,
87.4292,100,1,ok,0,1,5.7450,0.0010,5.0005,0.7431,0.0004,0.0499,0.5818,0.1079,0.0035,
87.4292,101,1,ok,0,1,5.5991,0.0009,4.8687,0.7291,0.0003,0.0510,0.5690,0.1056,0.0035,
87.4292,102,1,ok,0,1,5.5511,0.0011,4.8124,0.7373,0.0004,0.0498,0.5765,0.1074,0.0036,
87.4292,103,1,ok,0,1,5.7500,0.0003,5.0224,0.7269,0.0004,0.0497,0.5656,0.1079,0.0037,
87.4292,104,1,ok,0,1,6.2872,0.0006,5.5364,0.7499,0.0003,0.0506,0.5884,0.1072,0.0037,
87.4292,105,1,ok,0,1,6.3175,0.0011,5.5832,0.7328,0.0003,0.0499,0.5726,0.1068,0.0035,
87.4292,106,1,ok,0,1,6.9769,0.0011,6.2352,0.7403,0.0004,0.0500,0.5791,0.1076,0.0036,
87.4292,107,1,ok,0,1,7.3274,0.0004,6.5850,0.7417,0.0003,0.0507,0.5789,0.1085,0.0036,
87.4292,108,1,ok,0,1,7.6548,0.0021,6.9104,0.7420,0.0003,0.0497,0.5818,0.1071,0.0034,
87.4292,109,1,ok,0,1,6.2732,0.0012,5.5433,0.7285,0.0003,0.0504,0.5690,0.1054,0.0036,
87.4292,110,1,ok,0,1,5.5745,0.0004,4.8411,0.7326,0.0004,0.0505,0.5710,0.1075,0.0036,
87.4292,111,1,ok,0,1,6.1058,0.0010,5.3638,0.7407,0.0003,0.0493,0.5819,0.1059,0.0035,
87.4292,112,1,ok,0,1,6.3601,0.0004,5.6289,0.7305,0.0003,0.0503,0.5704,0.1062,0.0037,
87.4292,113,1,ok,0,1,6.9633,0.0006,6.2245,0.7379,0.0003,0.0500,0.5777,0.1064,0.0037,
87.4292,114,1,ok,0,1,6.0235,0.0004,5.2900,0.7327,0.0003,0.0500,0.5740,0.1049,0.0037,
87.4292,115,1,ok,0,1,5.3574,0.0010,4.6197,0.7363,0.0004,0.0496,0.5768,0.1062,0.0037,
87.4292,116,1,ok,0,1,5.8569,0.0006,5.1136,0.7424,0.0004,0.0500,0.5818,0.1069,0.0037,
87.4292,117,1,ok,0,1,5.8799,0.0022,5.1556,0.7217,0.0004,0.0498,0.5605,0.1078,0.0037,
87.4292,118,1,ok,0,1,5.9836,0.0006,5.2349,0.7477,0.0003,0.0499,0.5858,0.1084,0.0036,
87.4292,119,1,ok,0,1,6.6117,0.0011,5.8686,0.7417,0.0003,0.0501,0.5832,0.1047,0.0036,
87.4292,120,1,ok,0,1,6.3607,0.0008,5.6243,0.7352,0.0003,0.0499,0.5708,0.1109,0.0036,
87.4292,121,1,ok,0,1,6.5774,0.0004,5.8283,0.7484,0.0003,0.0507,0.5906,0.1036,0.0035,
87.4292,122,1,ok,0,1,6.2650,0.0011,5.5415,0.7221,0.0003,0.0504,0.5614,0.1067,0.0036,
87.4292,123,1,ok,0,1,6.4935,0.0003,5.7460,0.7467,0.0003,0.0493,0.5846,0.1092,0.0036,
87.4292,124,1,ok,0,1,7.2356,0.0011,6.4920,0.7422,0.0003,0.0502,0.5805,0.1077,0.0038,
87.4292,125,1,ok,0,1,7.6984,0.0016,6.9652,0.7313,0.0004,0.0505,0.5708,0.1063,0.0035,
87.4292,126,1,ok,0,1,8.4101,0.0002,7.6847,0.7249,0.0003,0.0495,0.5654,0.1065,0.0035,
87.4292,127,1,ok,0,1,7.3158,0.0008,6.5931,0.7215,0.0003,0.0504,0.5623,0.1052,0.0036,
87.4292,128,1,ok,0,1,6.6109,0.0011,5.8669,0.7426,0.0004,0.0502,0.5811,0.1076,0.0035,
87.4292,129,1,ok,0,1,6.1341,0.0004,5.3878,0.7457,0.0003,0.0499,0.5849,0.1073,0.0036,
87.4292,130,1,ok,0,1,6.6144,0.0005,5.8815,0.7321,0.0004,0.0504,0.5719,0.1061,0.0037,
87.4292,131,1,ok,0,1,7.3097,0.0004,6.5730,0.7358,0.0003,0.0506,0.5761,0.1055,0.0035,
87.4292,132,1,ok,0,1,6.5968,0.0012,5.8647,0.7306,0.0003,0.0502,0.5704,0.1066,0.0034,
87.4292,133,1,ok,0,1,5.3214,0.0007,4.5809,0.7395,0.0004,0.0501,0.5777,0.1081,0.0035,
87.4292,134,1,ok,0,1,6.0127,0.0004,5.2596,0.7524,0.0003,0.0497,0.5915,0.1076,0.0036,
87.4292,135,1,ok,0,1,6.2998,0.0007,5.5554,0.7434,0.0003,0.0499,0.5818,0.1079,0.0037,
87.4292,136,1,ok,0,1,6.9989,0.0006,6.2500,0.7480,0.0003,0.0495,0.5836,0.1113,0.0035,
87.4292,137,1,ok,0,1,6.7509,0.0014,6.0164,0.7327,0.0004,0.0504,0.5729,0.1059,0.0035,
87.4292,138,1,ok,0,1,6.4989,0.0005,5.7541,0.7439,0.0003,0.0496,0.5839,0.1067,0.0036,
87.4292,139,1,ok,0,1,7.1288,0.0004,6.4042,0.7239,0.0003,0.0497,0.5631,0.1074,0.0036,
87.4292,140,1,ok,0,1,7.4232,0.0014,6.6849,0.7366,0.0003,0.0506,0.5750,0.1073,0.0037,
87.4292,141,1,ok,0,1,7.6068,0.0008,6.8747,0.7310,0.0003,0.0495,0.5697,0.1083,0.0035,
87.4292,142,1,ok,0,1,8.1382,0.0008,7.3947,0.7423,0.0003,0.0505,0.5804,0.1078,0.0037,
87.4292,143,1,ok,0,1,7.4672,0.0007,6.7243,0.7418,0.0003,0.0502,0.5818,0.1063,0.0035,
87.4292,144,1,ok,0,1,7.8147,0.0006,7.0891,0.7247,0.0003,0.0502,0.5637,0.1072,0.0035,
87.4292,145,1,ok,0,1,8.3915,0.0005,7.6509,0.7398,0.0003,0.0494,0.5774,0.1094,0.0036,
87.4292,146,1,ok,0,1,8.5940,0.0021,7.8575,0.7340,0.0003,0.0501,0.5745,0.1059,0.0035,
87.4292,147,1,ok,0,1,8.4192,0.0007,7.6950,0.7232,0.0003,0.0505,0.5622,0.1069,0.0035,
87.4292,148,1,ok,0,1,8.9994,0.0008,8.2643,0.7340,0.0004,0.0492,0.5738,0.1072,0.0036,
87.4292,149,1,ok,0,1,9.4868,0.0012,8.7419,0.7435,0.0003,0.0500,0.5834,0.1064,0.0036,
87.4292,150,1,ok,0,1,6.5508,0.0011,5.8288,0.7204,0.0004,0.0502,0.5599,0.1064,0.0039,
87.4292,151,1,ok,0,1,6.5704,0.0006,5.8300,0.7395,0.0003,0.0497,0.5780,0.1081,0.0037,
87.4292,152,1,ok,0,1,6.9166,0.0016,6.1733,0.7414,0.0004,0.0498,0.5814,0.1064,0.0038,
87.4292,153,1,ok,0,1,7.1554,0.0010,6.4153,0.7387,0.0004,0.0493,0.5770,0.1088,0.0036,
87.4292,154,1,ok,0,1,7.8039,0.0007,7.0662,0.7367,0.0003,0.0501,0.5752,0.1078,0.0035,
87.4292,155,1,ok,0,1,8.3810,0.0013,7.6280,0.7515,0.0003,0.0495,0.5916,0.1069,0.0034,
87.4292,156,1,ok,0,1,8.8473,0.0015,8.0963,0.7491,0.0003,0.0503,0.5885,0.1065,0.0037,
87.4292,157,1,ok,0,1,8.9645,0.0012,8.2370,0.7259,0.0003,0.0504,0.5663,0.1057,0.0035,
87.4292,158,1,ok,0,1,9.5246,0.0003,8.7847,0.7392,0.0004,0.0502,0.5791,0.1064,0.0035,
87.4292,159,1,ok,0,1,10.0927,0.0009,9.3531,0.7384,0.0003,0.0506,0.5773,0.1069,0.0035,
87.4292,160,1,ok,0,1,10.7678,0.0005,10.0417,0.7253,0.0003,0.0501,0.5662,0.1055,0.0035,
87.4292,161,1,ok,0,1,10.8197,0.0011,10.0823,0.7359,0.0004,0.0507,0.5754,0.1062,0.0037,
87.4292,162,1,ok,0,1,11.3856,0.0011,10.6402,0.7439,0.0003,0.0499,0.5824,0.1080,0.0036,
87.4292,163,1,ok,0,1,10.5100,0.0025,9.7646,0.7425,0.0004,0.0503,0.5832,0.1054,0.0036,
87.4292,164,1,ok,0,1,9.9043,0.0006,9.1619,0.7414,0.0004,0.0499,0.5817,0.1061,0.0036,
87.4292,165,1,ok,0,1,10.5899,0.0003,9.8536,0.7357,0.0003,0.0500,0.5768,0.1053,0.0036,
87.4292,166,1,ok,0,1,11.1421,0.0010,10.4024,0.7385,0.0003,0.0503,0.5778,0.1067,0.0037,
87.4292,167,1,ok,0,1,11.1271,0.0010,10.3824,0.7433,0.0004,0.0500,0.5817,0.1079,0.0036,
87.4292,168,1,ok,0,1,11.7070,0.0006,10.9610,0.7450,0.0003,0.0498,0.5845,0.1071,0.0036,
87.4292,169,1,ok,0,1,12.3446,0.0004,11.6092,0.7345,0.0004,0.0500,0.5738,0.1069,0.0037,
87.4292,170,1,ok,0,1,11.2098,0.0006,10.4627,0.7462,0.0004,0.0502,0.5841,0.1081,0.0038,
87.4292,171,1,ok,0,1,11.3671,0.0013,10.6277,0.7378,0.0003,0.0499,0.5775,0.1068,0.0036,
87.4292,172,1,ok,0,1,11.6674,0.0003,10.9277,0.7390,0.0004,0.0498,0.5794,0.1063,0.0036,
87.4292,173,1,ok,0,1,11.3380,0.0013,10.6125,0.7240,0.0003,0.0511,0.5634,0.1059,0.0035,
87.4292,174,1,ok,0,1,10.9345,0.0004,10.2068,0.7269,0.0003,0.0496,0.5675,0.1062,0.0035,
87.4292,175,1,ok,0,1,11.5279,0.0007,10.7888,0.7380,0.0003,0.0504,0.5768,0.1070,0.0037,
87.4292,176,1,ok,0,1,12.2053,0.0009,11.4570,0.7470,0.0004,0.0521,0.5852,0.1061,0.0036,
87.4292,177,1,ok,0,1,12.5526,0.0011,11.8172,0.7340,0.0003,0.0506,0.5724,0.1073,0.0036,
87.4292,178,1,ok,0,1,12.9287,0.0014,12.1730,0.7539,0.0004,0.0499,0.5896,0.1108,0.0035,
87.4292,179,1,ok,0,1,13.2309,0.0005,12.4964,0.7337,0.0003,0.0501,0.5730,0.1071,0.0036,
87.4292,180,1,ok,0,1,13.0776,0.0007,12.3340,0.7425,0.0004,0.0501,0.5837,0.1051,0.0036,
87.4292,181,1,ok,0,1,13.0367,0.0007,12.3090,0.7266,0.0003,0.0504,0.5668,0.1057,0.0036,
87.4292,182,1,ok,0,1,10.9384,0.0019,10.1899,0.7464,0.0003,0.0508,0.5839,0.1081,0.0036,
87.4292,183,1,ok,0,1,11.6132,0.0009,10.8664,0.7455,0.0003,0.0500,0.5838,0.1082,0.0034,
87.4292,184,1,ok,0,1,12.0037,0.0008,11.2588,0.7438,0.0003,0.0496,0.5826,0.1080,0.0035,
87.4292,185,1,ok,0,1,12.4474,0.0002,11.7191,0.7278,0.0003,0.0503,0.5676,0.1063,0.0035,
87.4292,186,1,ok,0,1,11.8399,0.0013,11.0886,0.7496,0.0004,0.0500,0.5873,0.1087,0.0035,
87.4292,187,1,ok,0,1,12.3717,0.0010,11.6427,0.7277,0.0003,0.0499,0.5680,0.1061,0.0037,
87.4292,188,1,ok,0,1,12.9606,0.0015,12.2255,0.7333,0.0003,0.0502,0.5715,0.1080,0.0035,
87.4292,189,1,ok,0,1,13.2910,0.0005,12.5516,0.7385,0.0005,0.0494,0.5776,0.1080,0.0035,
87.4292,190,1,ok,0,1,13.6559,0.0009,12.9140,0.7404,0.0005,0.0489,0.5802,0.1078,0.0034,
87.4292,191,1,ok,0,1,14.1724,0.0012,13.4306,0.7402,0.0004,0.0499,0.5798,0.1070,0.0035,
87.4292,192,1,ok,0,1,14.7226,0.0017,13.9734,0.7471,0.0003,0.0495,0.5872,0.1067,0.0036,
87.4292,193,1,ok,0,1,13.6959,0.0006,12.9600,0.7349,0.0003,0.0503,0.5735,0.1074,0.0036,
87.4292,194,1,ok,0,1,14.0392,0.0019,13.2922,0.7448,0.0003,0.0506,0.5842,0.1065,0.0034,
87.4292,195,1,ok,0,1,13.4160,0.0010,12.6823,0.7323,0.0004,0.0504,0.5706,0.1078,0.0035,
87.4292,196,1,ok,0,1,13.5954,0.0017,12.8659,0.7275,0.0004,0.0501,0.5657,0.1082,0.0035,
87.4292,197,1,ok,0,1,14.3303,0.0002,13.5596,0.7702,0.0003,0.0497,0.6055,0.1113,0.0037,
87.4292,198,1,ok,0,1,10.1003,0.0003,9.3616,0.7381,0.0003,0.0492,0.5790,0.1061,0.0038,
87.4292,199,1,ok,0,1,9.6106,0.0002,8.8593,0.7507,0.0003,0.0483,0.5877,0.1110,0.0037,
87.4292,200,1,ok,0,1,7.9747,0.0012,7.2255,0.7476,0.0004,0.0504,0.5853,0.1083,0.0036,
87.4292,201,1,ok,0,1,6.8918,0.0008,6.1836,0.7070,0.0004,0.0507,0.5525,0.1000,0.0037,
87.4292,202,1,ok,0,1,6.3267,0.0013,5.5946,0.7305,0.0003,0.0501,0.5664,0.1102,0.0037,
87.4292,203,1,ok,0,1,6.9427,0.0007,6.2012,0.7405,0.0003,0.0506,0.5786,0.1076,0.0036,
87.4292,204,1,ok,0,1,7.2298,0.0011,6.4853,0.7431,0.0003,0.0498,0.5843,0.1054,0.0036,
87.4292,205,1,ok,0,1,7.8047,0.0004,7.0645,0.7396,0.0003,0.0494,0.5794,0.1071,0.0037,
87.4292,206,1,ok,0,1,8.1777,0.0010,7.4519,0.7244,0.0003,0.0500,0.5660,0.1047,0.0037,
87.4292,207,1,ok,0,1,8.8723,0.0007,8.1355,0.7357,0.0004,0.0504,0.5743,0.1074,0.0035,
87.4292,208,1,ok,0,1,9.2859,0.0009,8.5445,0.7401,0.0003,0.0494,0.5800,0.1070,0.0037,
87.4292,209,1,ok,0,1,7.1152,0.0007,6.3888,0.7254,0.0003,0.0503,0.5657,0.1055,0.0039,
102.8579,0,0,ok,0,1,0.5955,0.0025,0.0000,0.5925,0.0005,0.0514,0.4512,0.0862,0.0037,
102.8579,1,0,ok,0,1,1.3372,0.0020,0.5788,0.7560,0.0004,0.0478,0.5860,0.1186,0.0036,
102.8579,2,0,ok,0,1,1.8618,0.0006,1.1489,0.7118,0.0004,0.0495,0.5547,0.1038,0.0038,
102.8579,3,0,ok,0,1,2.4529,0.0006,1.7138,0.7381,0.0004,0.0504,0.5763,0.1077,0.0037,
102.8579,4,0,ok,0,1,2.4164,0.0016,1.6733,0.7410,0.0003,0.0504,0.5793,0.1076,0.0038,
102.8579,5,0,ok,0,1,2.5077,0.0012,1.7565,0.7496,0.0004,0.0504,0.5870,0.1085,0.0037,
102.8579,6,0,ok,0,1,1.9439,0.0005,1.2079,0.7351,0.0004,0.0498,0.5753,0.1062,0.0037,
102.8579,7,0,ok,0,1,2.6170,0.0006,1.8902,0.7258,0.0004,0.0505,0.5673,0.1043,0.0037,
102.8579,8,0,ok,0,1,3.0197,0.0004,2.2969,0.7221,0.0003,0.0508,0.5624,0.1052,0.0036,
102.8579,9,0,ok,0,1,3.7346,0.0019,3.0002,0.7322,0.0003,0.0506,0.5715,0.1065,0.0036,
102.8579,10,1,ok,0,1,4.3344,0.0004,3.5903,0.7433,0.0004,0.0500,0.5841,0.1051,0.0040,
102.8579,11,1,ok,0,1,4.6559,0.0023,3.9215,0.7318,0.0003,0.0504,0.5689,0.1088,0.0037,
102.8579,12,1,ok,0,1,5.3768,0.0007,4.6395,0.7362,0.0003,0.0507,0.5776,0.1043,0.0036,
102.8579,13,1,ok,0,1,5.9889,0.0006,5.2469,0.7411,0.0003,0.0507,0.5804,0.1064,0.0036,
102.8579,14,1,ok,0,1,6.1167,0.0021,5.3746,0.7396,0.0003,0.0509,0.5769,0.1080,0.0038,
102.8579,15,1,ok,0,1,6.4124,0.0009,5.6566,0.7547,0.0003,0.0504,0.5942,0.1065,0.0036,
102.8579,16,1,ok,0,1,7.0094,0.0009,6.2663,0.7419,0.0004,0.0506,0.5799,0.1078,0.0035,
102.8579,17,1,ok,0,1,7.2246,0.0007,6.4897,0.7339,0.0003,0.0509,0.5721,0.1073,0.0036,
102.8579,18,1,ok,0,1,6.9957,0.0013,6.2563,0.7377,0.0003,0.0506,0.5760,0.1073,0.0037,
102.8579,19,1,ok,0,1,7.7073,0.0007,6.9912,0.7151,0.0003,0.0505,0.5560,0.1049,0.0036,
102.8579,20,1,ok,0,1,7.4862,0.0013,6.7499,0.7346,0.0003,0.0507,0.5728,0.1077,0.0035,
102.8579,21,1,ok,0,1,7.5311,0.0012,6.7863,0.7433,0.0003,0.0506,0.5817,0.1075,0.0035,
102.8579,22,1,ok,0,1,8.0243,0.0002,7.2883,0.7355,0.0003,0.0511,0.5742,0.1065,0.0037,
102.8579,23,1,ok,0,1,8.6696,0.0008,7.9249,0.7435,0.0003,0.0507,0.5836,0.1056,0.0036,
102.8579,24,1,ok,0,1,7.5600,0.0008,6.8304,0.7284,0.0003,0.0509,0.5690,0.1048,0.0036,
102.8579,25,1,ok,0,1,8.0714,0.0018,7.3188,0.7505,0.0003,0.0502,0.5891,0.1077,0.0035,
102.8579,26,1,ok,0,1,8.7538,0.0002,8.0144,0.7388,0.0004,0.0511,0.5766,0.1075,0.0036,
102.8579,27,1,ok,0,1,9.4366,0.0010,8.6935,0.7418,0.0003,0.0506,0.5816,0.1059,0.0036,
102.8579,28,1,ok,0,1,9.0793,0.0012,8.3384,0.7393,0.0004,0.0503,0.5798,0.1056,0.0037,
102.8579,29,1,ok,0,1,9.2738,0.0013,8.5381,0.7341,0.0004,0.0508,0.5727,0.1070,0.0036,
102.8579,30,1,ok,0,1,9.0522,0.0009,8.3130,0.7380,0.0003,0.0509,0.5759,0.1077,0.0035,
102.8579,31,1,ok,0,1,9.0421,0.0007,8.2883,0.7527,0.0003,0.0502,0.5879,0.1108,0.0037,
102.8579,32,1,ok,0,1,9.3315,0.0006,8.5933,0.7372,0.0004,0.0503,0.5774,0.1058,0.0037,
102.8579,33,1,ok,0,1,7.9637,0.0005,7.2216,0.7413,0.0003,0.0499,0.5806,0.1071,0.0037,
102.8579,34,1,ok,0,1,8.4306,0.0014,7.6849,0.7440,0.0004,0.0493,0.5831,0.1079,0.0037,
102.8579,35,1,ok,0,1,8.7138,0.0004,7.9618,0.7512,0.0004,0.0504,0.5886,0.1085,0.0037,
102.8579,36,1,ok,0,1,8.4324,0.0009,7.6813,0.7498,0.0004,0.0507,0.5889,0.1066,0.0036,
102.8579,37,1,ok,0,1,8.5905,0.0004,7.8698,0.7200,0.0004,0.0508,0.5610,0.1044,0.0037,
102.8579,38,1,ok,0,1,8.1640,0.0009,7.4356,0.7272,0.0004,0.0514,0.5643,0.1079,0.0036,
102.8579,39,1,ok,0,1,8.3991,0.0024,7.6593,0.7371,0.0003,0.0511,0.5761,0.1062,0.0036,
102.8579,40,1,ok,0,1,8.4231,0.0008,7.6870,0.7350,0.0003,0.0509,0.5697,0.1109,0.0035,
102.8579,41,1,ok,0,1,9.1533,0.0006,8.3952,0.7572,0.0004,0.0509,0.5943,0.1084,0.0036,
102.8579,42,1,ok,0,1,9.7484,0.0010,9.0015,0.7456,0.0003,0.0502,0.5851,0.1066,0.0036,
102.8579,43,1,ok,0,1,10.2951,0.0004,9.5487,0.7456,0.0004,0.0501,0.5858,0.1061,0.0036,
102.8579,44,1,ok,0,1,10.9722,0.0010,10.2455,0.7247,0.0010,0.0512,0.5647,0.1052,0.0036,
102.8579,45,1,ok,0,1,11.5441,0.0007,10.8170,0.7258,0.0006,0.0498,0.5658,0.1065,0.0037,
102.8579,46,1,ok,0,1,12.2229,0.0008,11.4812,0.7405,0.0004,0.0509,0.5797,0.1063,0.0036,
102.8579,47,1,ok,0,1,12.7694,0.0011,12.0318,0.7362,0.0004,0.0508,0.5750,0.1066,0.0037,
102.8579,48,1,ok,0,1,12.9147,0.0009,12.1796,0.7339,0.0004,0.0508,0.5725,0.1069,0.0037,
102.8579,49,1,ok,0,1,13.3858,0.0005,12.6494,0.7354,0.0004,0.0498,0.5754,0.1065,0.0037,
102.8579,50,1,ok,0,1,13.8570,0.0003,13.1158,0.7405,0.0004,0.0504,0.5784,0.1080,0.0037,
102.8579,51,1,ok,0,1,14.4722,0.0004,13.7194,0.7519,0.0004,0.0500,0.5902,0.1080,0.0037,
102.8579,52,1,ok,0,1,15.0373,0.0005,14.2905,0.7460,0.0004,0.0505,0.5857,0.1062,0.0035,
102.8579,53,1,ok,0,1,14.1493,0.0013,13.4266,0.7210,0.0004,0.0514,0.5612,0.1046,0.0037,
102.8579,54,1,ok,0,1,14.2727,0.0013,13.5388,0.7322,0.0003,0.0509,0.5695,0.1082,0.0036,
102.8579,55,1,ok,0,1,14.4777,0.0007,13.7240,0.7526,0.0003,0.0503,0.5898,0.1089,0.0036,
102.8579,56,1,ok,0,1,15.0968,0.0004,14.3678,0.7282,0.0004,0.0501,0.5681,0.1064,0.0036,
102.8579,57,1,ok,0,1,15.0788,0.0008,14.3341,0.7435,0.0004,0.0500,0.5814,0.1085,0.0035,
102.8579,58,1,ok,0,1,15.7243,0.0019,14.9729,0.7492,0.0003,0.0497,0.5878,0.1078,0.0038,
102.8579,59,1,ok,0,1,16.1765,0.0013,15.4447,0.7302,0.0003,0.0510,0.5681,0.1073,0.0037,
102.8579,60,1,ok,0,1,14.2503,0.0009,13.5164,0.7326,0.0003,0.0507,0.5714,0.1070,0.0035,
102.8579,61,1,ok,0,1,14.3923,0.0013,13.6531,0.7376,0.0004,0.0504,0.5779,0.1056,0.0036,
102.8579,62,1,ok,0,1,14.6500,0.0013,13.9161,0.7323,0.0003,0.0510,0.5712,0.1064,0.0036,
102.8579,63,1,ok,0,1,14.7151,0.0018,13.9751,0.7378,0.0003,0.0503,0.5767,0.1071,0.0036,
102.8579,64,1,ok,0,1,14.3782,0.0007,13.6349,0.7422,0.0004,0.0499,0.5817,0.1069,0.0037,
102.8579,65,1,ok,0,1,14.2334,0.0013,13.5042,0.7276,0.0003,0.0513,0.5670,0.1056,0.0037,
102.8579,66,1,ok,0,1,14.8066,0.0008,14.0809,0.7245,0.0004,0.0508,0.5649,0.1052,0.0036,
102.8579,67,1,ok,0,1,15.5272,0.0009,14.7866,0.7393,0.0003,0.0506,0.5785,0.1065,0.0036,
102.8579,68,1,ok,0,1,16.0502,0.0009,15.3052,0.7437,0.0004,0.0509,0.5809,0.1082,0.0036,
102.8579,69,1,ok,0,1,16.6020,0.0004,15.8680,0.7332,0.0004,0.0509,0.5726,0.1059,0.0038,
102.8579,70,1,ok,0,1,17.2054,0.0004,16.4634,0.7413,0.0003,0.0507,0.5804,0.1066,0.0036,
102.8579,71,1,ok,0,1,16.2733,0.0011,15.5341,0.7377,0.0003,0.0511,0.5753,0.1077,0.0037,
102.8579,72,1,ok,0,1,15.7857,0.0012,15.0527,0.7314,0.0004,0.0507,0.5703,0.1067,0.0037,
102.8579,73,1,ok,0,1,16.3102,0.0010,15.5642,0.7446,0.0004,0.0499,0.5829,0.1082,0.0036,
102.8579,74,1,ok,0,1,16.4368,0.0007,15.6880,0.7478,0.0003,0.0510,0.5857,0.1074,0.0036,
102.8579,75,1,ok,0,1,16.8842,0.0007,16.1423,0.7408,0.0003,0.0503,0.5780,0.1090,0.0036,
102.8579,76,1,ok,0,1,16.1864,0.0008,15.4485,0.7367,0.0003,0.0505,0.5761,0.1066,0.0036,
102.8579,77,1,ok,0,1,16.5735,0.0011,15.8271,0.7450,0.0003,0.0507,0.5802,0.1103,0.0037,
102.8579,78,1,ok,0,1,17.1190,0.0009,16.3932,0.7247,0.0003,0.0507,0.5665,0.1040,0.0035,
102.8579,79,1,ok,0,1,17.6902,0.0009,16.9530,0.7360,0.0003,0.0501,0.5739,0.1083,0.0037,
102.8579,80,1,ok,0,1,17.9454,0.0008,17.2087,0.7355,0.0004,0.0508,0.5737,0.1073,0.0036,
102.8579,81,1,ok,0,1,18.5109,0.0003,17.7674,0.7430,0.0003,0.0503,0.5809,0.1081,0.0036,
102.8579,82,1,ok,0,1,18.7269,0.0010,17.9975,0.7280,0.0003,0.0505,0.5672,0.1067,0.0036,
102.8579,83,1,ok,0,1,18.1403,0.0016,17.3946,0.7436,0.0003,0.0511,0.5821,0.1068,0.0036,
102.8579,84,1,ok,0,1,18.5841,0.0006,17.8422,0.7409,0.0003,0.0504,0.5791,0.1079,0.0035,
102.8579,85,1,ok,0,1,19.1872,0.0014,18.4383,0.7472,0.0003,0.0501,0.5875,0.1061,0.0035,
102.8579,86,1,ok,0,1,16.4262,0.0006,15.6828,0.7425,0.0004,0.0503,0.5823,0.1063,0.0035,
102.8579,87,1,ok,0,1,16.7400,0.0012,16.0094,0.7289,0.0004,0.0500,0.5693,0.1059,0.0037,
102.8579,88,1,ok,0,1,17.4383,0.0008,16.6836,0.7536,0.0004,0.0503,0.5804,0.1192,0.0037,
102.8579,89,1,ok,0,1,18.1361,0.0008,17.4094,0.7256,0.0003,0.0490,0.5673,0.1058,0.0035,
102.8579,90,1,ok,0,1,18.8089,0.0012,18.0672,0.7402,0.0003,0.0504,0.5788,0.1074,0.0035,
102.8579,91,1,ok,0,1,18.9889,0.0007,18.2323,0.7556,0.0004,0.0500,0.5912,0.1104,0.0039,
102.8579,92,1,ok,0,1,18.8227,0.0007,18.0720,0.7495,0.0004,0.0509,0.5888,0.1062,0.0036,
102.8579,93,1,ok,0,1,19.2259,0.0009,18.5018,0.7227,0.0004,0.0510,0.5650,0.1030,0.0037,
102.8579,94,1,ok,0,1,19.9230,0.0008,19.1868,0.7351,0.0003,0.0496,0.5739,0.1079,0.0037,
102.8579,95,1,ok,0,1,20.3772,0.0009,19.6418,0.7342,0.0003,0.0509,0.5716,0.1079,0.0037,
102.8579,96,1,ok,0,1,17.8859,0.0004,17.1380,0.7472,0.0004,0.0506,0.5811,0.1118,0.0037,
102.8579,97,1,ok,0,1,18.1952,0.0005,17.4461,0.7482,0.0003,0.0501,0.5888,0.1056,0.0036,
102.8579,98,1,ok,0,1,16.8705,0.0018,16.1266,0.7418,0.0003,0.0508,0.5808,0.1067,0.0035,
102.8579,99,1,ok,0,1,16.4691,0.0011,15.7192,0.7484,0.0003,0.0506,0.5873,0.1067,0.0038,
102.8579,100,1,ok,0,1,17.1991,0.0005,16.4619,0.7363,0.0003,0.0511,0.5738,0.1079,0.0036,
102.8579,101,1,ok,0,1,17.1957,0.0016,16.4534,0.7403,0.0004,0.0510,0.5772,0.1086,0.0035,
102.8579,102,1,ok,0,1,17.2458,0.0009,16.5270,0.7176,0.0003,0.0511,0.5590,0.1038,0.0037,
102.8579,103,1,ok,0,1,17.5333,0.0007,16.7960,0.7362,0.0004,0.0501,0.5741,0.1084,0.0036,
102.8579,104,1,ok,0,1,18.0976,0.0009,17.3513,0.7451,0.0003,0.0510,0.5843,0.1060,0.0037,
102.8579,105,1,ok,0,1,18.2323,0.0011,17.4990,0.7319,0.0003,0.0507,0.5712,0.1065,0.0035,
102.8579,106,1,ok,0,1,18.8998,0.0003,18.1630,0.7361,0.0003,0.0510,0.5745,0.1070,0.0036,
102.8579,107,1,ok,0,1,19.3121,0.0009,18.5661,0.7447,0.0004,0.0506,0.5822,0.1084,0.0036,
102.8579,108,1,ok,0,1,19.6937,0.0010,18.9585,0.7340,0.0003,0.0506,0.5742,0.1057,0.0034,
102.8579,109,1,ok,0,1,18.6375,0.0009,17.8990,0.7372,0.0004,0.0502,0.5771,0.1061,0.0037,
102.8579,110,1,ok,0,1,18.1561,0.0005,17.4200,0.7353,0.0003,0.0500,0.5758,0.1058,0.0036,
102.8579,111,1,ok,0,1,18.7032,0.0004,17.9774,0.7250,0.0004,0.0507,0.5626,0.1081,0.0036,
102.8579,112,1,ok,0,1,19.0373,0.0007,18.2974,0.7388,0.0003,0.0506,0.5771,0.1074,0.0037,
102.8579,113,1,ok,0,1,19.6606,0.0003,18.9223,0.7378,0.0003,0.0499,0.5777,0.1064,0.0037,
102.8579,114,1,ok,0,1,18.9894,0.0013,18.2374,0.7503,0.0004,0.0501,0.5867,0.1097,0.0038,
102.8579,115,1,ok,0,1,18.5431,0.0013,17.7957,0.7458,0.0003,0.0506,0.5839,0.1075,0.0037,
102.8579,116,1,ok,0,1,19.0837,0.0005,18.3358,0.7470,0.0003,0.0504,0.5836,0.1093,0.0037,
102.8579,117,1,ok,0,1,19.2224,0.0010,18.4884,0.7326,0.0003,0.0501,0.5721,0.1067,0.0036,
102.8579,118,1,ok,0,1,19.4213,0.0019,18.6728,0.7463,0.0003,0.0502,0.5853,0.1072,0.0036,
102.8579,119,1,ok,0,1,20.0693,0.0004,19.3242,0.7444,0.0003,0.0500,0.5834,0.1073,0.0036,
102.8579,120,1,ok,0,1,19.9796,0.0016,19.2290,0.7485,0.0004,0.0507,0.5871,0.1071,0.0035,
102.8579,121,1,ok,0,1,20.2552,0.0014,19.5260,0.7275,0.0003,0.0506,0.5678,0.1057,0.0035,
102.8579,122,1,ok,0,1,20.1141,0.0004,19.3753,0.7381,0.0003,0.0508,0.5747,0.1089,0.0036,
102.8579,123,1,ok,0,1,20.4089,0.0007,19.6726,0.7353,0.0003,0.0502,0.5738,0.1078,0.0036,
102.8579,124,1,ok,0,1,21.1669,0.0004,20.4083,0.7580,0.0004,0.0497,0.5916,0.1128,0.0038,
102.8579,125,1,ok,0,1,21.6666,0.0011,20.9373,0.7278,0.0003,0.0510,0.5676,0.1057,0.0035,
102.8579,126,1,ok,0,1,22.3992,0.0008,21.6543,0.7437,0.0004,0.0501,0.5798,0.1103,0.0035,
102.8579,127,1,ok,0,1,21.5986,0.0010,20.8544,0.7428,0.0003,0.0505,0.5826,0.1060,0.0037,
102.8579,128,1,ok,0,1,21.1033,0.0010,20.3670,0.7350,0.0003,0.0507,0.5752,0.1056,0.0036,
102.8579,129,1,ok,0,1,20.8139,0.0016,20.0623,0.7496,0.0004,0.0507,0.5853,0.1100,0.0036,
102.8579,130,1,ok,0,1,21.3344,0.0014,20.5981,0.7345,0.0004,0.0504,0.5716,0.1087,0.0037,
102.8579,131,1,ok,0,1,22.0411,0.0007,21.2989,0.7411,0.0004,0.0507,0.5802,0.1067,0.0035,
102.8579,132,1,ok,0,1,21.5490,0.0009,20.8130,0.7347,0.0004,0.0506,0.5746,0.1061,0.0034,
102.8579,133,1,ok,0,1,20.5801,0.0006,19.8354,0.7437,0.0003,0.0505,0.5828,0.1069,0.0036,
102.8579,134,1,ok,0,1,21.2662,0.0015,20.5263,0.7380,0.0003,0.0510,0.5768,0.1066,0.0036,
102.8579,135,1,ok,0,1,21.6148,0.0019,20.8761,0.7365,0.0003,0.0510,0.5746,0.1072,0.0037,
102.8579,136,1,ok,0,1,22.3169,0.0002,21.5728,0.7436,0.0004,0.0506,0.5832,0.1063,0.0035,
102.8579,137,1,ok,0,1,22.2295,0.0005,21.4825,0.7462,0.0004,0.0505,0.5847,0.1074,0.0036,
102.8579,138,1,ok,0,1,22.1381,0.0005,21.3822,0.7550,0.0003,0.0496,0.5929,0.1089,0.0037,
102.8579,139,1,ok,0,1,22.7969,0.0005,22.0575,0.7386,0.0003,0.0507,0.5777,0.1065,0.0037,
102.8579,140,1,ok,0,1,23.1550,0.0007,22.4200,0.7339,0.0003,0.0512,0.5743,0.1046,0.0038,
102.8579,141,1,ok,0,1,23.4235,0.0012,22.6882,0.7337,0.0003,0.0508,0.5732,0.1062,0.0035,
102.8579,142,1,ok,0,1,23.9859,0.0010,23.2429,0.7417,0.0003,0.0495,0.5809,0.1075,0.0037,
102.8579,143,1,ok,0,1,23.5238,0.0004,22.7843,0.7387,0.0003,0.0507,0.5776,0.1068,0.0035,
102.8579,144,1,ok,0,1,23.9436,0.0009,23.2020,0.7403,0.0004,0.0498,0.5787,0.1083,0.0035,
102.8579,145,1,ok,0,1,24.5492,0.0003,23.8045,0.7440,0.0004,0.0501,0.5835,0.1068,0.0036,
102.8579,146,1,ok,0,1,24.8430,0.0010,24.0961,0.7456,0.0003,0.0507,0.5835,0.1078,0.0035,
102.8579,147,1,ok,0,1,24.8344,0.0005,24.0789,0.7546,0.0004,0.0501,0.5911,0.1098,0.0036,
102.8579,148,1,ok,0,1,25.4478,0.0007,24.7027,0.7440,0.0003,0.0514,0.5821,0.1068,0.0037,
102.8579,149,1,ok,0,1,25.9721,0.0011,25.2288,0.7418,0.0003,0.0504,0.5817,0.1061,0.0036,
102.8579,150,1,ok,0,1,23.5857,0.0007,22.8631,0.7216,0.0003,0.0507,0.5607,0.1062,0.0040,
102.8579,151,1,ok,0,1,23.7186,0.0003,22.9732,0.7448,0.0003,0.0501,0.5831,0.1079,0.0037,
102.8579,152,1,ok,0,1,24.1149,0.0012,23.3811,0.7322,0.0003,0.0506,0.5720,0.1058,0.0039,
102.8579,153,1,ok,0,1,24.4223,0.0016,23.6881,0.7323,0.0003,0.0506,0.5693,0.1088,0.0036,
102.8579,154,1,ok,0,1,25.0830,0.0005,24.3466,0.7356,0.0003,0.0511,0.5745,0.1064,0.0036,
102.8579,155,1,ok,0,1,25.6690,0.0003,24.9342,0.7342,0.0003,0.0507,0.5716,0.1084,0.0034,
102.8579,156,1,ok,0,1,26.1702,0.0010,25.4274,0.7415,0.0003,0.0503,0.5787,0.1089,0.0037,
102.8579,157,1,ok,0,1,26.3943,0.0006,25.6520,0.7413,0.0004,0.0501,0.5809,0.1068,0.0036,
102.8579,158,1,ok,0,1,26.9748,0.0004,26.2413,0.7327,0.0003,0.0512,0.5710,0.1071,0.0035,
102.8579,159,1,ok,0,1,27.5789,0.0005,26.8292,0.7488,0.0004,0.0498,0.5865,0.1090,0.0035,
102.8579,160,1,ok,0,1,28.2814,0.0007,27.5353,0.7451,0.0003,0.0498,0.5852,0.1066,0.0035,
102.8579,161,1,ok,0,1,28.4434,0.0009,27.6987,0.7434,0.0003,0.0506,0.5816,0.1075,0.0037,
102.8579,162,1,ok,0,1,29.0361,0.0005,28.2912,0.7440,0.0003,0.0503,0.5851,0.1049,0.0037,
102.8579,163,1,ok,0,1,28.4027,0.0007,27.6597,0.7419,0.0004,0.0501,0.5774,0.1108,0.0036,
102.8579,164,1,ok,0,1,27.9991,0.0012,27.2561,0.7415,0.0004,0.0507,0.5827,0.1043,0.0037,
102.8579,165,1,ok,0,1,28.6931,0.0005,27.9558,0.7365,0.0003,0.0495,0.5786,0.1047,0.0036,
102.8579,166,1,ok,0,1,29.2576,0.0012,28.5334,0.7227,0.0003,0.0506,0.5654,0.1029,0.0037,
102.8579,167,1,ok,0,1,29.3355,0.0011,28.6115,0.7225,0.0003,0.0502,0.5641,0.1046,0.0036,
102.8579,168,1,ok,0,1,29.9376,0.0007,29.1942,0.7424,0.0004,0.0496,0.5801,0.1091,0.0036,
102.8579,169,1,ok,0,1,30.6078,0.0011,29.8537,0.7526,0.0004,0.0505,0.5876,0.1108,0.0037,
102.8579,170,1,ok,0,1,29.7503,0.0003,29.0084,0.7412,0.0003,0.0502,0.5819,0.1053,0.0038,
102.8579,171,1,ok,0,1,29.9916,0.0012,29.2554,0.7347,0.0004,0.0497,0.5730,0.1084,0.0036,
102.8579,172,1,ok,0,1,30.3693,0.0013,29.6170,0.7506,0.0004,0.0501,0.5881,0.1088,0.0036,
102.8579,173,1,ok,0,1,30.2211,0.0006,29.4731,0.7470,0.0004,0.0511,0.5874,0.1049,0.0035,
102.8579,174,1,ok,0,1,29.9996,0.0008,29.2591,0.7394,0.0003,0.0503,0.5761,0.1094,0.0035,
102.8579,175,1,ok,0,1,30.6244,0.0008,29.8756,0.7476,0.0003,0.0505,0.5846,0.1088,0.0037,
102.8579,176,1,ok,0,1,31.3075,0.0016,30.5633,0.7422,0.0003,0.0504,0.5815,0.1066,0.0036,
102.8579,177,1,ok,0,1,31.7217,0.0002,30.9783,0.7429,0.0003,0.0498,0.5827,0.1067,0.0036,
102.8579,178,1,ok,0,1,32.1437,0.0013,31.3991,0.7430,0.0004,0.0509,0.5810,0.1076,0.0035,
102.8579,179,1,ok,0,1,32.5143,0.0006,31.7760,0.7373,0.0004,0.0509,0.5710,0.1118,0.0036,
102.8579,180,1,ok,0,1,32.5095,0.0008,31.7518,0.7566,0.0003,0.0504,0.5970,0.1056,0.0036,
102.8579,181,1,ok,0,1,32.5784,0.0006,31.8562,0.7212,0.0003,0.0524,0.5604,0.1048,0.0036,
102.8579,182,1,ok,0,1,30.8858,0.0011,30.1590,0.7253,0.0003,0.0514,0.5685,0.1018,0.0036,
102.8579,183,1,ok,0,1,31.5461,0.0009,30.8245,0.7201,0.0007,0.0505,0.5626,0.1035,0.0035,
102.8579,184,1,cancelled,-1,0,inf,0.0008,-,-,-,-,-,-,-,
102.8579,185,1,cancelled,-1,0,inf,0.0003,-,-,-,-,-,-,-,
102.8579,186,1,cancelled,-1,0,inf,0.0009,-,-,-,-,-,-,-,
102.8579,187,1,cancelled,-1,0,inf,0.0003,-,-,-,-,-,-,-,
102.8579,188,1,cancelled,-1,0,inf,0.0007,-,-,-,-,-,-,-,
102.8579,189,1,cancelled,-1,0,inf,0.0009,-,-,-,-,-,-,-,
102.8579,190,1,cancelled,-1,0,inf,0.0007,-,-,-,-,-,-,-,
102.8579,191,1,cancelled,-1,0,inf,0.0011,-,-,-,-,-,-,-,
102.8579,192,1,cancelled,-1,0,inf,0.0007,-,-,-,-,-,-,-,
102.8579,193,1,cancelled,-1,0,inf,0.0014,-,-,-,-,-,-,-,
102.8579,194,1,cancelled,-1,0,inf,0.0013,-,-,-,-,-,-,-,
102.8579,195,1,cancelled,-1,0,inf,0.0007,-,-,-,-,-,-,-,
102.8579,196,1,cancelled,-1,0,inf,0.0004,-,-,-,-,-,-,-,
102.8579,197,1,cancelled,-1,0,inf,0.0002,-,-,-,-,-,-,-,
102.8579,198,1,cancelled,-1,0,inf,0.0017,-,-,-,-,-,-,-,
102.8579,199,1,cancelled,-1,0,inf,0.0020,-,-,-,-,-,-,-,
102.8579,200,1,cancelled,-1,0,inf,0.0005,-,-,-,-,-,-,-,
102.8579,201,1,cancelled,-1,0,inf,0.0010,-,-,-,-,-,-,-,
102.8579,202,1,cancelled,-1,0,inf,0.0012,-,-,-,-,-,-,-,
102.8579,203,1,cancelled,-1,0,inf,0.0003,-,-,-,-,-,-,-,
102.8579,204,1,cancelled,-1,0,inf,0.0012,-,-,-,-,-,-,-,
102.8579,205,1,cancelled,-1,0,inf,0.0012,-,-,-,-,-,-,-,
102.8579,206,1,cancelled,-1,0,inf,0.0007,-,-,-,-,-,-,-,
102.8579,207,1,cancelled,-1,0,inf,0.0005,-,-,-,-,-,-,-,
102.8579,208,1,cancelled,-1,0,inf,0.0007,-,-,-,-,-,-,-,
102.8579,209,1,cancelled,-1,0,inf,0.0012,-,-,-,-,-,-,-,
94.8303,0,0,ok,0,1,0.5973,0.0012,0.0000,0.5954,0.0006,0.0513,0.4529,0.0875,0.0037,
94.8303,1,0,ok,0,1,1.2814,0.0004,0.5809,0.6997,0.0004,0.0479,0.5456,0.1027,0.0035,
94.8303,2,0,ok,0,1,1.8054,0.0013,1.0766,0.7271,0.0004,0.0497,0.5659,0.1077,0.0038,
94.8303,3,0,ok,0,1,2.3915,0.0008,1.6448,0.7456,0.0004,0.0509,0.5845,0.1065,0.0037,
94.8303,4,0,ok,0,1,2.3020,0.0010,1.5468,0.7539,0.0003,0.0503,0.5906,0.1092,0.0038,
94.8303,5,0,ok,0,1,2.3398,0.0017,1.5859,0.7519,0.0003,0.0502,0.5902,0.1078,0.0036,
94.8303,6,0,ok,0,1,1.6699,0.0009,0.9297,0.7389,0.0003,0.0496,0.5798,0.1058,0.0036,
94.8303,7,0,ok,0,1,2.3466,0.0005,1.6118,0.7339,0.0004,0.0504,0.5736,0.1062,0.0037,
94.8303,8,0,ok,0,1,2.7375,0.0004,1.9994,0.7373,0.0004,0.0503,0.5758,0.1076,0.0036,
94.8303,9,0,ok,0,1,3.4538,0.0004,2.7180,0.7351,0.0003,0.0507,0.5752,0.1056,0.0036,
94.8303,10,1,ok,0,1,4.0298,0.0006,3.2972,0.7317,0.0003,0.0510,0.5714,0.1053,0.0040,
94.8303,11,1,ok,0,1,4.3209,0.0009,3.5835,0.7362,0.0003,0.0503,0.5722,0.1100,0.0037,
94.8303,12,1,ok,0,1,5.0499,0.0011,4.3028,0.7457,0.0003,0.0506,0.5833,0.1082,0.0036,
94.8303,13,1,ok,0,1,5.6294,0.0011,4.9086,0.7194,0.0003,0.0509,0.5607,0.1042,0.0036,
94.8303,14,1,ok,0,1,5.6855,0.0010,4.9644,0.7198,0.0003,0.0500,0.5620,0.1040,0.0037,
94.8303,15,1,ok,0,1,5.9101,0.0015,5.1858,0.7224,0.0004,0.0497,0.5647,0.1043,0.0036,
94.8303,16,1,ok,0,1,6.4914,0.0005,5.7521,0.7385,0.0003,0.0504,0.5756,0.1090,0.0035,
94.8303,17,1,ok,0,1,6.6740,0.0012,5.9272,0.7452,0.0003,0.0500,0.5839,0.1077,0.0036,
94.8303,18,1,ok,0,1,6.3705,0.0010,5.6242,0.7450,0.0003,0.0504,0.5829,0.1079,0.0037,
94.8303,19,1,ok,0,1,7.1146,0.0010,6.3654,0.7479,0.0003,0.0504,0.5863,0.1075,0.0036,
94.8303,20,1,ok,0,1,6.8128,0.0022,6.0754,0.7349,0.0003,0.0499,0.5743,0.1073,0.0035,
94.8303,21,1,ok,0,1,6.7996,0.0008,6.0542,0.7443,0.0003,0.0503,0.5817,0.1087,0.0036,
94.8303,22,1,ok,0,1,7.2714,0.0012,6.5353,0.7345,0.0003,0.0500,0.5752,0.1056,0.0037,
94.8303,23,1,ok,0,1,7.8943,0.0005,7.1640,0.7295,0.0003,0.0507,0.5678,0.1074,0.0035,
94.8303,24,1,ok,0,1,6.6441,0.0009,5.8994,0.7435,0.0003,0.0502,0.5838,0.1058,0.0036,
94.8303,25,1,ok,0,1,7.1170,0.0006,6.3839,0.7322,0.0004,0.0510,0.5691,0.1086,0.0035,
94.8303,26,1,ok,0,1,7.7782,0.0002,7.0553,0.7224,0.0003,0.0503,0.5633,0.1052,0.0036,
94.8303,27,1,ok,0,1,8.4588,0.0010,7.7128,0.7447,0.0003,0.0500,0.5819,0.1091,0.0037,
94.8303,28,1,ok,0,1,8.0126,0.0010,7.2680,0.7432,0.0003,0.0507,0.5804,0.1084,0.0037,
94.8303,29,1,ok,0,1,8.1730,0.0011,7.4258,0.7458,0.0003,0.0500,0.5847,0.1075,0.0036,
94.8303,30,1,ok,0,1,7.8629,0.0007,7.1310,0.7308,0.0004,0.0502,0.5703,0.1067,0.0035,
94.8303,31,1,ok,0,1,7.7803,0.0012,7.0339,0.7448,0.0003,0.0509,0.5833,0.1069,0.0037,
94.8303,32,1,ok,0,1,8.0354,0.0005,7.2936,0.7409,0.0003,0.0506,0.5679,0.1187,0.0037,
94.8303,33,1,ok,0,1,6.4699,0.0003,5.7471,0.7222,0.0004,0.0496,0.5640,0.1048,0.0037,
94.8303,34,1,ok,0,1,6.9136,0.0007,6.1683,0.7443,0.0003,0.0499,0.5832,0.1074,0.0037,
94.8303,35,1,ok,0,1,7.1483,0.0017,6.4038,0.7425,0.0003,0.0502,0.5793,0.1093,0.0037,
94.8303,36,1,ok,0,1,6.7760,0.0009,6.0285,0.7462,0.0004,0.0507,0.5831,0.1088,0.0036,
94.8303,37,1,ok,0,1,6.9044,0.0010,6.1652,0.7379,0.0003,0.0510,0.5763,0.1068,0.0037,
94.8303,38,1,ok,0,1,6.3911,0.0008,5.6519,0.7381,0.0003,0.0512,0.5778,0.1054,0.0036,
94.8303,39,1,ok,0,1,6.5870,0.0008,5.8454,0.7405,0.0003,0.0508,0.5795,0.1065,0.0036,
94.8303,40,1,ok,0,1,6.5617,0.0006,5.8150,0.7459,0.0003,0.0507,0.5846,0.1070,0.0035,
94.8303,41,1,ok,0,1,7.2645,0.0010,6.5310,0.7322,0.0003,0.0502,0.5726,0.1057,0.0036,
94.8303,42,1,ok,0,1,7.8408,0.0006,7.1003,0.7396,0.0003,0.0508,0.5786,0.1066,0.0036,
94.8303,43,1,ok,0,1,8.3610,0.0008,7.6239,0.7360,0.0003,0.0510,0.5701,0.1113,0.0036,
94.8303,44,1,ok,0,1,9.0577,0.0013,8.3071,0.7490,0.0003,0.0508,0.5892,0.1054,0.0035,
94.8303,45,1,ok,0,1,9.6295,0.0009,8.8892,0.7391,0.0003,0.0504,0.5759,0.1092,0.0037,
94.8303,46,1,ok,0,1,10.3083,0.0006,9.5615,0.7458,0.0003,0.0507,0.5833,0.1082,0.0036,
94.8303,47,1,ok,0,1,10.8320,0.0009,10.1013,0.7295,0.0003,0.0499,0.5696,0.1062,0.0037,
94.8303,48,1,ok,0,1,10.9353,0.0004,10.1928,0.7417,0.0003,0.0504,0.5817,0.1058,0.0037,
94.8303,49,1,ok,0,1,11.3920,0.0007,10.6474,0.7436,0.0004,0.0500,0.5832,0.1067,0.0037,
94.8303,50,1,ok,0,1,11.8305,0.0012,11.0983,0.7306,0.0003,0.0507,0.5692,0.1070,0.0037,
94.8303,51,1,ok,0,1,12.4316,0.0007,11.6810,0.7495,0.0004,0.0508,0.5891,0.1060,0.0037,
94.8303,52,1,ok,0,1,12.9621,0.0004,12.2346,0.7267,0.0004,0.0504,0.5687,0.1041,0.0035,
94.8303,53,1,ok,0,1,11.9546,0.0012,11.2152,0.7378,0.0003,0.0503,0.5766,0.1072,0.0037,
94.8303,54,1,ok,0,1,12.0271,0.0006,11.2932,0.7329,0.0004,0.0502,0.5715,0.1075,0.0036,
94.8303,55,1,ok,0,1,12.1677,0.0015,11.4313,0.7346,0.0003,0.0504,0.5734,0.1072,0.0036,
94.8303,56,1,ok,0,1,12.7865,0.0019,12.0470,0.7372,0.0004,0.0503,0.5768,0.1065,0.0036,
94.8303,57,1,ok,0,1,12.6856,0.0014,11.9588,0.7251,0.0003,0.0507,0.5651,0.1057,0.0035,
94.8303,58,1,ok,0,1,13.3085,0.0007,12.5720,0.7354,0.0003,0.0509,0.5741,0.1066,0.0039,
94.8303,59,1,ok,0,1,13.7471,0.0005,13.0061,0.7402,0.0003,0.0504,0.5775,0.1086,0.0037,
94.8303,60,1,ok,0,1,11.6057,0.0012,10.8617,0.7425,0.0003,0.0502,0.5807,0.1080,0.0036,
94.8303,61,1,ok,0,1,11.7155,0.0011,10.9582,0.7558,0.0004,0.0500,0.5909,0.1112,0.0036,
94.8303,62,1,ok,0,1,11.9544,0.0010,11.1994,0.7537,0.0004,0.0505,0.5888,0.1107,0.0036,
94.8303,63,1,ok,0,1,11.9577,0.0016,11.2227,0.7330,0.0004,0.0506,0.5744,0.1043,0.0036,
94.8303,64,1,ok,0,1,11.5186,0.0004,10.7864,0.7314,0.0004,0.0506,0.5709,0.1063,0.0037,
94.8303,65,1,ok,0,1,11.3198,0.0009,10.5711,0.7474,0.0003,0.0507,0.5874,0.1058,0.0036,
94.8303,66,1,ok,0,1,11.8860,0.0007,11.1546,0.7305,0.0003,0.0504,0.5707,0.1058,0.0035,
94.8303,67,1,ok,0,1,12.6010,0.0001,11.8652,0.7353,0.0003,0.0512,0.5732,0.1071,0.0037,
94.8303,68,1,ok,0,1,13.0986,0.0005,12.3607,0.7371,0.0003,0.0502,0.5738,0.1094,0.0037,
94.8303,69,1,ok,0,1,13.6402,0.0006,12.9009,0.7384,0.0003,0.0501,0.5757,0.1088,0.0038,
94.8303,70,1,ok,0,1,14.2335,0.0009,13.4894,0.7428,0.0003,0.0500,0.5817,0.1075,0.0036,
94.8303,71,1,ok,0,1,13.1689,0.0009,12.4211,0.7466,0.0003,0.0497,0.5850,0.1081,0.0037,
94.8303,72,1,ok,0,1,12.6123,0.0011,11.8451,0.7657,0.0003,0.0495,0.6010,0.1114,0.0037,
94.8303,73,1,ok,0,1,13.1163,0.0005,12.3727,0.7427,0.0003,0.0502,0.5811,0.1078,0.0036,
94.8303,74,1,ok,0,1,13.1705,0.0008,12.4413,0.7280,0.0004,0.0503,0.5683,0.1058,0.0036,
94.8303,75,1,ok,0,1,13.5883,0.0007,12.8513,0.7360,0.0003,0.0504,0.5744,0.1076,0.0036,
94.8303,76,1,ok,0,1,12.7814,0.0015,12.0304,0.7491,0.0003,0.0503,0.5861,0.1091,0.0036,
94.8303,77,1,ok,0,1,13.1487,0.0002,12.3926,0.7555,0.0003,0.0499,0.5928,0.1091,0.0037,
94.8303,78,1,ok,0,1,13.7026,0.0008,12.9532,0.7482,0.0003,0.0504,0.5869,0.1073,0.0035,
94.8303,79,1,ok,0,1,14.2451,0.0009,13.5225,0.7214,0.0004,0.0518,0.5635,0.1022,0.0038,
94.8303,80,1,ok,0,1,14.4397,0.0009,13.7228,0.7156,0.0004,0.0501,0.5601,0.1018,0.0037,
94.8303,81,1,ok,0,1,14.9946,0.0004,14.2465,0.7474,0.0003,0.0493,0.5868,0.1076,0.0036,
94.8303,82,1,ok,0,1,15.1791,0.0014,14.4374,0.7399,0.0004,0.0504,0.5754,0.1105,0.0036,
94.8303,83,1,ok,0,1,14.4791,0.0006,13.7353,0.7429,0.0003,0.0498,0.5827,0.1069,0.0036,
94.8303,84,1,ok,0,1,14.8888,0.0014,14.1552,0.7319,0.0003,0.0504,0.5732,0.1047,0.0035,
94.8303,85,1,ok,0,1,15.4564,0.0008,14.7313,0.7239,0.0003,0.0506,0.5649,0.1047,0.0036,
94.8303,86,1,ok,0,1,12.3943,0.0009,11.6550,0.7380,0.0003,0.0500,0.5756,0.1089,0.0035,
94.8303,87,1,ok,0,1,12.6932,0.0007,11.9429,0.7493,0.0004,0.0498,0.5867,0.1091,0.0037,
94.8303,88,1,ok,0,1,13.3671,0.0005,12.6324,0.7338,0.0004,0.0508,0.5729,0.1065,0.0036,
94.8303,89,1,ok,0,1,14.0783,0.0011,13.3355,0.7414,0.0003,0.0503,0.5775,0.1101,0.0035,
94.8303,90,1,ok,0,1,14.7599,0.0011,14.0038,0.7547,0.0003,0.0500,0.5930,0.1082,0.0035,
94.8303,91,1,ok,0,1,14.8709,0.0011,14.1341,0.7354,0.0003,0.0504,0.5754,0.1058,0.0038,
94.8303,92,1,ok,0,1,14.6202,0.0005,13.8766,0.7427,0.0003,0.0497,0.5793,0.1100,0.0036,
94.8303,93,1,ok,0,1,15.0188,0.0019,14.2713,0.7452,0.0003,0.0499,0.5840,0.1076,0.0037,
94.8303,94,1,ok,0,1,15.7233,0.0007,14.9766,0.7458,0.0003,0.0508,0.5853,0.1060,0.0037,
94.8303,95,1,ok,0,1,16.1432,0.0009,15.4183,0.7237,0.0003,0.0507,0.5655,0.1038,0.0037,
94.8303,96,1,ok,0,1,13.3688,0.0015,12.6287,0.7382,0.0003,0.0509,0.5739,0.1097,0.0036,
94.8303,97,1,ok,0,1,13.6422,0.0014,12.8909,0.7495,0.0004,0.0507,0.5866,0.1086,0.0036,
94.8303,98,1,ok,0,1,12.1482,0.0010,11.3994,0.7474,0.0003,0.0503,0.5843,0.1092,0.0035,
94.8303,99,1,ok,0,1,11.6480,0.0019,10.8988,0.7470,0.0003,0.0503,0.5876,0.1054,0.0037,
94.8303,100,1,ok,0,1,12.3643,0.0007,11.6400,0.7232,0.0003,0.0507,0.5640,0.1050,0.0035,
94.8303,101,1,ok,0,1,12.3044,0.0018,11.5554,0.7469,0.0003,0.0494,0.5828,0.1111,0.0035,
94.8303,102,1,ok,0,1,12.3286,0.0017,11.5784,0.7481,0.0004,0.0507,0.5873,0.1065,0.0036,
94.8303,103,1,ok,0,1,12.5625,0.0007,11.8407,0.7207,0.0003,0.0508,0.5622,0.1041,0.0036,
94.8303,104,1,ok,0,1,13.1046,0.0017,12.3644,0.7381,0.0003,0.0496,0.5756,0.1092,0.0037,
94.8303,105,1,ok,0,1,13.2011,0.0010,12.4555,0.7444,0.0003,0.0500,0.5855,0.1054,0.0035,
94.8303,106,1,ok,0,1,13.8663,0.0003,13.1260,0.7397,0.0003,0.0506,0.5787,0.1068,0.0035,
94.8303,107,1,ok,0,1,14.2408,0.0008,13.5046,0.7351,0.0003,0.0503,0.5760,0.1052,0.0036,
94.8303,108,1,ok,0,1,14.6043,0.0009,13.8574,0.7458,0.0003,0.0498,0.5825,0.1101,0.0034,
94.8303,109,1,ok,0,1,13.4063,0.0006,12.6581,0.7473,0.0004,0.0506,0.5864,0.1066,0.0036,
94.8303,110,1,ok,0,1,12.8256,0.0011,12.0852,0.7390,0.0003,0.0501,0.5766,0.1086,0.0036,
94.8303,111,1,ok,0,1,13.3690,0.0010,12.6313,0.7365,0.0003,0.0505,0.5765,0.1060,0.0035,
94.8303,112,1,ok,0,1,13.6683,0.0009,12.9288,0.7382,0.0003,0.0509,0.5776,0.1060,0.0037,
94.8303,113,1,ok,0,1,14.3041,0.0006,13.5432,0.7600,0.0003,0.0502,0.5834,0.1227,0.0037,
94.8303,114,1,ok,0,1,13.4934,0.0004,12.7614,0.7312,0.0003,0.0498,0.5711,0.1066,0.0037,
94.8303,115,1,ok,0,1,12.9414,0.0013,12.1988,0.7410,0.0003,0.0504,0.5739,0.1131,0.0036,
94.8303,116,1,ok,0,1,13.4658,0.0013,12.7159,0.7483,0.0003,0.0499,0.5866,0.1081,0.0037,
94.8303,117,1,ok,0,1,13.5634,0.0003,12.8209,0.7418,0.0003,0.0501,0.5790,0.1091,0.0036,
94.8303,118,1,ok,0,1,13.7256,0.0013,12.9680,0.7560,0.0003,0.0505,0.5922,0.1096,0.0036,
94.8303,119,1,ok,0,1,14.3676,0.0016,13.6191,0.7465,0.0004,0.0511,0.5867,0.1051,0.0036,
94.8303,120,1,ok,0,1,14.1895,0.0017,13.4563,0.7311,0.0004,0.0502,0.5712,0.1062,0.0035,
94.8303,121,1,ok,0,1,14.4473,0.0012,13.6978,0.7480,0.0003,0.0508,0.5872,0.1065,0.0035,
94.8303,122,1,ok,0,1,14.2324,0.0008,13.4924,0.7388,0.0003,0.0502,0.5772,0.1079,0.0036,
94.8303,123,1,ok,0,1,14.5127,0.0014,13.7529,0.7581,0.0004,0.0499,0.5967,0.1079,0.0036,
94.8303,124,1,ok,0,1,15.2546,0.0010,14.5114,0.7419,0.0003,0.0505,0.5770,0.1105,0.0037,
94.8303,125,1,ok,0,1,15.7548,0.0005,15.0062,0.7478,0.0003,0.0510,0.5854,0.1078,0.0035,
94.8303,126,1,ok,0,1,16.4805,0.0001,15.7422,0.7378,0.0003,0.0502,0.5780,0.1061,0.0035,
94.8303,127,1,ok,0,1,15.5326,0.0021,14.8039,0.7262,0.0004,0.0504,0.5667,0.1054,0.0036,
94.8303,128,1,ok,0,1,14.9301,0.0014,14.1964,0.7320,0.0003,0.0509,0.5720,0.1055,0.0035,
94.8303,129,1,ok,0,1,14.5326,0.0004,13.8023,0.7295,0.0003,0.0502,0.5705,0.1052,0.0036,
94.8303,130,1,ok,0,1,15.0284,0.0013,14.2988,0.7280,0.0003,0.0509,0.5653,0.1081,0.0037,
94.8303,131,1,ok,0,1,15.7148,0.0006,14.9900,0.7237,0.0004,0.0502,0.5648,0.1053,0.0035,
94.8303,132,1,ok,0,1,15.1264,0.0013,14.3824,0.7424,0.0003,0.0501,0.5800,0.1089,0.0034,
94.8303,133,1,ok,0,1,14.0370,0.0004,13.2680,0.7682,0.0003,0.0498,0.6012,0.1136,0.0035,
94.8303,134,1,ok,0,1,14.7143,0.0009,13.9795,0.7335,0.0003,0.0508,0.5727,0.1065,0.0036,
94.8303,135,1,ok,0,1,15.0317,0.0004,14.2928,0.7381,0.0003,0.0509,0.5776,0.1059,0.0037,
94.8303,136,1,ok,0,1,15.7261,0.0002,14.9861,0.7394,0.0004,0.0508,0.5786,0.1065,0.0036,
94.8303,137,1,ok,0,1,15.5669,0.0010,14.8206,0.7450,0.0003,0.0503,0.5839,0.1072,0.0035,
94.8303,138,1,ok,0,1,15.3956,0.0006,14.6478,0.7468,0.0003,0.0503,0.5839,0.1090,0.0036,
94.8303,139,1,ok,0,1,16.0314,0.0009,15.3077,0.7224,0.0003,0.0508,0.5625,0.1054,0.0036,
94.8303,140,1,ok,0,1,16.3504,0.0014,15.6219,0.7268,0.0003,0.0500,0.5656,0.1074,0.0037,
94.8303,141,1,ok,0,1,16.5986,0.0023,15.8432,0.7528,0.0003,0.0499,0.5907,0.1086,0.0035,
94.8303,142,1,ok,0,1,17.1459,0.0007,16.4030,0.7418,0.0003,0.0505,0.5820,0.1055,0.0037,
94.8303,143,1,ok,0,1,16.5716,0.0011,15.8420,0.7282,0.0003,0.0499,0.5708,0.1039,0.0035,
94.8303,144,1,ok,0,1,16.9667,0.0008,16.2227,0.7428,0.0003,0.0503,0.5806,0.1083,0.0035,
94.8303,145,1,ok,0,1,17.5556,0.0004,16.8156,0.7392,0.0004,0.0508,0.5796,0.1051,0.0036,
94.8303,146,1,ok,0,1,17.7982,0.0008,17.0645,0.7326,0.0003,0.0505,0.5693,0.1092,0.0036,
94.8303,147,1,ok,0,1,17.7237,0.0003,16.9697,0.7533,0.0003,0.0505,0.5910,0.1082,0.0036,
94.8303,148,1,ok,0,1,18.3050,0.0014,17.5802,0.7230,0.0004,0.0508,0.5611,0.1074,0.0037,
94.8303,149,1,ok,0,1,18.8156,0.0004,18.0683,0.7466,0.0004,0.0502,0.5858,0.1071,0.0036,
94.8303,150,1,ok,0,1,16.1915,0.0007,15.4435,0.7470,0.0004,0.0498,0.5861,0.1072,0.0040,
94.8303,151,1,ok,0,1,16.2501,0.0005,15.5271,0.7222,0.0004,0.0507,0.5635,0.1044,0.0037,
94.8303,152,1,ok,0,1,16.6212,0.0003,15.8851,0.7354,0.0003,0.0498,0.5756,0.1062,0.0038,
94.8303,153,1,ok,0,1,16.9027,0.0010,16.1590,0.7424,0.0003,0.0500,0.5810,0.1078,0.0036,
94.8303,154,1,ok,0,1,17.5489,0.0006,16.8206,0.7274,0.0003,0.0506,0.5664,0.1069,0.0036,
94.8303,155,1,ok,0,1,18.1418,0.0008,17.3871,0.7537,0.0003,0.0497,0.5913,0.1092,0.0034,
94.8303,156,1,ok,0,1,18.6229,0.0010,17.8798,0.7418,0.0003,0.0496,0.5817,0.1068,0.0037,
94.8303,157,1,ok,0,1,18.7993,0.0012,18.0602,0.7375,0.0004,0.0504,0.5767,0.1068,0.0036,
94.8303,158,1,ok,0,1,19.3701,0.0010,18.6329,0.7359,0.0003,0.0499,0.5745,0.1080,0.0035,
94.8303,159,1,ok,0,1,19.9563,0.0007,19.2120,0.7433,0.0003,0.0501,0.5836,0.1061,0.0035,
94.8303,160,1,ok,0,1,20.6520,0.0002,19.9095,0.7419,0.0003,0.0500,0.5790,0.1094,0.0035,
94.8303,161,1,ok,0,1,20.7756,0.0021,20.0189,0.7543,0.0003,0.0501,0.5931,0.1073,0.0037,
94.8303,162,1,ok,0,1,21.3439,0.0003,20.6108,0.7324,0.0003,0.0504,0.5702,0.1082,0.0036,
94.8303,163,1,ok,0,1,20.6023,0.0005,19.8513,0.7502,0.0004,0.0506,0.5872,0.1088,0.0036,
94.8303,164,1,ok,0,1,20.1007,0.0006,19.3594,0.7403,0.0004,0.0496,0.5812,0.1058,0.0037,
94.8303,165,1,ok,0,1,20.7908,0.0002,20.0539,0.7363,0.0003,0.0498,0.5757,0.1072,0.0036,
94.8303,166,1,ok,0,1,21.3637,0.0009,20.6180,0.7446,0.0003,0.0504,0.5799,0.1106,0.0037,
94.8303,167,1,ok,0,1,21.4018,0.0005,20.6638,0.7372,0.0003,0.0500,0.5783,0.1052,0.0036,
94.8303,168,1,ok,0,1,21.9836,0.0012,21.2481,0.7341,0.0003,0.0500,0.5741,0.1064,0.0036,
94.8303,169,1,ok,0,1,22.6345,0.0006,21.8933,0.7403,0.0003,0.0505,0.5797,0.1063,0.0037,
94.8303,170,1,ok,0,1,21.6121,0.0011,20.8989,0.7117,0.0003,0.0512,0.5554,0.1013,0.0037,
94.8303,171,1,ok,0,1,21.8167,0.0014,21.0751,0.7398,0.0003,0.0500,0.5746,0.1116,0.0036,
94.8303,172,1,ok,0,1,22.1767,0.0004,21.4114,0.7646,0.0003,0.0510,0.6021,0.1079,0.0036,
94.8303,173,1,ok,0,1,21.9537,0.0008,21.2045,0.7481,0.0003,0.0503,0.5863,0.1079,0.0035,
94.8303,174,1,ok,0,1,21.6409,0.0007,20.9105,0.7293,0.0003,0.0502,0.5697,0.1058,0.0035,
94.8303,175,1,ok,0,1,22.2444,0.0003,21.5069,0.7368,0.0003,0.0508,0.5719,0.1104,0.0037,
94.8303,176,1,ok,0,1,22.9325,0.0005,22.1793,0.7523,0.0003,0.0504,0.5898,0.1084,0.0036,
94.8303,177,1,ok,0,1,23.3062,0.0012,22.5745,0.7302,0.0003,0.0502,0.5703,0.1062,0.0036,
94.8303,178,1,ok,0,1,23.7227,0.0011,22.9566,0.7647,0.0003,0.0504,0.5991,0.1116,0.0035,
94.8303,179,1,ok,0,1,24.0703,0.0013,23.3232,0.7455,0.0003,0.0500,0.5827,0.1091,0.0036,
94.8303,180,1,ok,0,1,23.9832,0.0009,23.2432,0.7388,0.0003,0.0499,0.5794,0.1059,0.0036,
94.8303,181,1,ok,0,1,24.0160,0.0013,23.2739,0.7404,0.0003,0.0500,0.5804,0.1064,0.0036,
94.8303,182,1,ok,0,1,22.1288,0.0007,21.3923,0.7354,0.0004,0.0499,0.5728,0.1091,0.0036,
94.8303,183,1,ok,0,1,22.7860,0.0003,22.0629,0.7223,0.0004,0.0513,0.5619,0.1057,0.0034,
94.8303,184,1,ok,0,1,23.1865,0.0008,22.4592,0.7261,0.0004,0.0507,0.5663,0.1056,0.0035,
94.8303,185,1,ok,0,1,23.6749,0.0007,22.9236,0.7503,0.0004,0.0500,0.5865,0.1102,0.0035,
94.8303,186,1,ok,0,1,23.1668,0.0014,22.4220,0.7431,0.0003,0.0503,0.5838,0.1054,0.0035,
94.8303,187,1,ok,0,1,23.7230,0.0007,22.9852,0.7367,0.0003,0.0507,0.5758,0.1066,0.0036,
94.8303,188,1,ok,0,1,24.3236,0.0005,23.5890,0.7338,0.0003,0.0503,0.5729,0.1070,0.0035,
94.8303,189,1,ok,0,1,24.6881,0.0014,23.9456,0.7408,0.0004,0.0506,0.5806,0.1061,0.0035,
94.8303,190,1,ok,0,1,25.0789,0.0003,24.3412,0.7370,0.0004,0.0509,0.5758,0.1069,0.0034,
94.8303,191,1,ok,0,1,25.6169,0.0020,24.8703,0.7443,0.0004,0.0504,0.5825,0.1078,0.0035,
94.8303,192,1,ok,0,1,26.1592,0.0005,25.4346,0.7237,0.0004,0.0508,0.5663,0.1029,0.0037,
94.8303,193,1,ok,0,1,25.2620,0.0011,24.5337,0.7268,0.0003,0.0501,0.5673,0.1057,0.0037,
94.8303,194,1,ok,0,1,25.6276,0.0010,24.8905,0.7357,0.0003,0.0507,0.5756,0.1059,0.0035,
94.8303,195,1,ok,0,1,25.1306,0.0005,24.3771,0.7527,0.0003,0.0503,0.5900,0.1088,0.0036,
94.8303,196,1,ok,0,1,25.3660,0.0014,24.6235,0.7408,0.0003,0.0509,0.5799,0.1064,0.0035,
94.8303,197,1,ok,0,1,26.0774,0.0007,25.3325,0.7439,0.0004,0.0503,0.5803,0.1096,0.0037,
94.8303,198,1,ok,0,1,22.2452,0.0021,21.4947,0.7481,0.0003,0.0505,0.5839,0.1099,0.0038,
94.8303,199,1,ok,0,1,21.8507,0.0008,21.1005,0.7490,0.0004,0.0510,0.5862,0.1082,0.0037,
94.8303,200,1,ok,0,1,20.3877,0.0011,19.6518,0.7345,0.0003,0.0501,0.5748,0.1059,0.0037,
94.8303,201,1,ok,0,1,19.4732,0.0009,18.7363,0.7357,0.0003,0.0512,0.5726,0.1082,0.0037,
94.8303,202,1,ok,0,1,19.0275,0.0004,18.2780,0.7487,0.0003,0.0508,0.5866,0.1075,0.0037,
94.8303,203,1,ok,0,1,19.6419,0.0005,18.9118,0.7291,0.0004,0.0498,0.5714,0.1044,0.0036,
94.8303,204,1,ok,0,1,19.9626,0.0011,19.2201,0.7410,0.0003,0.0506,0.5810,0.1057,0.0036,
94.8303,205,1,ok,0,1,20.5578,0.0012,19.8092,0.7471,0.0003,0.0501,0.5860,0.1074,0.0036,
94.8303,206,1,ok,0,1,20.9477,0.0013,20.2322,0.7138,0.0004,0.0508,0.5555,0.1037,0.0037,
94.8303,207,1,ok,0,1,21.6478,0.0002,20.9093,0.7380,0.0003,0.0502,0.5766,0.1077,0.0036,
94.8303,208,1,ok,0,1,22.0983,0.0011,21.3453,0.7516,0.0003,0.0508,0.5909,0.1062,0.0037,
94.8303,209,1,ok,0,1,20.1708,0.0012,19.4268,0.7424,0.0004,0.0500,0.5819,0.1066,0.0039,
91.0546,0,0,ok,0,1,0.6641,0.0015,0.0000,0.6620,0.0005,0.0481,0.5138,0.0964,0.0036,
91.0546,1,0,ok,0,1,1.3490,0.0011,0.6463,0.7013,0.0004,0.0504,0.5458,0.1016,0.0035,
91.0546,2,0,ok,0,1,1.8658,0.0005,1.1367,0.7283,0.0003,0.0509,0.5679,0.1057,0.0038,
91.0546,3,0,ok,0,1,2.4343,0.0003,1.6991,0.7345,0.0003,0.0505,0.5749,0.1054,0.0037,
91.0546,4,0,ok,0,1,2.2882,0.0011,1.5544,0.7323,0.0003,0.0510,0.5722,0.1054,0.0038,
91.0546,5,0,ok,0,1,2.2721,0.0017,1.5425,0.7276,0.0003,0.0505,0.5701,0.1034,0.0036,
91.0546,6,0,ok,0,1,1.5455,0.0007,0.8038,0.7407,0.0003,0.0501,0.5794,0.1076,0.0036,
91.0546,7,0,ok,0,1,2.2265,0.0009,1.4846,0.7406,0.0003,0.0508,0.5810,0.1050,0.0037,
91.0546,8,0,ok,0,1,2.6036,0.0009,1.8645,0.7379,0.0003,0.0510,0.5761,0.1071,0.0036,
91.0546,9,0,ok,0,1,3.3130,0.0001,2.5836,0.7289,0.0004,0.0508,0.5668,0.1077,0.0036,
91.0546,10,1,ok,0,1,3.8773,0.0008,3.1496,0.7265,0.0003,0.0508,0.5660,0.1058,0.0040,
91.0546,11,1,ok,0,1,4.1550,0.0005,3.4129,0.7412,0.0004,0.0501,0.5782,0.1091,0.0037,
91.0546,12,1,ok,0,1,4.8722,0.0019,4.1353,0.7346,0.0003,0.0516,0.5735,0.1059,0.0036,
91.0546,13,1,ok,0,1,5.4715,0.0011,4.7250,0.7451,0.0003,0.0510,0.5841,0.1063,0.0036,
91.0546,14,1,ok,0,1,5.5202,0.0013,4.7786,0.7399,0.0003,0.0506,0.5792,0.1063,0.0037,
91.0546,15,1,ok,0,1,5.7312,0.0012,5.0002,0.7295,0.0003,0.0507,0.5707,0.1045,0.0035,
91.0546,16,1,ok,0,1,6.2938,0.0004,5.5668,0.7263,0.0004,0.0507,0.5658,0.1063,0.0035,
91.0546,17,1,ok,0,1,6.4463,0.0010,5.7064,0.7386,0.0003,0.0504,0.5761,0.1085,0.0036,
91.0546,18,1,ok,0,1,6.0972,0.0013,5.3527,0.7428,0.0004,0.0506,0.5813,0.1072,0.0037,
91.0546,19,1,ok,0,1,6.8426,0.0001,6.0927,0.7494,0.0003,0.0511,0.5852,0.1095,0.0036,
91.0546,20,1,ok,0,1,6.5179,0.0010,5.7616,0.7549,0.0004,0.0497,0.5908,0.1110,0.0034,
91.0546,21,1,ok,0,1,6.4784,0.0007,5.7279,0.7494,0.0003,0.0510,0.5867,0.1082,0.0035,
91.0546,22,1,ok,0,1,6.9347,0.0011,6.2033,0.7300,0.0003,0.0503,0.5716,0.1045,0.0037,
91.0546,23,1,ok,0,1,7.5573,0.0009,6.8225,0.7336,0.0003,0.0507,0.5722,0.1072,0.0035,
91.0546,24,1,ok,0,1,6.2140,0.0014,5.4792,0.7330,0.0003,0.0509,0.5734,0.1052,0.0036,
91.0546,25,1,ok,0,1,6.6820,0.0005,5.9431,0.7381,0.0003,0.0503,0.5691,0.1151,0.0036,
91.0546,26,1,ok,0,1,7.3572,0.0011,6.6168,0.7390,0.0003,0.0488,0.5791,0.1076,0.0035,
91.0546,27,1,ok,0,1,8.0297,0.0002,7.2900,0.7392,0.0003,0.0506,0.5768,0.1082,0.0037,
91.0546,28,1,ok,0,1,7.5315,0.0014,6.7891,0.7406,0.0003,0.0507,0.5777,0.1084,0.0036,
91.0546,29,1,ok,0,1,7.6641,0.0005,6.9210,0.7422,0.0003,0.0501,0.5826,0.1059,0.0036,
91.0546,30,1,ok,0,1,7.3084,0.0006,6.5790,0.7284,0.0004,0.0501,0.5688,0.1060,0.0035,
91.0546,31,1,ok,0,1,7.1883,0.0014,6.4449,0.7417,0.0003,0.0507,0.5771,0.1101,0.0037,
91.0546,32,1,ok,0,1,7.4228,0.0007,6.6813,0.7405,0.0003,0.0508,0.5787,0.1072,0.0037,
91.0546,33,1,ok,0,1,5.7828,0.0012,5.0387,0.7425,0.0003,0.0501,0.5833,0.1053,0.0037,
91.0546,34,1,ok,0,1,6.1931,0.0013,5.4680,0.7235,0.0004,0.0509,0.5651,0.1038,0.0037,
91.0546,35,1,ok,0,1,6.3999,0.0021,5.6619,0.7355,0.0004,0.0506,0.5748,0.1065,0.0036,
91.0546,36,1,ok,0,1,5.9743,0.0018,5.2328,0.7393,0.0004,0.0505,0.5779,0.1074,0.0035,
91.0546,37,1,ok,0,1,6.0744,0.0015,5.3377,0.7348,0.0003,0.0517,0.5729,0.1066,0.0036,
91.0546,38,1,ok,0,1,5.5127,0.0011,4.7697,0.7416,0.0004,0.0506,0.5789,0.1085,0.0035,
91.0546,39,1,ok,0,1,5.6971,0.0004,4.9448,0.7515,0.0004,0.0503,0.5882,0.1094,0.0036,
91.0546,40,1,ok,0,1,5.6392,0.0009,4.8928,0.7452,0.0004,0.0507,0.5822,0.1088,0.0035,
91.0546,41,1,ok,0,1,6.3530,0.0011,5.6072,0.7443,0.0004,0.0509,0.5835,0.1063,0.0036,
91.0546,42,1,ok,0,1,6.9296,0.0009,6.1816,0.7467,0.0004,0.0499,0.5853,0.1079,0.0036,
91.0546,43,1,ok,0,1,7.4444,0.0011,6.7034,0.7395,0.0004,0.0501,0.5773,0.1084,0.0036,
91.0546,44,1,ok,0,1,8.1197,0.0002,7.3895,0.7297,0.0003,0.0504,0.5680,0.1076,0.0036,
91.0546,45,1,ok,0,1,8.6972,0.0018,7.9433,0.7518,0.0003,0.0507,0.5895,0.1078,0.0038,
91.0546,46,1,ok,0,1,9.3694,0.0008,8.6262,0.7421,0.0003,0.0507,0.5782,0.1096,0.0036,
91.0546,47,1,ok,0,1,9.8972,0.0006,9.1542,0.7420,0.0004,0.0502,0.5823,0.1058,0.0037,
91.0546,48,1,ok,0,1,9.9667,0.0006,9.2312,0.7345,0.0003,0.0507,0.5736,0.1064,0.0037,
91.0546,49,1,ok,0,1,10.3948,0.0010,9.6666,0.7268,0.0004,0.0513,0.5675,0.1043,0.0037,
91.0546,50,1,ok,0,1,10.8203,0.0017,10.0885,0.7298,0.0003,0.0508,0.5673,0.1079,0.0037,
91.0546,51,1,ok,0,1,11.4075,0.0010,10.6644,0.7418,0.0003,0.0502,0.5790,0.1090,0.0036,
91.0546,52,1,ok,0,1,11.9295,0.0006,11.2023,0.7263,0.0003,0.0513,0.5672,0.1041,0.0035,
91.0546,53,1,ok,0,1,10.8478,0.0008,10.1106,0.7361,0.0004,0.0504,0.5721,0.1099,0.0037,
91.0546,54,1,ok,0,1,10.9069,0.0005,10.1593,0.7468,0.0003,0.0505,0.5850,0.1077,0.0036,
91.0546,55,1,ok,0,1,11.0367,0.0009,10.2870,0.7484,0.0004,0.0498,0.5861,0.1089,0.0036,
91.0546,56,1,ok,0,1,11.6510,0.0015,10.9115,0.7377,0.0003,0.0498,0.5757,0.1085,0.0035,
91.0546,57,1,ok,0,1,11.5160,0.0005,10.7898,0.7253,0.0004,0.0511,0.5667,0.1039,0.0035,
91.0546,58,1,ok,0,1,12.1462,0.0002,11.3983,0.7474,0.0003,0.0499,0.5869,0.1068,0.0037,
91.0546,59,1,ok,0,1,12.5787,0.0015,11.8304,0.7466,0.0003,0.0505,0.5833,0.1091,0.0037,
91.0546,60,1,ok,0,1,10.2978,0.0010,9.5739,0.7226,0.0004,0.0505,0.5645,0.1040,0.0035,
91.0546,61,1,ok,0,1,10.3626,0.0006,9.6240,0.7377,0.0003,0.0508,0.5771,0.1062,0.0036,
91.0546,62,1,ok,0,1,10.5809,0.0012,9.8250,0.7544,0.0003,0.0495,0.5932,0.1080,0.0036,
91.0546,63,1,ok,0,1,10.5631,0.0007,9.8198,0.7422,0.0004,0.0503,0.5824,0.1060,0.0036,
91.0546,64,1,ok,0,1,10.0728,0.0013,9.3424,0.7288,0.0003,0.0507,0.5667,0.1078,0.0036,
91.0546,65,1,ok,0,1,9.8284,0.0009,9.0861,0.7411,0.0003,0.0509,0.5778,0.1088,0.0035,
91.0546,66,1,ok,0,1,10.4042,0.0007,9.6563,0.7469,0.0003,0.0508,0.5847,0.1078,0.0035,
91.0546,67,1,ok,0,1,11.1284,0.0003,10.3824,0.7453,0.0003,0.0503,0.5833,0.1081,0.0036,
91.0546,68,1,ok,0,1,11.6270,0.0005,10.8781,0.7480,0.0003,0.0497,0.5870,0.1077,0.0036,
91.0546,69,1,ok,0,1,12.1708,0.0006,11.4211,0.7488,0.0003,0.0508,0.5878,0.1063,0.0038,
91.0546,70,1,ok,0,1,12.7531,0.0007,12.0140,0.7380,0.0003,0.0501,0.5772,0.1071,0.0036,
91.0546,71,1,ok,0,1,11.6105,0.0009,10.8656,0.7437,0.0003,0.0503,0.5817,0.1080,0.0037,
91.0546,72,1,ok,0,1,10.9655,0.0009,10.2321,0.7322,0.0003,0.0502,0.5713,0.1070,0.0037,
91.0546,73,1,ok,0,1,11.4721,0.0013,10.7153,0.7553,0.0003,0.0502,0.5912,0.1102,0.0036,
91.0546,74,1,ok,0,1,11.5218,0.0008,10.7692,0.7515,0.0003,0.0504,0.5904,0.1071,0.0036,
91.0546,75,1,ok,0,1,11.9345,0.0014,11.1886,0.7442,0.0003,0.0494,0.5860,0.1053,0.0035,
91.0546,76,1,ok,0,1,11.0435,0.0007,10.3129,0.7295,0.0004,0.0510,0.5679,0.1070,0.0036,
91.0546,77,1,ok,0,1,11.3811,0.0006,10.6383,0.7418,0.0003,0.0501,0.5800,0.1079,0.0037,
91.0546,78,1,ok,0,1,11.9131,0.0002,11.1781,0.7344,0.0004,0.0509,0.5737,0.1063,0.0035,
91.0546,79,1,ok,0,1,12.4739,0.0005,11.7260,0.7471,0.0003,0.0507,0.5860,0.1066,0.0037,
91.0546,80,1,ok,0,1,12.6764,0.0011,11.9298,0.7452,0.0003,0.0495,0.5817,0.1103,0.0036,
91.0546,81,1,ok,0,1,13.2198,0.0003,12.4752,0.7439,0.0003,0.0510,0.5812,0.1082,0.0036,
91.0546,82,1,ok,0,1,13.3883,0.0004,12.6405,0.7470,0.0004,0.0509,0.5863,0.1061,0.0036,
91.0546,83,1,ok,0,1,12.6279,0.0009,11.8843,0.7420,0.0006,0.0522,0.5808,0.1055,0.0036,
91.0546,84,1,ok,0,1,13.0241,0.0014,12.2906,0.7309,0.0011,0.0506,0.5704,0.1064,0.0035,
91.0546,85,1,ok,0,1,13.5889,0.0005,12.8604,0.7265,0.0014,0.0509,0.5668,0.1054,0.0035,
91.0546,86,1,ok,0,1,10.3585,0.0009,9.6299,0.7273,0.0003,0.0499,0.5699,0.1040,0.0035,
91.0546,87,1,ok,0,1,10.6364,0.0001,9.8889,0.7467,0.0007,0.0501,0.5831,0.1096,0.0037,
91.0546,88,1,ok,0,1,11.3186,0.0005,10.5731,0.7434,0.0016,0.0505,0.5810,0.1083,0.0036,
91.0546,89,1,ok,0,1,12.0188,0.0008,11.2860,0.7313,0.0008,0.0504,0.5701,0.1072,0.0035,
91.0546,90,1,ok,0,1,12.7003,0.0004,11.9418,0.7568,0.0011,0.0502,0.5928,0.1103,0.0035,
91.0546,91,1,ok,0,1,12.8036,0.0008,12.0488,0.7528,0.0012,0.0504,0.5912,0.1074,0.0038,
91.0546,92,1,ok,0,1,12.5227,0.0009,11.7679,0.7530,0.0010,0.0493,0.5917,0.1084,0.0036,
91.0546,93,1,ok,0,1,12.8873,0.0010,12.1603,0.7245,0.0015,0.0499,0.5664,0.1046,0.0036,
91.0546,94,1,ok,0,1,13.5807,0.0009,12.8432,0.7363,0.0003,0.0497,0.5747,0.1082,0.0036,
91.0546,95,1,ok,0,1,14.0043,0.0003,13.2637,0.7386,0.0017,0.0504,0.5760,0.1086,0.0036,
91.0546,96,1,ok,0,1,11.0876,0.0018,10.3439,0.7401,0.0018,0.0496,0.5758,0.1111,0.0036,
91.0546,97,1,ok,0,1,11.3354,0.0011,10.5903,0.7421,0.0019,0.0494,0.5782,0.1109,0.0036,
91.0546,98,1,ok,0,1,9.7536,0.0007,8.9999,0.7512,0.0018,0.0498,0.5884,0.1095,0.0035,
91.0546,99,1,ok,0,1,9.1934,0.0008,8.4536,0.7384,0.0006,0.0498,0.5789,0.1060,0.0037,
91.0546,100,1,ok,0,1,9.9058,0.0003,9.1855,0.7189,0.0010,0.0505,0.5641,0.1007,0.0035,
91.0546,101,1,ok,0,1,9.7749,0.0009,9.0643,0.7093,0.0003,0.0500,0.5520,0.1037,0.0036,
91.0546,102,1,ok,0,1,9.7719,0.0017,9.0189,0.7502,0.0012,0.0505,0.5870,0.1089,0.0037,
91.0546,103,1,ok,0,1,10.0075,0.0009,9.2636,0.7417,0.0013,0.0498,0.5798,0.1085,0.0036,
91.0546,104,1,ok,0,1,10.5590,0.0007,9.8023,0.7542,0.0018,0.0491,0.5923,0.1091,0.0037,
91.0546,105,1,ok,0,1,10.6241,0.0008,9.8833,0.7390,0.0010,0.0498,0.5773,0.1085,0.0035,
91.0546,106,1,ok,0,1,11.2841,0.0011,10.5451,0.7367,0.0013,0.0507,0.5730,0.1094,0.0035,
91.0546,107,1,ok,0,1,11.6522,0.0005,10.9076,0.7425,0.0015,0.0499,0.5830,0.1060,0.0036,
91.0546,108,1,ok,0,1,11.9888,0.0007,11.2530,0.7346,0.0004,0.0496,0.5739,0.1077,0.0034,
91.0546,109,1,ok,0,1,10.7094,0.0007,9.9617,0.7460,0.0010,0.0506,0.5852,0.1066,0.0036,
91.0546,110,1,ok,0,1,10.0737,0.0021,9.3326,0.7372,0.0018,0.0500,0.5751,0.1085,0.0036,
91.0546,111,1,ok,0,1,10.6132,0.0010,9.8713,0.7392,0.0018,0.0492,0.5774,0.1091,0.0035,
91.0546,112,1,ok,0,1,10.9087,0.0011,10.1546,0.7504,0.0025,0.0498,0.5776,0.1192,0.0038,
91.0546,113,1,ok,0,1,11.5190,0.0006,10.7784,0.7391,0.0009,0.0483,0.5792,0.1079,0.0036,
91.0546,114,1,ok,0,1,10.6578,0.0003,9.9125,0.7441,0.0009,0.0501,0.5823,0.1080,0.0037,
91.0546,115,1,ok,0,1,10.0398,0.0009,9.3098,0.7282,0.0008,0.0510,0.5664,0.1072,0.0036,
91.0546,116,1,ok,0,1,10.5512,0.0007,9.8055,0.7432,0.0018,0.0505,0.5819,0.1071,0.0037,
91.0546,117,1,ok,0,1,10.6259,0.0006,9.8793,0.7453,0.0008,0.0498,0.5845,0.1073,0.0036,
91.0546,118,1,ok,0,1,10.7512,0.0007,10.0065,0.7424,0.0016,0.0499,0.5791,0.1097,0.0036,
91.0546,119,1,ok,0,1,11.3959,0.0007,10.6412,0.7529,0.0011,0.0494,0.5901,0.1097,0.0037,
91.0546,120,1,ok,0,1,11.2086,0.0014,10.4471,0.7589,0.0011,0.0495,0.5933,0.1125,0.0035,
91.0546,121,1,ok,0,1,11.4587,0.0014,10.6964,0.7604,0.0005,0.0499,0.5980,0.1090,0.0035,
91.0546,122,1,ok,0,1,11.1941,0.0011,10.4640,0.7277,0.0013,0.0501,0.5670,0.1069,0.0036,
91.0546,123,1,ok,0,1,11.4302,0.0018,10.6944,0.7336,0.0005,0.0503,0.5736,0.1060,0.0036,
91.0546,124,1,ok,0,1,12.1817,0.0014,11.4284,0.7512,0.0008,0.0505,0.5868,0.1101,0.0038,
91.0546,125,1,ok,0,1,12.6698,0.0025,11.9210,0.7459,0.0003,0.0496,0.5865,0.1062,0.0035,
91.0546,126,1,ok,0,1,13.4026,0.0018,12.6551,0.7453,0.0004,0.0494,0.5862,0.1062,0.0035,
91.0546,127,1,ok,0,1,12.3907,0.0022,11.6566,0.7302,0.0017,0.0510,0.5692,0.1063,0.0036,
91.0546,128,1,ok,0,1,11.7296,0.0009,10.9997,0.7280,0.0010,0.0497,0.5698,0.1048,0.0035,
91.0546,129,1,ok,0,1,11.3085,0.0013,10.5542,0.7524,0.0007,0.0498,0.5908,0.1082,0.0035,
91.0546,130,1,ok,0,1,11.7853,0.0006,11.0658,0.7172,0.0018,0.0514,0.5607,0.1014,0.0036,
91.0546,131,1,ok,0,1,12.4770,0.0004,11.7456,0.7296,0.0014,0.0496,0.5696,0.1068,0.0035,
91.0546,132,1,ok,0,1,11.8327,0.0009,11.0898,0.7400,0.0020,0.0504,0.5801,0.1060,0.0034,
91.0546,133,1,ok,0,1,10.6540,0.0005,9.8972,0.7560,0.0003,0.0495,0.5924,0.1104,0.0036,
91.0546,134,1,ok,0,1,11.3477,0.0016,10.5934,0.7516,0.0011,0.0504,0.5912,0.1064,0.0036,
91.0546,135,1,ok,0,1,11.6422,0.0006,10.9086,0.7323,0.0007,0.0495,0.5737,0.1053,0.0037,
91.0546,136,1,ok,0,1,12.3309,0.0004,11.5945,0.7350,0.0010,0.0503,0.5730,0.1082,0.0035,
91.0546,137,1,ok,0,1,12.1408,0.0015,11.3874,0.7506,0.0013,0.0497,0.5911,0.1063,0.0035,
91.0546,138,1,ok,0,1,11.9283,0.0010,11.1833,0.7435,0.0005,0.0491,0.5818,0.1089,0.0036,
91.0546,139,1,ok,0,1,12.5907,0.0009,11.8368,0.7514,0.0015,0.0502,0.5892,0.1084,0.0036,
91.0546,140,1,ok,0,1,12.9047,0.0005,12.1652,0.7385,0.0004,0.0496,0.5755,0.1097,0.0037,
91.0546,141,1,ok,0,1,13.1283,0.0011,12.3777,0.7484,0.0010,0.0500,0.5864,0.1085,0.0035,
91.0546,142,1,ok,0,1,13.6775,0.0005,12.9249,0.7517,0.0004,0.0501,0.5908,0.1072,0.0036,
91.0546,143,1,ok,0,1,13.0456,0.0009,12.3198,0.7245,0.0004,0.0500,0.5652,0.1057,0.0035,
91.0546,144,1,ok,0,1,13.4430,0.0008,12.6823,0.7595,0.0004,0.0496,0.5968,0.1095,0.0035,
91.0546,145,1,ok,0,1,14.0301,0.0008,13.2853,0.7436,0.0004,0.0511,0.5819,0.1070,0.0036,
91.0546,146,1,ok,0,1,14.2599,0.0008,13.5187,0.7400,0.0004,0.0502,0.5806,0.1057,0.0035,
91.0546,147,1,ok,0,1,14.1284,0.0004,13.3969,0.7307,0.0004,0.0506,0.5699,0.1067,0.0036,
91.0546,148,1,ok,0,1,14.7153,0.0007,13.9797,0.7345,0.0004,0.0504,0.5720,0.1084,0.0037,
91.0546,149,1,ok,0,1,15.2357,0.0009,14.4683,0.7661,0.0004,0.0492,0.6035,0.1097,0.0036,
91.0546,150,1,ok,0,1,12.4627,0.0006,11.7238,0.7380,0.0003,0.0502,0.5745,0.1092,0.0040,
91.0546,151,1,ok,0,1,12.5078,0.0008,11.7704,0.7362,0.0004,0.0501,0.5723,0.1102,0.0036,
91.0546,152,1,ok,0,1,12.8807,0.0015,12.1265,0.7524,0.0004,0.0497,0.5913,0.1076,0.0038,
91.0546,153,1,ok,0,1,13.1397,0.0007,12.3997,0.7389,0.0004,0.0501,0.5784,0.1068,0.0036,
91.0546,154,1,ok,0,1,13.7970,0.0009,13.0538,0.7419,0.0003,0.0508,0.5810,0.1066,0.0035,
91.0546,155,1,ok,0,1,14.3787,0.0005,13.6288,0.7490,0.0004,0.0501,0.5870,0.1085,0.0034,
91.0546,156,1,ok,0,1,14.8430,0.0009,14.1059,0.7359,0.0004,0.0499,0.5738,0.1084,0.0037,
91.0546,157,1,ok,0,1,15.0027,0.0008,14.2575,0.7442,0.0003,0.0501,0.5831,0.1074,0.0035,
91.0546,158,1,ok,0,1,15.5520,0.0008,14.8296,0.7212,0.0003,0.0501,0.5664,0.1012,0.0034,
91.0546,159,1,ok,0,1,16.1117,0.0011,15.3869,0.7233,0.0004,0.0494,0.5601,0.1102,0.0035,
91.0546,160,1,ok,0,1,16.8018,0.0008,16.0624,0.7383,0.0004,0.0515,0.5760,0.1073,0.0035,
91.0546,161,1,ok,0,1,16.8968,0.0012,16.1435,0.7518,0.0003,0.0500,0.5905,0.1076,0.0037,
91.0546,162,1,ok,0,1,17.4657,0.0012,16.7243,0.7398,0.0004,0.0496,0.5796,0.1069,0.0036,
91.0546,163,1,ok,0,1,16.6431,0.0013,15.9104,0.7310,0.0004,0.0500,0.5691,0.1082,0.0036,
91.0546,164,1,ok,0,1,16.1028,0.0009,15.3483,0.7532,0.0004,0.0500,0.5929,0.1065,0.0037,
91.0546,165,1,ok,0,1,16.7955,0.0007,16.0537,0.7407,0.0004,0.0499,0.5818,0.1053,0.0036,
91.0546,166,1,ok,0,1,17.3627,0.0008,16.6155,0.7460,0.0003,0.0502,0.5837,0.1084,0.0037,
91.0546,167,1,ok,0,1,17.3808,0.0008,16.6334,0.7462,0.0004,0.0505,0.5846,0.1075,0.0036,
91.0546,168,1,ok,0,1,17.9775,0.0012,17.2207,0.7552,0.0003,0.0493,0.5897,0.1125,0.0036,
91.0546,169,1,ok,0,1,18.6383,0.0009,17.8831,0.7540,0.0003,0.0507,0.5892,0.1104,0.0037,
91.0546,170,1,ok,0,1,17.5756,0.0013,16.8307,0.7432,0.0003,0.0503,0.5836,0.1055,0.0038,
91.0546,171,1,ok,0,1,17.7499,0.0016,17.0163,0.7317,0.0003,0.0504,0.5717,0.1060,0.0036,
91.0546,172,1,ok,0,1,18.0542,0.0014,17.3267,0.7257,0.0003,0.0506,0.5648,0.1066,0.0035,
91.0546,173,1,ok,0,1,17.7926,0.0006,17.0419,0.7498,0.0003,0.0499,0.5887,0.1076,0.0035,
91.0546,174,1,ok,0,1,17.4377,0.0015,16.7054,0.7304,0.0003,0.0502,0.5702,0.1064,0.0035,
91.0546,175,1,ok,0,1,18.0514,0.0005,17.2980,0.7526,0.0003,0.0506,0.5861,0.1122,0.0037,
91.0546,176,1,ok,0,1,18.7262,0.0015,17.9828,0.7416,0.0003,0.0498,0.5806,0.1075,0.0036,
91.0546,177,1,ok,0,1,19.0877,0.0009,18.3537,0.7328,0.0003,0.0503,0.5728,0.1059,0.0037,
91.0546,178,1,ok,0,1,19.4606,0.0014,18.7234,0.7355,0.0003,0.0504,0.5757,0.1059,0.0035,
91.0546,179,1,ok,0,1,19.7822,0.0011,19.0448,0.7360,0.0003,0.0506,0.5737,0.1081,0.0036,
91.0546,180,1,ok,0,1,19.6648,0.0010,18.9207,0.7428,0.0003,0.0505,0.5825,0.1062,0.0036,
91.0546,181,1,ok,0,1,19.6705,0.0009,18.9266,0.7426,0.0003,0.0510,0.5824,0.1057,0.0036,
91.0546,182,1,ok,0,1,17.6831,0.0007,16.9381,0.7439,0.0004,0.0499,0.5817,0.1087,0.0036,
91.0546,183,1,ok,0,1,18.3492,0.0006,17.6142,0.7340,0.0003,0.0504,0.5725,0.1077,0.0034,
91.0546,184,1,ok,0,1,18.7441,0.0005,18.0092,0.7341,0.0003,0.0508,0.5693,0.1105,0.0035,
91.0546,185,1,ok,0,1,19.2246,0.0014,18.4696,0.7532,0.0004,0.0504,0.5928,0.1063,0.0035,
91.0546,186,1,ok,0,1,18.6611,0.0012,17.9199,0.7396,0.0004,0.0498,0.5807,0.1056,0.0035,
91.0546,187,1,ok,0,1,19.2113,0.0013,18.4714,0.7382,0.0004,0.0504,0.5778,0.1064,0.0036,
91.0546,188,1,ok,0,1,19.8073,0.0005,19.0718,0.7346,0.0003,0.0500,0.5744,0.1066,0.0036,
91.0546,189,1,ok,0,1,20.1600,0.0008,19.4142,0.7445,0.0004,0.0498,0.5841,0.1071,0.0035,
91.0546,190,1,ok,0,1,20.5413,0.0013,19.7976,0.7419,0.0005,0.0498,0.5838,0.1049,0.0034,
91.0546,191,1,ok,0,1,21.0626,0.0005,20.3256,0.7361,0.0004,0.0499,0.5751,0.1075,0.0035,
91.0546,192,1,ok,0,1,21.6083,0.0004,20.8728,0.7347,0.0004,0.0502,0.5729,0.1080,0.0036,
91.0546,193,1,ok,0,1,20.6484,0.0009,19.9157,0.7314,0.0004,0.0505,0.5707,0.1066,0.0036,
91.0546,194,1,ok,0,1,20.9991,0.0006,20.2620,0.7360,0.0005,0.0504,0.5737,0.1084,0.0034,
91.0546,195,1,ok,0,1,20.4471,0.0004,19.6967,0.7494,0.0005,0.0498,0.5870,0.1090,0.0035,
91.0546,196,1,ok,0,1,20.6842,0.0010,19.9194,0.7633,0.0004,0.0500,0.5981,0.1117,0.0035,
91.0546,197,1,ok,0,1,21.3938,0.0009,20.6491,0.7434,0.0004,0.0502,0.5846,0.1049,0.0037,
91.0546,198,1,ok,0,1,17.3537,0.0015,16.6217,0.7300,0.0005,0.0497,0.5722,0.1043,0.0038,
91.0546,199,1,ok,0,1,16.8983,0.0007,16.1617,0.7355,0.0004,0.0508,0.5711,0.1098,0.0037,
91.0546,200,1,ok,0,1,15.3632,0.0003,14.6091,0.7534,0.0004,0.0504,0.5881,0.1113,0.0036,
91.0546,201,1,ok,0,1,14.3953,0.0006,13.6437,0.7507,0.0004,0.0495,0.5891,0.1083,0.0037,
91.0546,202,1,ok,0,1,13.8908,0.0006,13.1503,0.7395,0.0004,0.0509,0.5786,0.1063,0.0037,
91.0546,203,1,ok,0,1,14.5118,0.0010,13.7700,0.7405,0.0004,0.0502,0.5786,0.1080,0.0036,
91.0546,204,1,ok,0,1,14.8146,0.0009,14.0729,0.7404,0.0004,0.0506,0.5794,0.1068,0.0036,
91.0546,205,1,ok,0,1,15.4023,0.0007,14.6554,0.7457,0.0005,0.0503,0.5841,0.1076,0.0036,
91.0546,206,1,ok,0,1,15.8017,0.0004,15.0641,0.7367,0.0004,0.0500,0.5759,0.1071,0.0037,
91.0546,207,1,ok,0,1,16.5154,0.0008,15.7611,0.7531,0.0004,0.0495,0.5900,0.1101,0.0036,
91.0546,208,1,ok,0,1,16.9476,0.0006,16.2009,0.7457,0.0004,0.0511,0.5839,0.1069,0.0037,
91.0546,209,1,ok,0,1,14.9014,0.0013,14.1652,0.7345,0.0004,0.0501,0.5741,0.1064,0.0039,
